partition,bvid,text,pred_label,pred_raw_label,model_confidence,prob_positive,prob_neutral,prob_negative,lexicon_score,discourse_score,pos_cnt,neg_cnt,is_mixed_sentiment,sentiment_type,sentiment_target,sentiment_aspect,aspect_sentiment,manual_override,manual_label
知识区,BV1jj5C6HEPd,毕导：适才相戏耳,中性,中性,0.6425580301311389,0.197168788414866,0.6425580301311389,0.16027318145399508,0.0,0.0,0,0,0,无明显情感,未明确对象,未明确方面,中性,False,
知识区,BV1jj5C6HEPd,想喝糖水就直说,中性,中性,0.41381173089981926,0.18415301508115445,0.41381173089981926,0.4020352540190263,0.0,0.0,0,0,0,无明显情感,未明确对象,未明确方面,中性,False,
知识区,BV1jj5C6HEPd,奖池还在叠加！,中性,中性,0.4315901060510221,0.2999467782824504,0.4315901060510221,0.26846311566652736,0.0,0.0,0,0,0,无明显情感,未明确对象,未明确方面,中性,False,
知识区,BV1jj5C6HEPd,血糖要比播放量高了）bushi,中性,中性,0.45067916385610146,0.31168566238073536,0.45067916385610146,0.23763517376316318,0.0,0.0,0,0,0,无明显情感,未明确对象,未明确方面,中性,False,
知识区,BV1jj5C6HEPd,再倒回瓶子退货回去(bushi),中性,中性,0.43674864422276377,0.1503303967872386,0.43674864422276377,0.41292095898999764,0.0,0.0,0,0,0,无明显情感,未明确对象,未明确方面,中性,False,
知识区,BV1jj5C6HEPd,我的天呐，大厦之上还有乌云,中性,中性,0.665730876307979,0.13810788229101623,0.665730876307979,0.19616124140100472,0.0,0.0,0,0,0,无明显情感,未明确对象,未明确方面,中性,False,
知识区,BV1jj5C6HEPd,《仙之人兮列如麻》,中性,中性,0.6551557411496964,0.19824264537824526,0.6551557411496964,0.14660161347205822,0.0,0.0,0,0,0,无明显情感,未明确对象,未明确方面,中性,False,
知识区,BV1jj5C6HEPd,毕导要为了我们去尝试作死了吗？,中性,中性,0.6893250057898052,0.1479493389360766,0.6893250057898052,0.1627256552741182,0.0,0.0,0,0,0,无明显情感,未明确对象,未明确方面,中性,False,
知识区,BV1jj5C6HEPd,《我的化学老师》,中性,中性,0.690688916384686,0.22084188902779023,0.690688916384686,0.08846919458752377,0.0,0.0,0,0,0,无明显情感,讲解者,未明确方面,中性,False,
知识区,BV1jj5C6HEPd,还有第三关？！,中性,中性,0.6836426434870543,0.221945542864303,0.6836426434870543,0.09441181364864273,0.0,0.0,0,0,0,无明显情感,未明确对象,未明确方面,中性,False,
知识区,BV1jj5C6HEPd,毕导为什么不像上次和西湖大学一样，和大学合作实验啊,中性,中性,0.5811843507953591,0.13784849123148596,0.5811843507953591,0.2809671579731549,0.0,0.0,0,0,0,无明显情感,未明确对象,未明确方面,中性,False,
知识区,BV1jj5C6HEPd,卧槽，还有清朝老片,中性,中性,0.6276101312424878,0.14936507856726708,0.6276101312424878,0.223024790190245,0.0,0.0,0,0,0,无明显情感,未明确对象,未明确方面,中性,False,
知识区,BV1jj5C6HEPd,交给转转的神秘眼镜女（,中性,中性,0.7396740034241469,0.10878974718157891,0.7396740034241469,0.1515362493942743,0.0,0.0,0,0,0,无明显情感,未明确对象,未明确方面,中性,False,
知识区,BV1jj5C6HEPd,圆台形（指正）,中性,中性,0.6489454898443013,0.19774130284806332,0.6489454898443013,0.15331320730763526,0.0,0.0,0,0,0,无明显情感,未明确对象,未明确方面,中性,False,
知识区,BV1jj5C6HEPd,适才相戏尔,中性,中性,0.6551557411496964,0.19824264537824526,0.6551557411496964,0.14660161347205822,0.0,0.0,0,0,0,无明显情感,未明确对象,未明确方面,中性,False,
知识区,BV1jj5C6HEPd,最法治的一集,中性,中性,0.6453229669450077,0.25794180975477915,0.6453229669450077,0.09673522330021317,0.0,0.0,0,0,0,无明显情感,未明确对象,未明确方面,中性,False,
知识区,BV1jj5C6HEPd,哪来的“也”字？,中性,中性,0.6146424493052859,0.042462207742099335,0.6146424493052859,0.34289534295261476,0.0,0.0,0,0,0,无明显情感,未明确对象,未明确方面,中性,False,
知识区,BV1jj5C6HEPd,摄影居然不知道不能用酒精擦东西嘛，镜头也不能用酒精呀，为什么不用擦镜布,中性,负面,0.48429774904141926,0.08166190668925867,0.43404034426932214,0.48429774904141926,0.0,0.0,1,1,1,对象评价,未明确对象,未明确方面,混合,False,
知识区,BV1jj5C6HEPd,《我把糖水喝了》,中性,中性,0.48535346613501135,0.26167927332127744,0.48535346613501135,0.2529672605437111,0.0,0.0,0,0,0,无明显情感,未明确对象,未明确方面,中性,False,
知识区,BV1jj5C6HEPd,一天后喝掉？,中性,中性,0.5264750414556599,0.10471839967369885,0.5264750414556599,0.3688065588706412,0.0,0.0,0,0,0,无明显情感,未明确对象,未明确方面,中性,False,
知识区,BV1jj5C6HEPd,我也要死吗？,中性,中性,0.521249383347503,0.06572636733927814,0.521249383347503,0.41302424931321885,0.0,0.0,0,0,0,无明显情感,未明确对象,未明确方面,中性,False,
知识区,BV1jj5C6HEPd,毕导没注册自己的实验室,中性,中性,0.7447793037588459,0.09896002624614833,0.7447793037588459,0.15626066999500574,0.0,0.0,0,0,0,无明显情感,未明确对象,未明确方面,中性,False,
知识区,BV1jj5C6HEPd,化学是这样的,中性,中性,0.5138872039429401,0.10215934845717199,0.5138872039429401,0.38395344759988803,0.0,0.0,0,0,0,无明显情感,未明确对象,未明确方面,中性,False,
知识区,BV1jj5C6HEPd,@拉挖稀,中性,中性,0.6489454898443013,0.19774130284806332,0.6489454898443013,0.15331320730763526,0.0,0.0,0,0,0,无明显情感,未明确对象,未明确方面,中性,False,
知识区,BV1jj5C6HEPd,《要么腐蚀我的钱包》,中性,中性,0.7695231173478214,0.12298290761161347,0.7695231173478214,0.10749397504056502,0.0,0.0,0,0,0,无明显情感,未明确对象,未明确方面,中性,False,
知识区,BV1jj5C6HEPd,还有第四关,中性,中性,0.7725283957207509,0.15025154573381017,0.7725283957207509,0.07722005854543887,0.0,0.0,0,0,0,无明显情感,未明确对象,未明确方面,中性,False,
知识区,BV1jj5C6HEPd,路毕十六,中性,中性,0.6489454898443013,0.19774130284806332,0.6489454898443013,0.15331320730763526,0.0,0.0,0,0,0,无明显情感,未明确对象,未明确方面,中性,False,
知识区,BV1jj5C6HEPd,求曲线方程,中性,中性,0.7943568789138233,0.10292375096625334,0.7943568789138233,0.10271937011992326,0.0,0.0,0,0,0,无明显情感,未明确对象,未明确方面,中性,False,
知识区,BV1jj5C6HEPd,你看，1后面总是跟着很多0,中性,中性,0.5737028656185443,0.20066818026199912,0.5737028656185443,0.2256289541194566,0.0,0.0,0,0,0,无明显情感,未明确对象,未明确方面,中性,False,
知识区,BV1jj5C6HEPd,毕的二阶导,中性,中性,0.7525442555123983,0.10914563655166665,0.7525442555123983,0.1383101079359349,0.0,0.0,0,0,0,无明显情感,未明确对象,未明确方面,中性,False,
知识区,BV1jj5C6HEPd,喝，为什么不喝啊！,中性,中性,0.44817440405039427,0.12318110947807163,0.44817440405039427,0.42864448647153414,0.0,0.0,0,0,0,无明显情感,未明确对象,未明确方面,中性,False,
知识区,BV1jj5C6HEPd,给广告位打了广告,中性,中性,0.699323058175739,0.11017551609641002,0.699323058175739,0.1905014257278509,0.0,0.0,0,0,0,无明显情感,未明确对象,未明确方面,中性,False,
知识区,BV1jj5C6HEPd,浓度梯度具象化,中性,中性,0.6551557411496964,0.19824264537824526,0.6551557411496964,0.14660161347205822,0.0,0.0,0,0,0,无明显情感,未明确对象,未明确方面,中性,False,
知识区,BV1jj5C6HEPd,！？强强？！,中性,中性,0.5088913393312062,0.25270172258631773,0.5088913393312062,0.2384069380824759,0.0,0.0,0,0,0,无明显情感,未明确对象,未明确方面,中性,False,
知识区,BV1jj5C6HEPd,果然疯狂的化学家听起来就很疯狂,中性,中性,0.5588149076768788,0.24788976081090422,0.5588149076768788,0.193295331512217,0.0,0.0,0,0,0,无明显情感,未明确对象,未明确方面,中性,False,
知识区,BV1jj5C6HEPd,好，等离子体搞一下啊doge,中性,中性,0.4451733026796726,0.2168152808465249,0.4451733026796726,0.3380114164738026,0.0,0.0,0,0,0,无明显情感,未明确对象,未明确方面,中性,False,
知识区,BV1jj5C6HEPd,《增强法治意识》,中性,中性,0.6489454898443013,0.19774130284806332,0.6489454898443013,0.15331320730763526,0.0,0.0,0,0,0,无明显情感,未明确对象,未明确方面,中性,False,
知识区,BV1jj5C6HEPd,每日说唱（1/1）,中性,中性,0.8228277879810175,0.1404888383391451,0.8228277879810175,0.03668337367983735,0.0,0.0,0,0,0,无明显情感,未明确对象,未明确方面,中性,False,
知识区,BV1jj5C6HEPd,这个价格好像还真不贵，但是大厚缸...让他接广！,中性,中性,0.3495175653345649,0.33220040579742205,0.3495175653345649,0.31828202886801304,0.0,0.0,0,0,0,无明显情感,未明确对象,未明确方面,中性,False,
知识区,BV1jj5C6HEPd,小馋猫,中性,中性,0.6707207209933427,0.2316626778250797,0.6707207209933427,0.09761660118157751,0.0,0.0,0,0,0,无明显情感,未明确对象,未明确方面,中性,False,
知识区,BV1jj5C6HEPd,？！喝喝！？,中性,中性,0.5088913393312062,0.25270172258631773,0.5088913393312062,0.2384069380824759,0.0,0.0,0,0,0,无明显情感,未明确对象,未明确方面,中性,False,
知识区,BV1jj5C6HEPd,全剧终,中性,中性,0.6551557411496964,0.19824264537824526,0.6551557411496964,0.14660161347205822,0.0,0.0,0,0,0,无明显情感,未明确对象,未明确方面,中性,False,
知识区,BV1jj5C6HEPd,细节缸已经裂了,中性,中性,0.510665662740814,0.3494793489014384,0.510665662740814,0.13985498835774765,0.0,0.0,0,0,0,无明显情感,未明确对象,未明确方面,中性,False,
知识区,BV1jj5C6HEPd,欲转又止,中性,中性,0.593070565767656,0.22810049063019694,0.593070565767656,0.17882894360214696,0.0,0.0,0,0,0,无明显情感,未明确对象,未明确方面,中性,False,
知识区,BV1jj5C6HEPd,居然不是把发誓那段直接剪掉,中性,中性,0.5402263509954359,0.2195702050278352,0.5402263509954359,0.24020344397672877,0.0,0.0,0,0,0,无明显情感,未明确对象,未明确方面,中性,False,
知识区,BV1jj5C6HEPd,适才相戏耳,中性,中性,0.6489454898443013,0.19774130284806332,0.6489454898443013,0.15331320730763526,0.0,0.0,0,0,0,无明显情感,未明确对象,未明确方面,中性,False,
知识区,BV1jj5C6HEPd,因为你没喝，它还在这,中性,中性,0.6668947189298617,0.040369820007443644,0.6668947189298617,0.29273546106269466,0.0,0.0,0,0,0,无明显情感,未明确对象,未明确方面,中性,False,
知识区,BV1jj5C6HEPd,水那有蓝色的这分别就是硫酸铜溶液,中性,中性,0.5219724437968914,0.05319756766732642,0.5219724437968914,0.4248299885357822,0.0,0.0,0,0,0,无明显情感,未明确对象,未明确方面,中性,False,
知识区,BV1jj5C6HEPd,还有第四关？！,中性,中性,0.6790087798605545,0.22198790498250387,0.6790087798605545,0.09900331515694163,0.0,0.0,0,0,0,无明显情感,未明确对象,未明确方面,中性,False,
知识区,BV1jj5C6HEPd,依旧双押,中性,中性,0.6551557411496964,0.19824264537824526,0.6551557411496964,0.14660161347205822,0.0,0.0,0,0,0,无明显情感,未明确对象,未明确方面,中性,False,
知识区,BV1jj5C6HEPd,【NICE BOAT】,中性,中性,0.6611910207967077,0.1986748257413039,0.6611910207967077,0.14013415346198835,0.0,0.0,0,0,0,无明显情感,未明确对象,未明确方面,中性,False,
知识区,BV1jj5C6HEPd,侵蚀毕导的钱包,中性,中性,0.7525442555123983,0.10914563655166665,0.7525442555123983,0.1383101079359349,0.0,0.0,0,0,0,无明显情感,未明确对象,未明确方面,中性,False,
知识区,BV1jj5C6HEPd,个个都是重量级,中性,中性,0.688077791519953,0.11123311094008433,0.688077791519953,0.2006890975399627,0.0,0.0,0,0,0,无明显情感,未明确对象,未明确方面,中性,False,
知识区,BV1jj5C6HEPd,商家:富公呦泡面用两个碗,中性,中性,0.8044170566633896,0.14558363183871328,0.8044170566633896,0.04999931149789715,0.0,0.0,0,0,0,无明显情感,未明确对象,未明确方面,中性,False,
知识区,BV1jj5C6HEPd,注：以上气体都是有毒气体和环境污染物,中性,中性,0.5730960968967509,0.07986252339828664,0.5730960968967509,0.3470413797049624,0.0,0.0,0,0,0,无明显情感,未明确对象,未明确方面,中性,False,
知识区,BV1jj5C6HEPd,《壁的二阶缸》,中性,中性,0.7525442555123983,0.10914563655166665,0.7525442555123983,0.1383101079359349,0.0,0.0,0,0,0,无明显情感,未明确对象,未明确方面,中性,False,
知识区,BV1jj5C6HEPd,破费,中性,中性,0.6611910207967077,0.1986748257413039,0.6611910207967077,0.14013415346198835,0.0,0.0,0,0,0,无明显情感,未明确对象,未明确方面,中性,False,
知识区,BV1jj5C6HEPd,<(◎o◎)>,中性,中性,0.6611910207967077,0.1986748257413039,0.6611910207967077,0.14013415346198835,0.0,0.0,0,0,0,无明显情感,未明确对象,未明确方面,中性,False,
知识区,BV1jj5C6HEPd,梅开二度,中性,中性,0.6611910207967077,0.1986748257413039,0.6611910207967077,0.14013415346198835,0.0,0.0,0,0,0,无明显情感,未明确对象,未明确方面,中性,False,
知识区,BV1jj5C6HEPd,毕导要为科学献身了吗,中性,中性,0.8993817570973834,0.06128913312669808,0.8993817570973834,0.03932910977591857,0.0,0.0,0,0,0,无明显情感,未明确对象,未明确方面,中性,False,
知识区,BV1jj5C6HEPd,！？AmazingnizamA？！,中性,中性,0.5125792918549927,0.2678740424149798,0.5125792918549927,0.21954666573002743,0.0,0.0,0,0,0,无明显情感,未明确对象,未明确方面,中性,False,
知识区,BV1jj5C6HEPd,还有DLC？毕普空,中性,中性,0.7077101944006409,0.09318997007879051,0.7077101944006409,0.19909983552056845,0.0,0.0,0,0,0,无明显情感,未明确对象,未明确方面,中性,False,
知识区,BV1jj5C6HEPd,群贤毕至,中性,中性,0.6611910207967077,0.1986748257413039,0.6611910207967077,0.14013415346198835,0.0,0.0,0,0,0,无明显情感,未明确对象,未明确方面,中性,False,
知识区,BV1jj5C6HEPd,再来点不一样,中性,中性,0.4820749220577843,0.10225938734711858,0.4820749220577843,0.41566569059509717,0.0,0.0,0,0,0,无明显情感,未明确对象,未明确方面,中性,False,
知识区,BV1jj5C6HEPd,阿基上身啦,中性,中性,0.695008128869262,0.12053310321695677,0.695008128869262,0.18445876791378124,0.0,0.0,0,0,0,无明显情感,未明确对象,未明确方面,中性,False,
知识区,BV1jj5C6HEPd,梦回一战,中性,中性,0.6551557411496964,0.19824264537824526,0.6551557411496964,0.14660161347205822,0.0,0.0,0,0,0,无明显情感,未明确对象,未明确方面,中性,False,
知识区,BV1jj5C6HEPd,泊松：我也是这么想的,中性,中性,0.5561532749590733,0.24877052597967744,0.5561532749590733,0.19507619906124918,0.0,0.0,0,0,0,无明显情感,未明确对象,未明确方面,中性,False,
知识区,BV1jj5C6HEPd,@转转,中性,中性,0.6611910207967077,0.1986748257413039,0.6611910207967077,0.14013415346198835,0.0,0.0,0,0,0,无明显情感,未明确对象,未明确方面,中性,False,
知识区,BV1jj5C6HEPd,蔬菜汁-初音未来,中性,中性,0.6489454898443013,0.19774130284806332,0.6489454898443013,0.15331320730763526,0.0,0.0,0,0,0,无明显情感,未明确对象,未明确方面,中性,False,
知识区,BV1jj5C6HEPd,摔1000根温度计,中性,中性,0.6404177141252976,0.23205612189850322,0.6404177141252976,0.12752616397619917,0.0,0.0,0,0,0,无明显情感,未明确对象,未明确方面,中性,False,
知识区,BV1jj5C6HEPd,吓哭了,中性,负面,0.9387176103616915,0.03421436727886545,0.027068022359443125,0.9387176103616915,-1.0,-1.0,0,1,0,对象评价,未明确对象,未明确方面,负面,True,0.0
知识区,BV1jj5C6HEPd,绝命毕导来了,中性,中性,0.5754143506748485,0.10023987717435141,0.5754143506748485,0.3243457721508002,0.0,0.0,0,0,0,无明显情感,未明确对象,未明确方面,中性,False,
知识区,BV1jj5C6HEPd,圆台是一种体（指正）,中性,中性,0.820503538059131,0.06765312538344402,0.820503538059131,0.11184333655742508,0.0,0.0,0,0,0,无明显情感,未明确对象,未明确方面,中性,False,
知识区,BV1jj5C6HEPd,海市蜃楼类似（猜测）,中性,中性,0.6489454898443013,0.19774130284806332,0.6489454898443013,0.15331320730763526,0.0,0.0,0,0,0,无明显情感,未明确对象,未明确方面,中性,False,
知识区,BV1jj5C6HEPd,阵亡原因又可以再出一期科普,中性,中性,0.5777206193427409,0.23134571225825012,0.5777206193427409,0.190933668399009,1.0,1.0,1,0,0,对象评价,未明确对象,未明确方面,正面,False,
知识区,BV1jj5C6HEPd,那旧的怎么办？,中性,中性,0.5998388120910995,0.034176653459720846,0.5998388120910995,0.3659845344491796,0.0,0.0,0,0,0,无明显情感,未明确对象,未明确方面,中性,False,
知识区,BV1jj5C6HEPd,细节大厚缸有裂痕,中性,中性,0.6308857668633311,0.08018791748418254,0.6308857668633311,0.2889263156524863,0.0,0.0,0,0,0,无明显情感,未明确对象,未明确方面,中性,False,
知识区,BV1jj5C6HEPd,都不是善茬doge,中性,中性,0.7666331915145652,0.08211922332582891,0.7666331915145652,0.1512475851596059,0.0,0.0,0,0,0,无明显情感,未明确对象,未明确方面,中性,False,
知识区,BV1jj5C6HEPd,白雾不是液体吗？,中性,中性,0.7185144260687644,0.028824249138578232,0.7185144260687644,0.2526613247926575,0.0,0.0,0,0,0,无明显情感,未明确对象,未明确方面,中性,False,
知识区,BV1jj5C6HEPd,蔬菜汁,中性,中性,0.6611910207967077,0.1986748257413039,0.6611910207967077,0.14013415346198835,0.0,0.0,0,0,0,无明显情感,未明确对象,未明确方面,中性,False,
知识区,BV1jj5C6HEPd,我也要死刑吗？,中性,中性,0.47439471755974066,0.11144941062337595,0.47439471755974066,0.41415587181688346,0.0,0.0,0,0,0,无明显情感,未明确对象,未明确方面,中性,False,
知识区,BV1jj5C6HEPd,←加了蓝色墨水,中性,中性,0.6029878116378589,0.17292015049553416,0.6029878116378589,0.22409203786660703,0.0,0.0,0,0,0,无明显情感,未明确对象,未明确方面,中性,False,
知识区,BV1jj5C6HEPd,亚克力不能碰酒精哦，各位吃谷人也要注意啦,中性,中性,0.46086080944865415,0.21888754255614135,0.46086080944865415,0.32025164799520445,0.0,0.0,0,0,0,无明显情感,未明确对象,未明确方面,中性,False,
知识区,BV1jj5C6HEPd,一休戴拿！,中性,中性,0.5855467292948425,0.3230485357763265,0.5855467292948425,0.09140473492883094,0.0,0.0,0,0,0,无明显情感,未明确对象,未明确方面,中性,False,
知识区,BV1jj5C6HEPd,看来广子被反射了（,中性,中性,0.5760705597256629,0.1312358200058325,0.5760705597256629,0.2926936202685046,0.0,0.0,0,0,0,无明显情感,未明确对象,未明确方面,中性,False,
知识区,BV1jj5C6HEPd,↑天才：加酒精，看放大多少倍,中性,中性,0.5739177282619944,0.22907467832064063,0.5739177282619944,0.19700759341736493,0.0,0.0,0,0,0,无明显情感,未明确对象,未明确方面,中性,False,
知识区,BV1jj5C6HEPd,加酒精，看放大多少倍,中性,中性,0.580892050372648,0.23024289572061374,0.580892050372648,0.18886505390673836,0.0,0.0,0,0,0,无明显情感,未明确对象,未明确方面,中性,False,
知识区,BV1jj5C6HEPd,话又说回来,中性,中性,0.5191708234238142,0.1809911166697237,0.5191708234238142,0.29983805990646223,0.0,0.0,0,0,0,无明显情感,未明确对象,未明确方面,中性,False,
知识区,BV1jj5C6HEPd,钱包哭泣,中性,中性,0.6551557411496964,0.19824264537824526,0.6551557411496964,0.14660161347205822,0.0,0.0,0,0,0,无明显情感,未明确对象,未明确方面,中性,False,
知识区,BV1jj5C6HEPd,BGM:UT雪镇,中性,中性,0.6551557411496964,0.19824264537824526,0.6551557411496964,0.14660161347205822,0.0,0.0,0,0,0,无明显情感,未明确对象,未明确方面,中性,False,
知识区,BV1jj5C6HEPd,鸡汤来喽,中性,中性,0.7691484151029742,0.10421679239598364,0.7691484151029742,0.12663479250104215,0.0,0.0,0,0,0,无明显情感,未明确对象,未明确方面,中性,False,
知识区,BV1jj5C6HEPd,那之前不是拍了一期最强的酸吗,中性,中性,0.5475624340114538,0.047879366381620485,0.5475624340114538,0.40455819960692574,0.0,0.0,0,0,0,无明显情感,未明确对象,未明确方面,中性,False,
知识区,BV1jj5C6HEPd,还有一缸糖水没喝呢（Doge）,中性,中性,0.742337514136221,0.1086485739725419,0.742337514136221,0.1490139118912372,0.0,0.0,0,0,0,无明显情感,未明确对象,未明确方面,中性,False,
知识区,BV1jj5C6HEPd,旧的不还在手里吗,中性,中性,0.49657614216836277,0.031042450565254103,0.49657614216836277,0.4723814072663832,0.0,0.0,0,0,0,无明显情感,未明确对象,未明确方面,中性,False,
知识区,BV1jj5C6HEPd,什么时候换眼镜了？,中性,中性,0.7069857198768261,0.018722708115126097,0.7069857198768261,0.2742915720080478,0.0,0.0,0,0,0,无明显情感,未明确对象,未明确方面,中性,False,
知识区,BV1jj5C6HEPd,仅退款的喵喵小用法,中性,中性,0.5704039529618702,0.21872445546080185,0.5704039529618702,0.210871591577328,0.0,0.0,0,0,0,无明显情感,未明确对象,未明确方面,中性,False,
知识区,BV1jj5C6HEPd,详略得当,中性,中性,0.6551557411496964,0.19824264537824526,0.6551557411496964,0.14660161347205822,0.0,0.0,0,0,0,无明显情感,未明确对象,未明确方面,中性,False,
知识区,BV1jj5C6HEPd,下期选题来了！,中性,中性,0.8245552656866668,0.1499725555116937,0.8245552656866668,0.025472178801639475,0.0,0.0,0,0,0,无明显情感,未明确对象,未明确方面,中性,False,
知识区,BV1jj5C6HEPd,摄影：君子无戏言,中性,中性,0.6425580301311389,0.197168788414866,0.6425580301311389,0.16027318145399508,0.0,0.0,0,0,0,无明显情感,未明确对象,未明确方面,中性,False,
知识区,BV1jj5C6HEPd,省流：还有第四关,中性,中性,0.7684079679574339,0.15049878576446618,0.7684079679574339,0.08109324627809991,0.0,0.0,0,0,0,无明显情感,未明确对象,未明确方面,中性,False,
知识区,BV1jj5C6HEPd,这么拍能回本吗,中性,中性,0.7973739504828068,0.08193274447195918,0.7973739504828068,0.12069330504523404,0.0,0.0,0,0,0,无明显情感,未明确对象,未明确方面,中性,False,
知识区,BV1jj5C6HEPd,白雾不是水蒸气啊，白雾是小液滴,中性,中性,0.5181632501642983,0.05798059454827431,0.5181632501642983,0.42385615528742737,0.0,0.0,0,0,0,无明显情感,未明确对象,未明确方面,中性,False,
知识区,BV1jj5C6HEPd,UT的音乐！,中性,中性,0.5115401236880903,0.4324551924319708,0.5115401236880903,0.05600468387993894,0.0,0.0,0,0,0,无明显情感,未明确对象,未明确方面,中性,False,
知识区,BV1jj5C6HEPd,胰腺：不妙，冲我来的,中性,中性,0.8097004178156202,0.12731823852573376,0.8097004178156202,0.06298134365864608,0.0,0.0,0,0,0,无明显情感,未明确对象,未明确方面,中性,False,
知识区,BV1jj5C6HEPd,学有机的用酒精擦亚克力？,中性,中性,0.7464537888732523,0.03707355788019441,0.7464537888732523,0.21647265324655313,0.0,0.0,0,0,0,无明显情感,未明确对象,未明确方面,中性,False,
知识区,BV1jj5C6HEPd,高危职业,中性,中性,0.6551557411496964,0.19824264537824526,0.6551557411496964,0.14660161347205822,0.0,0.0,0,0,0,无明显情感,未明确对象,未明确方面,中性,False,
知识区,BV1jj5C6HEPd,第三季都来了,中性,中性,0.9247990300102971,0.035218421546738314,0.9247990300102971,0.039982548442964665,0.0,0.0,0,0,0,无明显情感,未明确对象,未明确方面,中性,False,
知识区,BV1jj5C6HEPd,《欲言又止》,中性,中性,0.6611910207967077,0.1986748257413039,0.6611910207967077,0.14013415346198835,0.0,0.0,0,0,0,无明显情感,未明确对象,未明确方面,中性,False,
知识区,BV1jj5C6HEPd,逆向思维一下能不能找点折射低的材料做个缸,中性,中性,0.6838578239096521,0.06473980456868104,0.6838578239096521,0.25140237152166683,0.0,0.0,0,0,0,无明显情感,未明确对象,未明确方面,中性,False,
知识区,BV1jj5C6HEPd,还有第4关？,中性,中性,0.6105576154543557,0.14062911125142374,0.6105576154543557,0.24881327329422062,0.0,0.0,0,0,0,无明显情感,未明确对象,未明确方面,中性,False,
知识区,BV1jj5C6HEPd,《绝命毒师》,中性,中性,0.6551557411496964,0.19824264537824526,0.6551557411496964,0.14660161347205822,0.0,0.0,0,0,0,无明显情感,未明确对象,未明确方面,中性,False,
知识区,BV1jj5C6HEPd,钱多!奢侈!会享受!,中性,中性,0.5298153877159751,0.32142711499538007,0.5298153877159751,0.14875749728864476,0.0,0.0,0,0,0,无明显情感,未明确对象,未明确方面,中性,False,
知识区,BV1jj5C6HEPd,来，你自己说的，变锥形你自己喝了,中性,中性,0.6207196240964709,0.15319390175829703,0.6207196240964709,0.22608647414523222,0.0,0.0,0,0,0,无明显情感,未明确对象,未明确方面,中性,False,
知识区,BV1jj5C6HEPd,这仨全是管制的,中性,中性,0.46987948792459727,0.09305837119908704,0.46987948792459727,0.43706214087631573,0.0,0.0,0,0,0,无明显情感,未明确对象,未明确方面,中性,False,
知识区,BV1jj5C6HEPd,想喝直接说,中性,中性,0.5747844011218967,0.13506735687457536,0.5747844011218967,0.29014824200352796,0.0,0.0,0,0,0,无明显情感,未明确对象,未明确方面,中性,False,
知识区,BV1jj5C6HEPd,你想喝就直说,中性,中性,0.4490026689811356,0.16017133525378244,0.4490026689811356,0.39082599576508203,0.0,0.0,0,0,0,无明显情感,未明确对象,未明确方面,中性,False,
知识区,BV1jj5C6HEPd,（细节：大厚缸还是裂着的）,中性,中性,0.839563500598854,0.06720905547676811,0.839563500598854,0.09322744392437794,0.0,0.0,0,0,0,无明显情感,未明确对象,未明确方面,中性,False,
知识区,BV1jj5C6HEPd,最后一期了,中性,中性,0.7823250132078515,0.0960337755183998,0.7823250132078515,0.12164121127374881,0.0,0.0,0,0,0,无明显情感,未明确对象,未明确方面,中性,False,
知识区,BV1jj5C6HEPd,《大家想象一下》,中性,中性,0.7669710185826916,0.1855682293155547,0.7669710185826916,0.04746075210175374,0.0,0.0,0,0,0,无明显情感,未明确对象,未明确方面,中性,False,
知识区,BV1jj5C6HEPd,还有合订本,中性,中性,0.7765097981707313,0.14997359341823413,0.7765097981707313,0.07351660841103458,0.0,0.0,0,0,0,无明显情感,未明确对象,未明确方面,中性,False,
知识区,BV1jj5C6HEPd,一桩化妆品造成的惨案,中性,中性,0.7462148442472546,0.1089870397783454,0.7462148442472546,0.14479811597440004,0.0,0.0,0,0,0,无明显情感,未明确对象,未明确方面,中性,False,
知识区,BV1jj5C6HEPd,细节等级都很高,中性,中性,0.6226472354973146,0.274577503942667,0.6226472354973146,0.10277526056001832,0.0,0.0,0,0,0,无明显情感,未明确对象,未明确方面,中性,False,
知识区,BV1jj5C6HEPd,另外你刚才说的要是这瓜不熟，你自己把它吞了,中性,中性,0.6041428111724225,0.2269419231801833,0.6041428111724225,0.16891526564739412,0.0,0.0,0,0,0,无明显情感,未明确对象,未明确方面,中性,False,
知识区,BV1jj5C6HEPd,亚克力材质怕酒精，只要一涂抹就会碎,中性,中性,0.5363914545465067,0.18629820257374755,0.5363914545465067,0.2773103428797457,0.0,0.0,0,0,0,无明显情感,未明确对象,未明确方面,中性,False,
知识区,BV1jj5C6HEPd,试试铟镓锡吧,中性,中性,0.6499290777144048,0.1305752852614229,0.6499290777144048,0.2194956370241722,0.0,0.0,0,0,0,无明显情感,未明确对象,未明确方面,中性,False,
知识区,BV1jj5C6HEPd,这不求曲线方程吗？这能忍得住？,中性,中性,0.6203793896943441,0.04232417925794608,0.6203793896943441,0.3372964310477099,0.0,0.0,0,0,0,无明显情感,未明确对象,未明确方面,中性,False,
知识区,BV1jj5C6HEPd,旧的撇了,中性,中性,0.49389607901141935,0.11230618438908814,0.49389607901141935,0.39379773659949247,0.0,0.0,0,0,0,无明显情感,未明确对象,未明确方面,中性,False,
知识区,BV1jj5C6HEPd,每日押韵（1/1）,中性,中性,0.8228277879810175,0.1404888383391451,0.8228277879810175,0.03668337367983735,0.0,0.0,0,0,0,无明显情感,未明确对象,未明确方面,中性,False,
知识区,BV1jj5C6HEPd,<(ºOº)>,中性,中性,0.6611910207967077,0.1986748257413039,0.6611910207967077,0.14013415346198835,0.0,0.0,0,0,0,无明显情感,未明确对象,未明确方面,中性,False,
知识区,BV1jj5C6HEPd,《每日死刑》,中性,中性,0.6551557411496964,0.19824264537824526,0.6551557411496964,0.14660161347205822,0.0,0.0,0,0,0,无明显情感,未明确对象,未明确方面,中性,False,
知识区,BV1jj5C6HEPd,学过小学二年级化学的都知道亚克力俗称有机玻璃，酒精是极性有机溶剂，所以酒精分子会渗入溶胀亚克力表层,中性,中性,0.6536866289359644,0.0548439708766405,0.6536866289359644,0.2914694001873951,0.0,0.0,0,0,0,无明显情感,未明确对象,未明确方面,中性,False,
知识区,BV1jj5C6HEPd,你之前那期三大强酸视频怎么做的,中性,中性,0.6540616952754221,0.11368497473766351,0.6540616952754221,0.23225332998691436,0.0,0.0,0,0,0,无明显情感,视频内容,未明确方面,中性,False,
知识区,BV1jj5C6HEPd,卖胰岛素的涨价了,中性,中性,0.4829062860312448,0.1105777101215698,0.4829062860312448,0.4065160038471853,0.0,0.0,0,0,0,无明显情感,未明确对象,未明确方面,中性,False,
知识区,BV1jj5C6HEPd,可以用这种方式追踪浓度了,中性,中性,0.7013143280918367,0.2587708740563822,0.7013143280918367,0.039914797851781064,1.0,1.0,1,0,0,对象评价,未明确对象,未明确方面,正面,False,
知识区,BV1jj5C6HEPd,ζ(s)=∏(1−p^(-s))^(-1)=∑(n=1→∞)n^(-s)=lim(N→∞)[∑(k=1→N)k^(-s)+N^(1-s)/(s-1)-1/2·N^(-s)+∑(m=1→∞)B2m/(2,中性,中性,0.7404622453066534,0.18952879909159492,0.7404622453066534,0.07000895560175167,0.0,0.0,0,0,0,无明显情感,未明确对象,未明确方面,中性,False,
知识区,BV1jj5C6HEPd,多买几个体温计,中性,中性,0.5302068617133,0.19867824645378518,0.5302068617133,0.2711148918329147,0.0,0.0,0,0,0,无明显情感,未明确对象,未明确方面,中性,False,
知识区,BV1jj5C6HEPd,好像液态的环氧树脂e51是在23摄氏度1.57左右,中性,中性,0.5792509635580381,0.11854673424408488,0.5792509635580381,0.30220230219787697,0.0,0.0,0,0,0,无明显情感,未明确对象,未明确方面,中性,False,
知识区,BV1jj5C6HEPd,氟化氢钾不贵的，电解制氟气也行,中性,中性,0.44151313396849573,0.3071215678273322,0.44151313396849573,0.2513652982041719,0.0,0.0,0,0,0,无明显情感,未明确对象,未明确方面,中性,False,
知识区,BV1jj5C6HEPd,《CS2》,中性,中性,0.6611910207967077,0.1986748257413039,0.6611910207967077,0.14013415346198835,0.0,0.0,0,0,0,无明显情感,未明确对象,未明确方面,中性,False,
知识区,BV1jj5C6HEPd,BGM：Shop-Toby Fox,中性,中性,0.6611910207967077,0.1986748257413039,0.6611910207967077,0.14013415346198835,0.0,0.0,0,0,0,无明显情感,未明确对象,未明确方面,中性,False,
知识区,BV1jj5C6HEPd,买水银温度计,中性,中性,0.5006880651384183,0.17449779081781489,0.5006880651384183,0.32481414404376674,0.0,0.0,0,0,0,无明显情感,未明确对象,未明确方面,中性,False,
知识区,BV1jj5C6HEPd,会腐蚀大厚缸,中性,中性,0.5093168704951957,0.2767829259507202,0.5093168704951957,0.21390020355408415,0.0,0.0,0,0,0,无明显情感,未明确对象,未明确方面,中性,False,
知识区,BV1jj5C6HEPd,买一千个水印温度计doge,中性,中性,0.6541565782603367,0.15819465719830633,0.6541565782603367,0.187648764541357,0.0,0.0,0,0,0,无明显情感,未明确对象,未明确方面,中性,False,
知识区,BV1jj5C6HEPd,还有伏笔,中性,中性,0.7765097981707313,0.14997359341823413,0.7765097981707313,0.07351660841103458,0.0,0.0,0,0,0,无明显情感,未明确对象,未明确方面,中性,False,
知识区,BV1jj5C6HEPd,所以只能选哪个“贵”了,中性,中性,0.8018313189058044,0.08362851728544594,0.8018313189058044,0.1145401638087497,0.0,0.0,0,0,0,无明显情感,未明确对象,未明确方面,中性,False,
知识区,BV1jj5C6HEPd,赶紧多给他投几个币，回个血呀。,中性,中性,0.4630996921998495,0.3571054873608609,0.4630996921998495,0.1797948204392896,0.0,0.0,0,0,0,无明显情感,未明确对象,未明确方面,中性,False,
知识区,BV1jj5C6HEPd,下期预告,中性,中性,0.6551557411496964,0.19824264537824526,0.6551557411496964,0.14660161347205822,0.0,0.0,0,0,0,无明显情感,未明确对象,未明确方面,中性,False,
知识区,BV1jj5C6HEPd,直接去网上收体温计啊,中性,中性,0.4896112580562496,0.17780456118745072,0.4896112580562496,0.33258418075629986,0.0,0.0,0,0,0,无明显情感,未明确对象,未明确方面,中性,False,
知识区,BV1jj5C6HEPd,热量得有多少啊,中性,中性,0.5119578295501467,0.09695103419464224,0.5119578295501467,0.39109113625521097,0.0,0.0,0,0,0,无明显情感,未明确对象,未明确方面,中性,False,
知识区,BV1jj5C6HEPd,还有摘要,中性,中性,0.7765097981707313,0.14997359341823413,0.7765097981707313,0.07351660841103458,0.0,0.0,0,0,0,无明显情感,未明确对象,未明确方面,中性,False,
知识区,BV1jj5C6HEPd,还有第二关,中性,中性,0.7725283957207509,0.15025154573381017,0.7725283957207509,0.07722005854543887,0.0,0.0,0,0,0,无明显情感,未明确对象,未明确方面,中性,False,
知识区,BV1jj5C6HEPd,多找些水银温度计,中性,中性,0.7597853431620804,0.14907916117219888,0.7597853431620804,0.09113549566572061,0.0,0.0,0,0,0,无明显情感,未明确对象,未明确方面,中性,False,
知识区,BV1jj5C6HEPd,“等一下”,中性,中性,0.7858148346100043,0.13452063563103472,0.7858148346100043,0.07966452975896093,0.0,0.0,0,0,0,无明显情感,未明确对象,未明确方面,中性,False,
知识区,BV1jj5C6HEPd,毕导十六,中性,中性,0.6551557411496964,0.19824264537824526,0.6551557411496964,0.14660161347205822,0.0,0.0,0,0,0,无明显情感,未明确对象,未明确方面,中性,False,
知识区,BV1jj5C6HEPd,就不能搞个无毒的吗(手动狗头),中性,中性,0.6889953125896803,0.05949844716486435,0.6889953125896803,0.25150624024545537,0.0,0.0,0,0,0,无明显情感,未明确对象,未明确方面,中性,False,
知识区,BV1jj5C6HEPd,miyavi的butterfly出现第二次啦,中性,中性,0.7032341186425244,0.12602060080547658,0.7032341186425244,0.17074528055199892,0.0,0.0,0,0,0,无明显情感,未明确对象,未明确方面,中性,False,
知识区,BV1jj5C6HEPd,up没悄咪咪骂我吧？,中性,中性,0.5112571932997008,0.07960059411892535,0.5112571932997008,0.40914221258137395,0.0,0.0,0,0,0,无明显情感,讲解者,未明确方面,中性,False,
知识区,BV1jj5C6HEPd,bgm是miyavi的butterfly！,中性,中性,0.540656438668474,0.34310528725849554,0.540656438668474,0.11623827407303038,0.0,0.0,0,0,0,无明显情感,未明确对象,未明确方面,中性,False,
知识区,BV1jj5C6HEPd,希区柯克,中性,中性,0.6611910207967077,0.1986748257413039,0.6611910207967077,0.14013415346198835,0.0,0.0,0,0,0,无明显情感,未明确对象,未明确方面,中性,False,
知识区,BV1jj5C6HEPd,《也》,中性,中性,0.5468813420798315,0.13467278384085596,0.5468813420798315,0.3184458740793125,0.0,0.0,0,0,0,无明显情感,未明确对象,未明确方面,中性,False,
知识区,BV1jj5C6HEPd,去找个大学实验室合作一下啦,中性,中性,0.7377762431871201,0.16953625965951497,0.7377762431871201,0.09268749715336504,0.0,0.0,0,0,0,无明显情感,未明确对象,未明确方面,中性,False,
知识区,BV1jj5C6HEPd,吸铁石，还有你说的变锥形你喝了它,中性,中性,0.5306894973797082,0.16237064409284913,0.5306894973797082,0.30693985852744265,0.0,0.0,0,0,0,无明显情感,未明确对象,未明确方面,中性,False,
知识区,BV1jj5C6HEPd,这是折射率，等等还有个大boss阿贝数,中性,中性,0.774985246479314,0.09877907971132355,0.774985246479314,0.12623567380936246,0.0,0.0,0,0,0,无明显情感,未明确对象,未明确方面,中性,False,
知识区,BV1jj5C6HEPd,拿ai生成一个效果看看,中性,中性,0.723249154071567,0.11859345089586999,0.723249154071567,0.15815739503256293,0.0,0.0,0,0,0,无明显情感,未明确对象,未明确方面,中性,False,
知识区,BV1jj5C6HEPd,谁把我化学有机大题搬过来了,中性,负面,0.5089467906896218,0.1136693888504741,0.37738382045990404,0.5089467906896218,0.0,0.0,0,0,0,无明显情感,未明确对象,未明确方面,中性,False,
知识区,BV1jj5C6HEPd,nice boat,中性,中性,0.6611910207967077,0.1986748257413039,0.6611910207967077,0.14013415346198835,0.0,0.0,0,0,0,无明显情感,未明确对象,未明确方面,中性,False,
知识区,BV1jj5C6HEPd,和罗老师联动一下,中性,中性,0.790330414457565,0.1294466306813846,0.790330414457565,0.08022295486105026,0.0,0.0,0,0,0,无明显情感,讲解者,未明确方面,中性,False,
知识区,BV1jj5C6HEPd,好像日语（doge,中性,中性,0.7553014023647165,0.16388246921371835,0.7553014023647165,0.08081612842156521,0.0,0.0,0,0,0,无明显情感,未明确对象,未明确方面,中性,False,
知识区,BV1jj5C6HEPd,注意大后方的裂纹后面要考,中性,中性,0.5131262663139676,0.21401074238256326,0.5131262663139676,0.2728629913034692,0.0,0.0,0,0,0,无明显情感,未明确对象,未明确方面,中性,False,
知识区,BV1jj5C6HEPd,直接去买几个体温计,中性,中性,0.5412940005208035,0.16014909108834877,0.5412940005208035,0.29855690839084786,0.0,0.0,0,0,0,无明显情感,未明确对象,未明确方面,中性,False,
知识区,BV1jj5C6HEPd,仙人之兮列如麻,中性,中性,0.6489454898443013,0.19774130284806332,0.6489454898443013,0.15331320730763526,0.0,0.0,0,0,0,无明显情感,未明确对象,未明确方面,中性,False,
知识区,BV1jj5C6HEPd,想喝直说。,中性,中性,0.5616235445334429,0.21725776781330658,0.5616235445334429,0.22111868765325055,0.0,0.0,0,0,0,无明显情感,未明确对象,未明确方面,中性,False,
知识区,BV1jj5C6HEPd,搞点镓或者低温合金,中性,中性,0.6359914521573379,0.19652315630008527,0.6359914521573379,0.1674853915425768,0.0,0.0,0,0,0,无明显情感,未明确对象,未明确方面,中性,False,
知识区,BV1jj5C6HEPd,胰岛B细胞：这把高端局,中性,中性,0.44219351356827097,0.2979188112297201,0.44219351356827097,0.25988767520200884,0.0,0.0,0,0,0,无明显情感,未明确对象,未明确方面,中性,False,
知识区,BV1jj5C6HEPd,你倒是喝呀,中性,中性,0.4615176568975324,0.22528264924365474,0.4615176568975324,0.31319969385881297,0.0,0.0,0,0,0,无明显情感,未明确对象,未明确方面,中性,False,
知识区,BV1jj5C6HEPd,洁厕灵和八四不就行了吗,中性,中性,0.8114385151693826,0.04348509515150327,0.8114385151693826,0.14507638967911402,0.0,0.0,0,0,0,无明显情感,未明确对象,未明确方面,中性,False,
知识区,BV1jj5C6HEPd,346人,中性,中性,0.8623284133505474,0.11612125610443975,0.8623284133505474,0.021550330545012767,0.0,0.0,0,0,0,无明显情感,未明确对象,未明确方面,中性,False,
知识区,BV1jj5C6HEPd,咋还跟王司徒和董太师联动了,中性,中性,0.5793241205790122,0.16443672446275134,0.5793241205790122,0.25623915495823646,0.0,0.0,0,0,0,无明显情感,未明确对象,未明确方面,中性,False,
知识区,BV1jj5C6HEPd,到了擅长的化学了,中性,中性,0.8175885785919224,0.07182639056700542,0.8175885785919224,0.11058503084107227,0.0,0.0,0,0,0,无明显情感,未明确对象,未明确方面,中性,False,
知识区,BV1jj5C6HEPd,我去，初音未来的蔬菜汁！,中性,中性,0.5776656293902205,0.3297715734070405,0.5776656293902205,0.09256279720273895,0.0,0.0,0,0,0,无明显情感,未明确对象,未明确方面,中性,False,
知识区,BV1jj5C6HEPd,电解饱和食盐水。,中性,中性,0.6162433848099529,0.25289273582816985,0.6162433848099529,0.13086387936187727,0.0,0.0,0,0,0,无明显情感,未明确对象,未明确方面,中性,False,
知识区,BV1jj5C6HEPd,其他平台没人问吗,中性,中性,0.8073899543262371,0.11444439010226742,0.8073899543262371,0.07816565557149548,0.0,0.0,0,0,0,无明显情感,未明确对象,未明确方面,中性,False,
知识区,BV1jj5C6HEPd,去学校啊,中性,中性,0.5344842148065465,0.19211532585329583,0.5344842148065465,0.27340045934015766,0.0,0.0,0,0,0,无明显情感,未明确对象,未明确方面,中性,False,
知识区,BV1jj5C6HEPd,养乐多。,中性,中性,0.6268857006341327,0.25368755857779923,0.6268857006341327,0.11942674078806804,0.0,0.0,0,0,0,无明显情感,未明确对象,未明确方面,中性,False,
知识区,BV1jj5C6HEPd,每日amazine(-1/1),中性,中性,0.7453767013093595,0.18765238012975427,0.7453767013093595,0.06697091856088629,0.0,0.0,0,0,0,无明显情感,未明确对象,未明确方面,中性,False,
知识区,BV1jj5C6HEPd,海市蜃楼？！,中性,中性,0.6243501143684352,0.2702027329865811,0.6243501143684352,0.10544715264498379,0.0,0.0,0,0,0,无明显情感,未明确对象,未明确方面,中性,False,
知识区,BV1jj5C6HEPd,买200根温度计,中性,中性,0.49008475272808955,0.2288742910594327,0.49008475272808955,0.2810409562124778,0.0,0.0,0,0,0,无明显情感,未明确对象,未明确方面,中性,False,
知识区,BV1jj5C6HEPd,依旧一个视频打n个补丁。,中性,中性,0.6013415604437223,0.2602997456753174,0.6013415604437223,0.13835869388096025,0.0,0.0,0,0,0,无明显情感,视频内容,未明确方面,中性,False,
知识区,BV1jj5C6HEPd,还有DLC！,中性,中性,0.5913781958859338,0.36799963479084796,0.5913781958859338,0.04062216932321835,0.0,0.0,0,0,0,无明显情感,未明确对象,未明确方面,中性,False,
知识区,BV1jj5C6HEPd,但是白雾不是气体 不能这么比,中性,中性,0.5014784277887331,0.07294273551101518,0.5014784277887331,0.4255788367002517,0.0,0.0,0,0,0,无明显情感,未明确对象,未明确方面,中性,False,
知识区,BV1jj5C6HEPd,要么又有毒又很贵,中性,中性,0.4567821783468499,0.1613527303389165,0.4567821783468499,0.3818650913142336,0.0,0.0,0,0,0,无明显情感,未明确对象,未明确方面,中性,False,
知识区,BV1jj5C6HEPd,诶？云朵～,中性,中性,0.6041215356530559,0.09274914356393846,0.6041215356530559,0.3031293207830056,0.0,0.0,0,0,0,无明显情感,未明确对象,未明确方面,中性,False,
知识区,BV1jj5C6HEPd,可汗大点兵,中性,中性,0.6489454898443013,0.19774130284806332,0.6489454898443013,0.15331320730763526,0.0,0.0,0,0,0,无明显情感,未明确对象,未明确方面,中性,False,
知识区,BV1jj5C6HEPd,电解饱和食盐水生成氯气加氢气和氢氧化钠溶液不得了,中性,中性,0.7222990618527181,0.13217219048023418,0.7222990618527181,0.1455287476670476,0.0,0.0,0,0,0,无明显情感,未明确对象,未明确方面,中性,False,
知识区,BV1jj5C6HEPd,这个系列能出到第三集在座的各位——,中性,中性,0.6800989446051313,0.12448789194417345,0.6800989446051313,0.19541316345069532,0.0,0.0,0,0,0,无明显情感,未明确对象,未明确方面,中性,False,
知识区,BV1jj5C6HEPd,难道不是因为你拿来泡面了么,中性,中性,0.8345883398715112,0.03422249735026194,0.8345883398715112,0.1311891627782269,0.0,0.0,0,0,0,无明显情感,未明确对象,理解与难度,中性,False,
知识区,BV1jj5C6HEPd,巩辉老师物理课实时观看,中性,中性,0.47441842176494403,0.4240816625634943,0.47441842176494403,0.10149991567156169,0.0,0.0,0,0,0,无明显情感,讲解者,未明确方面,中性,False,
知识区,BV1jj5C6HEPd,旧的在手里,中性,中性,0.5857114883456297,0.07325700975331875,0.5857114883456297,0.3410315019010516,0.0,0.0,0,0,0,无明显情感,未明确对象,未明确方面,中性,False,
知识区,BV1jj5C6HEPd,啊？,中性,中性,0.5288011505834446,0.20044940306562856,0.5288011505834446,0.2707494463509269,0.0,0.0,0,0,0,无明显情感,未明确对象,未明确方面,中性,True,0.0
知识区,BV1jj5C6HEPd,商家：嗨嗨嗨,中性,中性,0.6425580301311389,0.197168788414866,0.6425580301311389,0.16027318145399508,0.0,0.0,0,0,0,无明显情感,未明确对象,未明确方面,中性,False,
知识区,BV1jj5C6HEPd,nice boat!,中性,中性,0.5586949983990884,0.3198406469223938,0.5586949983990884,0.12146435467851784,0.0,0.0,0,0,0,无明显情感,未明确对象,未明确方面,中性,False,
知识区,BV1jj5C6HEPd,那汞呢,中性,中性,0.4510230206621188,0.1603028033509629,0.4510230206621188,0.38867417598691834,0.0,0.0,0,0,0,无明显情感,未明确对象,未明确方面,中性,False,
知识区,BV1jj5C6HEPd,对,中性,中性,0.4690390611619831,0.2909837256236986,0.4690390611619831,0.2399772132143183,0.0,0.0,0,0,0,无明显情感,未明确对象,未明确方面,中性,False,
知识区,BV1jj5C6HEPd,气氛JOJO起来,中性,中性,0.7784019583696145,0.16773779673583936,0.7784019583696145,0.05386024489454631,0.0,0.0,0,0,0,无明显情感,未明确对象,未明确方面,中性,False,
知识区,BV1jj5C6HEPd,都是绝命毒师啊,中性,中性,0.47996796785174584,0.11397523510204811,0.47996796785174584,0.4060567970462061,0.0,0.0,0,0,0,无明显情感,未明确对象,未明确方面,中性,False,
知识区,BV1jj5C6HEPd,三强酸齐活了,中性,中性,0.618982624832484,0.13070114291497573,0.618982624832484,0.25031623225254024,0.0,0.0,0,0,0,无明显情感,未明确对象,未明确方面,中性,False,
知识区,BV1jj5C6HEPd,依旧骗吃骗喝,中性,中性,0.6551557411496964,0.19824264537824526,0.6551557411496964,0.14660161347205822,0.0,0.0,0,0,0,无明显情感,未明确对象,未明确方面,中性,False,
知识区,BV1jj5C6HEPd,依旧化学老师,中性,中性,0.4822955197378458,0.42513601548722396,0.4822955197378458,0.09256846477493018,0.0,0.0,0,0,0,无明显情感,讲解者,未明确方面,中性,False,
知识区,BV1jj5C6HEPd,还有第五关,中性,中性,0.7725283957207509,0.15025154573381017,0.7725283957207509,0.07722005854543887,0.0,0.0,0,0,0,无明显情感,未明确对象,未明确方面,中性,False,
知识区,BV1jj5C6HEPd,喝,中性,中性,0.6611910207967077,0.1986748257413039,0.6611910207967077,0.14013415346198835,0.0,0.0,0,0,0,无明显情感,未明确对象,未明确方面,中性,False,
知识区,BV1jj5C6HEPd,oh,中性,中性,0.6611910207967077,0.1986748257413039,0.6611910207967077,0.14013415346198835,0.0,0.0,0,0,0,无明显情感,未明确对象,未明确方面,中性,False,
知识区,BV1jj5C6HEPd,买几个水银温度计,中性,中性,0.44146706870024854,0.17269098059028667,0.44146706870024854,0.38584195070946475,0.0,0.0,0,0,0,无明显情感,未明确对象,未明确方面,中性,False,
知识区,BV1jj5C6HEPd,这不是浸润吗？,中性,中性,0.6162827228853,0.03285110121160852,0.6162827228853,0.3508661759030914,0.0,0.0,0,0,0,无明显情感,未明确对象,未明确方面,中性,False,
知识区,BV1jj5C6HEPd,斥巨资,中性,中性,0.6551557411496964,0.19824264537824526,0.6551557411496964,0.14660161347205822,0.0,0.0,0,0,0,无明显情感,未明确对象,未明确方面,中性,False,
知识区,BV1jj5C6HEPd,专选,中性,中性,0.6611910207967077,0.1986748257413039,0.6611910207967077,0.14013415346198835,0.0,0.0,0,0,0,无明显情感,未明确对象,未明确方面,中性,False,
知识区,BV1jj5C6HEPd,你是谁呀,中性,中性,0.5765930781455638,0.15984808218241975,0.5765930781455638,0.26355883967201643,0.0,0.0,0,0,0,无明显情感,未明确对象,未明确方面,中性,False,
知识区,BV1jj5C6HEPd,？！说唱？！,中性,中性,0.5233178261925955,0.22186542041985363,0.5233178261925955,0.254816753387551,0.0,0.0,0,0,0,无明显情感,未明确对象,未明确方面,中性,False,
知识区,BV1jj5C6HEPd,奖励自己是吧？,中性,中性,0.8003038453968219,0.03989271244091319,0.8003038453968219,0.15980344216226505,0.0,0.0,0,0,0,无明显情感,未明确对象,未明确方面,中性,False,
知识区,BV1jj5C6HEPd,我也要死吗……,中性,中性,0.6126527043150217,0.09397808253068737,0.6126527043150217,0.29336921315429093,0.0,0.0,0,0,0,无明显情感,未明确对象,未明确方面,中性,False,
知识区,BV1jj5C6HEPd,？！强强！？,中性,中性,0.5088913393312062,0.25270172258631773,0.5088913393312062,0.2384069380824759,0.0,0.0,0,0,0,无明显情感,未明确对象,未明确方面,中性,False,
知识区,BV1jj5C6HEPd,？！锥锥！？,中性,中性,0.5013344206524861,0.25069594284184055,0.5013344206524861,0.24796963650567333,0.0,0.0,0,0,0,无明显情感,未明确对象,未明确方面,中性,False,
知识区,BV1jj5C6HEPd,《浓》,中性,中性,0.6611910207967077,0.1986748257413039,0.6611910207967077,0.14013415346198835,0.0,0.0,0,0,0,无明显情感,未明确对象,未明确方面,中性,False,
知识区,BV1jj5C6HEPd,噗…全是管制的吧,中性,中性,0.7062163574030715,0.0852191906167971,0.7062163574030715,0.2085644519801314,0.0,0.0,0,0,0,无明显情感,未明确对象,未明确方面,中性,False,
知识区,BV1jj5C6HEPd,看视频也要死么？,中性,中性,0.46597334310116373,0.16209542476626249,0.46597334310116373,0.37193123213257384,0.0,0.0,0,0,0,无明显情感,视频内容,未明确方面,中性,False,
知识区,BV1jj5C6HEPd,赶快枪毙,中性,中性,0.6551557411496964,0.19824264537824526,0.6551557411496964,0.14660161347205822,0.0,0.0,0,0,0,无明显情感,未明确对象,未明确方面,中性,False,
知识区,BV1jj5C6HEPd,易制爆化学品,中性,中性,0.6489454898443013,0.19774130284806332,0.6489454898443013,0.15331320730763526,0.0,0.0,0,0,0,无明显情感,未明确对象,未明确方面,中性,False,
知识区,BV1jj5C6HEPd,乐，你还能死两次,中性,中性,0.4285181340558285,0.35593500161284686,0.4285181340558285,0.21554686433132472,0.0,0.0,0,0,0,无明显情感,未明确对象,未明确方面,中性,False,
知识区,BV1jj5C6HEPd,好家伙，准备死吧,中性,中性,0.5621093114340576,0.1594537257235814,0.5621093114340576,0.278436962842361,0.0,0.0,0,0,0,无明显情感,未明确对象,未明确方面,中性,False,
知识区,BV1jj5C6HEPd,来，直播喝,中性,中性,0.49265775104305454,0.16497259865745778,0.49265775104305454,0.3423696502994877,0.0,0.0,0,0,0,无明显情感,未明确对象,未明确方面,中性,False,
知识区,BV1jj5C6HEPd,好船,中性,中性,0.6611910207967077,0.1986748257413039,0.6611910207967077,0.14013415346198835,0.0,0.0,0,0,0,无明显情感,未明确对象,未明确方面,中性,False,
知识区,BV1jj5C6HEPd,忽远忽近,中性,中性,0.6551557411496964,0.19824264537824526,0.6551557411496964,0.14660161347205822,0.0,0.0,0,0,0,无明显情感,未明确对象,未明确方面,中性,False,
知识区,BV1jj5C6HEPd,蓝色的→硫酸铜溶液,中性,中性,0.7525442555123983,0.10914563655166665,0.7525442555123983,0.1383101079359349,0.0,0.0,0,0,0,无明显情感,未明确对象,未明确方面,中性,False,
知识区,BV1jj5C6HEPd,为科学献身,中性,中性,0.7625506560191792,0.14202798452202997,0.7625506560191792,0.09542135945879081,0.0,0.0,0,0,0,无明显情感,未明确对象,未明确方面,中性,False,
知识区,BV1jj5C6HEPd,快请拉瓦锡来,中性,中性,0.7781455350760377,0.09834693722994135,0.7781455350760377,0.12350752769402085,0.0,0.0,0,0,0,无明显情感,未明确对象,未明确方面,中性,False,
知识区,BV1jj5C6HEPd,不够看呀,中性,中性,0.45469060760726926,0.37330931532751355,0.45469060760726926,0.17200007706521717,0.0,0.0,0,0,0,无明显情感,未明确对象,未明确方面,中性,False,
知识区,BV1jj5C6HEPd,什么背景音乐,中性,中性,0.9082219598300391,0.03349298355086904,0.9082219598300391,0.058285056619091766,0.0,0.0,0,0,0,无明显情感,未明确对象,未明确方面,中性,False,
知识区,BV1jj5C6HEPd,中间和边缘的溶解梯度不一样，构成球面镜,中性,中性,0.4681443690760087,0.08657768681215738,0.4681443690760087,0.4452779441118339,0.0,0.0,0,0,0,无明显情感,未明确对象,未明确方面,中性,False,
知识区,BV1jj5C6HEPd,温度计,中性,中性,0.6611910207967077,0.1986748257413039,0.6611910207967077,0.14013415346198835,0.0,0.0,0,0,0,无明显情感,未明确对象,未明确方面,中性,False,
知识区,BV1jj5C6HEPd,是UFO!,中性,中性,0.6050284131641078,0.2440056749591675,0.6050284131641078,0.1509659118767247,0.0,0.0,0,0,0,无明显情感,未明确对象,未明确方面,中性,False,
知识区,BV1jj5C6HEPd,咬牙切齿,中性,中性,0.6611910207967077,0.1986748257413039,0.6611910207967077,0.14013415346198835,0.0,0.0,0,0,0,无明显情感,未明确对象,未明确方面,中性,False,
知识区,BV1jj5C6HEPd,血糖爆炸,中性,中性,0.6647693675071353,0.22028487450734424,0.6647693675071353,0.11494575798552047,0.0,0.0,0,0,0,无明显情感,未明确对象,未明确方面,中性,False,
知识区,BV1jj5C6HEPd,明明就是大了1毫米！,中性,中性,0.7924007402598104,0.12285868634583486,0.7924007402598104,0.08474057339435463,0.0,0.0,0,0,0,无明显情感,未明确对象,未明确方面,中性,False,
知识区,BV1jj5C6HEPd,海市蜃楼,中性,中性,0.6611910207967077,0.1986748257413039,0.6611910207967077,0.14013415346198835,0.0,0.0,0,0,0,无明显情感,未明确对象,未明确方面,中性,False,
知识区,BV1jj5C6HEPd,卖家：怪东西的复购率,中性,中性,0.7712403953855032,0.11212267269831494,0.7712403953855032,0.116636931916182,0.0,0.0,0,0,0,无明显情感,未明确对象,未明确方面,中性,False,
知识区,BV1jj5C6HEPd,可以用苯，苯毒性相对较小而且不会爆炸,中性,中性,0.8595980416463844,0.09354600363208015,0.8595980416463844,0.04685595472153541,0.0,0.0,1,1,1,对象评价,未明确对象,未明确方面,混合,False,
知识区,BV1jj5C6HEPd,<(ºOº)> <(ºOº)> <(ºOº)> <(ºOº)> <(ºOº)> <(ºOº)> <(ºOº)> <(ºOº)> <(ºOº)> <(ºOº)> <(ºOº)> <(ºOº)>,中性,中性,0.6611910207967077,0.1986748257413039,0.6611910207967077,0.14013415346198835,0.0,0.0,0,0,0,无明显情感,未明确对象,未明确方面,中性,False,
知识区,BV1jj5C6HEPd,UT,中性,中性,0.6611910207967077,0.1986748257413039,0.6611910207967077,0.14013415346198835,0.0,0.0,0,0,0,无明显情感,未明确对象,未明确方面,中性,False,
知识区,BV1jj5C6HEPd,你是故意找茬是吧,中性,中性,0.7093135726984843,0.10647193015746248,0.7093135726984843,0.1842144971440532,0.0,0.0,0,0,0,无明显情感,未明确对象,未明确方面,中性,False,
知识区,BV1jj5C6HEPd,泊松亮斑,中性,中性,0.6551557411496964,0.19824264537824526,0.6551557411496964,0.14660161347205822,0.0,0.0,0,0,0,无明显情感,未明确对象,未明确方面,中性,False,
知识区,BV1jj5C6HEPd,糖水呢,中性,中性,0.5356096650941293,0.10874753121672928,0.5356096650941293,0.3556428036891415,0.0,0.0,0,0,0,无明显情感,未明确对象,未明确方面,中性,False,
知识区,BV1jj5C6HEPd,还有联动,中性,中性,0.7765097981707313,0.14997359341823413,0.7765097981707313,0.07351660841103458,0.0,0.0,0,0,0,无明显情感,未明确对象,未明确方面,中性,False,
知识区,BV1jj5C6HEPd,开除摄影师,中性,中性,0.6551557411496964,0.19824264537824526,0.6551557411496964,0.14660161347205822,0.0,0.0,0,0,0,无明显情感,未明确对象,未明确方面,中性,False,
知识区,BV1jj5C6HEPd,上转转回收了(秒答),中性,中性,0.4555228752226718,0.39916007024926875,0.4555228752226718,0.14531705452805949,0.0,0.0,0,0,0,无明显情感,未明确对象,未明确方面,中性,False,
知识区,BV1jj5C6HEPd,买水银温度计，然后摔了。,中性,中性,0.4971843168311853,0.2020461539313588,0.4971843168311853,0.3007695292374558,0.0,0.0,0,0,0,无明显情感,未明确对象,未明确方面,中性,False,
知识区,BV1jj5C6HEPd,.0,中性,中性,0.6281943762568473,0.2685907244678,0.6281943762568473,0.10321489927535274,0.0,0.0,0,0,0,无明显情感,未明确对象,未明确方面,中性,False,
知识区,BV1jj5C6HEPd,白糖俯视面吧,中性,中性,0.6581614951771344,0.13130789735291645,0.6581614951771344,0.21053060746994903,0.0,0.0,0,0,0,无明显情感,未明确对象,未明确方面,中性,False,
知识区,BV1jj5C6HEPd,都快800万。,中性,中性,0.6903289228818462,0.1882224824200613,0.6903289228818462,0.12144859469809244,0.0,0.0,0,0,0,无明显情感,未明确对象,未明确方面,中性,False,
知识区,BV1jj5C6HEPd,还有第三关,中性,中性,0.7765097981707313,0.14997359341823413,0.7765097981707313,0.07351660841103458,0.0,0.0,0,0,0,无明显情感,未明确对象,未明确方面,中性,False,
知识区,BV1jj5C6HEPd,依旧清朝老片,中性,中性,0.6775824029488722,0.12090474678230435,0.6775824029488722,0.20151285026882346,0.0,0.0,0,0,0,无明显情感,未明确对象,未明确方面,中性,False,
知识区,BV1jj5C6HEPd,糖尿病预警,中性,中性,0.7190402094394369,0.1593382168978819,0.7190402094394369,0.12162157366268103,0.0,0.0,0,0,0,无明显情感,未明确对象,未明确方面,中性,False,
知识区,BV1jj5C6HEPd,还有蔬菜汁的事？,中性,中性,0.5366671621946661,0.0852298818020102,0.5366671621946661,0.3781029560033236,0.0,0.0,0,0,0,无明显情感,未明确对象,未明确方面,中性,False,
知识区,BV1jj5C6HEPd,浓度的另一种光学测量方法,中性,中性,0.8362655930649708,0.08454684658970976,0.8362655930649708,0.07918756034531946,0.0,0.0,0,0,0,无明显情感,课程内容,未明确方面,中性,False,
知识区,BV1jj5C6HEPd,你就是想喝,中性,中性,0.691823365689421,0.07380044520128337,0.691823365689421,0.23437618910929559,0.0,0.0,0,0,0,无明显情感,未明确对象,未明确方面,中性,False,
知识区,BV1jj5C6HEPd,<(ºOº)><(ºOº)><(ºOº)><(ºOº)><(ºOº)>,中性,中性,0.6611910207967077,0.1986748257413039,0.6611910207967077,0.14013415346198835,0.0,0.0,0,0,0,无明显情感,未明确对象,未明确方面,中性,False,
知识区,BV1jj5C6HEPd,多买点水银温度计,中性,中性,0.7597853431620804,0.14907916117219888,0.7597853431620804,0.09113549566572061,0.0,0.0,0,0,0,无明显情感,未明确对象,未明确方面,中性,False,
知识区,BV1jj5C6HEPd,这得就着二甲双胍一起喝,中性,中性,0.5335372468726237,0.31637906508910213,0.5335372468726237,0.15008368803827424,0.0,0.0,0,0,0,无明显情感,未明确对象,未明确方面,中性,False,
知识区,BV1jj5C6HEPd,黄金之风,中性,中性,0.6551557411496964,0.19824264537824526,0.6551557411496964,0.14660161347205822,0.0,0.0,0,0,0,无明显情感,未明确对象,未明确方面,中性,False,
知识区,BV1jj5C6HEPd,卖给转转,中性,中性,0.8221913924804745,0.09916942524108453,0.8221913924804745,0.07863918227844094,0.0,0.0,0,0,0,无明显情感,未明确对象,未明确方面,中性,False,
知识区,BV1jj5C6HEPd,14122,中性,中性,0.6757476380040807,0.22805186366676086,0.6757476380040807,0.09620049832915847,0.0,0.0,0,0,0,无明显情感,未明确对象,未明确方面,中性,False,
知识区,BV1jj5C6HEPd,39.5206*8,中性,中性,0.7677618604294469,0.13934404224103303,0.7677618604294469,0.09289409732952007,0.0,0.0,0,0,0,无明显情感,未明确对象,未明确方面,中性,False,
知识区,BV1jj5C6HEPd,喝完直接喜提糖尿病icu一位,中性,中性,0.7499387329429249,0.1261372589784523,0.7499387329429249,0.12392400807862283,0.0,0.0,0,0,0,无明显情感,未明确对象,未明确方面,中性,False,
知识区,BV1jj5C6HEPd,同款尺子,中性,中性,0.6551557411496964,0.19824264537824526,0.6551557411496964,0.14660161347205822,0.0,0.0,0,0,0,无明显情感,未明确对象,未明确方面,中性,False,
知识区,BV1jj5C6HEPd,生成什么？,中性,中性,0.8259777798876372,0.022638765244376958,0.8259777798876372,0.15138345486798588,0.0,0.0,0,0,0,无明显情感,未明确对象,未明确方面,中性,False,
知识区,BV1jj5C6HEPd,用稀有气体,中性,中性,0.8386261964059195,0.09128201154327008,0.8386261964059195,0.07009179205081045,0.0,0.0,0,0,0,无明显情感,未明确对象,未明确方面,中性,False,
知识区,BV1jj5C6HEPd,想喝直说,中性,中性,0.5569533210826809,0.18291890605881422,0.5569533210826809,0.2601277728585049,0.0,0.0,0,0,0,无明显情感,未明确对象,未明确方面,中性,False,
知识区,BV1jj5C6HEPd,旧的瞥了,中性,中性,0.49389607901141935,0.11230618438908814,0.49389607901141935,0.39379773659949247,0.0,0.0,0,0,0,无明显情感,未明确对象,未明确方面,中性,False,
知识区,BV1jj5C6HEPd,毕导别齁死了,中性,中性,0.5617478497013073,0.1708660417021101,0.5617478497013073,0.2673861085965826,0.0,0.0,0,0,0,无明显情感,未明确对象,未明确方面,中性,False,
知识区,BV1jj5C6HEPd,再买三瓶,中性,中性,0.48041026089520444,0.13255241165536458,0.48041026089520444,0.387037327449431,0.0,0.0,0,0,0,无明显情感,未明确对象,未明确方面,中性,False,
知识区,BV1jj5C6HEPd,@神秘园,中性,中性,0.6611910207967077,0.1986748257413039,0.6611910207967077,0.14013415346198835,0.0,0.0,0,0,0,无明显情感,未明确对象,未明确方面,中性,False,
知识区,BV1jj5C6HEPd,美国人日常饮料,中性,中性,0.7676396372435207,0.1850790452575876,0.7676396372435207,0.04728131749889154,0.0,0.0,0,0,0,无明显情感,未明确对象,未明确方面,中性,False,
知识区,BV1jj5C6HEPd,哇,中性,中性,0.7168909695552996,0.17712932959345656,0.7168909695552996,0.1059797008512439,0.0,0.0,0,0,0,无明显情感,未明确对象,未明确方面,中性,False,
知识区,BV1jj5C6HEPd,你跟国家说一下，你这个是做实验用哦,中性,中性,0.6374929529660656,0.09308329110262167,0.6374929529660656,0.26942375593131285,0.0,0.0,0,0,0,无明显情感,未明确对象,未明确方面,中性,False,
知识区,BV1jj5C6HEPd,再多看一眼就会爆炸,中性,中性,0.6339397824153635,0.20152917133259335,0.6339397824153635,0.1645310462520432,0.0,0.0,0,0,0,无明显情感,未明确对象,未明确方面,中性,False,
知识区,BV1jj5C6HEPd,酒精会溶解亚克力！？！？,中性,中性,0.4298648900073227,0.26077983716643205,0.4298648900073227,0.3093552728262452,0.0,0.0,0,0,0,无明显情感,未明确对象,未明确方面,中性,False,
知识区,BV1jj5C6HEPd,woc,中性,中性,0.6611910207967077,0.1986748257413039,0.6611910207967077,0.14013415346198835,0.0,0.0,0,0,0,无明显情感,未明确对象,未明确方面,中性,False,
知识区,BV1jj5C6HEPd,买一堆体温计,中性,中性,0.5006880651384183,0.17449779081781489,0.5006880651384183,0.32481414404376674,0.0,0.0,0,0,0,无明显情感,未明确对象,未明确方面,中性,False,
知识区,BV1jj5C6HEPd,旧的旧的碎了,中性,中性,0.5878598082529413,0.11190803174660953,0.5878598082529413,0.3002321600004493,0.0,0.0,0,0,0,无明显情感,未明确对象,未明确方面,中性,False,
知识区,BV1jj5C6HEPd,二碘甲烷还会眨眼,中性,中性,0.6398063631284441,0.22365129507835804,0.6398063631284441,0.13654234179319788,0.0,0.0,0,0,0,无明显情感,未明确对象,未明确方面,中性,False,
知识区,BV1jj5C6HEPd,求斜率,中性,中性,0.799268342009571,0.10283854334497854,0.799268342009571,0.09789311464545043,0.0,0.0,0,0,0,无明显情感,未明确对象,未明确方面,中性,False,
知识区,BV1jj5C6HEPd,eee,中性,中性,0.6611910207967077,0.1986748257413039,0.6611910207967077,0.14013415346198835,0.0,0.0,0,0,0,无明显情感,未明确对象,未明确方面,中性,False,
知识区,BV1jj5C6HEPd,骗你的会全反射。,中性,中性,0.5198623533333229,0.3828493217335551,0.5198623533333229,0.09728832493312205,0.0,0.0,0,0,0,无明显情感,未明确对象,未明确方面,中性,False,
知识区,BV1jj5C6HEPd,baking bread,中性,中性,0.6491597372881667,0.23833593932755318,0.6491597372881667,0.1125043233842802,0.0,0.0,0,0,0,无明显情感,未明确对象,未明确方面,中性,False,
知识区,BV1jj5C6HEPd,会逐渐超出是指侧壁被腐蚀吗（bushi）,中性,中性,0.708773656533893,0.06136980047966782,0.708773656533893,0.2298565429864392,0.0,0.0,0,0,0,无明显情感,未明确对象,未明确方面,中性,False,
知识区,BV1jj5C6HEPd,这这对吗？,中性,中性,0.5270524675571542,0.07849401502033736,0.5270524675571542,0.3944535174225085,0.0,0.0,0,0,0,无明显情感,未明确对象,未明确方面,中性,False,
知识区,BV1jj5C6HEPd,那必须得狠狠地看了,中性,中性,0.6454377553036956,0.21812453663410286,0.6454377553036956,0.13643770806220157,0.0,0.0,0,0,0,无明显情感,未明确对象,未明确方面,中性,False,
知识区,BV1jj5C6HEPd,我想租。,中性,中性,0.5788549708634078,0.21284185200526715,0.5788549708634078,0.20830317713132512,0.0,0.0,0,0,0,无明显情感,未明确对象,未明确方面,中性,False,
知识区,BV1jj5C6HEPd,砒霜是吧,中性,中性,0.6777588482264694,0.10392729482421624,0.6777588482264694,0.21831385694931438,0.0,0.0,0,0,0,无明显情感,未明确对象,未明确方面,中性,False,
知识区,BV1jj5C6HEPd,喝了没？！,中性,中性,0.48422445775228,0.14566128683238455,0.48422445775228,0.3701142554153355,0.0,0.0,0,0,0,无明显情感,未明确对象,未明确方面,中性,False,
知识区,BV1jj5C6HEPd,老弟坐穿,中性,中性,0.6489454898443013,0.19774130284806332,0.6489454898443013,0.15331320730763526,0.0,0.0,0,0,0,无明显情感,未明确对象,未明确方面,中性,False,
知识区,BV1jj5C6HEPd,《浓硫酸》,中性,中性,0.6611910207967077,0.1986748257413039,0.6611910207967077,0.14013415346198835,0.0,0.0,0,0,0,无明显情感,未明确对象,未明确方面,中性,False,
知识区,BV1jj5C6HEPd,盲猜毕导被判处死刑。,中性,中性,0.6805152296145751,0.1680624327915657,0.6805152296145751,0.15142233759385929,0.0,0.0,0,0,0,无明显情感,未明确对象,未明确方面,中性,False,
知识区,BV1jj5C6HEPd,今天数学考试才让算了折射率！,中性,中性,0.4702209283784872,0.23501041437938738,0.4702209283784872,0.29476865724212536,0.0,0.0,0,0,0,无明显情感,课程内容,未明确方面,中性,False,
知识区,BV1jj5C6HEPd,初见端倪,中性,中性,0.6611910207967077,0.1986748257413039,0.6611910207967077,0.14013415346198835,0.0,0.0,0,0,0,无明显情感,未明确对象,未明确方面,中性,False,
知识区,BV1jj5C6HEPd,水银温度计都买不到了,中性,中性,0.5181471480610588,0.10774857809525511,0.5181471480610588,0.37410427384368616,0.0,0.0,0,0,0,无明显情感,未明确对象,未明确方面,中性,False,
知识区,BV1jj5C6HEPd,糖尿病警告,中性,中性,0.6551557411496964,0.19824264537824526,0.6551557411496964,0.14660161347205822,0.0,0.0,0,0,0,无明显情感,未明确对象,未明确方面,中性,False,
知识区,BV1jj5C6HEPd,溶液是均匀的,中性,中性,0.7313441725934698,0.09081479934884372,0.7313441725934698,0.1778410280576864,0.0,0.0,0,0,0,无明显情感,未明确对象,未明确方面,中性,False,
知识区,BV1jj5C6HEPd,请输入文本,中性,中性,0.6489454898443013,0.19774130284806332,0.6489454898443013,0.15331320730763526,0.0,0.0,0,0,0,无明显情感,未明确对象,比赛表现,中性,False,
知识区,BV1jj5C6HEPd,Layas,中性,中性,0.637724860918103,0.22369238141786657,0.637724860918103,0.1385827576640305,0.0,0.0,0,0,0,无明显情感,未明确对象,未明确方面,中性,False,
知识区,BV1jj5C6HEPd,又骗吃骗喝,中性,中性,0.6666068113618944,0.17089222333407122,0.6666068113618944,0.16250096530403438,0.0,0.0,0,0,0,无明显情感,未明确对象,未明确方面,中性,False,
知识区,BV1jj5C6HEPd,别以为放一天我们就会忘了让你喝！,中性,中性,0.3926114926438913,0.3519481524854518,0.3926114926438913,0.25544035487065686,0.0,0.0,0,0,0,无明显情感,未明确对象,未明确方面,中性,False,
知识区,BV1jj5C6HEPd,一会儿准备上断头台吧,中性,中性,0.5965366091328512,0.2523522085453656,0.5965366091328512,0.15111118232178317,0.0,0.0,0,0,0,无明显情感,未明确对象,未明确方面,中性,False,
知识区,BV1jj5C6HEPd,7,中性,中性,0.6611910207967077,0.1986748257413039,0.6611910207967077,0.14013415346198835,0.0,0.0,0,0,0,无明显情感,未明确对象,未明确方面,中性,False,
知识区,BV1jj5C6HEPd,我是来找麦粒肿的。,中性,中性,0.6439555502444845,0.028573805682047905,0.6439555502444845,0.3274706440734677,0.0,0.0,0,0,0,无明显情感,未明确对象,未明确方面,中性,False,
知识区,BV1jj5C6HEPd,j,中性,中性,0.6611910207967077,0.1986748257413039,0.6611910207967077,0.14013415346198835,0.0,0.0,0,0,0,无明显情感,未明确对象,未明确方面,中性,False,
知识区,BV1jj5C6HEPd,弹幕护体,中性,中性,0.6027338626700182,0.3784129479910197,0.6027338626700182,0.018853189338962115,0.0,0.0,0,0,0,无明显情感,未明确对象,未明确方面,中性,False,
知识区,BV1jj5C6HEPd,你就是想喝呗,中性,中性,0.6825452187595069,0.07332158156131498,0.6825452187595069,0.24413319967917815,0.0,0.0,0,0,0,无明显情感,未明确对象,未明确方面,中性,False,
知识区,BV1jj5C6HEPd,还有续集,中性,中性,0.7765097981707313,0.14997359341823413,0.7765097981707313,0.07351660841103458,0.0,0.0,0,0,0,无明显情感,未明确对象,未明确方面,中性,False,
知识区,BV1jj5C6HEPd,用镓代替,中性,中性,0.6551557411496964,0.19824264537824526,0.6551557411496964,0.14660161347205822,0.0,0.0,0,0,0,无明显情感,未明确对象,未明确方面,中性,False,
知识区,BV1jj5C6HEPd,全反射  放置时间再久点就是海市蜃楼,中性,中性,0.48808476697019176,0.07899026257849223,0.48808476697019176,0.432924970451316,0.0,0.0,0,0,0,无明显情感,未明确对象,未明确方面,中性,False,
知识区,BV1jj5C6HEPd,你买一堆体温计，然后把体温计夹碎不就行了吗？,中性,中性,0.6023631035682409,0.060249303489658415,0.6023631035682409,0.33738759294210074,0.0,0.0,0,0,0,无明显情感,未明确对象,未明确方面,中性,False,
知识区,BV1jj5C6HEPd,氯气？,中性,中性,0.6143591773644796,0.0936636981243668,0.6143591773644796,0.2919771245111536,0.0,0.0,0,0,0,无明显情感,未明确对象,未明确方面,中性,False,
知识区,BV1jj5C6HEPd,七天无理由退货,中性,中性,0.6425580301311389,0.197168788414866,0.6425580301311389,0.16027318145399508,0.0,0.0,0,0,0,无明显情感,未明确对象,未明确方面,中性,False,
知识区,BV1jj5C6HEPd,up馋了,中性,中性,0.559028630491874,0.17351501087641305,0.559028630491874,0.26745635863171285,0.0,0.0,0,0,0,无明显情感,讲解者,未明确方面,中性,False,
知识区,BV1jj5C6HEPd,打碎温度计。,中性,中性,0.6216373816692286,0.2533288008723655,0.6216373816692286,0.12503381745840594,0.0,0.0,0,0,0,无明显情感,未明确对象,未明确方面,中性,False,
知识区,BV1jj5C6HEPd,毕乙十六,中性,中性,0.6551557411496964,0.19824264537824526,0.6551557411496964,0.14660161347205822,0.0,0.0,0,0,0,无明显情感,未明确对象,未明确方面,中性,False,
知识区,BV1jj5C6HEPd,Linvo狂喜,中性,中性,0.777179548891868,0.15620414265044882,0.777179548891868,0.06661630845768317,0.0,0.0,0,0,0,无明显情感,未明确对象,未明确方面,中性,False,
知识区,BV1jj5C6HEPd,毕导の哭泣,中性,中性,0.6551557411496964,0.19824264537824526,0.6551557411496964,0.14660161347205822,0.0,0.0,0,0,0,无明显情感,未明确对象,未明确方面,中性,False,
知识区,BV1jj5C6HEPd,真的吗,中性,中性,0.7769904676713358,0.13930303791142537,0.7769904676713358,0.08370649441723874,0.0,0.0,0,0,0,无明显情感,未明确对象,未明确方面,中性,False,
知识区,BV1jj5C6HEPd,哎，他奶奶滴，为什么不喝，喝，喝！,中性,中性,0.5191883374771017,0.23965452797276177,0.5191883374771017,0.24115713455013665,0.0,0.0,0,0,0,无明显情感,未明确对象,未明确方面,中性,False,
知识区,BV1jj5C6HEPd,卖家：也是吃泡面用的？,中性,中性,0.6638611676996903,0.13704293569316162,0.6638611676996903,0.19909589660714797,0.0,0.0,0,0,0,无明显情感,未明确对象,未明确方面,中性,False,
知识区,BV1jj5C6HEPd,强强。,中性,中性,0.6268857006341327,0.25368755857779923,0.6268857006341327,0.11942674078806804,0.0,0.0,0,0,0,无明显情感,未明确对象,未明确方面,中性,False,
知识区,BV1jj5C6HEPd,直接撇了。,中性,中性,0.46424518430374045,0.2298590391157236,0.46424518430374045,0.30589577658053596,0.0,0.0,0,0,0,无明显情感,未明确对象,未明确方面,中性,False,
知识区,BV1jj5C6HEPd,旧的都在第二只手上了,中性,中性,0.6217163758336393,0.0785563468252825,0.6217163758336393,0.2997272773410783,0.0,0.0,0,0,0,无明显情感,未明确对象,未明确方面,中性,False,
知识区,BV1jj5C6HEPd,喝！！！！,中性,正面,0.3799210804226647,0.3799210804226647,0.31594355961199083,0.3041353599653444,0.0,0.0,0,0,0,无明显情感,未明确对象,未明确方面,中性,False,
知识区,BV1jj5C6HEPd,不都有毒吗 一定要死吗,中性,中性,0.6827651511151455,0.12199843067027345,0.6827651511151455,0.19523641821458118,0.0,0.0,0,0,0,无明显情感,未明确对象,未明确方面,中性,False,
知识区,BV1jj5C6HEPd,毕导能讲一下关于梦核和池核的东西吗？,中性,中性,0.8394109502047331,0.04284249737521563,0.8394109502047331,0.1177465524200513,0.0,0.0,0,0,0,无明显情感,未明确对象,未明确方面,中性,False,
知识区,BV1jj5C6HEPd,直接上合集吧,中性,中性,0.6247866574505868,0.23808217168174337,0.6247866574505868,0.13713117086766993,0.0,0.0,0,0,0,无明显情感,未明确对象,未明确方面,中性,False,
知识区,BV1jj5C6HEPd,李四维：哪有无影墙？吃我一脚！,中性,中性,0.6055406198788513,0.11120453662543946,0.6055406198788513,0.2832548434957092,0.0,0.0,0,0,0,无明显情感,未明确对象,未明确方面,中性,False,
知识区,BV1jj5C6HEPd,水银不就嗝儿了吗？,中性,中性,0.6895759835332305,0.04432917487047493,0.6895759835332305,0.26609484159629465,0.0,0.0,0,0,0,无明显情感,未明确对象,未明确方面,中性,False,
知识区,BV1jj5C6HEPd,绵羊料理,中性,中性,0.6551557411496964,0.19824264537824526,0.6551557411496964,0.14660161347205822,0.0,0.0,0,0,0,无明显情感,未明确对象,未明确方面,中性,False,
知识区,BV1jj5C6HEPd,还有第三关？,中性,中性,0.715704597215333,0.09358600058613394,0.715704597215333,0.19070940219853302,0.0,0.0,0,0,0,无明显情感,未明确对象,未明确方面,中性,False,
知识区,BV1jj5C6HEPd,w,中性,中性,0.6611910207967077,0.1986748257413039,0.6611910207967077,0.14013415346198835,0.0,0.0,0,0,0,无明显情感,未明确对象,未明确方面,中性,False,
知识区,BV1jj5C6HEPd,iu,中性,中性,0.6611910207967077,0.1986748257413039,0.6611910207967077,0.14013415346198835,0.0,0.0,0,0,0,无明显情感,未明确对象,未明确方面,中性,False,
知识区,BV1jj5C6HEPd,难道这个也能去转转回收吗？,中性,中性,0.6644456010364028,0.04237028058414576,0.6644456010364028,0.2931841183794513,0.0,0.0,0,0,0,无明显情感,未明确对象,理解与难度,中性,False,
知识区,BV1jj5C6HEPd,加汞,中性,中性,0.6611910207967077,0.1986748257413039,0.6611910207967077,0.14013415346198835,0.0,0.0,0,0,0,无明显情感,未明确对象,未明确方面,中性,False,
知识区,BV1jj5C6HEPd,无事发生,中性,中性,0.46188007393057273,0.18884603926279986,0.46188007393057273,0.3492738868066274,0.0,0.0,0,0,0,无明显情感,未明确对象,未明确方面,中性,False,
知识区,BV1jj5C6HEPd,58同城,中性,中性,0.6892374900004072,0.17927260727331684,0.6892374900004072,0.13148990272627598,0.0,0.0,0,0,0,无明显情感,未明确对象,未明确方面,中性,False,
生活区,BV1VvLc6AEGb,我也要被打吗,中性,中性,0.5585741333837024,0.1507520384089495,0.5585741333837024,0.29067382820734816,0.0,0.0,0,0,0,无明显情感,未明确对象,未明确方面,中性,False,
生活区,BV1VvLc6AEGb,哔哩哔哩 - ( ゜- ゜)つロ 乾杯~,中性,中性,0.6489454898443013,0.19774130284806332,0.6489454898443013,0.15331320730763526,0.0,0.0,0,0,0,无明显情感,未明确对象,未明确方面,中性,False,
生活区,BV1VvLc6AEGb,等一下，你不是开车过来的吗,中性,中性,0.7067488518903948,0.07520906426544462,0.7067488518903948,0.21804208384416057,0.0,0.0,0,0,0,无明显情感,未明确对象,未明确方面,中性,False,
生活区,BV1VvLc6AEGb,大阪旅行社社长,中性,中性,0.6489454898443013,0.19774130284806332,0.6489454898443013,0.15331320730763526,0.0,0.0,0,0,0,无明显情感,未明确对象,未明确方面,中性,False,
生活区,BV1VvLc6AEGb,冲绳受古代中国影响很深，所以养猪技术估计也是学的中国所以对比日本来说不腥,中性,中性,0.8394191297593144,0.048308298649403815,0.8394191297593144,0.11227257159128179,0.0,0.0,0,0,0,无明显情感,未明确对象,未明确方面,中性,False,
生活区,BV1VvLc6AEGb,这是真有实力啊,中性,中性,0.4282837039851701,0.2713776987525728,0.4282837039851701,0.30033859726225703,0.0,0.0,0,0,0,无明显情感,未明确对象,未明确方面,中性,False,
生活区,BV1VvLc6AEGb,客户什么？,中性,中性,0.8259777798876372,0.022638765244376958,0.8259777798876372,0.15138345486798588,0.0,0.0,0,0,0,无明显情感,未明确对象,未明确方面,中性,False,
生活区,BV1VvLc6AEGb,你这民宿真能报销吗,中性,中性,0.6903364159910578,0.058881604426246806,0.6903364159910578,0.25078197958269544,0.0,0.0,0,0,0,无明显情感,未明确对象,未明确方面,中性,False,
生活区,BV1VvLc6AEGb,广告招商位（,中性,中性,0.7378134659614576,0.16466568069882442,0.7378134659614576,0.0975208533397178,0.0,0.0,0,0,0,无明显情感,未明确对象,未明确方面,中性,False,
生活区,BV1VvLc6AEGb,啊，我也要举起我的三星手机来吗,中性,中性,0.5742796819253818,0.11507175433821064,0.5742796819253818,0.3106485637364075,0.0,0.0,0,0,0,无明显情感,未明确对象,未明确方面,中性,False,
生活区,BV1VvLc6AEGb,详情可见：碧蓝之海,中性,中性,0.6425580301311389,0.197168788414866,0.6425580301311389,0.16027318145399508,0.0,0.0,0,0,0,无明显情感,未明确对象,未明确方面,中性,False,
生活区,BV1VvLc6AEGb,我被小姐姐迷住了,中性,中性,0.5144633719691045,0.3104929442002615,0.5144633719691045,0.17504368383063396,0.0,0.0,0,0,0,无明显情感,未明确对象,未明确方面,中性,False,
生活区,BV1VvLc6AEGb,有一种办法能让四川人常年看到海，你要听吗,中性,中性,0.7036749292128074,0.12048883376315003,0.7036749292128074,0.17583623702404258,0.0,0.0,0,0,0,无明显情感,未明确对象,未明确方面,中性,False,
生活区,BV1VvLc6AEGb,啤酒加潜水，你是碧蓝之海？,中性,中性,0.48243720779072397,0.19826704734954176,0.48243720779072397,0.3192957448597342,0.0,0.0,0,0,0,无明显情感,未明确对象,未明确方面,中性,False,
生活区,BV1VvLc6AEGb,这是日本歌被台湾人翻唱又返销回冲绳了么？,中性,中性,0.5507198582176258,0.041773520151275646,0.5507198582176258,0.40750662163109846,0.0,0.0,0,0,0,无明显情感,未明确对象,未明确方面,中性,False,
生活区,BV1VvLc6AEGb,搅动海水浑起来,中性,中性,0.7751604200135592,0.1682113294318756,0.7751604200135592,0.05662825055456511,0.0,0.0,0,0,0,无明显情感,未明确对象,未明确方面,中性,False,
生活区,BV1VvLc6AEGb,回过神来已是豪饮,中性,中性,0.6349882048121208,0.21165228268203157,0.6349882048121208,0.15335951250584748,0.0,0.0,0,0,0,无明显情感,未明确对象,未明确方面,中性,False,
生活区,BV1VvLc6AEGb,白嫖两年了 今天的两个币是给小姐姐的,中性,中性,0.8523191085728218,0.07326964642858404,0.8523191085728218,0.07441124499859415,0.0,0.0,0,0,0,无明显情感,未明确对象,未明确方面,中性,False,
生活区,BV1VvLc6AEGb,在冲绳吃美式汉堡，在夏威夷吃日料，异曲同工之妙 :doge:,中性,中性,0.580131020678864,0.07914291434411841,0.580131020678864,0.3407260649770176,0.0,0.0,0,0,0,无明显情感,未明确对象,未明确方面,中性,False,
生活区,BV1VvLc6AEGb,还是三花娘娘,中性,中性,0.7529107736834046,0.09850982188820774,0.7529107736834046,0.1485794044283876,0.0,0.0,0,0,0,无明显情感,未明确对象,未明确方面,中性,False,
生活区,BV1VvLc6AEGb,啤酒加潜水，碧蓝之海喽,中性,中性,0.5018118465728926,0.21892076886920703,0.5018118465728926,0.27926738455790046,0.0,0.0,0,0,0,无明显情感,未明确对象,未明确方面,中性,False,
生活区,BV1VvLc6AEGb,禁婆：嗨嗨嗨,中性,中性,0.6425580301311389,0.197168788414866,0.6425580301311389,0.16027318145399508,0.0,0.0,0,0,0,无明显情感,未明确对象,未明确方面,中性,False,
生活区,BV1VvLc6AEGb,这建筑是美军二战修的,中性,中性,0.4866864903854932,0.0760270265541433,0.4866864903854932,0.4372864830603635,0.0,0.0,0,0,0,无明显情感,未明确对象,未明确方面,中性,False,
生活区,BV1VvLc6AEGb,山航旱地拔葱,中性,中性,0.6489454898443013,0.19774130284806332,0.6489454898443013,0.15331320730763526,0.0,0.0,0,0,0,无明显情感,未明确对象,未明确方面,中性,False,
生活区,BV1VvLc6AEGb,每日热情招待客户（1/1）,中性,中性,0.8177693400597612,0.14159143213716907,0.8177693400597612,0.04063922780306955,0.0,0.0,0,0,0,无明显情感,未明确对象,未明确方面,中性,False,
生活区,BV1VvLc6AEGb,我词呢！,中性,中性,0.5060083855379532,0.2961081560037148,0.5060083855379532,0.19788345845833208,0.0,0.0,0,0,0,无明显情感,未明确对象,未明确方面,中性,False,
生活区,BV1VvLc6AEGb,肉一面熟了，翻面炙烤呢doge,中性,中性,0.5023094050105437,0.1018005649058098,0.5023094050105437,0.3958900300836465,0.0,0.0,0,0,0,无明显情感,未明确对象,未明确方面,中性,False,
生活区,BV1VvLc6AEGb,受中国影响，冲绳是全日本最会吃猪肉的地区,中性,中性,0.582820633159998,0.11163933885675661,0.582820633159998,0.3055400279832453,0.0,0.0,0,0,0,无明显情感,未明确对象,未明确方面,中性,False,
生活区,BV1VvLc6AEGb,看上去有点像瓦猫,中性,中性,0.7980734051704532,0.10487158579028402,0.7980734051704532,0.09705500903926277,0.0,0.0,0,0,0,无明显情感,未明确对象,未明确方面,中性,False,
生活区,BV1VvLc6AEGb,這個店社長去年來過,中性,中性,0.6359914521573379,0.19652315630008527,0.6359914521573379,0.1674853915425768,0.0,0.0,0,0,0,无明显情感,未明确对象,未明确方面,中性,False,
生活区,BV1VvLc6AEGb,海底也有客户吗,中性,中性,0.5330676423109086,0.044898745596109534,0.5330676423109086,0.42203361209298185,0.0,0.0,0,0,0,无明显情感,未明确对象,未明确方面,中性,False,
生活区,BV1VvLc6AEGb,Ciallo～(∠・ω< )✄╰ひ╯,中性,中性,0.6611910207967077,0.1986748257413039,0.6611910207967077,0.14013415346198835,0.0,0.0,0,0,0,无明显情感,未明确对象,未明确方面,中性,False,
生活区,BV1VvLc6AEGb,碧蓝之海是吧,中性,中性,0.6691213346177833,0.10332274694432245,0.6691213346177833,0.2275559184378942,0.0,0.0,0,0,0,无明显情感,未明确对象,未明确方面,中性,False,
生活区,BV1VvLc6AEGb,擎天柱,中性,中性,0.6611910207967077,0.1986748257413039,0.6611910207967077,0.14013415346198835,0.0,0.0,0,0,0,无明显情感,未明确对象,未明确方面,中性,False,
生活区,BV1VvLc6AEGb,《减肥》说是,中性,中性,0.5132263114516413,0.14092233881413896,0.5132263114516413,0.3458513497342197,0.0,0.0,0,0,0,无明显情感,未明确对象,未明确方面,中性,False,
生活区,BV1VvLc6AEGb,听海诶，还是张惠妹的key,中性,中性,0.5546604403710379,0.11295456688159053,0.5546604403710379,0.33238499274737154,0.0,0.0,0,0,0,无明显情感,未明确对象,未明确方面,中性,False,
生活区,BV1VvLc6AEGb,旁边是？,中性,中性,0.5708695236131138,0.06883593072007171,0.5708695236131138,0.36029454566681457,0.0,0.0,0,0,0,无明显情感,未明确对象,未明确方面,中性,False,
生活区,BV1VvLc6AEGb,冲绳真的出美人。新垣结衣，安室奈美惠，阿部宽都是冲绳人。,中性,中性,0.4571095127829817,0.22652291818820483,0.4571095127829817,0.3163675690288135,0.0,0.0,0,0,0,无明显情感,未明确对象,未明确方面,中性,False,
生活区,BV1VvLc6AEGb,邓丽君的唱法！,中性,中性,0.5115401236880903,0.4324551924319708,0.5115401236880903,0.05600468387993894,0.0,0.0,0,0,0,无明显情感,未明确对象,未明确方面,中性,False,
生活区,BV1VvLc6AEGb,每日日式英语（1/1）,中性,中性,0.8203402803069834,0.14104690077097215,0.8203402803069834,0.03861281892204447,0.0,0.0,0,0,0,无明显情感,未明确对象,未明确方面,中性,False,
生活区,BV1VvLc6AEGb,碧蓝之海,中性,中性,0.6551557411496964,0.19824264537824526,0.6551557411496964,0.14660161347205822,0.0,0.0,0,0,0,无明显情感,未明确对象,未明确方面,中性,False,
生活区,BV1VvLc6AEGb,爆啥？,中性,中性,0.6143591773644796,0.0936636981243668,0.6143591773644796,0.2919771245111536,0.0,0.0,0,0,0,无明显情感,未明确对象,未明确方面,中性,False,
生活区,BV1VvLc6AEGb,这么大个房子正常,中性,中性,0.6045556993343051,0.1353894858163877,0.6045556993343051,0.26005481484930715,0.0,0.0,0,0,0,无明显情感,未明确对象,未明确方面,中性,False,
生活区,BV1VvLc6AEGb,这里是不是孤独的美食家琉球篇好像去过,中性,中性,0.5259538453859368,0.04077360732729459,0.5259538453859368,0.4332725472867685,0.0,0.0,0,0,0,无明显情感,未明确对象,未明确方面,中性,False,
生活区,BV1VvLc6AEGb,这是量天尺,中性,中性,0.5836633181256246,0.06629075445849267,0.5836633181256246,0.3500459274158828,0.0,0.0,0,0,0,无明显情感,未明确对象,未明确方面,中性,False,
生活区,BV1VvLc6AEGb,目前没看到租车的意义,中性,中性,0.7864808008807941,0.045406694785086,0.7864808008807941,0.1681125043341199,0.0,0.0,0,0,0,无明显情感,未明确对象,未明确方面,中性,False,
生活区,BV1VvLc6AEGb,潜完水是不是还要来杯乌龙茶,中性,中性,0.5815688183381373,0.066183014165553,0.5815688183381373,0.35224816749630966,0.0,0.0,0,0,0,无明显情感,未明确对象,未明确方面,中性,False,
生活区,BV1VvLc6AEGb,冲绳自己的饮食风格确实很偏中式，只不过受到闽粤的影响比较多，喜欢吃辣的可能会有点失望,中性,中性,0.5524801476136547,0.11897491939874501,0.5524801476136547,0.3285449329876002,0.0,0.0,1,1,1,对象评价,未明确对象,未明确方面,混合,False,
生活区,BV1VvLc6AEGb,比日本本土的东西看起来好吃,中性,中性,0.5857770966176841,0.30274560286875374,0.5857770966176841,0.11147730051356229,0.0,0.0,0,0,0,无明显情感,未明确对象,未明确方面,中性,False,
生活区,BV1VvLc6AEGb,万尺一线（笑）,中性,中性,0.490031094520044,0.28836855823403607,0.490031094520044,0.22160034724592007,0.0,0.0,0,0,0,无明显情感,未明确对象,未明确方面,中性,False,
生活区,BV1VvLc6AEGb,我记得之前来过这种的。之前也有来冲绳玩的视频。,中性,中性,0.7046452898776209,0.11948661090333683,0.7046452898776209,0.17586809921904217,0.0,0.0,0,0,0,无明显情感,视频内容,未明确方面,中性,False,
生活区,BV1VvLc6AEGb,来，学地理的告诉我，这是什么地貌,中性,中性,0.599354099229449,0.1604408186673987,0.599354099229449,0.24020508210315217,0.0,0.0,0,0,0,无明显情感,未明确对象,未明确方面,中性,False,
生活区,BV1VvLc6AEGb,烤鸡得配柠檬汁,中性,中性,0.6489454898443013,0.19774130284806332,0.6489454898443013,0.15331320730763526,0.0,0.0,0,0,0,无明显情感,未明确对象,未明确方面,中性,False,
生活区,BV1VvLc6AEGb,←那霸是冲绳的核心城市，我那霸响就是冲绳人,中性,中性,0.5263629818840394,0.19112659818516395,0.5263629818840394,0.28251041993079645,0.0,0.0,0,0,0,无明显情感,未明确对象,未明确方面,中性,False,
生活区,BV1VvLc6AEGb,问就是陪客户,中性,中性,0.7671411209816992,0.11682502458350867,0.7671411209816992,0.11603385443479217,0.0,0.0,0,0,0,无明显情感,未明确对象,未明确方面,中性,False,
生活区,BV1VvLc6AEGb,Brian,中性,中性,0.6611910207967077,0.1986748257413039,0.6611910207967077,0.14013415346198835,0.0,0.0,0,0,0,无明显情感,未明确对象,未明确方面,中性,False,
生活区,BV1VvLc6AEGb,费玉清之琉球分清是吧,中性,中性,0.60527908075508,0.1425625002906274,0.60527908075508,0.2521584189542927,0.0,0.0,0,0,0,无明显情感,未明确对象,未明确方面,中性,False,
生活区,BV1VvLc6AEGb,最爱客户的一集,中性,中性,0.5128502443489927,0.39225028637475773,0.5128502443489927,0.09489946927624958,0.0,0.0,0,0,0,无明显情感,未明确对象,未明确方面,中性,False,
生活区,BV1VvLc6AEGb,《届不到的爱恋》（错乱）,中性,中性,0.5575092358680973,0.10321456814219823,0.5575092358680973,0.3392761959897045,-1.0,-1.0,0,1,0,对象评价,未明确对象,未明确方面,负面,False,
生活区,BV1VvLc6AEGb,跟广东的自建屋有一丢丢的相似,中性,中性,0.6554089334726263,0.12470124980119215,0.6554089334726263,0.21988981672618163,0.0,0.0,0,0,0,无明显情感,未明确对象,未明确方面,中性,False,
生活区,BV1VvLc6AEGb,哀家的头发,中性,中性,0.7586658962998193,0.10926680783034212,0.7586658962998193,0.13206729586983856,0.0,0.0,0,0,0,无明显情感,未明确对象,未明确方面,中性,False,
生活区,BV1VvLc6AEGb,投的币是给小姐姐的噢…你不许贪污了,中性,中性,0.691252691509864,0.07064161103035785,0.691252691509864,0.23810569745977805,0.0,0.0,0,0,0,无明显情感,未明确对象,未明确方面,中性,False,
生活区,BV1VvLc6AEGb,哇塞是《小小恋歌》!!!,中性,中性,0.6988962757723047,0.1971621821468433,0.6988962757723047,0.10394154208085199,0.0,0.0,0,0,0,无明显情感,未明确对象,未明确方面,中性,False,
生活区,BV1VvLc6AEGb,哇真的会打口哨啊,中性,中性,0.3762317563683357,0.320454254461205,0.3762317563683357,0.3033139891704593,0.0,0.0,0,0,0,无明显情感,未明确对象,未明确方面,中性,False,
生活区,BV1VvLc6AEGb,是啊，吃什么？,中性,中性,0.6452007460824815,0.019250795554473822,0.6452007460824815,0.33554845836304475,0.0,0.0,0,0,0,无明显情感,未明确对象,未明确方面,中性,False,
生活区,BV1VvLc6AEGb,saki酱saki酱（,中性,中性,0.6088582561794669,0.23057887449373993,0.6088582561794669,0.1605628693267932,0.0,0.0,0,0,0,无明显情感,未明确对象,未明确方面,中性,False,
生活区,BV1VvLc6AEGb,羡慕美国汉堡连锁店,中性,中性,0.6425580301311389,0.197168788414866,0.6425580301311389,0.16027318145399508,0.0,0.0,0,0,0,无明显情感,未明确对象,未明确方面,中性,False,
生活区,BV1VvLc6AEGb,明显比东京的居酒屋要热闹,中性,中性,0.59967538993399,0.18624621251391635,0.59967538993399,0.2140783975520935,0.0,0.0,0,0,0,无明显情感,未明确对象,未明确方面,中性,False,
生活区,BV1VvLc6AEGb,这不是专门卖root beer的牌子嘛,中性,中性,0.6095419519480665,0.04383232860099036,0.6095419519480665,0.34662571945094317,0.0,0.0,0,0,0,无明显情感,未明确对象,未明确方面,中性,False,
生活区,BV1VvLc6AEGb,第一次开右舵的感觉非常奇妙,中性,中性,0.4371730464937251,0.1657445659986462,0.4371730464937251,0.3970823875076287,0.0,0.0,0,0,0,无明显情感,未明确对象,未明确方面,中性,False,
生活区,BV1VvLc6AEGb,氛围不赖,中性,中性,0.6551557411496964,0.19824264537824526,0.6551557411496964,0.14660161347205822,0.0,0.0,0,0,0,无明显情感,未明确对象,未明确方面,中性,False,
生活区,BV1VvLc6AEGb,我的天今天的饭咋这么好吃,中性,中性,0.5804421334264126,0.2745039889436592,0.5804421334264126,0.14505387762992822,0.0,0.0,0,0,0,无明显情感,未明确对象,未明确方面,中性,False,
生活区,BV1VvLc6AEGb,你这家伙是来旅游的吧,中性,中性,0.6151527274308216,0.058755127285901494,0.6151527274308216,0.326092145283277,0.0,0.0,0,0,0,无明显情感,未明确对象,未明确方面,中性,False,
生活区,BV1VvLc6AEGb,"听到""类sei"" 才确定是家乡人",中性,中性,0.6186644749596613,0.15824078110041007,0.6186644749596613,0.22309474393992873,0.0,0.0,0,0,0,无明显情感,未明确对象,未明确方面,中性,False,
生活区,BV1VvLc6AEGb,wow 霓虹姐姐 打call,中性,中性,0.6359914521573379,0.19652315630008527,0.6359914521573379,0.1674853915425768,0.0,0.0,0,0,0,无明显情感,未明确对象,未明确方面,中性,False,
生活区,BV1VvLc6AEGb,up这口音绝对重庆人啊,中性,中性,0.4761830821471768,0.13679272264207365,0.4761830821471768,0.38702419521074954,0.0,0.0,0,0,0,无明显情感,讲解者,未明确方面,中性,False,
生活区,BV1VvLc6AEGb,海蚀拱桥,中性,中性,0.6551557411496964,0.19824264537824526,0.6551557411496964,0.14660161347205822,0.0,0.0,0,0,0,无明显情感,未明确对象,未明确方面,中性,False,
生活区,BV1VvLc6AEGb,烤鸡还是得配酸奶doge,中性,中性,0.7920433904338461,0.10654620890192519,0.7920433904338461,0.10141040066422878,0.0,0.0,0,0,0,无明显情感,未明确对象,未明确方面,中性,False,
生活区,BV1VvLc6AEGb,别骂了别骂了,中性,中性,0.522457913182103,0.1259148615513353,0.522457913182103,0.3516272252665617,0.0,0.0,0,0,0,无明显情感,未明确对象,未明确方面,中性,False,
生活区,BV1VvLc6AEGb,社长放纵的一天,中性,中性,0.7495720089066991,0.10731559272450074,0.7495720089066991,0.1431123983688002,0.0,0.0,0,0,0,无明显情感,未明确对象,未明确方面,中性,False,
生活区,BV1VvLc6AEGb,你都吃了，那我们吃什么,中性,中性,0.5086387170437203,0.127090788960209,0.5086387170437203,0.3642704939960706,0.0,0.0,0,0,0,无明显情感,未明确对象,未明确方面,中性,False,
生活区,BV1VvLc6AEGb,还有三个小姐姐,中性,中性,0.7725283957207509,0.15025154573381017,0.7725283957207509,0.07722005854543887,0.0,0.0,0,0,0,无明显情感,未明确对象,未明确方面,中性,False,
生活区,BV1VvLc6AEGb,邓丽君的味道,中性,中性,0.7586658962998193,0.10926680783034212,0.7586658962998193,0.13206729586983856,0.0,0.0,0,0,0,无明显情感,未明确对象,未明确方面,中性,False,
生活区,BV1VvLc6AEGb,依旧神奇的比喻,中性,中性,0.6226776894938486,0.31202417645908376,0.6226776894938486,0.06529813404706752,0.0,0.0,0,0,0,无明显情感,未明确对象,未明确方面,中性,False,
生活区,BV1VvLc6AEGb,是琉球,中性,中性,0.6865474178152147,0.11833312248733181,0.6865474178152147,0.1951194596974536,0.0,0.0,0,0,0,无明显情感,未明确对象,未明确方面,中性,False,
生活区,BV1VvLc6AEGb,这时候不喊几句冲绳特色的，啊咦哦咦,中性,中性,0.5378476789541544,0.14048387370396123,0.5378476789541544,0.3216684473418843,0.0,0.0,0,0,0,无明显情感,未明确对象,未明确方面,中性,False,
生活区,BV1VvLc6AEGb,必须来点可燃乌龙茶,中性,中性,0.6368362019489541,0.12334329796825651,0.6368362019489541,0.23982050008278943,0.0,0.0,0,0,0,无明显情感,未明确对象,未明确方面,中性,False,
生活区,BV1VvLc6AEGb,量天尺？,中性,中性,0.6041215356530559,0.09274914356393846,0.6041215356530559,0.3031293207830056,0.0,0.0,0,0,0,无明显情感,未明确对象,未明确方面,中性,False,
生活区,BV1VvLc6AEGb,这学校跟国内六七十年代的一毛一样啊,中性,中性,0.5188142835224105,0.13268773455261276,0.5188142835224105,0.3484979819249766,0.0,0.0,0,0,0,无明显情感,未明确对象,未明确方面,中性,False,
生活区,BV1VvLc6AEGb,德川基基,中性,中性,0.6551557411496964,0.19824264537824526,0.6551557411496964,0.14660161347205822,0.0,0.0,0,0,0,无明显情感,未明确对象,未明确方面,中性,False,
生活区,BV1VvLc6AEGb,银魂的KFC爷爷,中性,中性,0.7525442555123983,0.10914563655166665,0.7525442555123983,0.1383101079359349,0.0,0.0,0,0,0,无明显情感,未明确对象,未明确方面,中性,False,
生活区,BV1VvLc6AEGb,脏脏的三花娘娘,中性,中性,0.7525442555123983,0.10914563655166665,0.7525442555123983,0.1383101079359349,0.0,0.0,0,0,0,无明显情感,未明确对象,未明确方面,中性,False,
生活区,BV1VvLc6AEGb,碧蓝之海来了,中性,中性,0.5754143506748485,0.10023987717435141,0.5754143506748485,0.3243457721508002,0.0,0.0,0,0,0,无明显情感,未明确对象,未明确方面,中性,False,
生活区,BV1VvLc6AEGb,以后这里会恢复琉球的,中性,中性,0.4914425208555078,0.0678866144559878,0.4914425208555078,0.44067086468850436,0.0,0.0,0,0,0,无明显情感,未明确对象,未明确方面,中性,False,
生活区,BV1VvLc6AEGb,日本国的土地，日本爱咋叫咋叫,中性,中性,0.4580965595675736,0.19899804625338474,0.4580965595675736,0.3429053941790416,0.0,0.0,0,0,0,无明显情感,未明确对象,未明确方面,中性,False,
生活区,BV1VvLc6AEGb,碧蓝之海同款姿势,中性,中性,0.6425580301311389,0.197168788414866,0.6425580301311389,0.16027318145399508,0.0,0.0,0,0,0,无明显情感,未明确对象,未明确方面,中性,False,
生活区,BV1VvLc6AEGb,@碧蓝之海 井上伊织,中性,中性,0.6425580301311389,0.197168788414866,0.6425580301311389,0.16027318145399508,0.0,0.0,0,0,0,无明显情感,未明确对象,未明确方面,中性,False,
生活区,BV1VvLc6AEGb,九子之歌,中性,中性,0.6551557411496964,0.19824264537824526,0.6551557411496964,0.14660161347205822,0.0,0.0,0,0,0,无明显情感,未明确对象,未明确方面,中性,False,
生活区,BV1VvLc6AEGb,晚上人就多啦,中性,中性,0.6662597460922526,0.26051150935184036,0.6662597460922526,0.0732287445559071,0.0,0.0,0,0,0,无明显情感,未明确对象,未明确方面,中性,False,
生活区,BV1VvLc6AEGb,冲绳,中性,中性,0.6611910207967077,0.1986748257413039,0.6611910207967077,0.14013415346198835,0.0,0.0,0,0,0,无明显情感,未明确对象,未明确方面,中性,False,
生活区,BV1VvLc6AEGb,日常仙品,中性,中性,0.6393229326142876,0.2525634648538814,0.6393229326142876,0.10811360253183094,0.0,0.0,0,0,0,无明显情感,未明确对象,未明确方面,中性,False,
生活区,BV1VvLc6AEGb,这个400日元能报销吗,中性,中性,0.7852490798773201,0.06979563687360363,0.7852490798773201,0.14495528324907647,0.0,0.0,0,0,0,无明显情感,未明确对象,未明确方面,中性,False,
生活区,BV1VvLc6AEGb,冲绳是哪里的方言？,中性,中性,0.5806033665936269,0.05501399526883864,0.5806033665936269,0.3643826381375345,0.0,0.0,0,0,0,无明显情感,未明确对象,未明确方面,中性,False,
生活区,BV1VvLc6AEGb,琉球,中性,中性,0.6611910207967077,0.1986748257413039,0.6611910207967077,0.14013415346198835,0.0,0.0,0,0,0,无明显情感,未明确对象,未明确方面,中性,False,
生活区,BV1VvLc6AEGb,客戶還能搶救嗎,中性,中性,0.6359914521573379,0.19652315630008527,0.6359914521573379,0.1674853915425768,0.0,0.0,0,0,0,无明显情感,未明确对象,未明确方面,中性,False,
生活区,BV1VvLc6AEGb,是啊，吃什麼,中性,中性,0.661257636893563,0.07179930501524343,0.661257636893563,0.26694305809119356,0.0,0.0,0,0,0,无明显情感,未明确对象,未明确方面,中性,False,
生活区,BV1VvLc6AEGb,冲绳妙啊,中性,中性,0.39815941385446907,0.32464947084912615,0.39815941385446907,0.2771911152964047,0.0,0.0,0,0,0,无明显情感,未明确对象,未明确方面,中性,False,
生活区,BV1VvLc6AEGb,险胜,中性,中性,0.6611910207967077,0.1986748257413039,0.6611910207967077,0.14013415346198835,0.0,0.0,0,0,0,无明显情感,未明确对象,未明确方面,中性,False,
生活区,BV1VvLc6AEGb,新垣、金城、玉城、比嘉这些都是冲绳姓,中性,中性,0.5555694399216713,0.0972554495548493,0.5555694399216713,0.3471751105234794,0.0,0.0,0,0,0,无明显情感,未明确对象,未明确方面,中性,False,
生活区,BV1VvLc6AEGb,三味线bgm,中性,中性,0.6551557411496964,0.19824264537824526,0.6551557411496964,0.14660161347205822,0.0,0.0,0,0,0,无明显情感,未明确对象,未明确方面,中性,False,
生活区,BV1VvLc6AEGb,是啊，吃什么,中性,中性,0.8081006819855977,0.03175176627111416,0.8081006819855977,0.16014755174328812,0.0,0.0,0,0,0,无明显情感,未明确对象,未明确方面,中性,False,
生活区,BV1VvLc6AEGb,盲猜琉球怪要刷出来了,中性,中性,0.691990921387427,0.22825111700736694,0.691990921387427,0.07975796160520604,0.0,0.0,0,0,0,无明显情感,未明确对象,未明确方面,中性,False,
生活区,BV1VvLc6AEGb,现在日本1w多也算贵了,中性,中性,0.7223334176348563,0.08656328580049802,0.7223334176348563,0.19110329656464575,0.0,0.0,0,0,0,无明显情感,未明确对象,未明确方面,中性,False,
生活区,BV1VvLc6AEGb,弹幕嘉豪哈气了,中性,中性,0.597309884820918,0.2804779073212373,0.597309884820918,0.12221220785784473,0.0,0.0,0,0,0,无明显情感,未明确对象,未明确方面,中性,False,
生活区,BV1VvLc6AEGb,这不瓦猫吗,中性,中性,0.8897643711565455,0.04791563966242809,0.8897643711565455,0.062319989181026325,0.0,0.0,0,0,0,无明显情感,未明确对象,未明确方面,中性,False,
生活区,BV1VvLc6AEGb,新垣结衣家的商店么？冲绳那霸,中性,中性,0.5942639567741064,0.06735684512591694,0.5942639567741064,0.33837919809997674,0.0,0.0,0,0,0,无明显情感,未明确对象,未明确方面,中性,False,
生活区,BV1VvLc6AEGb,自己也没绷住是吧,中性,中性,0.7407058262736593,0.03761573619049738,0.7407058262736593,0.2216784375358432,0.0,0.0,0,0,0,无明显情感,未明确对象,未明确方面,中性,False,
生活区,BV1VvLc6AEGb,中！正！,中性,中性,0.6191280810667772,0.3295308673991505,0.6191280810667772,0.05134105153407219,0.0,0.0,0,0,0,无明显情感,未明确对象,未明确方面,中性,False,
生活区,BV1VvLc6AEGb,？,中性,中性,0.624400164943451,0.0945312325288615,0.624400164943451,0.28106860252768756,0.0,0.0,0,0,0,无明显情感,未明确对象,未明确方面,中性,False,
生活区,BV1VvLc6AEGb,还有蒋中正,中性,中性,0.7765097981707313,0.14997359341823413,0.7765097981707313,0.07351660841103458,0.0,0.0,0,0,0,无明显情感,未明确对象,未明确方面,中性,False,
生活区,BV1VvLc6AEGb,客户：每日被揍kpi,中性,中性,0.6993390409572242,0.13256167912971528,0.6993390409572242,0.16809927991306053,0.0,0.0,0,0,0,无明显情感,未明确对象,未明确方面,中性,False,
生活区,BV1VvLc6AEGb,肉量堪比兰州拉面,中性,中性,0.541937019834095,0.24352011611367042,0.541937019834095,0.21454286405223455,0.0,0.0,0,0,0,无明显情感,未明确对象,未明确方面,中性,False,
生活区,BV1VvLc6AEGb,能报销使劲整,中性,中性,0.693824478800464,0.15528076250404768,0.693824478800464,0.15089475869548824,0.0,0.0,0,0,0,无明显情感,未明确对象,未明确方面,中性,False,
生活区,BV1VvLc6AEGb,比日本本土咬字准,中性,中性,0.541937019834095,0.24352011611367042,0.541937019834095,0.21454286405223455,0.0,0.0,0,0,0,无明显情感,未明确对象,未明确方面,中性,False,
生活区,BV1VvLc6AEGb,应该新垣结衣也是冲绳人，唱她的歌,中性,中性,0.6257886788589377,0.22451074041605507,0.6257886788589377,0.14970058072500725,0.0,0.0,0,0,0,无明显情感,未明确对象,未明确方面,中性,False,
生活区,BV1VvLc6AEGb,三弦之花!,中性,中性,0.5537002996306942,0.31920542949172126,0.5537002996306942,0.12709427087758446,0.0,0.0,0,0,0,无明显情感,未明确对象,未明确方面,中性,False,
生活区,BV1VvLc6AEGb,难说,中性,中性,0.6611910207967077,0.1986748257413039,0.6611910207967077,0.14013415346198835,0.0,0.0,0,0,0,无明显情感,未明确对象,理解与难度,中性,False,
生活区,BV1VvLc6AEGb,两个币是给小姐姐的,中性,中性,0.8868541616013887,0.07181276530158581,0.8868541616013887,0.041333073097025434,0.0,0.0,0,0,0,无明显情感,未明确对象,未明确方面,中性,False,
生活区,BV1VvLc6AEGb,就是冲绳,中性,中性,0.7767049026103949,0.07228143662674774,0.7767049026103949,0.15101366076285735,0.0,0.0,0,0,0,无明显情感,未明确对象,未明确方面,中性,False,
生活区,BV1VvLc6AEGb,这不是云南的瓦猫吗,中性,中性,0.6771689903580106,0.029349504031417162,0.6771689903580106,0.2934815056105722,0.0,0.0,0,0,0,无明显情感,未明确对象,未明确方面,中性,False,
生活区,BV1VvLc6AEGb,麦克阿瑟吗,中性,中性,0.8930032220872526,0.04775497975490007,0.8930032220872526,0.059241798157847324,0.0,0.0,0,0,0,无明显情感,未明确对象,未明确方面,中性,False,
生活区,BV1VvLc6AEGb,你就说冲绳是不是县罢（doge）,中性,中性,0.5237406025671124,0.08795834996363171,0.5237406025671124,0.3883010474692558,0.0,0.0,0,0,0,无明显情感,未明确对象,未明确方面,中性,False,
生活区,BV1VvLc6AEGb,那叫琉球。,中性,中性,0.5636630172721118,0.20476120523202718,0.5636630172721118,0.231575777495861,0.0,0.0,0,0,0,无明显情感,未明确对象,未明确方面,中性,False,
生活区,BV1VvLc6AEGb,南陇侯都跑国外去啦,中性,中性,0.6336399929217257,0.13607217600434676,0.6336399929217257,0.23028783107392758,0.0,0.0,0,0,0,无明显情感,未明确对象,未明确方面,中性,False,
生活区,BV1VvLc6AEGb,这还回的来吗？,中性,中性,0.6781240651275304,0.04910899023410123,0.6781240651275304,0.2727669446383683,0.0,0.0,0,0,0,无明显情感,未明确对象,未明确方面,中性,False,
生活区,BV1VvLc6AEGb,捷德奥特曼,中性,中性,0.6551557411496964,0.19824264537824526,0.6551557411496964,0.14660161347205822,0.0,0.0,0,0,0,无明显情感,未明确对象,未明确方面,中性,False,
生活区,BV1VvLc6AEGb,甚至吃过海里捞出来的头发,中性,中性,0.7348344625601082,0.1561954740260035,0.7348344625601082,0.10897006341388829,0.0,0.0,0,0,0,无明显情感,未明确对象,未明确方面,中性,False,
生活区,BV1VvLc6AEGb,阿妹的<听海>,中性,中性,0.7586658962998193,0.10926680783034212,0.7586658962998193,0.13206729586983856,0.0,0.0,0,0,0,无明显情感,未明确对象,未明确方面,中性,False,
生活区,BV1VvLc6AEGb,我负责来都来了,中性,中性,0.748885653008787,0.20950615860591348,0.748885653008787,0.04160818838529956,1.0,1.0,1,0,0,对象评价,未明确对象,未明确方面,正面,False,
生活区,BV1VvLc6AEGb,很复古,中性,中性,0.49049190366591167,0.31198154111664467,0.49049190366591167,0.19752655521744364,0.0,0.0,0,0,0,无明显情感,未明确对象,未明确方面,中性,False,
生活区,BV1VvLc6AEGb,今天进度条这么长,中性,中性,0.65320798698392,0.17142722157752774,0.65320798698392,0.1753647914385523,0.0,0.0,0,0,0,无明显情感,未明确对象,未明确方面,中性,False,
生活区,BV1VvLc6AEGb,AG超玩会,中性,中性,0.6551557411496964,0.19824264537824526,0.6551557411496964,0.14660161347205822,0.0,0.0,0,0,0,无明显情感,未明确对象,未明确方面,中性,False,
生活区,BV1VvLc6AEGb,今日维生素摄入已达标,中性,中性,0.5931102887469089,0.28044181779817806,0.5931102887469089,0.12644789345491309,0.0,0.0,0,0,0,无明显情感,未明确对象,未明确方面,中性,False,
生活区,BV1VvLc6AEGb,可能是山航.jpg,中性,中性,0.5282626654435045,0.21508444200306484,0.5282626654435045,0.25665289255343066,0.0,0.0,0,0,0,无明显情感,未明确对象,未明确方面,中性,False,
生活区,BV1VvLc6AEGb,带着三个小姐姐,中性,中性,0.6543095123431134,0.16968748138597006,0.6543095123431134,0.17600300627091647,0.0,0.0,0,0,0,无明显情感,未明确对象,未明确方面,中性,False,
生活区,BV1VvLc6AEGb,这个英文才是最搞的,中性,中性,0.530316166004711,0.14288319511577965,0.530316166004711,0.3268006388795093,0.0,0.0,0,0,0,无明显情感,未明确对象,未明确方面,中性,False,
生活区,BV1VvLc6AEGb,万尺一线,中性,中性,0.6551557411496964,0.19824264537824526,0.6551557411496964,0.14660161347205822,0.0,0.0,0,0,0,无明显情感,未明确对象,未明确方面,中性,False,
生活区,BV1VvLc6AEGb,大明驻石山本愿寺刺史,中性,中性,0.6292442055636451,0.19580253782872234,0.6292442055636451,0.17495325660763256,0.0,0.0,0,0,0,无明显情感,未明确对象,未明确方面,中性,False,
生活区,BV1VvLc6AEGb,同事磨刀中,中性,中性,0.7464309788475298,0.12508950644537847,0.7464309788475298,0.12847951470709165,0.0,0.0,0,0,0,无明显情感,未明确对象,未明确方面,中性,False,
生活区,BV1VvLc6AEGb,吃这么少是有什么心事吗,中性,中性,0.7013177782674571,0.02501236390658717,0.7013177782674571,0.2736698578259556,0.0,0.0,0,0,0,无明显情感,未明确对象,未明确方面,中性,False,
生活区,BV1VvLc6AEGb,小小恋歌,中性,中性,0.6551557411496964,0.19824264537824526,0.6551557411496964,0.14660161347205822,0.0,0.0,0,0,0,无明显情感,未明确对象,未明确方面,中性,False,
生活区,BV1VvLc6AEGb,如 龙 6,中性,中性,0.556461056142561,0.2895352860775457,0.556461056142561,0.1540036577798934,0.0,0.0,0,0,0,无明显情感,未明确对象,未明确方面,中性,False,
生活区,BV1VvLc6AEGb,华为极端粉丝？,中性,中性,0.5936950155047221,0.09178794202697409,0.5936950155047221,0.31451704246830375,0.0,0.0,0,0,0,无明显情感,未明确对象,未明确方面,中性,False,
生活区,BV1VvLc6AEGb,搅动泥沙、弄丢引绳、临时起意、呼吸急促,中性,中性,0.6315703065774977,0.19449012901390667,0.6315703065774977,0.17393956440859576,0.0,0.0,0,0,0,无明显情感,未明确对象,未明确方面,中性,False,
生活区,BV1VvLc6AEGb,答案是冲绳萝莉岛（doge）,中性,中性,0.7184193530490914,0.14462302307775002,0.7184193530490914,0.13695762387315855,0.0,0.0,0,0,0,无明显情感,未明确对象,未明确方面,中性,False,
生活区,BV1VvLc6AEGb,发菜吗,中性,中性,0.8930032220872526,0.04775497975490007,0.8930032220872526,0.059241798157847324,0.0,0.0,0,0,0,无明显情感,未明确对象,未明确方面,中性,False,
生活区,BV1VvLc6AEGb,台风好稳,中性,中性,0.6551557411496964,0.19824264537824526,0.6551557411496964,0.14660161347205822,0.0,0.0,0,0,0,无明显情感,未明确对象,未明确方面,中性,False,
生活区,BV1VvLc6AEGb,民风淳朴,中性,中性,0.6551557411496964,0.19824264537824526,0.6551557411496964,0.14660161347205822,0.0,0.0,0,0,0,无明显情感,未明确对象,未明确方面,中性,False,
生活区,BV1VvLc6AEGb,明朝时候，琉球过去了不少中国移民。新垣结衣就是那批人的后代，新垣是中国姓。,中性,中性,0.6790981932885376,0.08476183715733672,0.6790981932885376,0.2361399695541256,0.0,0.0,0,0,0,无明显情感,未明确对象,未明确方面,中性,False,
生活区,BV1VvLc6AEGb,对的以前来过,中性,中性,0.6115445471267966,0.2174205926141295,0.6115445471267966,0.17103486025907388,0.0,0.0,0,0,0,无明显情感,未明确对象,未明确方面,中性,False,
生活区,BV1VvLc6AEGb,我一直以为冲绳是美国的,中性,中性,0.6902604940592237,0.09937973041802814,0.6902604940592237,0.21035977552274818,0.0,0.0,0,0,0,无明显情感,未明确对象,未明确方面,中性,False,
生活区,BV1VvLc6AEGb,那叫无醇啤酒,中性,中性,0.5530815897663796,0.17424890059240528,0.5530815897663796,0.27266950964121506,0.0,0.0,0,0,0,无明显情感,未明确对象,未明确方面,中性,False,
生活区,BV1VvLc6AEGb,石榴姐？！,中性,中性,0.6195309646912368,0.2699984052658198,0.6195309646912368,0.11047063004294339,0.0,0.0,0,0,0,无明显情感,未明确对象,未明确方面,中性,False,
生活区,BV1VvLc6AEGb,确实有实力,中性,中性,0.7046574703555597,0.17792845718574932,0.7046574703555597,0.11741407245869094,0.0,0.0,0,0,0,无明显情感,未明确对象,未明确方面,中性,False,
生活区,BV1VvLc6AEGb,看到这想起来了，之前社长拍过！,中性,中性,0.5963934379612934,0.23265101248270562,0.5963934379612934,0.17095554955600104,0.0,0.0,0,0,0,无明显情感,未明确对象,未明确方面,中性,False,
生活区,BV1VvLc6AEGb,侧脸好像广末凉子,中性,中性,0.692629472958858,0.1990089779236478,0.692629472958858,0.1083615491174941,0.0,0.0,0,0,0,无明显情感,未明确对象,未明确方面,中性,False,
生活区,BV1VvLc6AEGb,并非迷路,中性,中性,0.6551557411496964,0.19824264537824526,0.6551557411496964,0.14660161347205822,0.0,0.0,0,0,0,无明显情感,未明确对象,未明确方面,中性,False,
生活区,BV1VvLc6AEGb,字正腔圆,中性,中性,0.6611910207967077,0.1986748257413039,0.6611910207967077,0.14013415346198835,0.0,0.0,0,0,0,无明显情感,未明确对象,未明确方面,中性,False,
生活区,BV1VvLc6AEGb,这海有辐吗？,中性,中性,0.6441977735926109,0.04767179342534692,0.6441977735926109,0.3081304329820423,0.0,0.0,0,0,0,无明显情感,未明确对象,未明确方面,中性,False,
生活区,BV1VvLc6AEGb,《临死前》,中性,中性,0.6611910207967077,0.1986748257413039,0.6611910207967077,0.14013415346198835,0.0,0.0,0,0,0,无明显情感,未明确对象,未明确方面,中性,False,
生活区,BV1VvLc6AEGb,这字正腔圆的,中性,中性,0.49267125774609094,0.09621724274416249,0.49267125774609094,0.4111114995097467,0.0,0.0,0,0,0,无明显情感,未明确对象,未明确方面,中性,False,
生活区,BV1VvLc6AEGb,这个时候，应该唱像笨蛋一样,中性,中性,0.5898596087141119,0.12152770500082018,0.5898596087141119,0.28861268628506787,0.0,0.0,0,0,0,无明显情感,未明确对象,未明确方面,中性,False,
生活区,BV1VvLc6AEGb,小小恋曲，求婚大作战,中性,中性,0.5243730230246637,0.21108223850956642,0.5243730230246637,0.2645447384657699,0.0,0.0,0,0,0,无明显情感,未明确对象,未明确方面,中性,False,
生活区,BV1VvLc6AEGb,今日维生素get,中性,中性,0.6832606965367976,0.18257429972155964,0.6832606965367976,0.13416500374164275,0.0,0.0,0,0,0,无明显情感,未明确对象,未明确方面,中性,False,
生活区,BV1VvLc6AEGb,逐渐放纵,中性,中性,0.6551557411496964,0.19824264537824526,0.6551557411496964,0.14660161347205822,0.0,0.0,0,0,0,无明显情感,未明确对象,未明确方面,中性,False,
生活区,BV1VvLc6AEGb,有无酒精啤酒,中性,中性,0.6489454898443013,0.19774130284806332,0.6489454898443013,0.15331320730763526,0.0,0.0,0,0,0,无明显情感,未明确对象,未明确方面,中性,False,
生活区,BV1VvLc6AEGb,临时起意？,中性,中性,0.5936950155047221,0.09178794202697409,0.5936950155047221,0.31451704246830375,0.0,0.0,0,0,0,无明显情感,未明确对象,未明确方面,中性,False,
生活区,BV1VvLc6AEGb,一个人也能玩这么开心吗,中性,中性,0.6306493874359498,0.30753287137498553,0.6306493874359498,0.06181774118906478,1.0,1.0,1,0,0,对象评价+自身情绪,未明确对象,未明确方面,正面,False,
生活区,BV1VvLc6AEGb,求婚大作战阿,中性,中性,0.6641777952436305,0.22481359371356766,0.6641777952436305,0.11100861104280181,0.0,0.0,0,0,0,无明显情感,未明确对象,未明确方面,中性,False,
生活区,BV1VvLc6AEGb,官方说什么，我们就说什么，老琉球什么,中性,中性,0.5228490114105058,0.1015307257429299,0.5228490114105058,0.3756202628465643,0.0,0.0,0,0,0,无明显情感,未明确对象,未明确方面,中性,False,
生活区,BV1VvLc6AEGb,这是真有实力,中性,中性,0.5830031427314672,0.2720961839081674,0.5830031427314672,0.14490067336036525,0.0,0.0,0,0,0,无明显情感,未明确对象,未明确方面,中性,False,
生活区,BV1VvLc6AEGb,收收汉奸味,中性,中性,0.6489454898443013,0.19774130284806332,0.6489454898443013,0.15331320730763526,0.0,0.0,0,0,0,无明显情感,未明确对象,未明确方面,中性,False,
生活区,BV1VvLc6AEGb,啥时候回归,中性,中性,0.7930920694141333,0.1341618951619629,0.7930920694141333,0.07274603542390368,0.0,0.0,0,0,0,无明显情感,未明确对象,未明确方面,中性,False,
生活区,BV1VvLc6AEGb,何衣服,中性,中性,0.6551557411496964,0.19824264537824526,0.6551557411496964,0.14660161347205822,0.0,0.0,0,0,0,无明显情感,未明确对象,未明确方面,中性,False,
生活区,BV1VvLc6AEGb,我在这里疯狂扔迫击炮弹,中性,中性,0.4948412462929372,0.05441003270439914,0.4948412462929372,0.4507487210026636,0.0,0.0,0,0,0,无明显情感,未明确对象,未明确方面,中性,False,
生活区,BV1VvLc6AEGb,人美声甜,中性,中性,0.844883570759622,0.12332525129389973,0.844883570759622,0.03179117794647833,0.0,0.0,0,0,0,无明显情感,未明确对象,未明确方面,中性,False,
生活区,BV1VvLc6AEGb,哪里来的冲绳，只有琉球,中性,中性,0.6440856451388073,0.07295422940621496,0.6440856451388073,0.28296012545497784,0.0,0.0,0,0,0,无明显情感,未明确对象,未明确方面,中性,False,
生活区,BV1VvLc6AEGb,海发菜？,中性,中性,0.6041215356530559,0.09274914356393846,0.6041215356530559,0.3031293207830056,0.0,0.0,0,0,0,无明显情感,未明确对象,未明确方面,中性,False,
生活区,BV1VvLc6AEGb,国外开车可以喝一瓶的，而且查酒驾就是让数 1234,中性,中性,0.5986080400469396,0.22880022876384934,0.5986080400469396,0.17259173118921106,1.0,1.0,1,0,0,对象评价,未明确对象,未明确方面,正面,False,
生活区,BV1VvLc6AEGb,天使,中性,中性,0.6611910207967077,0.1986748257413039,0.6611910207967077,0.14013415346198835,0.0,0.0,0,0,0,无明显情感,未明确对象,未明确方面,中性,False,
生活区,BV1VvLc6AEGb,不是琉球吗？什么冲绳。,中性,中性,0.8024291009139747,0.017624397425209704,0.8024291009139747,0.17994650166081566,0.0,0.0,0,0,0,无明显情感,未明确对象,未明确方面,中性,False,
生活区,BV1VvLc6AEGb,好像是她老公在弹三弦,中性,中性,0.5935938374792669,0.17374466347792872,0.5935938374792669,0.23266149904280442,0.0,0.0,0,0,0,无明显情感,未明确对象,未明确方面,中性,False,
生活区,BV1VvLc6AEGb,潜水!先干了这杯可燃乌龙茶!,中性,中性,0.4492204515503846,0.2886621504952759,0.4492204515503846,0.2621173979543396,0.0,0.0,0,0,0,无明显情感,未明确对象,未明确方面,中性,False,
生活区,BV1VvLc6AEGb,我在这里埋沙过,中性,中性,0.5193183424393605,0.056308437729042704,0.5193183424393605,0.42437321983159687,0.0,0.0,0,0,0,无明显情感,未明确对象,未明确方面,中性,False,
生活区,BV1VvLc6AEGb,唱得好 这日本人,中性,正面,0.3805060605400896,0.3805060605400896,0.3058163387716085,0.31367760068830186,0.0,0.0,0,0,0,无明显情感,未明确对象,未明确方面,中性,False,
生活区,BV1VvLc6AEGb,冲绳萝莉岛,中性,中性,0.6551557411496964,0.19824264537824526,0.6551557411496964,0.14660161347205822,0.0,0.0,0,0,0,无明显情感,未明确对象,未明确方面,中性,False,
生活区,BV1VvLc6AEGb,迷路？,中性,中性,0.6143591773644796,0.0936636981243668,0.6143591773644796,0.2919771245111536,0.0,0.0,0,0,0,无明显情感,未明确对象,未明确方面,中性,False,
生活区,BV1VvLc6AEGb,海南看看人家，国内的旅游真他妈不当真,中性,中性,0.4730522821085834,0.060969271205969594,0.4730522821085834,0.46597844668544713,0.0,0.0,0,0,0,无明显情感,未明确对象,未明确方面,中性,False,
生活区,BV1VvLc6AEGb,安室的后辈,中性,中性,0.7586658962998193,0.10926680783034212,0.7586658962998193,0.13206729586983856,0.0,0.0,0,0,0,无明显情感,未明确对象,未明确方面,中性,False,
生活区,BV1VvLc6AEGb,浦西（pus*y）,中性,中性,0.6551557411496964,0.19824264537824526,0.6551557411496964,0.14660161347205822,0.0,0.0,0,0,0,无明显情感,未明确对象,未明确方面,中性,False,
生活区,BV1VvLc6AEGb,屁桃航空（もも）,中性,中性,0.6551557411496964,0.19824264537824526,0.6551557411496964,0.14660161347205822,0.0,0.0,0,0,0,无明显情感,未明确对象,未明确方面,中性,False,
生活区,BV1VvLc6AEGb,Okinawa,中性,中性,0.6491597372881667,0.23833593932755318,0.6491597372881667,0.1125043233842802,0.0,0.0,0,0,0,无明显情感,未明确对象,未明确方面,中性,False,
生活区,BV1VvLc6AEGb,还不就是这样吗,中性,中性,0.5910915104484389,0.06179722172254226,0.5910915104484389,0.3471112678290189,0.0,0.0,0,0,0,无明显情感,未明确对象,未明确方面,中性,False,
生活区,BV1VvLc6AEGb,对的对的,中性,中性,0.618066756758187,0.21820832861909392,0.618066756758187,0.16372491462271893,0.0,0.0,0,0,0,无明显情感,未明确对象,未明确方面,中性,False,
生活区,BV1VvLc6AEGb,我靠小小恋歌,中性,中性,0.6590140505967103,0.18658550336238516,0.6590140505967103,0.15440044604090458,0.0,0.0,0,0,0,无明显情感,未明确对象,未明确方面,中性,False,
生活区,BV1VvLc6AEGb,不是假发 是挂,中性,中性,0.594067968708685,0.03955275993054227,0.594067968708685,0.3663792713607728,0.0,0.0,0,0,0,无明显情感,未明确对象,未明确方面,中性,False,
生活区,BV1VvLc6AEGb,临什么,中性,中性,0.9082219598300391,0.03349298355086904,0.9082219598300391,0.058285056619091766,0.0,0.0,0,0,0,无明显情感,未明确对象,未明确方面,中性,False,
生活区,BV1VvLc6AEGb,这个看天花板的唱法让我想起一个嘿嘿嘿的故人啊！,中性,正面,0.35795556433961356,0.35795556433961356,0.3379678813580827,0.30407655430230374,0.0,0.0,0,0,0,无明显情感,未明确对象,未明确方面,中性,False,
生活区,BV1VvLc6AEGb,费玉清起手式,中性,中性,0.6551557411496964,0.19824264537824526,0.6551557411496964,0.14660161347205822,0.0,0.0,0,0,0,无明显情感,未明确对象,未明确方面,中性,False,
生活区,BV1VvLc6AEGb,有没有可能他自己就是老板,中性,中性,0.6982357491216601,0.1261301787061114,0.6982357491216601,0.17563407217222843,0.0,0.0,0,0,0,无明显情感,未明确对象,未明确方面,中性,False,
生活区,BV1VvLc6AEGb,中孝介,中性,中性,0.6611910207967077,0.1986748257413039,0.6611910207967077,0.14013415346198835,0.0,0.0,0,0,0,无明显情感,未明确对象,未明确方面,中性,False,
生活区,BV1VvLc6AEGb,都成碳了,中性,中性,0.5020716270413554,0.1154523336759475,0.5020716270413554,0.3824760392826971,0.0,0.0,0,0,0,无明显情感,未明确对象,未明确方面,中性,False,
生活区,BV1VvLc6AEGb,梅开二度,中性,中性,0.6611910207967077,0.1986748257413039,0.6611910207967077,0.14013415346198835,0.0,0.0,0,0,0,无明显情感,未明确对象,未明确方面,中性,False,
生活区,BV1VvLc6AEGb,这才对,中性,中性,0.4619118432619577,0.2885728211992496,0.4619118432619577,0.24951533553879268,0.0,0.0,0,0,0,无明显情感,未明确对象,未明确方面,中性,False,
生活区,BV1VvLc6AEGb,防台风,中性,中性,0.6551557411496964,0.19824264537824526,0.6551557411496964,0.14660161347205822,0.0,0.0,0,0,0,无明显情感,未明确对象,未明确方面,中性,False,
生活区,BV1VvLc6AEGb,你长得好像岛袋力也,中性,中性,0.6461682192841882,0.14056368821886128,0.6461682192841882,0.21326809249695053,0.0,0.0,0,0,0,无明显情感,未明确对象,未明确方面,中性,False,
生活区,BV1VvLc6AEGb,公费旅游,中性,中性,0.6611910207967077,0.1986748257413039,0.6611910207967077,0.14013415346198835,0.0,0.0,0,0,0,无明显情感,未明确对象,未明确方面,中性,False,
生活区,BV1VvLc6AEGb,这是被炮轰过吗？,中性,中性,0.5298172732407429,0.032678618121913645,0.5298172732407429,0.4375041086373435,0.0,0.0,0,0,0,无明显情感,未明确对象,未明确方面,中性,False,
生活区,BV1VvLc6AEGb,琉球早晚会回归祖国的,中性,中性,0.5928978070725138,0.20351692352829753,0.5928978070725138,0.2035852693991886,0.0,0.0,0,0,0,无明显情感,未明确对象,未明确方面,中性,False,
生活区,BV1VvLc6AEGb,家乡话,中性,中性,0.6611910207967077,0.1986748257413039,0.6611910207967077,0.14013415346198835,0.0,0.0,0,0,0,无明显情感,未明确对象,未明确方面,中性,False,
生活区,BV1VvLc6AEGb,你是来工作的还是来度假的,中性,中性,0.7017692254126792,0.03983620055178774,0.7017692254126792,0.25839457403553295,0.0,0.0,0,0,0,无明显情感,未明确对象,未明确方面,中性,False,
生活区,BV1VvLc6AEGb,琉球群岛中的冲绳岛,中性,中性,0.6679893491934267,0.12314010303953025,0.6679893491934267,0.20887054776704309,0.0,0.0,0,0,0,无明显情感,未明确对象,未明确方面,中性,False,
生活区,BV1VvLc6AEGb,冲绳奴隶岛（察觉）,中性,中性,0.6425580301311389,0.197168788414866,0.6425580301311389,0.16027318145399508,0.0,0.0,0,0,0,无明显情感,未明确对象,未明确方面,中性,False,
生活区,BV1VvLc6AEGb,四川的?你就是大西王,中性,中性,0.6027551002948645,0.04901633315341759,0.6027551002948645,0.348228566551718,0.0,0.0,0,0,0,无明显情感,未明确对象,未明确方面,中性,False,
生活区,BV1VvLc6AEGb,挺会享受,中性,中性,0.6551557411496964,0.19824264537824526,0.6551557411496964,0.14660161347205822,0.0,0.0,0,0,0,无明显情感,未明确对象,未明确方面,中性,False,
生活区,BV1VvLc6AEGb,详情请见：碧蓝之海,中性,中性,0.599761209786393,0.2520537175996304,0.599761209786393,0.14818507261397657,0.0,0.0,0,0,0,无明显情感,未明确对象,未明确方面,中性,False,
生活区,BV1VvLc6AEGb,是喵帕斯里的海滩吗？,中性,中性,0.7636600902240257,0.07525196546675357,0.7636600902240257,0.16108794430922072,0.0,0.0,0,0,0,无明显情感,未明确对象,未明确方面,中性,False,
生活区,BV1VvLc6AEGb,真的很美哦,中性,中性,0.5725467974174591,0.2541741684257298,0.5725467974174591,0.17327903415681106,0.0,0.0,0,0,0,无明显情感,未明确对象,未明确方面,中性,False,
生活区,BV1VvLc6AEGb,这房子有点像包豪斯校舍,中性,中性,0.5246934671657776,0.06739674301448406,0.5246934671657776,0.40790978981973836,0.0,0.0,0,0,0,无明显情感,未明确对象,未明确方面,中性,False,
生活区,BV1VvLc6AEGb,哇，快赶上原唱了,中性,中性,0.4900859608441897,0.18474851302216688,0.4900859608441897,0.3251655261336435,0.0,0.0,0,0,0,无明显情感,未明确对象,未明确方面,中性,False,
生活区,BV1VvLc6AEGb,叫什么不是日本畜生能决定的,中性,中性,0.7938557452136076,0.016329346605892664,0.7938557452136076,0.18981490818049984,0.0,0.0,0,0,0,无明显情感,未明确对象,未明确方面,中性,False,
生活区,BV1VvLc6AEGb,琉球懂吗？早晚日本鬼子得吐出来的地方,中性,中性,0.8631594343644325,0.07091571757256396,0.8631594343644325,0.06592484806300361,0.0,0.0,0,0,0,无明显情感,未明确对象,未明确方面,中性,False,
生活区,BV1VvLc6AEGb,去琉球了,中性,中性,0.45453417291557485,0.24728386793391913,0.45453417291557485,0.298181959150506,0.0,0.0,0,0,0,无明显情感,未明确对象,未明确方面,中性,False,
生活区,BV1VvLc6AEGb,卧槽,中性,中性,0.6611910207967077,0.1986748257413039,0.6611910207967077,0.14013415346198835,0.0,0.0,0,0,0,无明显情感,未明确对象,未明确方面,中性,False,
生活区,BV1VvLc6AEGb,这把我干哪儿来了？,中性,中性,0.639327500667792,0.02531800269195477,0.639327500667792,0.33535449664025335,0.0,0.0,0,0,0,无明显情感,未明确对象,未明确方面,中性,False,
生活区,BV1VvLc6AEGb,这面够呛能吃三口,中性,中性,0.6376440701178603,0.08186044459302468,0.6376440701178603,0.28049548528911505,0.0,0.0,0,0,0,无明显情感,未明确对象,未明确方面,中性,False,
生活区,BV1VvLc6AEGb,每日i客户TV,中性,中性,0.6425580301311389,0.197168788414866,0.6425580301311389,0.16027318145399508,0.0,0.0,0,0,0,无明显情感,未明确对象,未明确方面,中性,False,
生活区,BV1VvLc6AEGb,酸的，苦的,中性,中性,0.5659213334546042,0.21407806514570885,0.5659213334546042,0.220000601399687,0.0,0.0,0,0,0,无明显情感,未明确对象,未明确方面,中性,False,
生活区,BV1VvLc6AEGb,杨国福,中性,中性,0.6611910207967077,0.1986748257413039,0.6611910207967077,0.14013415346198835,0.0,0.0,0,0,0,无明显情感,未明确对象,未明确方面,中性,False,
生活区,BV1VvLc6AEGb,听海,中性,中性,0.6611910207967077,0.1986748257413039,0.6611910207967077,0.14013415346198835,0.0,0.0,0,0,0,无明显情感,未明确对象,未明确方面,中性,False,
生活区,BV1VvLc6AEGb,冲绳的特产不是美军嘛,中性,中性,0.7198414281309637,0.04155028056359063,0.7198414281309637,0.23860829130544575,0.0,0.0,0,0,0,无明显情感,未明确对象,未明确方面,中性,False,
生活区,BV1VvLc6AEGb,琉球花姑娘,中性,中性,0.6551557411496964,0.19824264537824526,0.6551557411496964,0.14660161347205822,0.0,0.0,0,0,0,无明显情感,未明确对象,未明确方面,中性,False,
生活区,BV1VvLc6AEGb,看饿了,中性,中性,0.5938232963362156,0.2074515316593789,0.5938232963362156,0.19872517200440554,0.0,0.0,0,0,0,无明显情感,未明确对象,未明确方面,中性,False,
生活区,BV1VvLc6AEGb,爆什么 这合理吗？,中性,中性,0.8069361629982108,0.022435148843870757,0.8069361629982108,0.17062868815791857,0.0,0.0,0,0,0,无明显情感,未明确对象,未明确方面,中性,False,
生活区,BV1VvLc6AEGb,五蚂蚁,中性,中性,0.6551557411496964,0.19824264537824526,0.6551557411496964,0.14660161347205822,0.0,0.0,0,0,0,无明显情感,未明确对象,未明确方面,中性,False,
生活区,BV1VvLc6AEGb,晚上人就多了,中性,中性,0.702812198364695,0.23639878683101104,0.702812198364695,0.060789014804293905,0.0,0.0,0,0,0,无明显情感,未明确对象,未明确方面,中性,False,
生活区,BV1VvLc6AEGb,临死www,中性,中性,0.6551557411496964,0.19824264537824526,0.6551557411496964,0.14660161347205822,0.0,0.0,0,0,0,无明显情感,未明确对象,未明确方面,中性,False,
生活区,BV1VvLc6AEGb,普锐斯导弹,中性,中性,0.6551557411496964,0.19824264537824526,0.6551557411496964,0.14660161347205822,0.0,0.0,0,0,0,无明显情感,未明确对象,未明确方面,中性,False,
生活区,BV1VvLc6AEGb,沖縄県です,中性,中性,0.6489454898443013,0.19774130284806332,0.6489454898443013,0.15331320730763526,0.0,0.0,0,0,0,无明显情感,未明确对象,未明确方面,中性,False,
生活区,BV1VvLc6AEGb,用脚恢复,中性,中性,0.6551557411496964,0.19824264537824526,0.6551557411496964,0.14660161347205822,0.0,0.0,0,0,0,无明显情感,未明确对象,未明确方面,中性,False,
生活区,BV1VvLc6AEGb,比基尼呢,中性,中性,0.5356096650941293,0.10874753121672928,0.5356096650941293,0.3556428036891415,0.0,0.0,0,0,0,无明显情感,未明确对象,未明确方面,中性,False,
生活区,BV1VvLc6AEGb,我去,中性,中性,0.6213661809011377,0.2673699684395274,0.6213661809011377,0.11126385065933495,0.0,0.0,0,0,0,无明显情感,未明确对象,未明确方面,中性,False,
生活区,BV1VvLc6AEGb,蠢 鸡,中性,中性,0.6611910207967077,0.1986748257413039,0.6611910207967077,0.14013415346198835,0.0,0.0,0,0,0,无明显情感,未明确对象,未明确方面,中性,False,
生活区,BV1VvLc6AEGb,《冲绳奴隶岛》,中性,中性,0.6489454898443013,0.19774130284806332,0.6489454898443013,0.15331320730763526,0.0,0.0,0,0,0,无明显情感,未明确对象,未明确方面,中性,False,
生活区,BV1VvLc6AEGb,牙买加烤鸡,中性,中性,0.6551557411496964,0.19824264537824526,0.6551557411496964,0.14660161347205822,0.0,0.0,0,0,0,无明显情感,未明确对象,未明确方面,中性,False,
生活区,BV1VvLc6AEGb,海蕴,中性,中性,0.6611910207967077,0.1986748257413039,0.6611910207967077,0.14013415346198835,0.0,0.0,0,0,0,无明显情感,未明确对象,未明确方面,中性,False,
生活区,BV1VvLc6AEGb,是冲绳,中性,中性,0.6865474178152147,0.11833312248733181,0.6865474178152147,0.1951194596974536,0.0,0.0,0,0,0,无明显情感,未明确对象,未明确方面,中性,False,
生活区,BV1VvLc6AEGb,风狮爷,中性,中性,0.6611910207967077,0.1986748257413039,0.6611910207967077,0.14013415346198835,0.0,0.0,0,0,0,无明显情感,未明确对象,未明确方面,中性,False,
生活区,BV1VvLc6AEGb,张惠妹上大分,中性,中性,0.6551557411496964,0.19824264537824526,0.6551557411496964,0.14660161347205822,0.0,0.0,0,0,0,无明显情感,未明确对象,未明确方面,中性,False,
生活区,BV1VvLc6AEGb,痛风:你好,中性,中性,0.6551557411496964,0.19824264537824526,0.6551557411496964,0.14660161347205822,0.0,0.0,0,0,0,无明显情感,未明确对象,未明确方面,中性,False,
生活区,BV1VvLc6AEGb,无人岛就是nagaro岛吧,中性,中性,0.7492585150857112,0.06037931316825148,0.7492585150857112,0.19036217174603745,0.0,0.0,0,0,0,无明显情感,未明确对象,未明确方面,中性,False,
生活区,BV1VvLc6AEGb,我去不早说,中性,中性,0.4721099746504146,0.1509001001399063,0.4721099746504146,0.3769899252096791,0.0,0.0,0,0,0,无明显情感,未明确对象,未明确方面,中性,False,
生活区,BV1VvLc6AEGb,妙哇,中性,中性,0.6652939087977323,0.2547887725006628,0.6652939087977323,0.07991731870160478,0.0,0.0,0,0,0,无明显情感,未明确对象,未明确方面,中性,False,
生活区,BV1VvLc6AEGb,现在麦当劳我小心点吃就两口,中性,中性,0.6963528043657512,0.08522471400078027,0.6963528043657512,0.21842248163346847,0.0,0.0,0,0,0,无明显情感,未明确对象,未明确方面,中性,False,
生活区,BV1VvLc6AEGb,@神秘园,中性,中性,0.6611910207967077,0.1986748257413039,0.6611910207967077,0.14013415346198835,0.0,0.0,0,0,0,无明显情感,未明确对象,未明确方面,中性,False,
生活区,BV1VvLc6AEGb,經典 只要別人厲害的地方 就開始全部往自己口袋裡放 再說是自己的技術 經典啊,中性,中性,0.6496761149999234,0.13491993553054898,0.6496761149999234,0.21540394946952754,0.0,0.0,0,0,0,无明显情感,未明确对象,未明确方面,中性,False,
生活区,BV1VvLc6AEGb,美军,中性,中性,0.6611910207967077,0.1986748257413039,0.6611910207967077,0.14013415346198835,0.0,0.0,0,0,0,无明显情感,未明确对象,未明确方面,中性,False,
生活区,BV1VvLc6AEGb,神秘园呢，出来救一下,中性,中性,0.5946057440153146,0.17594150997901067,0.5946057440153146,0.2294527460056746,0.0,0.0,0,0,0,无明显情感,未明确对象,未明确方面,中性,False,
生活区,BV1VvLc6AEGb,?不过也是，2000块钱应该是能住5个人,中性,中性,0.4617586250328586,0.09529804581951766,0.4617586250328586,0.44294332914762363,0.0,0.0,0,0,0,无明显情感,未明确对象,未明确方面,中性,False,
生活区,BV1VvLc6AEGb,小鸟胃,中性,中性,0.6551557411496964,0.19824264537824526,0.6551557411496964,0.14660161347205822,0.0,0.0,0,0,0,无明显情感,未明确对象,未明确方面,中性,False,
生活区,BV1VvLc6AEGb,日本人就爱吃这些黏黏糊糊鼻涕泡一样的东西,中性,中性,0.5668272227066751,0.09540458427027859,0.5668272227066751,0.3377681930230463,0.0,0.0,0,0,0,无明显情感,未明确对象,未明确方面,中性,False,
生活区,BV1VvLc6AEGb,量天尺,中性,中性,0.6551557411496964,0.19824264537824526,0.6551557411496964,0.14660161347205822,0.0,0.0,0,0,0,无明显情感,未明确对象,未明确方面,中性,False,
生活区,BV1VvLc6AEGb,kksk,中性,中性,0.6611910207967077,0.1986748257413039,0.6611910207967077,0.14013415346198835,0.0,0.0,0,0,0,无明显情感,未明确对象,未明确方面,中性,False,
生活区,BV1VvLc6AEGb,去冲绳打吉尔巴里斯呢,中性,中性,0.49736855923772955,0.15409933161848569,0.49736855923772955,0.34853210914378474,0.0,0.0,0,0,0,无明显情感,未明确对象,未明确方面,中性,False,
生活区,BV1VvLc6AEGb,350234,中性,中性,0.6855762951762658,0.2112951230885307,0.6855762951762658,0.10312858173520344,0.0,0.0,0,0,0,无明显情感,未明确对象,未明确方面,中性,False,
生活区,BV1VvLc6AEGb,再说一遍是琉球！！！！,中性,负面,0.3661401137398731,0.31184228360213095,0.322017602657996,0.3661401137398731,0.0,0.0,0,0,0,无明显情感,未明确对象,未明确方面,中性,False,
生活区,BV1VvLc6AEGb,还有小小恋歌,中性,中性,0.7725283957207509,0.15025154573381017,0.7725283957207509,0.07722005854543887,0.0,0.0,0,0,0,无明显情感,未明确对象,未明确方面,中性,False,
生活区,BV1VvLc6AEGb,看看浦西,中性,中性,0.8082910587002639,0.10807117456515908,0.8082910587002639,0.0836377667345772,0.0,0.0,0,0,0,无明显情感,未明确对象,未明确方面,中性,False,
生活区,BV1VvLc6AEGb,这不来首宾克斯的美酒？,中性,中性,0.6162973355839421,0.0688841586283384,0.6162973355839421,0.3148185057877194,0.0,0.0,0,0,0,无明显情感,未明确对象,未明确方面,中性,False,
生活区,BV1VvLc6AEGb,琉球还是早点回归吧,中性,中性,0.7208399501296279,0.08595915373856401,0.7208399501296279,0.1932008961318081,0.0,0.0,0,0,0,无明显情感,未明确对象,未明确方面,中性,False,
生活区,BV1VvLc6AEGb,风蚀,中性,中性,0.6611910207967077,0.1986748257413039,0.6611910207967077,0.14013415346198835,0.0,0.0,0,0,0,无明显情感,未明确对象,未明确方面,中性,False,
生活区,BV1VvLc6AEGb,日本真是美食荒漠,中性,中性,0.4848513917189701,0.20833599240207176,0.4848513917189701,0.3068126158789582,0.0,0.0,0,0,0,无明显情感,未明确对象,未明确方面,中性,False,
生活区,BV1VvLc6AEGb,我以为是导弹呢？,中性,中性,0.4867631618676723,0.03553384517060656,0.4867631618676723,0.47770299296172114,0.0,0.0,0,0,0,无明显情感,未明确对象,未明确方面,中性,False,
生活区,BV1VvLc6AEGb,哇哦,中性,中性,0.7668199993696161,0.13203107184823312,0.7668199993696161,0.10114892878215084,0.0,0.0,0,0,0,无明显情感,未明确对象,未明确方面,中性,False,
生活区,BV1VvLc6AEGb,2个币帮我转交给小姐姐,中性,中性,0.7409476682224273,0.1221703678824316,0.7409476682224273,0.13688196389514093,0.0,0.0,0,0,0,无明显情感,未明确对象,未明确方面,中性,False,
生活区,BV1VvLc6AEGb,给小姐姐投俩币,中性,中性,0.8180332969974518,0.09936020785101121,0.8180332969974518,0.08260649515153697,0.0,0.0,0,0,0,无明显情感,未明确对象,未明确方面,中性,False,
生活区,BV1VvLc6AEGb,这个价格不亲民吧。,中性,中性,0.5614884404007504,0.0908206403503251,0.5614884404007504,0.3476909192489244,0.0,0.0,0,0,0,无明显情感,未明确对象,未明确方面,中性,False,
生活区,BV1VvLc6AEGb,男人至死是嘉豪,中性,中性,0.6704271486155223,0.11718193309400203,0.6704271486155223,0.21239091829047566,0.0,0.0,0,0,0,无明显情感,未明确对象,未明确方面,中性,False,
生活区,BV1VvLc6AEGb,柯南的杀人事件,中性,中性,0.7525442555123983,0.10914563655166665,0.7525442555123983,0.1383101079359349,0.0,0.0,0,0,0,无明显情感,未明确对象,未明确方面,中性,False,
生活区,BV1VvLc6AEGb,不止几个，日本绝大多数美军基地都在冲绳,中性,中性,0.4505750529523347,0.11096725465697006,0.4505750529523347,0.4384576923906954,0.0,0.0,0,0,0,无明显情感,未明确对象,未明确方面,中性,False,
生活区,BV1VvLc6AEGb,可以,中性,负面,0.4871369362019687,0.2672116703496044,0.2456513934484269,0.4871369362019687,1.0,1.0,1,0,0,对象评价,未明确对象,未明确方面,正面,True,0.0
生活区,BV1VvLc6AEGb,你美爹,中性,中性,0.6764969599246627,0.143948538591437,0.6764969599246627,0.17955450148390031,0.0,0.0,0,0,0,无明显情感,未明确对象,未明确方面,中性,False,
生活区,BV1VvLc6AEGb,你的生活我的梦,中性,中性,0.6957219773117022,0.2233317934415852,0.6957219773117022,0.08094622924671263,0.0,0.0,0,0,0,无明显情感,未明确对象,未明确方面,中性,False,
生活区,BV1VvLc6AEGb,阔以呦,中性,中性,0.6551557411496964,0.19824264537824526,0.6551557411496964,0.14660161347205822,0.0,0.0,0,0,0,无明显情感,未明确对象,未明确方面,中性,False,
生活区,BV1VvLc6AEGb,嘉手纳的,中性,中性,0.7645837146394681,0.10935184061246946,0.7645837146394681,0.12606444474806244,0.0,0.0,0,0,0,无明显情感,未明确对象,未明确方面,中性,False,
生活区,BV1VvLc6AEGb,太有气氛,中性,中性,0.49655011974405555,0.42078727601196936,0.49655011974405555,0.08266260424397516,0.0,0.0,0,0,0,无明显情感,未明确对象,未明确方面,中性,False,
生活区,BV1VvLc6AEGb,你再骂！,中性,中性,0.5535226715339562,0.280934450812033,0.5535226715339562,0.16554287765401082,0.0,0.0,0,0,0,无明显情感,未明确对象,未明确方面,中性,False,
生活区,BV1VvLc6AEGb,冲绳冲绳冲绳,中性,中性,0.6489454898443013,0.19774130284806332,0.6489454898443013,0.15331320730763526,0.0,0.0,0,0,0,无明显情感,未明确对象,未明确方面,中性,False,
生活区,BV1VvLc6AEGb,核辐射海,中性,中性,0.6551557411496964,0.19824264537824526,0.6551557411496964,0.14660161347205822,0.0,0.0,0,0,0,无明显情感,未明确对象,未明确方面,中性,False,
生活区,BV1VvLc6AEGb,很近台湾的地方,中性,中性,0.7525442555123983,0.10914563655166665,0.7525442555123983,0.1383101079359349,0.0,0.0,0,0,0,无明显情感,未明确对象,未明确方面,中性,False,
生活区,BV1VvLc6AEGb,搁浅的海臀,中性,中性,0.7525442555123983,0.10914563655166665,0.7525442555123983,0.1383101079359349,0.0,0.0,0,0,0,无明显情感,未明确对象,未明确方面,中性,False,
生活区,BV1VvLc6AEGb,琉球该回归了祖国怀抱了,中性,中性,0.4305977193471861,0.15424548457936788,0.4305977193471861,0.415156796073446,0.0,0.0,0,0,0,无明显情感,未明确对象,未明确方面,中性,False,
生活区,BV1VvLc6AEGb,等一下，你不是开车么？,中性,中性,0.4866879334713159,0.08003118596719265,0.4866879334713159,0.4332808805614915,0.0,0.0,0,0,0,无明显情感,未明确对象,未明确方面,中性,False,
生活区,BV1VvLc6AEGb,客户还是死了,中性,中性,0.6282609405470281,0.12454159674701575,0.6282609405470281,0.2471974627059562,0.0,0.0,0,0,0,无明显情感,未明确对象,未明确方面,中性,False,
生活区,BV1VvLc6AEGb,看上去像瓦猫,中性,中性,0.512400850966338,0.18763523742951077,0.512400850966338,0.2999639116041512,0.0,0.0,0,0,0,无明显情感,未明确对象,未明确方面,中性,False,
生活区,BV1VvLc6AEGb,南陇侯是你吗？,中性,中性,0.8025294369678629,0.05003728836495425,0.8025294369678629,0.1474332746671828,0.0,0.0,0,0,0,无明显情感,未明确对象,未明确方面,中性,False,
生活区,BV1VvLc6AEGb,琉球群岛阿,中性,中性,0.5912446804084501,0.2860843129028957,0.5912446804084501,0.12267100668865419,0.0,0.0,0,0,0,无明显情感,未明确对象,未明确方面,中性,False,
生活区,BV1VvLc6AEGb,突然大兵附体,中性,中性,0.6489454898443013,0.19774130284806332,0.6489454898443013,0.15331320730763526,0.0,0.0,0,0,0,无明显情感,未明确对象,未明确方面,中性,False,
生活区,BV1VvLc6AEGb,想起来一个僵尸游戏,中性,中性,0.6817503377664672,0.17766682347026444,0.6817503377664672,0.14058283876326835,0.0,0.0,0,0,0,无明显情感,未明确对象,未明确方面,中性,False,
生活区,BV1VvLc6AEGb,aw,中性,中性,0.6611910207967077,0.1986748257413039,0.6611910207967077,0.14013415346198835,0.0,0.0,0,0,0,无明显情感,未明确对象,未明确方面,中性,False,
生活区,BV1VvLc6AEGb,冲绳的小曲,中性,中性,0.7586658962998193,0.10926680783034212,0.7586658962998193,0.13206729586983856,0.0,0.0,0,0,0,无明显情感,未明确对象,未明确方面,中性,False,
生活区,BV1VvLc6AEGb,巡抚,中性,中性,0.6611910207967077,0.1986748257413039,0.6611910207967077,0.14013415346198835,0.0,0.0,0,0,0,无明显情感,未明确对象,未明确方面,中性,False,
生活区,BV1VvLc6AEGb,金典,中性,中性,0.6611910207967077,0.1986748257413039,0.6611910207967077,0.14013415346198835,0.0,0.0,0,0,0,无明显情感,未明确对象,未明确方面,中性,False,
生活区,BV1VvLc6AEGb,这就是艺术吗？,中性,中性,0.7107724948379123,0.035217836618000264,0.7107724948379123,0.2540096685440876,0.0,0.0,0,0,0,无明显情感,未明确对象,未明确方面,中性,False,
生活区,BV1VvLc6AEGb,好像渡嘉敷岛,中性,中性,0.6975911485810993,0.19903801107597252,0.6975911485810993,0.10337084034292823,0.0,0.0,0,0,0,无明显情感,未明确对象,未明确方面,中性,False,
生活区,BV1VvLc6AEGb,这水这么清的么,中性,中性,0.626086753703015,0.15935198478967014,0.626086753703015,0.2145612615073149,0.0,0.0,0,0,0,无明显情感,未明确对象,未明确方面,中性,False,
生活区,BV1VvLc6AEGb,社长：你这家伙真的是什么都干得出来呢,中性,中性,0.7468255427740403,0.10597067058200316,0.7468255427740403,0.14720378664395653,0.0,0.0,0,0,0,无明显情感,未明确对象,未明确方面,中性,False,
生活区,BV1VvLc6AEGb,老爷车系列游玩县城,中性,中性,0.6425580301311389,0.197168788414866,0.6425580301311389,0.16027318145399508,0.0,0.0,0,0,0,无明显情感,未明确对象,未明确方面,中性,False,
生活区,BV1VvLc6AEGb,老兵汉堡,中性,中性,0.6551557411496964,0.19824264537824526,0.6551557411496964,0.14660161347205822,0.0,0.0,0,0,0,无明显情感,未明确对象,未明确方面,中性,False,
生活区,BV1VvLc6AEGb,南陇侯的万尺一线,中性,中性,0.7525442555123983,0.10914563655166665,0.7525442555123983,0.1383101079359349,0.0,0.0,0,0,0,无明显情感,未明确对象,未明确方面,中性,False,
生活区,BV1VvLc6AEGb,取关,中性,中性,0.6611910207967077,0.1986748257413039,0.6611910207967077,0.14013415346198835,0.0,0.0,0,0,0,无明显情感,未明确对象,未明确方面,中性,False,
生活区,BV1VvLc6AEGb,回来 一条龙吃蹄髈,中性,中性,0.7033020954694226,0.1087647614428802,0.7033020954694226,0.1879331430876972,0.0,0.0,0,0,0,无明显情感,未明确对象,未明确方面,中性,False,
生活区,BV1VvLc6AEGb,六 轩 岛,中性,中性,0.6551557411496964,0.19824264537824526,0.6551557411496964,0.14660161347205822,0.0,0.0,0,0,0,无明显情感,未明确对象,未明确方面,中性,False,
生活区,BV1VvLc6AEGb,这不放个推特id？,中性,中性,0.5936950155047221,0.09178794202697409,0.5936950155047221,0.31451704246830375,0.0,0.0,0,0,0,无明显情感,未明确对象,未明确方面,中性,False,
生活区,BV1VvLc6AEGb,想去了,中性,中性,0.4449291868627146,0.21285557439590228,0.4449291868627146,0.3422152387413832,0.0,0.0,0,0,0,无明显情感,未明确对象,未明确方面,中性,False,
生活区,BV1VvLc6AEGb,狮爷？,中性,中性,0.6143591773644796,0.0936636981243668,0.6143591773644796,0.2919771245111536,0.0,0.0,0,0,0,无明显情感,未明确对象,未明确方面,中性,False,
生活区,BV1VvLc6AEGb,传销卧底视角,中性,中性,0.6489454898443013,0.19774130284806332,0.6489454898443013,0.15331320730763526,0.0,0.0,0,0,0,无明显情感,未明确对象,未明确方面,中性,False,
生活区,BV1VvLc6AEGb,种的,中性,中性,0.7645837146394681,0.10935184061246946,0.7645837146394681,0.12606444474806244,0.0,0.0,0,0,0,无明显情感,未明确对象,未明确方面,中性,False,
生活区,BV1VvLc6AEGb,当地人自己的土地 爱咋叫咋叫,中性,中性,0.7181043548367873,0.17124005751623875,0.7181043548367873,0.11065558764697404,0.0,0.0,0,0,0,无明显情感,未明确对象,未明确方面,中性,False,
生活区,BV1VvLc6AEGb,这期比鲁含量超标,中性,中性,0.6425580301311389,0.197168788414866,0.6425580301311389,0.16027318145399508,0.0,0.0,0,0,0,无明显情感,未明确对象,未明确方面,中性,False,
生活区,BV1VvLc6AEGb,哇,中性,中性,0.7168909695552996,0.17712932959345656,0.7168909695552996,0.1059797008512439,0.0,0.0,0,0,0,无明显情感,未明确对象,未明确方面,中性,False,
生活区,BV1VvLc6AEGb,喔呦,中性,中性,0.6551557411496964,0.19824264537824526,0.6551557411496964,0.14660161347205822,0.0,0.0,0,0,0,无明显情感,未明确对象,未明确方面,中性,False,
生活区,BV1VvLc6AEGb,已取餐,中性,中性,0.6082095622243648,0.28161166531903753,0.6082095622243648,0.11017877245659759,0.0,0.0,0,0,0,无明显情感,未明确对象,未明确方面,中性,False,
生活区,BV1VvLc6AEGb,看看前方有无极好的臀线,中性,中性,0.8062002254673978,0.088695591424397,0.8062002254673978,0.10510418310820518,0.0,0.0,0,0,0,无明显情感,未明确对象,未明确方面,中性,False,
生活区,BV1VvLc6AEGb,每日殴打客户致死,中性,中性,0.6425580301311389,0.197168788414866,0.6425580301311389,0.16027318145399508,0.0,0.0,0,0,0,无明显情感,未明确对象,未明确方面,中性,False,
生活区,BV1VvLc6AEGb,最后一期,中性,中性,0.8628285866918479,0.08469375307043278,0.8628285866918479,0.052477660237719256,0.0,0.0,0,0,0,无明显情感,未明确对象,未明确方面,中性,False,
生活区,BV1VvLc6AEGb,来一罐ICE BEER,中性,中性,0.7691484151029742,0.10421679239598364,0.7691484151029742,0.12663479250104215,0.0,0.0,0,0,0,无明显情感,未明确对象,未明确方面,中性,False,
生活区,BV1VvLc6AEGb,过段时间会改回琉球的,中性,中性,0.45874974680542585,0.15965177672850756,0.45874974680542585,0.3815984764660666,0.0,0.0,0,0,0,无明显情感,未明确对象,未明确方面,中性,False,
生活区,BV1VvLc6AEGb,注意看这个英文，jerk还得了,中性,中性,0.4453617735066227,0.23974562431181862,0.4453617735066227,0.31489260218155857,0.0,0.0,0,0,0,无明显情感,未明确对象,未明确方面,中性,False,
生活区,BV1VvLc6AEGb,三连了，社长下次去，记得打赏小姐姐。,中性,中性,0.5778517753380753,0.23202912015594138,0.5778517753380753,0.19011910450598332,1.0,1.0,1,0,0,对象评价,未明确对象,未明确方面,正面,False,
生活区,BV1VvLc6AEGb,给他掏着了,中性,中性,0.5846934444421965,0.31685402888953973,0.5846934444421965,0.0984525266682637,0.0,0.0,0,0,0,无明显情感,未明确对象,未明确方面,中性,False,
生活区,BV1VvLc6AEGb,只知道琉球,中性,中性,0.63464230707685,0.1409029297297729,0.63464230707685,0.22445476319337723,0.0,0.0,0,0,0,无明显情感,未明确对象,未明确方面,中性,False,
生活区,BV1VvLc6AEGb,冲绳？琉球！,中性,中性,0.5066985374079969,0.32405804830670487,0.5066985374079969,0.16924341428529815,0.0,0.0,0,0,0,无明显情感,未明确对象,未明确方面,中性,False,
生活区,BV1VvLc6AEGb,ciallo～,中性,中性,0.6611910207967077,0.1986748257413039,0.6611910207967077,0.14013415346198835,0.0,0.0,0,0,0,无明显情感,未明确对象,未明确方面,中性,False,
生活区,BV1VvLc6AEGb,比东京物价都高啊,中性,中性,0.42517071166818954,0.21515705977881158,0.42517071166818954,0.3596722285529988,0.0,0.0,0,0,0,无明显情感,未明确对象,未明确方面,中性,False,
生活区,BV1VvLc6AEGb,琉球群岛,中性,中性,0.6611910207967077,0.1986748257413039,0.6611910207967077,0.14013415346198835,0.0,0.0,0,0,0,无明显情感,未明确对象,未明确方面,中性,False,
生活区,BV1VvLc6AEGb,你是桂，不是假发,中性,中性,0.46512235836503973,0.10880556594676376,0.46512235836503973,0.4260720756881965,0.0,0.0,0,0,0,无明显情感,未明确对象,未明确方面,中性,False,
生活区,BV1VvLc6AEGb,去神秘园报到,中性,中性,0.6888697279804927,0.14699628357791356,0.6888697279804927,0.16413398844159363,0.0,0.0,0,0,0,无明显情感,未明确对象,未明确方面,中性,False,
生活区,BV1VvLc6AEGb,这件，能代购吗,中性,中性,0.7088353228794807,0.10023920772411589,0.7088353228794807,0.19092546939640345,0.0,0.0,0,0,0,无明显情感,未明确对象,未明确方面,中性,False,
生活区,BV1VvLc6AEGb,你不是一个人去的吗,中性,中性,0.7909895217715034,0.02451995767480795,0.7909895217715034,0.18449052055368867,0.0,0.0,0,0,0,无明显情感,未明确对象,未明确方面,中性,False,
生活区,BV1VvLc6AEGb,他们本地猪,中性,中性,0.6489454898443013,0.19774130284806332,0.6489454898443013,0.15331320730763526,0.0,0.0,0,0,0,无明显情感,未明确对象,未明确方面,中性,False,
生活区,BV1VvLc6AEGb,一句话点踩,中性,中性,0.5337143914672701,0.28515191058048855,0.5337143914672701,0.1811336979522414,0.0,0.0,0,0,0,无明显情感,未明确对象,未明确方面,中性,False,
生活区,BV1VvLc6AEGb,欢迎来义乌,中性,中性,0.7691484151029742,0.10421679239598364,0.7691484151029742,0.12663479250104215,0.0,0.0,0,0,0,无明显情感,未明确对象,未明确方面,中性,False,
生活区,BV1VvLc6AEGb,炭烤：emmm，看出来了（够黑）,中性,中性,0.6009720319410573,0.25215854826405154,0.6009720319410573,0.14686941979489113,0.0,0.0,0,0,0,无明显情感,未明确对象,未明确方面,中性,False,
生活区,BV1VvLc6AEGb,打起来了？,中性,中性,0.7288221582236323,0.04800177024293904,0.7288221582236323,0.22317607153342867,0.0,0.0,0,0,0,无明显情感,未明确对象,未明确方面,中性,False,
生活区,BV1VvLc6AEGb,纳尼？,中性,中性,0.6143591773644796,0.0936636981243668,0.6143591773644796,0.2919771245111536,0.0,0.0,0,0,0,无明显情感,未明确对象,未明确方面,中性,False,
生活区,BV1VvLc6AEGb,补充维生素,中性,中性,0.6551557411496964,0.19824264537824526,0.6551557411496964,0.14660161347205822,0.0,0.0,0,0,0,无明显情感,未明确对象,未明确方面,中性,False,
生活区,BV1VvLc6AEGb,伽椰子来拉,中性,中性,0.5344866580628347,0.06821580863669728,0.5344866580628347,0.397297533300468,0.0,0.0,0,0,0,无明显情感,未明确对象,未明确方面,中性,False,
生活区,BV1VvLc6AEGb,客户全在海底,中性,中性,0.6489454898443013,0.19774130284806332,0.6489454898443013,0.15331320730763526,0.0,0.0,0,0,0,无明显情感,未明确对象,未明确方面,中性,False,
生活区,BV1VvLc6AEGb,jerk,中性,中性,0.6611910207967077,0.1986748257413039,0.6611910207967077,0.14013415346198835,0.0,0.0,0,0,0,无明显情感,未明确对象,未明确方面,中性,False,
生活区,BV1VvLc6AEGb,深圳梧桐山露营地给你一个帐篷都2000了,中性,中性,0.6266055624152399,0.12886184493757702,0.6266055624152399,0.24453259264718294,0.0,0.0,0,0,0,无明显情感,未明确对象,未明确方面,中性,False,
生活区,BV1VvLc6AEGb,冷知识这是景区,中性,中性,0.8688108688165637,0.07902996018175222,0.8688108688165637,0.05215917100168419,0.0,0.0,0,0,0,无明显情感,未明确对象,未明确方面,中性,False,
生活区,BV1VvLc6AEGb,临死前说是,中性,中性,0.5132263114516413,0.14092233881413896,0.5132263114516413,0.3458513497342197,0.0,0.0,0,0,0,无明显情感,未明确对象,未明确方面,中性,False,
生活区,BV1VvLc6AEGb,这就是歌姬吧,中性,中性,0.5984172299307475,0.05197346192824357,0.5984172299307475,0.3496093081410088,0.0,0.0,0,0,0,无明显情感,未明确对象,未明确方面,中性,False,
生活区,BV1VvLc6AEGb,有冲绳萝莉岛吗,中性,中性,0.6425764536444569,0.04727735803697491,0.6425764536444569,0.31014618831856827,0.0,0.0,0,0,0,无明显情感,未明确对象,未明确方面,中性,False,
生活区,BV1VvLc6AEGb,重生萝莉岛,中性,中性,0.6551557411496964,0.19824264537824526,0.6551557411496964,0.14660161347205822,0.0,0.0,0,0,0,无明显情感,未明确对象,未明确方面,中性,False,
生活区,BV1VvLc6AEGb,瓦猫,中性,中性,0.6611910207967077,0.1986748257413039,0.6611910207967077,0.14013415346198835,0.0,0.0,0,0,0,无明显情感,未明确对象,未明确方面,中性,False,
生活区,BV1VvLc6AEGb,海人,中性,中性,0.6611910207967077,0.1986748257413039,0.6611910207967077,0.14013415346198835,0.0,0.0,0,0,0,无明显情感,未明确对象,未明确方面,中性,False,
生活区,BV1VvLc6AEGb,蛮便宜的,中性,中性,0.7586658962998193,0.10926680783034212,0.7586658962998193,0.13206729586983856,0.0,0.0,0,0,0,无明显情感,未明确对象,未明确方面,中性,False,
生活区,BV1VvLc6AEGb,肉食主义者,中性,中性,0.6551557411496964,0.19824264537824526,0.6551557411496964,0.14660161347205822,0.0,0.0,0,0,0,无明显情感,未明确对象,未明确方面,中性,False,
生活区,BV1VvLc6AEGb,喝一口,中性,中性,0.6551557411496964,0.19824264537824526,0.6551557411496964,0.14660161347205822,0.0,0.0,0,0,0,无明显情感,未明确对象,未明确方面,中性,False,
生活区,BV1VvLc6AEGb,潜水性价比还行 住宿就算了,中性,中性,0.4131584939454242,0.2579020028173951,0.4131584939454242,0.3289395032371807,0.0,0.0,0,0,0,无明显情感,未明确对象,未明确方面,中性,False,
生活区,BV1VvLc6AEGb,不是 你不是要开车吗？,中性,中性,0.5960557082298968,0.02946335350300142,0.5960557082298968,0.3744809382671018,0.0,0.0,0,0,0,无明显情感,未明确对象,未明确方面,中性,False,
生活区,BV1VvLc6AEGb,@高铁,中性,中性,0.6611910207967077,0.1986748257413039,0.6611910207967077,0.14013415346198835,0.0,0.0,0,0,0,无明显情感,未明确对象,未明确方面,中性,False,
生活区,BV1VvLc6AEGb,给我看饿了,中性,中性,0.6031756480889885,0.11626217416166135,0.6031756480889885,0.2805621777493501,0.0,0.0,0,0,0,无明显情感,未明确对象,未明确方面,中性,False,
生活区,BV1VvLc6AEGb,小小恋歌是Mongol800的歌 gakki是翻唱,中性,中性,0.7105648845249444,0.11125758714009444,0.7105648845249444,0.17817752833496117,0.0,0.0,0,0,0,无明显情感,未明确对象,未明确方面,中性,False,
生活区,BV1VvLc6AEGb,琉球琉球琉球,中性,中性,0.6489454898443013,0.19774130284806332,0.6489454898443013,0.15331320730763526,0.0,0.0,0,0,0,无明显情感,未明确对象,未明确方面,中性,False,
生活区,BV1VvLc6AEGb,吃不饱,中性,中性,0.6611910207967077,0.1986748257413039,0.6611910207967077,0.14013415346198835,0.0,0.0,0,0,0,无明显情感,未明确对象,未明确方面,中性,False,
生活区,BV1VvLc6AEGb,AW,中性,中性,0.6611910207967077,0.1986748257413039,0.6611910207967077,0.14013415346198835,0.0,0.0,0,0,0,无明显情感,未明确对象,未明确方面,中性,False,
生活区,BV1VvLc6AEGb,okinawa,中性,中性,0.6491597372881667,0.23833593932755318,0.6491597372881667,0.1125043233842802,0.0,0.0,0,0,0,无明显情感,未明确对象,未明确方面,中性,False,
生活区,BV1VvLc6AEGb,普锐斯飞弹,中性,中性,0.6551557411496964,0.19824264537824526,0.6551557411496964,0.14660161347205822,0.0,0.0,0,0,0,无明显情感,未明确对象,未明确方面,中性,False,
生活区,BV1VvLc6AEGb,baori,中性,中性,0.6611910207967077,0.1986748257413039,0.6611910207967077,0.14013415346198835,0.0,0.0,0,0,0,无明显情感,未明确对象,未明确方面,中性,False,
生活区,BV1VvLc6AEGb,收回琉球，必须要开始啊,中性,中性,0.5697189727920767,0.19739502292889485,0.5697189727920767,0.23288600427902836,0.0,0.0,0,0,0,无明显情感,未明确对象,未明确方面,中性,False,
生活区,BV1VvLc6AEGb,就像二战的守岛日军吗？,中性,中性,0.6292158124708181,0.07119693474171487,0.6292158124708181,0.2995872527874669,0.0,0.0,0,0,0,无明显情感,未明确对象,未明确方面,中性,False,
生活区,BV1VvLc6AEGb,适合部门团建或者家庭出游,中性,中性,0.5524961887835395,0.3193982194341166,0.5524961887835395,0.12810559178234396,0.0,0.0,0,0,0,无明显情感,未明确对象,未明确方面,中性,False,
生活区,BV1VvLc6AEGb,凤梨科的应该是菠萝的亲戚,中性,中性,0.8936803130567258,0.051069382704924865,0.8936803130567258,0.05525030423834933,0.0,0.0,0,0,0,无明显情感,未明确对象,未明确方面,中性,False,
生活区,BV1VvLc6AEGb,多少？,中性,中性,0.6143591773644796,0.0936636981243668,0.6143591773644796,0.2919771245111536,0.0,0.0,0,0,0,无明显情感,未明确对象,未明确方面,中性,False,
生活区,BV1VvLc6AEGb,低温慢煮再煎一下,中性,中性,0.8016354256328521,0.08383603963909322,0.8016354256328521,0.11452853472805483,0.0,0.0,0,0,0,无明显情感,未明确对象,未明确方面,中性,False,
生活区,BV1VvLc6AEGb,成吉思汗鸡,中性,中性,0.6551557411496964,0.19824264537824526,0.6551557411496964,0.14660161347205822,0.0,0.0,0,0,0,无明显情感,未明确对象,未明确方面,中性,False,
生活区,BV1VvLc6AEGb,小小恋歌？！！,中性,正面,0.3627359516868553,0.3627359516868553,0.3601283492154076,0.27713569909773705,0.0,0.0,0,0,0,无明显情感,未明确对象,未明确方面,中性,False,
生活区,BV1VvLc6AEGb,新城队员？长胡须版,中性,中性,0.5723107824920994,0.08972788629308857,0.5723107824920994,0.33796133121481187,0.0,0.0,0,0,0,无明显情感,未明确对象,未明确方面,中性,False,
生活区,BV1VvLc6AEGb,绳......绳艺大学？,中性,中性,0.4599795358600082,0.14813374624680936,0.4599795358600082,0.39188671789318247,0.0,0.0,0,0,0,无明显情感,未明确对象,未明确方面,中性,False,
生活区,BV1VvLc6AEGb,这有点广东城中村啊,中性,中性,0.5393080257211925,0.044925398212222196,0.5393080257211925,0.41576657606658524,0.0,0.0,0,0,0,无明显情感,未明确对象,未明确方面,中性,False,
生活区,BV1VvLc6AEGb,这些都能报销？,中性,中性,0.4709000554774202,0.14024954717764065,0.4709000554774202,0.38885039734493915,0.0,0.0,0,0,0,无明显情感,未明确对象,未明确方面,中性,False,
生活区,BV1VvLc6AEGb,等等什么？,中性,中性,0.8259777798876372,0.022638765244376958,0.8259777798876372,0.15138345486798588,0.0,0.0,0,0,0,无明显情感,未明确对象,未明确方面,中性,False,
生活区,BV1VvLc6AEGb,啊？,中性,中性,0.5288011505834446,0.20044940306562856,0.5288011505834446,0.2707494463509269,0.0,0.0,0,0,0,无明显情感,未明确对象,未明确方面,中性,True,0.0
生活区,BV1VvLc6AEGb,已经感觉不像中国人了,中性,中性,0.36797570661456536,0.3029957908528799,0.36797570661456536,0.32902850253255467,0.0,0.0,0,0,0,无明显情感,未明确对象,未明确方面,中性,False,
生活区,BV1VvLc6AEGb,好像太原沾串,中性,中性,0.692629472958858,0.1990089779236478,0.692629472958858,0.1083615491174941,0.0,0.0,0,0,0,无明显情感,未明确对象,未明确方面,中性,False,
生活区,BV1VvLc6AEGb,不是成都人，是卢布董卓人,中性,中性,0.6073971309041691,0.08775200480784276,0.6073971309041691,0.30485086428798824,0.0,0.0,0,0,0,无明显情感,未明确对象,未明确方面,中性,False,
生活区,BV1VvLc6AEGb,发际线危,中性,中性,0.6551557411496964,0.19824264537824526,0.6551557411496964,0.14660161347205822,0.0,0.0,0,0,0,无明显情感,未明确对象,未明确方面,中性,False,
生活区,BV1VvLc6AEGb,万次一线（凡人修仙传）,中性,中性,0.6359914521573379,0.19652315630008527,0.6359914521573379,0.1674853915425768,0.0,0.0,0,0,0,无明显情感,未明确对象,未明确方面,中性,False,
生活区,BV1VvLc6AEGb,成都必吃款,中性,中性,0.6551557411496964,0.19824264537824526,0.6551557411496964,0.14660161347205822,0.0,0.0,0,0,0,无明显情感,未明确对象,未明确方面,中性,False,
生活区,BV1VvLc6AEGb,天啦这么便宜！,中性,中性,0.5548476729272271,0.31639547998798323,0.5548476729272271,0.12875684708478963,0.0,0.0,0,0,0,无明显情感,未明确对象,未明确方面,中性,False,
生活区,BV1VvLc6AEGb,从没见过这么清澈的海,中性,中性,0.6179982194502962,0.15839695376330296,0.6179982194502962,0.2236048267864009,0.0,0.0,0,0,0,无明显情感,未明确对象,未明确方面,中性,False,
生活区,BV1VvLc6AEGb,加什么番茄酱！豆瓣酱才是王道！,中性,中性,0.7627775011531784,0.12454918582916694,0.7627775011531784,0.11267331301765464,0.0,0.0,0,0,0,无明显情感,未明确对象,未明确方面,中性,False,
生活区,BV1VvLc6AEGb,我冲,中性,中性,0.6611910207967077,0.1986748257413039,0.6611910207967077,0.14013415346198835,0.0,0.0,0,0,0,无明显情感,未明确对象,未明确方面,中性,False,
生活区,BV1VvLc6AEGb,霍,中性,中性,0.6611910207967077,0.1986748257413039,0.6611910207967077,0.14013415346198835,0.0,0.0,0,0,0,无明显情感,未明确对象,未明确方面,中性,False,
生活区,BV1VvLc6AEGb,最近刚好在看冲绳妹(喜),中性,中性,0.6242535675353614,0.10884679061886818,0.6242535675353614,0.26689964184577053,0.0,0.0,0,0,0,无明显情感,未明确对象,未明确方面,中性,False,
生活区,BV1VvLc6AEGb,琉球必须要回归,中性,中性,0.5740890756411416,0.2845513471089127,0.5740890756411416,0.14135957724994572,0.0,0.0,0,0,0,无明显情感,未明确对象,未明确方面,中性,False,
生活区,BV1VvLc6AEGb,高木同学？！,中性,负面,0.42290630666511525,0.19076012552371865,0.3863335678111661,0.42290630666511525,0.0,0.0,0,0,0,无明显情感,未明确对象,未明确方面,中性,False,
生活区,BV1VvLc6AEGb,你不是开车吗,中性,中性,0.7766126832431056,0.02386423210050825,0.7766126832431056,0.19952308465638605,0.0,0.0,0,0,0,无明显情感,未明确对象,未明确方面,中性,False,
生活区,BV1VvLc6AEGb,@波士顿圆脸,中性,中性,0.6551557411496964,0.19824264537824526,0.6551557411496964,0.14660161347205822,0.0,0.0,0,0,0,无明显情感,未明确对象,未明确方面,中性,False,
生活区,BV1VvLc6AEGb,那我就是大唐使者视察倭国（doge）,中性,中性,0.6023827014793227,0.11555159973369815,0.6023827014793227,0.2820656987869791,0.0,0.0,0,0,0,无明显情感,未明确对象,未明确方面,中性,False,
生活区,BV1VvLc6AEGb,也可能是陪客户,中性,中性,0.5842941725046912,0.12482856376392787,0.5842941725046912,0.290877263731381,0.0,0.0,0,0,0,无明显情感,未明确对象,未明确方面,中性,False,
生活区,BV1VvLc6AEGb,我举索尼,中性,中性,0.6551557411496964,0.19824264537824526,0.6551557411496964,0.14660161347205822,0.0,0.0,0,0,0,无明显情感,未明确对象,未明确方面,中性,False,
生活区,BV1VvLc6AEGb,龙的屁,中性,中性,0.7586658962998193,0.10926680783034212,0.7586658962998193,0.13206729586983856,0.0,0.0,0,0,0,无明显情感,未明确对象,未明确方面,中性,False,
生活区,BV1VvLc6AEGb,分区嘉豪收收味,中性,中性,0.6425580301311389,0.197168788414866,0.6425580301311389,0.16027318145399508,0.0,0.0,0,0,0,无明显情感,未明确对象,未明确方面,中性,False,
生活区,BV1VvLc6AEGb,核污水,中性,中性,0.6551557411496964,0.19824264537824526,0.6551557411496964,0.14660161347205822,0.0,0.0,0,0,0,无明显情感,未明确对象,未明确方面,中性,False,
生活区,BV1VvLc6AEGb,这也是报销的？,中性,中性,0.43775012215714326,0.1371272427129123,0.43775012215714326,0.4251226351299445,0.0,0.0,0,0,0,无明显情感,未明确对象,未明确方面,中性,False,
生活区,BV1VvLc6AEGb,tkyohot,中性,中性,0.6447676609011647,0.21614146766937287,0.6447676609011647,0.13909087142946258,0.0,0.0,0,0,0,无明显情感,未明确对象,未明确方面,中性,False,
生活区,BV1VvLc6AEGb,我在这里跟鬼子打过仗,中性,中性,0.5609734265142442,0.06397965634080306,0.5609734265142442,0.37504691714495264,0.0,0.0,0,0,0,无明显情感,未明确对象,未明确方面,中性,False,
生活区,BV1VvLc6AEGb,冲绳的潜水吗？好像还真去过,中性,中性,0.5045396229278107,0.11466796155003012,0.5045396229278107,0.38079241552215914,0.0,0.0,0,0,0,无明显情感,未明确对象,未明确方面,中性,False,
生活区,BV1VvLc6AEGb,烤鸡要没喽,中性,中性,0.4696975229870878,0.11452461789339372,0.4696975229870878,0.4157778591195185,0.0,0.0,0,0,0,无明显情感,未明确对象,未明确方面,中性,False,
生活区,BV1VvLc6AEGb,不是琉球，人家现在叫冲绳,中性,中性,0.5726947690866089,0.04852779812867635,0.5726947690866089,0.37877743278471476,0.0,0.0,0,0,0,无明显情感,未明确对象,未明确方面,中性,False,
生活区,BV1VvLc6AEGb,这首歌还是挺难唱的,中性,中性,0.5926885450521339,0.07055480045380744,0.5926885450521339,0.3367566544940588,0.0,0.0,0,0,0,无明显情感,未明确对象,理解与难度,中性,False,
生活区,BV1VvLc6AEGb,用的什么胶水,中性,中性,0.8902885852560193,0.0580742007023847,0.8902885852560193,0.05163721404159612,0.0,0.0,0,0,0,无明显情感,未明确对象,未明确方面,中性,False,
生活区,BV1VvLc6AEGb,哇 咬字好准,中性,中性,0.7065406535244809,0.17703038096434295,0.7065406535244809,0.11642896551117621,0.0,0.0,0,0,0,无明显情感,未明确对象,未明确方面,中性,False,
生活区,BV1VvLc6AEGb,<(ºOº)><(ºOº)>,中性,中性,0.6611910207967077,0.1986748257413039,0.6611910207967077,0.14013415346198835,0.0,0.0,0,0,0,无明显情感,未明确对象,未明确方面,中性,False,
生活区,BV1VvLc6AEGb,冲绳!,中性,中性,0.5586949983990884,0.3198406469223938,0.5586949983990884,0.12146435467851784,0.0,0.0,0,0,0,无明显情感,未明确对象,未明确方面,中性,False,
生活区,BV1VvLc6AEGb,Jerk Chicken说是,中性,中性,0.5132263114516413,0.14092233881413896,0.5132263114516413,0.3458513497342197,0.0,0.0,0,0,0,无明显情感,未明确对象,未明确方面,中性,False,
生活区,BV1VvLc6AEGb,这家是不是来过,中性,中性,0.6149707728068416,0.06853146035676067,0.6149707728068416,0.31649776683639763,0.0,0.0,0,0,0,无明显情感,未明确对象,未明确方面,中性,False,
生活区,BV1VvLc6AEGb,猪肉没有腥味……！神来的,中性,中性,0.4118990066521565,0.18829154609700816,0.4118990066521565,0.39980944725083545,0.0,0.0,0,0,0,无明显情感,未明确对象,未明确方面,中性,False,
生活区,BV1VvLc6AEGb,明年还骗你,中性,中性,0.5453470934795767,0.17501896815414594,0.5453470934795767,0.2796339383662774,0.0,0.0,0,0,0,无明显情感,未明确对象,未明确方面,中性,False,
生活区,BV1VvLc6AEGb,快吐，顺便喂鱼,中性,中性,0.460552318471188,0.207291122100945,0.460552318471188,0.3321565594278669,0.0,0.0,0,0,0,无明显情感,未明确对象,未明确方面,中性,False,
生活区,BV1VvLc6AEGb,可能谈了个大单吧,中性,中性,0.4578507995053389,0.10220610594852017,0.4578507995053389,0.439943094546141,0.0,0.0,0,0,0,无明显情感,未明确对象,未明确方面,中性,False,
生活区,BV1VvLc6AEGb,把秋裤拿来，马飞,中性,正面,0.37137752480652453,0.37137752480652453,0.30204587764708535,0.3265765975463902,0.0,0.0,0,0,0,无明显情感,未明确对象,未明确方面,中性,False,
生活区,BV1VvLc6AEGb,求婚大作战！,中性,中性,0.5847671426729647,0.35668479615058,0.5847671426729647,0.05854806117645537,0.0,0.0,0,0,0,无明显情感,未明确对象,未明确方面,中性,False,
生活区,BV1VvLc6AEGb,琉球嘉豪来了,中性,中性,0.5754143506748485,0.10023987717435141,0.5754143506748485,0.3243457721508002,0.0,0.0,0,0,0,无明显情感,未明确对象,未明确方面,中性,False,
生活区,BV1VvLc6AEGb,德川 faker,中性,中性,0.6551557411496964,0.19824264537824526,0.6551557411496964,0.14660161347205822,0.0,0.0,0,0,0,无明显情感,未明确对象,未明确方面,中性,False,
生活区,BV1VvLc6AEGb,圆脸络腮胡↓,中性,中性,0.6551557411496964,0.19824264537824526,0.6551557411496964,0.14660161347205822,0.0,0.0,0,0,0,无明显情感,未明确对象,未明确方面,中性,False,
生活区,BV1VvLc6AEGb,仔细听还是能听出日本腔,中性,中性,0.5679103598814618,0.12206187926514103,0.5679103598814618,0.3100277608533973,0.0,0.0,0,0,0,无明显情感,未明确对象,未明确方面,中性,False,
生活区,BV1VvLc6AEGb,上链接,中性,正面,0.5354850361474618,0.5354850361474618,0.3629921509578568,0.10152281289468147,0.0,0.0,0,0,0,无明显情感,未明确对象,未明确方面,中性,False,
生活区,BV1VvLc6AEGb,该潮湿还得潮 闷着受不了,中性,中性,0.605803469056547,0.18957352509282252,0.605803469056547,0.20462300585063045,-1.0,-1.0,0,1,0,对象评价,未明确对象,未明确方面,负面,False,
生活区,BV1VvLc6AEGb,仙人掌仙人,中性,中性,0.6551557411496964,0.19824264537824526,0.6551557411496964,0.14660161347205822,0.0,0.0,0,0,0,无明显情感,未明确对象,未明确方面,中性,False,
生活区,BV1VvLc6AEGb,客户临死前,中性,中性,0.6551557411496964,0.19824264537824526,0.6551557411496964,0.14660161347205822,0.0,0.0,0,0,0,无明显情感,未明确对象,未明确方面,中性,False,
生活区,BV1VvLc6AEGb,水晶灯 日式 唉,中性,中性,0.6489454898443013,0.19774130284806332,0.6489454898443013,0.15331320730763526,0.0,0.0,0,0,0,无明显情感,未明确对象,未明确方面,中性,False,
生活区,BV1VvLc6AEGb,这不是琉球吗？,中性,中性,0.6162827228853,0.03285110121160852,0.6162827228853,0.3508661759030914,0.0,0.0,0,0,0,无明显情感,未明确对象,未明确方面,中性,False,
生活区,BV1VvLc6AEGb,琉球自古以来就是中国的,中性,中性,0.8009482487022663,0.053852185948482324,0.8009482487022663,0.14519956534925152,0.0,0.0,0,0,0,无明显情感,未明确对象,未明确方面,中性,False,
生活区,BV1VvLc6AEGb,社长在国内看来是没吃过大猪蹄,中性,中性,0.6309164245834813,0.08202614794929447,0.6309164245834813,0.2870574274672243,0.0,0.0,0,0,0,无明显情感,未明确对象,未明确方面,中性,False,
生活区,BV1VvLc6AEGb,乌龙茶呢,中性,中性,0.5356096650941293,0.10874753121672928,0.5356096650941293,0.3556428036891415,0.0,0.0,0,0,0,无明显情感,未明确对象,未明确方面,中性,False,
生活区,BV1VvLc6AEGb,客户刷到了就让他吔稀去,中性,中性,0.6868611152130452,0.20511029887782117,0.6868611152130452,0.10802858590913368,0.0,0.0,0,0,0,无明显情感,未明确对象,未明确方面,中性,False,
生活区,BV1VvLc6AEGb,人家叫风狮爷,中性,中性,0.6741485911965708,0.11573448140584648,0.6741485911965708,0.2101169273975827,0.0,0.0,0,0,0,无明显情感,未明确对象,未明确方面,中性,False,
生活区,BV1VvLc6AEGb,谁点的可燃乌龙茶,中性,中性,0.4888335265669982,0.09516960066029458,0.4888335265669982,0.41599687277270714,0.0,0.0,0,0,0,无明显情感,未明确对象,未明确方面,中性,False,
生活区,BV1VvLc6AEGb,哇塞～,中性,中性,0.6611910207967077,0.1986748257413039,0.6611910207967077,0.14013415346198835,0.0,0.0,0,0,0,无明显情感,未明确对象,未明确方面,中性,False,
生活区,BV1VvLc6AEGb,雅美碟,中性,中性,0.6551557411496964,0.19824264537824526,0.6551557411496964,0.14660161347205822,0.0,0.0,0,0,0,无明显情感,未明确对象,未明确方面,中性,False,
生活区,BV1VvLc6AEGb,哈？,中性,中性,0.6143591773644796,0.0936636981243668,0.6143591773644796,0.2919771245111536,0.0,0.0,0,0,0,无明显情感,未明确对象,未明确方面,中性,False,
生活区,BV1VvLc6AEGb,Brian同款,中性,中性,0.6551557411496964,0.19824264537824526,0.6551557411496964,0.14660161347205822,0.0,0.0,0,0,0,无明显情感,未明确对象,未明确方面,中性,False,
生活区,BV1VvLc6AEGb,烤糊了呀。,中性,中性,0.39858258123569135,0.35306381525418423,0.39858258123569135,0.24835360351012445,0.0,0.0,0,0,0,无明显情感,未明确对象,未明确方面,中性,False,
生活区,BV1VvLc6AEGb,打窝,中性,中性,0.6611910207967077,0.1986748257413039,0.6611910207967077,0.14013415346198835,0.0,0.0,0,0,0,无明显情感,未明确对象,未明确方面,中性,False,
生活区,BV1VvLc6AEGb,海狗丸,中性,中性,0.6551557411496964,0.19824264537824526,0.6551557411496964,0.14660161347205822,0.0,0.0,0,0,0,无明显情感,未明确对象,未明确方面,中性,False,
生活区,BV1VvLc6AEGb,被日本人侵占的时候杀光了。,中性,中性,0.6372988620588976,0.17430079872257737,0.6372988620588976,0.18840033921852486,0.0,0.0,0,0,0,无明显情感,未明确对象,未明确方面,中性,False,
生活区,BV1VvLc6AEGb,冲绳尼玛这是琉球,中性,中性,0.8412838210049379,0.0876941990676949,0.8412838210049379,0.07102197992736711,0.0,0.0,0,0,0,无明显情感,未明确对象,未明确方面,中性,False,
生活区,BV1VvLc6AEGb,yui,中性,中性,0.6611910207967077,0.1986748257413039,0.6611910207967077,0.14013415346198835,0.0,0.0,0,0,0,无明显情感,未明确对象,未明确方面,中性,False,
生活区,BV1VvLc6AEGb,byd是日本人,中性,中性,0.8342882972560941,0.1017128257561577,0.8342882972560941,0.0639988769877481,0.0,0.0,0,0,0,无明显情感,未明确对象,未明确方面,中性,False,
生活区,BV1VvLc6AEGb,校长立的,中性,中性,0.7586658962998193,0.10926680783034212,0.7586658962998193,0.13206729586983856,0.0,0.0,0,0,0,无明显情感,未明确对象,未明确方面,中性,False,
生活区,BV1VvLc6AEGb,这啤酒有点苦,中性,中性,0.8016890490646182,0.03580976287045557,0.8016890490646182,0.16250118806492622,0.0,0.0,0,0,0,无明显情感,未明确对象,未明确方面,中性,False,
生活区,BV1VvLc6AEGb,！！！,中性,正面,0.5276722503658986,0.5276722503658986,0.20748148208773637,0.2648462675463651,0.0,0.0,0,0,0,无明显情感,未明确对象,未明确方面,中性,True,0.0
生活区,BV1VvLc6AEGb,冲绳是琉球没错，同时也是日本,中性,中性,0.4488404910689442,0.32227201519913057,0.4488404910689442,0.22888749373192516,0.0,0.0,0,0,0,无明显情感,未明确对象,未明确方面,中性,False,
生活区,BV1VvLc6AEGb,这是瓦猫,中性,中性,0.5836633181256246,0.06629075445849267,0.5836633181256246,0.3500459274158828,0.0,0.0,0,0,0,无明显情感,未明确对象,未明确方面,中性,False,
生活区,BV1VvLc6AEGb,仿中国喝完一杯还有3杯,中性,中性,0.7294272834794161,0.15006665730389263,0.7294272834794161,0.12050605921669129,0.0,0.0,0,0,0,无明显情感,未明确对象,未明确方面,中性,False,
生活区,BV1VvLc6AEGb,嘉手纳的美军,中性,中性,0.7586658962998193,0.10926680783034212,0.7586658962998193,0.13206729586983856,0.0,0.0,0,0,0,无明显情感,未明确对象,未明确方面,中性,False,
生活区,BV1VvLc6AEGb,冲绳？有萝莉岛吗,中性,中性,0.7818936268880816,0.038820423430529404,0.7818936268880816,0.17928594968138906,0.0,0.0,0,0,0,无明显情感,未明确对象,未明确方面,中性,False,
生活区,BV1VvLc6AEGb,哟西,中性,中性,0.6551557411496964,0.19824264537824526,0.6551557411496964,0.14660161347205822,0.0,0.0,0,0,0,无明显情感,未明确对象,未明确方面,中性,False,
生活区,BV1VvLc6AEGb,gaki老家听gaki的歌,中性,中性,0.48110257858262795,0.2394246142046924,0.48110257858262795,0.2794728072126796,0.0,0.0,0,0,0,无明显情感,未明确对象,未明确方面,中性,False,
生活区,BV1VvLc6AEGb,去过阿嘉岛 岛上有野鹿的。,中性,中性,0.6170782181740252,0.11119687010247488,0.6170782181740252,0.2717249117235,0.0,0.0,0,0,0,无明显情感,未明确对象,未明确方面,中性,False,
生活区,BV1VvLc6AEGb,传下去，社长下海了doge,中性,中性,0.5235271846316001,0.19143344329226825,0.5235271846316001,0.2850393720761316,0.0,0.0,0,0,0,无明显情感,未明确对象,未明确方面,中性,False,
生活区,BV1VvLc6AEGb,小鸟航空吧,中性,中性,0.666182050941585,0.1319819874110866,0.666182050941585,0.2018359616473284,0.0,0.0,0,0,0,无明显情感,未明确对象,未明确方面,中性,False,
生活区,BV1VvLc6AEGb,卧槽老张,中性,中性,0.6551557411496964,0.19824264537824526,0.6551557411496964,0.14660161347205822,0.0,0.0,0,0,0,无明显情感,未明确对象,未明确方面,中性,False,
生活区,BV1VvLc6AEGb,发际线撤退中,中性,中性,0.7404735320484708,0.12496183744920634,0.7404735320484708,0.13456463050232295,0.0,0.0,0,0,0,无明显情感,未明确对象,未明确方面,中性,False,
生活区,BV1VvLc6AEGb,冲绳的战斗机起飞基本就是去监视解放军飞机的。,中性,中性,0.8086966229585476,0.07658862794826234,0.8086966229585476,0.11471474909318993,0.0,0.0,0,0,0,无明显情感,未明确对象,未明确方面,中性,False,
生活区,BV1VvLc6AEGb,海海海跳戏别腹,中性,中性,0.6425580301311389,0.197168788414866,0.6425580301311389,0.16027318145399508,0.0,0.0,0,0,0,无明显情感,未明确对象,未明确方面,中性,False,
生活区,BV1VvLc6AEGb,琉球就这么被占的死死的,中性,中性,0.5371958675888449,0.13572482482139656,0.5371958675888449,0.32707930758975845,0.0,0.0,0,0,0,无明显情感,未明确对象,未明确方面,中性,False,
生活区,BV1VvLc6AEGb,天 乍一看 还以为是周野芒,中性,中性,0.6893811805035757,0.11816797827140048,0.6893811805035757,0.19245084122502398,0.0,0.0,0,0,0,无明显情感,未明确对象,未明确方面,中性,False,
生活区,BV1VvLc6AEGb,社长可能有男朋友帮他开车,中性,中性,0.5482260469713556,0.21104166306419608,0.5482260469713556,0.24073228996444843,0.0,0.0,0,0,0,无明显情感,未明确对象,未明确方面,中性,False,
生活区,BV1VvLc6AEGb,还有海臀,中性,中性,0.7725283957207509,0.15025154573381017,0.7725283957207509,0.07722005854543887,0.0,0.0,0,0,0,无明显情感,未明确对象,未明确方面,中性,False,
生活区,BV1VvLc6AEGb,琉球不是中国的,中性,中性,0.646907951518946,0.040723431497087306,0.646907951518946,0.31236861698396673,0.0,0.0,0,0,0,无明显情感,未明确对象,未明确方面,中性,False,
生活区,BV1VvLc6AEGb,期待清算和琉球独立的那一天,中性,中性,0.6538242580980291,0.1605255159157645,0.6538242580980291,0.18565022598620634,0.0,0.0,0,0,0,无明显情感,未明确对象,未明确方面,中性,False,
生活区,BV1VvLc6AEGb,首里城,中性,中性,0.6611910207967077,0.1986748257413039,0.6611910207967077,0.14013415346198835,0.0,0.0,0,0,0,无明显情感,未明确对象,未明确方面,中性,False,
生活区,BV1VvLc6AEGb,小姐姐very呦西,中性,中性,0.6425580301311389,0.197168788414866,0.6425580301311389,0.16027318145399508,0.0,0.0,0,0,0,无明显情感,未明确对象,未明确方面,中性,False,
生活区,BV1VvLc6AEGb,太高怕台风吧？,中性,中性,0.5414242208281168,0.07315390470313747,0.5414242208281168,0.3854218744687457,0.0,0.0,0,0,0,无明显情感,未明确对象,未明确方面,中性,False,
生活区,BV1VvLc6AEGb,好喝,中性,中性,0.6611910207967077,0.1986748257413039,0.6611910207967077,0.14013415346198835,0.0,0.0,0,0,0,无明显情感,未明确对象,未明确方面,中性,False,
生活区,BV1VvLc6AEGb,最绝的还是烤鸡配泰式辣酱,中性,中性,0.7617734687881224,0.07795417239124641,0.7617734687881224,0.1602723588206314,0.0,0.0,0,0,0,无明显情感,未明确对象,未明确方面,中性,False,
生活区,BV1VvLc6AEGb,打窝打窝,中性,中性,0.6551557411496964,0.19824264537824526,0.6551557411496964,0.14660161347205822,0.0,0.0,0,0,0,无明显情感,未明确对象,未明确方面,中性,False,
生活区,BV1VvLc6AEGb,吃个浦西,中性,中性,0.6551557411496964,0.19824264537824526,0.6551557411496964,0.14660161347205822,0.0,0.0,0,0,0,无明显情感,未明确对象,未明确方面,中性,False,
生活区,BV1VvLc6AEGb,冲绳是琉球一个地区,中性,中性,0.617103234717173,0.13552280067667113,0.617103234717173,0.2473739646061559,0.0,0.0,0,0,0,无明显情感,未明确对象,未明确方面,中性,False,
生活区,BV1VvLc6AEGb,就是琉球,中性,中性,0.7767049026103949,0.07228143662674774,0.7767049026103949,0.15101366076285735,0.0,0.0,0,0,0,无明显情感,未明确对象,未明确方面,中性,False,
生活区,BV1VvLc6AEGb,冲绳啤酒有点上头的,中性,中性,0.7806582048452166,0.16245782756120097,0.7806582048452166,0.05688396759358247,0.8,0.8,1,0,0,对象评价,未明确对象,未明确方面,正面,False,
