partition,bvid,text,pred_label,pred_raw_label,model_confidence,prob_positive,prob_neutral,prob_negative,lexicon_score,discourse_score,pos_cnt,neg_cnt,is_mixed_sentiment,sentiment_type,sentiment_target,sentiment_aspect,aspect_sentiment,manual_override,manual_label
知识区,BV1zrGi6PE9B,“我们该怎么告别呢？”“像当初见面那样”,中性,中性,0.5569710567409224,0.07771477334959374,0.5569710567409224,0.3653141699094838,0.0,0.0,0,0,0,无明显情感,未明确对象,未明确方面,中性,False,
知识区,BV1zrGi6PE9B,“当一个故事结束的时候，我们总会想起它们的开始”,中性,中性,0.7853399476729161,0.12041587763699654,0.7853399476729161,0.09424417469008727,0.0,0.0,0,0,0,无明显情感,未明确对象,未明确方面,中性,False,
知识区,BV1zrGi6PE9B,——开启高三副本——,中性,中性,0.7053943976275735,0.15210893050575955,0.7053943976275735,0.1424966718666668,0.0,0.0,0,0,0,无明显情感,未明确对象,未明确方面,中性,False,
知识区,BV1zrGi6PE9B,所有高三的少年们 人生才正式开始,中性,中性,0.49056604453889385,0.42921410957301126,0.49056604453889385,0.08021984588809505,0.0,0.0,0,0,0,无明显情感,未明确对象,未明确方面,中性,False,
知识区,BV1zrGi6PE9B,潘塔罗涅and多托雷,中性,中性,0.6146384458709807,0.20880317514749888,0.6146384458709807,0.17655837898152044,0.0,0.0,0,0,0,无明显情感,未明确对象,未明确方面,中性,False,
知识区,BV1zrGi6PE9B,感我此言良久立，却坐促弦弦转急,中性,中性,0.7571976583440071,0.15312343232013603,0.7571976583440071,0.08967890933585673,0.0,0.0,0,0,0,无明显情感,未明确对象,未明确方面,中性,True,0.0
知识区,BV1zrGi6PE9B,乐观  ：）    不乐观   ：（,中性,中性,0.7149610509599057,0.13751676851399694,0.7149610509599057,0.14752218052609734,0.0,0.0,1,1,1,对象评价,未明确对象,未明确方面,混合,True,0.0
知识区,BV1zrGi6PE9B,顺反异构,中性,中性,0.6550661232038483,0.19469238640714742,0.6550661232038483,0.15024149038900445,0.0,0.0,0,0,0,无明显情感,未明确对象,未明确方面,中性,False,
知识区,BV1zrGi6PE9B,坏宝宝，幸运宝宝，倒霉宝宝，自律宝宝,中性,中性,0.6045969242316213,0.17271026203330564,0.6045969242316213,0.2226928137350731,-1.0,-1.0,0,1,0,对象评价,未明确对象,未明确方面,负面,True,0.0
知识区,BV1zrGi6PE9B,明年的这个时候，就准备高考了,中性,中性,0.7355402668279746,0.15789590435674442,0.7355402668279746,0.10656382881528081,0.0,0.0,0,0,0,无明显情感,未明确对象,未明确方面,中性,True,0.0
知识区,BV1zrGi6PE9B,上海考生笑了,中性,中性,0.6857692838637379,0.1653099630969255,0.6857692838637379,0.14892075303933666,0.0,0.0,0,0,0,无明显情感,未明确对象,未明确方面,中性,True,0.0
知识区,BV1zrGi6PE9B,文长可敢担太守之责  蜀道艰险 粮草如何运送,中性,中性,0.5611348126056719,0.22529498516587215,0.5611348126056719,0.21357020222845585,0.0,0.0,0,0,0,无明显情感,未明确对象,未明确方面,中性,False,
知识区,BV1zrGi6PE9B,胃炎？魏延！蜀道艰险...,中性,中性,0.6959543539987216,0.17465219185353623,0.6959543539987216,0.12939345414774223,0.0,0.0,0,0,0,无明显情感,未明确对象,未明确方面,中性,True,0.0
知识区,BV1zrGi6PE9B,高考题杀队数柱最新力作,中性,中性,0.5714426723482272,0.31645927224912485,0.5714426723482272,0.1120980554026479,0.0,0.0,0,0,0,无明显情感,未明确对象,未明确方面,中性,False,
知识区,BV1zrGi6PE9B,再见了，所有的高中战士们！！,中性,中性,0.5839320279773674,0.26885015899335624,0.5839320279773674,0.14721781302927628,0.0,0.0,0,0,0,无明显情感,未明确对象,未明确方面,中性,False,
知识区,BV1zrGi6PE9B,“坏宝宝”（doge）,中性,中性,0.8185035268151177,0.14780521967139082,0.8185035268151177,0.03369125351349143,0.0,0.0,0,0,0,无明显情感,未明确对象,未明确方面,中性,False,
知识区,BV1zrGi6PE9B,鬼灭之刃,中性,中性,0.6451858296357182,0.19827229583734654,0.6451858296357182,0.15654187452693533,0.0,0.0,0,0,0,无明显情感,未明确对象,未明确方面,中性,False,
知识区,BV1zrGi6PE9B,巴黎圣日耳曼击败阿森纳卫冕欧冠时期打卡,中性,中性,0.7283685326223667,0.18747047670771227,0.7283685326223667,0.08416099066992112,0.0,0.0,0,0,0,无明显情感,未明确对象,未明确方面,中性,False,
知识区,BV1zrGi6PE9B,因为括号内是加减运算，只要任意乘号链接的两个数*10就是最后扩大的倍数,中性,中性,0.8768065792031586,0.07118718197477474,0.8768065792031586,0.05200623882206661,0.0,0.0,0,0,0,无明显情感,未明确对象,未明确方面,中性,False,
知识区,BV1zrGi6PE9B,“以上就是高中数学全部内容”,中性,中性,0.7078061881178159,0.11891466611756951,0.7078061881178159,0.17327914576461462,0.0,0.0,0,0,0,无明显情感,课程内容,未明确方面,中性,False,
知识区,BV1zrGi6PE9B,以上就是高中数学全部内容！！！！！！！！,中性,中性,0.44474648789371096,0.26411658284629236,0.44474648789371096,0.2911369292599967,0.0,0.0,0,0,0,无明显情感,课程内容,未明确方面,中性,True,0.0
知识区,BV1zrGi6PE9B,我之前不敢相信这就是最后一课,中性,中性,0.671415199132003,0.18675265102755637,0.671415199132003,0.1418321498404407,0.0,0.0,0,0,0,无明显情感,未明确对象,未明确方面,中性,False,
知识区,BV1zrGi6PE9B,27年高考生在此祝26年高考的学长学姐 也祝一年后的自己金榜题名！,中性,中性,0.5082273230811296,0.4312767764746635,0.5082273230811296,0.06049590044420691,0.0,0.0,0,0,0,无明显情感,未明确对象,未明确方面,中性,False,
知识区,BV1zrGi6PE9B,高考将是与数学的最后一支舞,中性,中性,0.6649760889421935,0.23719263030740112,0.6649760889421935,0.09783128075040538,0.0,0.0,0,0,0,无明显情感,课程内容,未明确方面,中性,False,
知识区,BV1zrGi6PE9B,【最后一课】,中性,中性,0.7612165219526454,0.12227969329689212,0.7612165219526454,0.11650378475046246,0.0,0.0,0,0,0,无明显情感,未明确对象,未明确方面,中性,True,0.0
知识区,BV1zrGi6PE9B,大合集真的结束了？我是真的从头看到尾看了,中性,中性,0.65673928917305,0.03349570186453685,0.65673928917305,0.3097650089624131,0.0,0.0,0,0,0,无明显情感,未明确对象,未明确方面,中性,False,
知识区,BV1zrGi6PE9B,学过英语的小猪老师（,中性,中性,0.6107360986201398,0.16272522737006884,0.6107360986201398,0.22653867400979139,0.0,0.0,0,0,0,无明显情感,讲解者,未明确方面,中性,True,0.0
知识区,BV1zrGi6PE9B,六天后考试，今晚在91最后一舞,中性,中性,0.7775463864802801,0.0457835111406288,0.7775463864802801,0.17667010237909112,0.0,0.0,0,0,0,无明显情感,未明确对象,未明确方面,中性,False,
知识区,BV1zrGi6PE9B,再见了，所有的高中战士,中性,中性,0.7130646608923445,0.14408668730431926,0.7130646608923445,0.14284865180333625,0.0,0.0,0,0,0,无明显情感,未明确对象,未明确方面,中性,True,0.0
知识区,BV1zrGi6PE9B,27北大等我,中性,中性,0.5302699656343502,0.40042730720396147,0.5302699656343502,0.06930272716168837,0.0,0.0,0,0,0,无明显情感,未明确对象,未明确方面,中性,False,
知识区,BV1zrGi6PE9B,距离高考11天,中性,中性,0.6412974611970512,0.2902284718744646,0.6412974611970512,0.06847406692848425,0.0,0.0,0,0,0,无明显情感,未明确对象,未明确方面,中性,False,
知识区,BV1zrGi6PE9B,说实话我有点晕,中性,中性,0.8936979912854895,0.06186818528255405,0.8936979912854895,0.04443382343195637,0.0,0.0,0,0,0,无明显情感,未明确对象,未明确方面,中性,False,
知识区,BV1zrGi6PE9B,传一英儿！（doge,中性,中性,0.7336411905706122,0.25306467150998885,0.7336411905706122,0.013294137919399126,0.0,0.0,0,0,0,无明显情感,未明确对象,未明确方面,中性,False,
知识区,BV1zrGi6PE9B,再见了所有的高三战士,中性,中性,0.7067748250372557,0.12313261222799979,0.7067748250372557,0.17009256273474446,0.0,0.0,0,0,0,无明显情感,未明确对象,未明确方面,中性,True,0.0
知识区,BV1zrGi6PE9B,然而到了明年，夏天还会再度来临。,中性,中性,0.6112826327703051,0.21141648307048325,0.6112826327703051,0.17730088415921166,0.0,0.0,0,0,0,无明显情感,未明确对象,未明确方面,中性,True,0.0
知识区,BV1zrGi6PE9B,乐观：嘻嘻  不乐观：不嘻嘻,中性,中性,0.7551196247722112,0.1208755612262581,0.7551196247722112,0.12400481400153074,0.0,0.0,1,1,1,对象评价,未明确对象,未明确方面,混合,True,0.0
知识区,BV1zrGi6PE9B,姥姥和奶奶买菜去了（,中性,中性,0.4718967506778547,0.2968101930696377,0.4718967506778547,0.2312930562525076,0.0,0.0,0,0,0,无明显情感,未明确对象,未明确方面,中性,True,0.0
知识区,BV1zrGi6PE9B,枯阅99,中性,中性,0.839128661578179,0.09269697587415487,0.839128661578179,0.0681743625476661,0.0,0.0,0,0,0,无明显情感,未明确对象,未明确方面,中性,False,
知识区,BV1zrGi6PE9B,高三生在此表示，公式绝对会给,中性,中性,0.8548475894784492,0.06812732647767997,0.8548475894784492,0.07702508404387091,0.0,0.0,0,0,0,无明显情感,课程内容,未明确方面,中性,False,
知识区,BV1zrGi6PE9B,等高堆积条形图,中性,中性,0.6092883027368313,0.30202723735830295,0.6092883027368313,0.08868445990486565,0.0,0.0,0,0,0,无明显情感,未明确对象,未明确方面,中性,False,
知识区,BV1zrGi6PE9B,2026年5月24日8:58已通关绝密高中数学,中性,中性,0.4342308484278457,0.41227852475149224,0.4342308484278457,0.1534906268206621,0.0,0.0,0,0,0,无明显情感,课程内容,未明确方面,中性,False,
知识区,BV1zrGi6PE9B,《 化 学 与 生 活 》,中性,中性,0.6604660361784457,0.24070531214449387,0.6604660361784457,0.09882865167706045,0.0,0.0,0,0,0,无明显情感,未明确对象,未明确方面,中性,False,
知识区,BV1zrGi6PE9B,2027届高考生享福了,中性,中性,0.6909398383194545,0.22896045281282737,0.6909398383194545,0.08009970886771811,0.0,0.0,0,0,0,无明显情感,未明确对象,未明确方面,中性,False,
知识区,BV1zrGi6PE9B,明天高考,中性,中性,0.5224188726345399,0.40840157351713813,0.5224188726345399,0.06917955384832196,0.0,0.0,0,0,0,无明显情感,未明确对象,未明确方面,中性,False,
知识区,BV1zrGi6PE9B,故事，完篇于初遇之时,中性,中性,0.6348859091389456,0.15982701169616764,0.6348859091389456,0.20528707916488664,0.0,0.0,0,0,0,无明显情感,未明确对象,未明确方面,中性,True,0.0
知识区,BV1zrGi6PE9B,雷霆被马刺淘汰了,中性,中性,0.7583926859587239,0.10397707029728545,0.7583926859587239,0.1376302437439907,0.0,0.0,0,0,0,无明显情感,未明确对象,未明确方面,中性,False,
知识区,BV1zrGi6PE9B,WE SHALL NEVEL SURRENDER ! ! !,中性,中性,0.680225410572057,0.20475045478063994,0.680225410572057,0.115024134647303,0.0,0.0,0,0,0,无明显情感,未明确对象,未明确方面,中性,False,
知识区,BV1zrGi6PE9B,感觉还有10天考试很肥美。天天上自习现在,中性,中性,0.38939705402070635,0.22803960075443178,0.38939705402070635,0.3825633452248619,0.0,0.0,0,0,0,无明显情感,未明确对象,未明确方面,中性,False,
知识区,BV1zrGi6PE9B,2026年5月26日11:33，学完了高中数学，距离高考还有377天,中性,中性,0.705563538609289,0.1556572243696403,0.705563538609289,0.13877923702107073,-1.0,-1.0,0,1,0,对象评价,课程内容,未明确方面,负面,True,0.0
知识区,BV1zrGi6PE9B,祝贺c罗赢得沙特联冠军,中性,中性,0.7661757220050147,0.12967300865492487,0.7661757220050147,0.10415126934006033,0.0,0.0,0,0,0,无明显情感,未明确对象,比赛表现,中性,False,
知识区,BV1zrGi6PE9B,哈登，你今天又迷失了自己,中性,中性,0.4617038918823806,0.34055948674559966,0.4617038918823806,0.19773662137201975,0.0,0.0,0,0,0,无明显情感,未明确对象,未明确方面,中性,False,
知识区,BV1zrGi6PE9B,咩埃~,中性,中性,0.6451858296357182,0.19827229583734654,0.6451858296357182,0.15654187452693533,0.0,0.0,0,0,0,无明显情感,未明确对象,未明确方面,中性,False,
知识区,BV1zrGi6PE9B,为什么十和十六不乘十啊,中性,中性,0.8023455308679193,0.02697161667140562,0.8023455308679193,0.1706828524606751,0.0,0.0,0,0,0,无明显情感,未明确对象,未明确方面,中性,False,
知识区,BV1zrGi6PE9B,高考大捷,中性,中性,0.6148318845928744,0.3355930541889633,0.6148318845928744,0.0495750612181622,0.0,0.0,0,0,0,无明显情感,未明确对象,未明确方面,中性,False,
知识区,BV1zrGi6PE9B,样本空间越大越趋于准确,中性,正面,0.48171597275841094,0.48171597275841094,0.35631139435520615,0.161972632886383,1.0,1.0,1,0,0,对象评价,未明确对象,未明确方面,正面,True,0.0
知识区,BV1zrGi6PE9B,小炭火打卡,中性,中性,0.791473070175973,0.16130015222683633,0.791473070175973,0.04722677759719059,0.0,0.0,0,0,0,无明显情感,未明确对象,未明确方面,中性,False,
知识区,BV1zrGi6PE9B,厦门一中泽雅ααααα,中性,中性,0.6351502869512382,0.20182134718609102,0.6351502869512382,0.16302836586267086,0.0,0.0,0,0,0,无明显情感,未明确对象,未明确方面,中性,False,
知识区,BV1zrGi6PE9B,我叫方钰程 来自苏州大学实验学校,中性,中性,0.7360185264897028,0.12767880632300108,0.7360185264897028,0.13630266718729606,0.0,0.0,0,0,0,无明显情感,未明确对象,未明确方面,中性,True,0.0
知识区,BV1zrGi6PE9B,2026年5月31日 01:18:05,中性,中性,0.7755132352879996,0.13925194330968027,0.7755132352879996,0.08523482140232011,0.0,0.0,0,0,0,无明显情感,未明确对象,未明确方面,中性,False,
知识区,BV1zrGi6PE9B,同是2027届考生,中性,中性,0.6664869344987143,0.2267791542430294,0.6664869344987143,0.10673391125825636,0.0,0.0,0,0,0,无明显情感,未明确对象,未明确方面,中性,True,0.0
知识区,BV1zrGi6PE9B,我的准高三 我来了,中性,中性,0.6429466754494207,0.26080380908286055,0.6429466754494207,0.09624951546771886,0.0,0.0,0,0,0,无明显情感,未明确对象,未明确方面,中性,False,
知识区,BV1zrGi6PE9B,还记得700卡方吗？,中性,中性,0.6385805675146081,0.18287677045904238,0.6385805675146081,0.17854266202634958,0.0,0.0,0,0,0,无明显情感,未明确对象,未明确方面,中性,False,
知识区,BV1zrGi6PE9B,林则徐,中性,中性,0.6550661232038483,0.19469238640714742,0.6550661232038483,0.15024149038900445,0.0,0.0,0,0,0,无明显情感,未明确对象,未明确方面,中性,False,
知识区,BV1zrGi6PE9B,最后半个月能从110到130吗,中性,中性,0.8884434772945234,0.012881208446493899,0.8884434772945234,0.09867531425898247,0.0,0.0,0,0,0,无明显情感,未明确对象,未明确方面,中性,False,
知识区,BV1zrGi6PE9B,愿君归来依旧,中性,中性,0.6351502869512382,0.20182134718609102,0.6351502869512382,0.16302836586267086,0.0,0.0,0,0,0,无明显情感,未明确对象,未明确方面,中性,False,
知识区,BV1zrGi6PE9B,510+,中性,中性,0.8238276653254748,0.07960386132038638,0.8238276653254748,0.09656847335413873,0.0,0.0,0,0,0,无明显情感,未明确对象,未明确方面,中性,False,
知识区,BV1zrGi6PE9B,倒霉宝宝和正常宝宝,中性,中性,0.5672693167284233,0.1090240519612023,0.5672693167284233,0.32370663131037436,-1.0,-1.0,0,1,0,对象评价,未明确对象,未明确方面,负面,True,0.0
知识区,BV1zrGi6PE9B,当你看完了它，你会变成数学的小哈,中性,中性,0.5342636702914881,0.34591764941073555,0.5342636702914881,0.11981868029777627,-1.0,-1.0,0,1,0,对象评价,课程内容,未明确方面,负面,True,0.0
知识区,BV1zrGi6PE9B,会给公式的，但最好背一背，小题有可能不给,中性,中性,0.5088880893970046,0.0723580379773685,0.5088880893970046,0.41875387262562697,0.0,0.0,0,0,0,无明显情感,课程内容,未明确方面,中性,False,
知识区,BV1zrGi6PE9B,去年的700。。。,中性,中性,0.47632962213673313,0.1887948528880509,0.47632962213673313,0.3348755249752159,0.0,0.0,0,0,0,无明显情感,未明确对象,未明确方面,中性,False,
知识区,BV1zrGi6PE9B,为什么10 16不乘10,中性,中性,0.804523462752357,0.04866786694689427,0.804523462752357,0.14680867030074876,0.0,0.0,0,0,0,无明显情感,未明确对象,未明确方面,中性,False,
知识区,BV1zrGi6PE9B,那么以上就是高中数学的全部内容,中性,中性,0.6176822999742217,0.17205726106713753,0.6176822999742217,0.2102604389586407,0.0,0.0,0,0,0,无明显情感,课程内容,未明确方面,中性,False,
知识区,BV1zrGi6PE9B,需要有个印象，大概上面是什么下面是什么，有些选择题考就不给公式,中性,中性,0.5978883974284968,0.1246318977426951,0.5978883974284968,0.2774797048288081,0.0,0.0,0,0,0,无明显情感,课程内容,未明确方面,中性,False,
知识区,BV1zrGi6PE9B,最后一课了,中性,中性,0.7623875469030398,0.12076900696217076,0.7623875469030398,0.11684344613478942,0.0,0.0,0,0,0,无明显情感,未明确对象,未明确方面,中性,False,
知识区,BV1zrGi6PE9B,鬼灭之刃！,中性,中性,0.5562790205387397,0.41619302029202804,0.5562790205387397,0.02752795916923221,0.0,0.0,0,0,0,无明显情感,未明确对象,未明确方面,中性,False,
知识区,BV1zrGi6PE9B,凯文杜兰特打卡,中性,中性,0.7662916960297627,0.16688176819414927,0.7662916960297627,0.06682653577608799,0.0,0.0,0,0,0,无明显情感,未明确对象,未明确方面,中性,False,
知识区,BV1zrGi6PE9B,凯里欧文打卡,中性,中性,0.7662916960297627,0.16688176819414927,0.7662916960297627,0.06682653577608799,0.0,0.0,0,0,0,无明显情感,未明确对象,未明确方面,中性,False,
知识区,BV1zrGi6PE9B,大一来看的纯属闲的,中性,中性,0.61284732385018,0.19704785735380065,0.61284732385018,0.19010481879601926,0.0,0.0,0,0,0,无明显情感,未明确对象,未明确方面,中性,True,0.0
知识区,BV1zrGi6PE9B,you are welcome,中性,中性,0.7778824434360282,0.11366591911417426,0.7778824434360282,0.10845163744979744,0.0,0.0,0,0,0,无明显情感,未明确对象,未明确方面,中性,False,
知识区,BV1zrGi6PE9B,“懂里瑞”,中性,中性,0.6550661232038483,0.19469238640714742,0.6550661232038483,0.15024149038900445,0.0,0.0,0,0,0,无明显情感,未明确对象,未明确方面,中性,False,
知识区,BV1zrGi6PE9B,前途似锦,中性,中性,0.6451858296357182,0.19827229583734654,0.6451858296357182,0.15654187452693533,0.0,0.0,0,0,0,无明显情感,未明确对象,未明确方面,中性,False,
知识区,BV1zrGi6PE9B,头格见证历史,中性,中性,0.6351502869512382,0.20182134718609102,0.6351502869512382,0.16302836586267086,0.0,0.0,0,0,0,无明显情感,未明确对象,未明确方面,中性,False,
知识区,BV1zrGi6PE9B,是胃炎,中性,中性,0.6657569061362043,0.11088083999294046,0.6657569061362043,0.22336225387085518,0.0,0.0,0,0,0,无明显情感,未明确对象,未明确方面,中性,False,
知识区,BV1zrGi6PE9B,这卡方都接近1万了,中性,中性,0.8033003560301795,0.0694114293474987,0.8033003560301795,0.12728821462232184,0.0,0.0,0,0,0,无明显情感,未明确对象,未明确方面,中性,False,
知识区,BV1zrGi6PE9B,有人推荐接下来应该看什么合集吗,中性,中性,0.7628367341087153,0.2025030208157424,0.7628367341087153,0.03466024507554223,1.0,1.0,1,0,0,对象评价+立场,未明确对象,未明确方面,正面,True,0.0
知识区,BV1zrGi6PE9B,大合集更完了，我们吃什么,中性,中性,0.7039169040949441,0.15439315524575997,0.7039169040949441,0.14168994065929588,-1.0,-1.0,0,1,0,对象评价,未明确对象,未明确方面,负面,True,0.0
知识区,BV1zrGi6PE9B,神奇姥姥,中性,中性,0.6637345630452046,0.20470671731550938,0.6637345630452046,0.131558719639286,0.0,0.0,0,0,0,无明显情感,未明确对象,未明确方面,中性,True,0.0
知识区,BV1zrGi6PE9B,明天就高考了,中性,中性,0.4952370877713959,0.4240734585030842,0.4952370877713959,0.08068945372551997,0.0,0.0,0,0,0,无明显情感,未明确对象,未明确方面,中性,False,
知识区,BV1zrGi6PE9B,并非全部，因为还有有着无限可能的你，一数,中性,中性,0.8356093960169565,0.08183403994391214,0.8356093960169565,0.0825565640391314,0.0,0.0,0,0,0,无明显情感,未明确对象,未明确方面,中性,False,
知识区,BV1zrGi6PE9B,最后一个星期了，兄弟们,中性,中性,0.5858840878432311,0.20005653436840515,0.5858840878432311,0.21405937778836379,0.0,0.0,0,0,0,无明显情感,未明确对象,未明确方面,中性,True,0.0
知识区,BV1zrGi6PE9B,这个cd判断学过政治的可以用换质法看看,中性,中性,0.8226719020888631,0.1085116666413474,0.8226719020888631,0.06881643126978955,1.0,1.0,1,0,0,对象评价,未明确对象,未明确方面,正面,True,0.0
知识区,BV1zrGi6PE9B,盛夏过后，18岁正式开始,中性,中性,0.6862954182066195,0.24194793958611294,0.6862954182066195,0.07175664220726763,0.0,0.0,0,0,0,无明显情感,未明确对象,未明确方面,中性,False,
知识区,BV1zrGi6PE9B,吓哭了,中性,中性,0.42905846878998494,0.17119626136322136,0.42905846878998494,0.3997452698467937,-1.0,-1.0,0,1,0,对象评价,未明确对象,未明确方面,负面,True,0.0
知识区,BV1zrGi6PE9B,一刀999（bushi）,中性,中性,0.839128661578179,0.09269697587415487,0.839128661578179,0.0681743625476661,0.0,0.0,0,0,0,无明显情感,未明确对象,未明确方面,中性,False,
知识区,BV1zrGi6PE9B,今天周三，下周日高考,中性,中性,0.8348457699155533,0.133781473293322,0.8348457699155533,0.03137275679112468,0.0,0.0,0,0,0,无明显情感,未明确对象,未明确方面,中性,False,
知识区,BV1zrGi6PE9B,肯定会给的啊,中性,中性,0.5926060243498473,0.21549202879505272,0.5926060243498473,0.19190194685509993,1.0,1.0,1,0,0,对象评价,未明确对象,未明确方面,正面,True,0.0
知识区,BV1zrGi6PE9B,犯错率与把握最后的结论一致 数值互补。犯错率跟独立概率数值相同 结论相反,中性,中性,0.6840621782728521,0.1539571582125025,0.6840621782728521,0.16198066351464538,0.0,0.0,0,0,0,无明显情感,未明确对象,未明确方面,中性,True,0.0
知识区,BV1zrGi6PE9B,考试会给吗。,中性,中性,0.9049454973157837,0.014805335652196376,0.9049454973157837,0.08024916703202002,0.0,0.0,0,0,0,无明显情感,未明确对象,未明确方面,中性,False,
知识区,BV1zrGi6PE9B,《几乎》,中性,中性,0.6550661232038483,0.19469238640714742,0.6550661232038483,0.15024149038900445,0.0,0.0,0,0,0,无明显情感,未明确对象,未明确方面,中性,False,
知识区,BV1zrGi6PE9B,你好,中性,中性,0.6550661232038483,0.19469238640714742,0.6550661232038483,0.15024149038900445,0.0,0.0,0,0,0,无明显情感,未明确对象,未明确方面,中性,False,
知识区,BV1zrGi6PE9B,我高考70024高考，现在回来了,中性,中性,0.6962420508757389,0.23105147548382282,0.6962420508757389,0.07270647364043833,0.0,0.0,0,0,0,无明显情感,未明确对象,未明确方面,中性,False,
知识区,BV1zrGi6PE9B,当一个故事要结束的时候，我们总会想起它的开始,中性,中性,0.7631865202226615,0.16273965951928226,0.7631865202226615,0.07407382025805612,0.0,0.0,0,0,0,无明显情感,未明确对象,未明确方面,中性,False,
知识区,BV1zrGi6PE9B,该怎么道别呢？就像刚认识的时候一样,中性,中性,0.5718990589338806,0.07321789313721143,0.5718990589338806,0.35488304792890796,0.0,0.0,0,0,0,无明显情感,未明确对象,未明确方面,中性,False,
知识区,BV1zrGi6PE9B,当心眼睛,中性,中性,0.6451858296357182,0.19827229583734654,0.6451858296357182,0.15654187452693533,0.0,0.0,0,0,0,无明显情感,未明确对象,未明确方面,中性,False,
知识区,BV1zrGi6PE9B,求这个单词的变形形式,中性,中性,0.7103063816769727,0.1150104017505896,0.7103063816769727,0.17468321657243768,0.0,0.0,0,0,0,无明显情感,未明确对象,未明确方面,中性,False,
知识区,BV1zrGi6PE9B,2027深圳大学,中性,中性,0.5613084688806149,0.3550607198405069,0.5613084688806149,0.08363081127887816,0.0,0.0,0,0,0,无明显情感,未明确对象,未明确方面,中性,False,
知识区,BV1zrGi6PE9B,高考当天凭准考证免费上网,中性,中性,0.5797500546558111,0.3617020154681265,0.5797500546558111,0.058547929876062346,0.0,0.0,0,0,0,无明显情感,未明确对象,未明确方面,中性,False,
知识区,BV1zrGi6PE9B,高三再见,中性,中性,0.7273465723529112,0.13223753196799057,0.7273465723529112,0.14041589567909818,0.0,0.0,0,0,0,无明显情感,未明确对象,未明确方面,中性,True,0.0
知识区,BV1zrGi6PE9B,放心这个东西考试的时候会给你的不需要背只要记住ab cd的顺序以及它是怎么样一个乘法怎么一个算法这个n就是指的是总人数,中性,中性,0.6377795338142739,0.18987979888749346,0.6377795338142739,0.17234066729823266,1.0,1.0,1,0,0,对象评价,未明确对象,未明确方面,正面,True,0.0
知识区,BV1zrGi6PE9B,卡方检验吗这不是，大学在学,中性,中性,0.7813220754849344,0.1004259857313504,0.7813220754849344,0.11825193878371522,0.0,0.0,0,0,0,无明显情感,未明确对象,未明确方面,中性,False,
知识区,BV1zrGi6PE9B,hypothesis,中性,中性,0.5886745329899602,0.2011096573978349,0.5886745329899602,0.21021580961220485,0.0,0.0,0,0,0,无明显情感,未明确对象,未明确方面,中性,False,
知识区,BV1zrGi6PE9B,见证历史,中性,中性,0.6451858296357182,0.19827229583734654,0.6451858296357182,0.15654187452693533,0.0,0.0,0,0,0,无明显情感,未明确对象,未明确方面,中性,False,
知识区,BV1zrGi6PE9B,还是很不舍,中性,中性,0.6807933307161691,0.17145486626941195,0.6807933307161691,0.14775180301441887,0.0,0.0,0,0,0,无明显情感,未明确对象,未明确方面,中性,False,
知识区,BV1zrGi6PE9B,因为你来早了,中性,中性,0.9675479768097872,0.010893386117064828,0.9675479768097872,0.02155863707314803,0.0,0.0,0,0,0,无明显情感,未明确对象,未明确方面,中性,False,
知识区,BV1zrGi6PE9B,2027一战成名！,中性,中性,0.5023710103654628,0.4567197334696809,0.5023710103654628,0.04090925616485614,0.0,0.0,0,0,0,无明显情感,未明确对象,未明确方面,中性,False,
知识区,BV1zrGi6PE9B,这个不应该是最简单的吗,中性,中性,0.640720059395089,0.21794435190696224,0.640720059395089,0.14133558869794877,1.0,1.0,1,0,0,对象评价,未明确对象,理解与难度,正面,True,0.0
知识区,BV1zrGi6PE9B,师恩难忘,中性,中性,0.6451858296357182,0.19827229583734654,0.6451858296357182,0.15654187452693533,0.0,0.0,0,0,0,无明显情感,未明确对象,理解与难度,中性,False,
知识区,BV1zrGi6PE9B,假设检验的知识，难道现在高中就要学了吗？我记得这是大学统计学里面的内容啊,中性,中性,0.7557609466729109,0.11049143590525715,0.7557609466729109,0.133747617421832,0.0,0.0,0,0,0,无明显情感,未明确对象,理解与难度,中性,True,0.0
知识区,BV1zrGi6PE9B,高二到此为止了,中性,中性,0.6525215339001197,0.24704045063414054,0.6525215339001197,0.10043801546573991,0.0,0.0,0,0,0,无明显情感,未明确对象,未明确方面,中性,False,
知识区,BV1zrGi6PE9B,再见各位,中性,中性,0.7249298602679681,0.21944180491417783,0.7249298602679681,0.05562833481785399,0.0,0.0,0,0,0,无明显情感,未明确对象,未明确方面,中性,True,0.0
知识区,BV1zrGi6PE9B,这就是最后一课了,中性,中性,0.6899002216607334,0.17741503654910568,0.6899002216607334,0.132684741790161,0.0,0.0,0,0,0,无明显情感,未明确对象,未明确方面,中性,False,
知识区,BV1zrGi6PE9B,有何不敢,中性,中性,0.6451858296357182,0.19827229583734654,0.6451858296357182,0.15654187452693533,0.0,0.0,0,0,0,无明显情感,未明确对象,未明确方面,中性,False,
知识区,BV1zrGi6PE9B,家人们，最后一课啦！,中性,中性,0.8473999338737538,0.08473330076611474,0.8473999338737538,0.06786676536013149,0.0,0.0,0,0,0,无明显情感,未明确对象,未明确方面,中性,True,0.0
知识区,BV1zrGi6PE9B,one last class,中性,中性,0.6803575018312786,0.17898945725210333,0.6803575018312786,0.14065304091661798,0.0,0.0,0,0,0,无明显情感,未明确对象,未明确方面,中性,False,
知识区,BV1zrGi6PE9B,火星人打卡,中性,中性,0.7733615409834647,0.16288607454800955,0.7733615409834647,0.06375238446852576,0.0,0.0,0,0,0,无明显情感,未明确对象,未明确方面,中性,False,
知识区,BV1zrGi6PE9B,大一爱看,中性,中性,0.7132771935595613,0.1267303242549341,0.7132771935595613,0.1599924821855047,0.0,0.0,0,0,0,无明显情感,未明确对象,未明确方面,中性,False,
知识区,BV1zrGi6PE9B,四分钟前 热乎的,中性,中性,0.5595241869983741,0.19726025668191446,0.5595241869983741,0.24321555631971142,0.0,0.0,0,0,0,无明显情感,未明确对象,未明确方面,中性,False,
知识区,BV1zrGi6PE9B,热,中性,中性,0.6550661232038483,0.19469238640714742,0.6550661232038483,0.15024149038900445,0.0,0.0,0,0,0,无明显情感,未明确对象,未明确方面,中性,False,
知识区,BV1zrGi6PE9B,黄子弘凡打卡,中性,中性,0.7662916960297627,0.16688176819414927,0.7662916960297627,0.06682653577608799,0.0,0.0,0,0,0,无明显情感,未明确对象,未明确方面,中性,False,
知识区,BV1zrGi6PE9B,从40到70,中性,中性,0.6139980590203541,0.18774149716072175,0.6139980590203541,0.19826044381892408,0.0,0.0,0,0,0,无明显情感,未明确对象,未明确方面,中性,True,0.0
知识区,BV1zrGi6PE9B,这就是……最后……一课,中性,中性,0.6883172325886239,0.1796144870402617,0.6883172325886239,0.13206828037111434,0.0,0.0,0,0,0,无明显情感,未明确对象,未明确方面,中性,False,
知识区,BV1zrGi6PE9B,明天下午考，现在晚上8点半了,中性,中性,0.5761279652021184,0.3247618730847104,0.5761279652021184,0.09911016171317116,0.0,0.0,0,0,0,无明显情感,未明确对象,未明确方面,中性,False,
知识区,BV1zrGi6PE9B,明天高考了,中性,中性,0.5299342258981143,0.3987654269768723,0.5299342258981143,0.07130034712501343,0.0,0.0,0,0,0,无明显情感,未明确对象,未明确方面,中性,False,
知识区,BV1zrGi6PE9B,当算出 700 的卡方，你是什么心情,中性,中性,0.5863867713972797,0.3368050567461687,0.5863867713972797,0.07680817185655153,0.0,0.0,0,0,0,无明显情感,未明确对象,未明确方面,中性,False,
知识区,BV1zrGi6PE9B,咩～～～～～～～～～～～～～～～,中性,中性,0.6550661232038483,0.19469238640714742,0.6550661232038483,0.15024149038900445,0.0,0.0,0,0,0,无明显情感,未明确对象,未明确方面,中性,False,
知识区,BV1zrGi6PE9B,都在认真听课啊，问什么有人没人？,中性,中性,0.8382533315660524,0.1062712561552507,0.8382533315660524,0.05547541227869688,1.0,1.0,1,0,0,对象评价,未明确对象,未明确方面,正面,True,0.0
知识区,BV1zrGi6PE9B,见证历史！,中性,中性,0.5562790205387397,0.41619302029202804,0.5562790205387397,0.02752795916923221,0.0,0.0,0,0,0,无明显情感,未明确对象,未明确方面,中性,False,
知识区,BV1zrGi6PE9B,后天高考了(ಥ﹏ಥ),中性,中性,0.6230533061063007,0.32320651101168035,0.6230533061063007,0.05374018288201886,0.0,0.0,0,0,0,无明显情感,未明确对象,未明确方面,中性,False,
知识区,BV1zrGi6PE9B,再见了，所有的数学战士们,中性,中性,0.5750097406800168,0.13620525084617577,0.5750097406800168,0.2887850084738075,0.0,0.0,0,0,0,无明显情感,课程内容,未明确方面,中性,False,
知识区,BV1zrGi6PE9B,台球手？,中性,中性,0.5817078068885575,0.10341234716617392,0.5817078068885575,0.3148798459452686,0.0,0.0,0,0,0,无明显情感,未明确对象,未明确方面,中性,False,
知识区,BV1zrGi6PE9B,26年 高二 见证历史,中性,中性,0.6276739843500138,0.31189377010719294,0.6276739843500138,0.060432245542793445,0.0,0.0,0,0,0,无明显情感,未明确对象,未明确方面,中性,False,
知识区,BV1zrGi6PE9B,哪吒,中性,中性,0.6550661232038483,0.19469238640714742,0.6550661232038483,0.15024149038900445,0.0,0.0,0,0,0,无明显情感,未明确对象,未明确方面,中性,False,
知识区,BV1zrGi6PE9B,好像听说有一次高考没给,中性,中性,0.5324928422965972,0.21093575689724217,0.5324928422965972,0.2565714008061607,0.0,0.0,0,0,0,无明显情感,未明确对象,未明确方面,中性,False,
知识区,BV1zrGi6PE9B,“字”,中性,中性,0.6550661232038483,0.19469238640714742,0.6550661232038483,0.15024149038900445,0.0,0.0,0,0,0,无明显情感,未明确对象,未明确方面,中性,False,
知识区,BV1zrGi6PE9B,阿森纳是冠军,中性,中性,0.65482219459883,0.11276585190942529,0.65482219459883,0.23241195349174476,0.0,0.0,0,0,0,无明显情感,未明确对象,未明确方面,中性,False,
知识区,BV1zrGi6PE9B,三年的东西学完了，该备战高考,中性,中性,0.64873302043826,0.19170178467008323,0.64873302043826,0.1595651948916568,-1.0,-1.0,0,1,0,对象评价,未明确对象,未明确方面,负面,True,0.0
知识区,BV1zrGi6PE9B,2027西政！,中性,中性,0.511188642438098,0.4494620366374004,0.511188642438098,0.039349320924501545,0.0,0.0,0,0,0,无明显情感,未明确对象,未明确方面,中性,False,
知识区,BV1zrGi6PE9B,这个公式会给的！,中性,中性,0.908872389450241,0.06507810971508592,0.908872389450241,0.02604950083467313,0.0,0.0,0,0,0,无明显情感,课程内容,未明确方面,中性,False,
知识区,BV1zrGi6PE9B,？事已至此 枯阅99,中性,中性,0.6581743347062425,0.19636582559446478,0.6581743347062425,0.14545983969929277,0.0,0.0,0,0,0,无明显情感,未明确对象,未明确方面,中性,False,
知识区,BV1zrGi6PE9B,妈妈,中性,中性,0.6550661232038483,0.19469238640714742,0.6550661232038483,0.15024149038900445,0.0,0.0,0,0,0,无明显情感,未明确对象,未明确方面,中性,False,
知识区,BV1zrGi6PE9B,我想考人大,中性,中性,0.6451858296357182,0.19827229583734654,0.6451858296357182,0.15654187452693533,0.0,0.0,0,0,0,无明显情感,未明确对象,未明确方面,中性,False,
知识区,BV1zrGi6PE9B,[前方高能],中性,中性,0.8341847577170464,0.07345836076059371,0.8341847577170464,0.09235688152235978,1.0,1.0,1,0,0,对象评价,未明确对象,未明确方面,正面,True,0.0
知识区,BV1zrGi6PE9B,东师附中8班林文晫在不在,中性,中性,0.689799235403431,0.057156850269039355,0.689799235403431,0.2530439143275297,0.0,0.0,0,0,0,无明显情感,未明确对象,未明确方面,中性,True,0.0
知识区,BV1zrGi6PE9B,巴黎欧冠,中性,中性,0.6451858296357182,0.19827229583734654,0.6451858296357182,0.15654187452693533,0.0,0.0,0,0,0,无明显情感,未明确对象,未明确方面,中性,False,
知识区,BV1zrGi6PE9B,嘿嘿,中性,中性,0.6550661232038483,0.19469238640714742,0.6550661232038483,0.15024149038900445,0.0,0.0,0,0,0,无明显情感,未明确对象,未明确方面,中性,False,
知识区,BV1zrGi6PE9B,只要到达那个地方……,中性,中性,0.6211378727589945,0.23177560741410116,0.6211378727589945,0.14708651982690435,0.0,0.0,0,0,0,无明显情感,未明确对象,未明确方面,中性,False,
知识区,BV1zrGi6PE9B,邪魅一笑,中性,中性,0.6451858296357182,0.19827229583734654,0.6451858296357182,0.15654187452693533,0.0,0.0,0,0,0,无明显情感,未明确对象,未明确方面,中性,False,
知识区,BV1zrGi6PE9B,27届,中性,中性,0.7538634975412798,0.16354034224850053,0.7538634975412798,0.08259616021021975,0.0,0.0,0,0,0,无明显情感,未明确对象,未明确方面,中性,False,
知识区,BV1zrGi6PE9B,高三我来了！,中性,中性,0.7458595632076331,0.19911348741420204,0.7458595632076331,0.055026949378164734,0.0,0.0,0,0,0,无明显情感,未明确对象,未明确方面,中性,False,
知识区,BV1zrGi6PE9B,高考566+,中性,中性,0.570578908773878,0.3759182178347398,0.570578908773878,0.05350287339138223,0.0,0.0,0,0,0,无明显情感,未明确对象,未明确方面,中性,False,
知识区,BV1zrGi6PE9B,什么，是魏延？势魏延！,中性,中性,0.6399222622272132,0.17406448053346207,0.6399222622272132,0.1860132572393248,0.0,0.0,0,0,0,无明显情感,未明确对象,未明确方面,中性,False,
知识区,BV1zrGi6PE9B,一轮复习，启动,中性,中性,0.6379734503827228,0.2111560468829974,0.6379734503827228,0.15087050273427968,0.0,0.0,0,0,0,无明显情感,未明确对象,未明确方面,中性,False,
知识区,BV1zrGi6PE9B,460＋,中性,中性,0.4855974415212276,0.23654206236079747,0.4855974415212276,0.2778604961179751,0.0,0.0,0,0,0,无明显情感,未明确对象,未明确方面,中性,False,
知识区,BV1zrGi6PE9B,叩谢数皇,中性,中性,0.6451858296357182,0.19827229583734654,0.6451858296357182,0.15654187452693533,0.0,0.0,0,0,0,无明显情感,未明确对象,未明确方面,中性,False,
知识区,BV1zrGi6PE9B,《I'm sorry》,中性,中性,0.6550661232038483,0.19469238640714742,0.6550661232038483,0.15024149038900445,0.0,0.0,0,0,0,无明显情感,未明确对象,未明确方面,中性,False,
知识区,BV1zrGi6PE9B,西决G7马刺必须大胜,中性,中性,0.6146384458709807,0.20880317514749888,0.6146384458709807,0.17655837898152044,0.0,0.0,0,0,0,无明显情感,未明确对象,未明确方面,中性,False,
知识区,BV1zrGi6PE9B,开始一轮复习,中性,中性,0.8769496028797821,0.08316042778617463,0.8769496028797821,0.03988996933404324,0.0,0.0,0,0,0,无明显情感,未明确对象,未明确方面,中性,False,
知识区,BV1zrGi6PE9B,211,中性,中性,0.6541644389430292,0.2528687398335394,0.6541644389430292,0.09296682122343142,0.0,0.0,0,0,0,无明显情感,未明确对象,未明确方面,中性,False,
知识区,BV1zrGi6PE9B,2027中大,中性,中性,0.6099644733259802,0.2892738504677364,0.6099644733259802,0.10076167620628332,0.0,0.0,0,0,0,无明显情感,未明确对象,未明确方面,中性,True,0.0
知识区,BV1zrGi6PE9B,英语书第四单元最后一个黑体单词？,中性,中性,0.6826613219584104,0.06773268385856417,0.6826613219584104,0.2496059941830254,0.0,0.0,0,0,0,无明显情感,未明确对象,未明确方面,中性,False,
知识区,BV1zrGi6PE9B,我们绝不投降！ WE SHALL NEVEL SURRENDER ! ! !,中性,中性,0.615272720998248,0.3016735622934515,0.615272720998248,0.08305371670830039,0.0,0.0,0,0,0,无明显情感,未明确对象,未明确方面,中性,False,
知识区,BV1zrGi6PE9B,复数,中性,中性,0.6550661232038483,0.19469238640714742,0.6550661232038483,0.15024149038900445,0.0,0.0,0,0,0,无明显情感,未明确对象,未明确方面,中性,False,
知识区,BV1zrGi6PE9B,还有八天了,中性,中性,0.7239278257073019,0.13202063402933417,0.7239278257073019,0.14405154026336406,0.0,0.0,0,0,0,无明显情感,未明确对象,未明确方面,中性,False,
知识区,BV1zrGi6PE9B,没有26届高考的了吗,中性,中性,0.7362511868953938,0.18946106151641137,0.7362511868953938,0.0742877515881947,0.0,0.0,0,0,0,无明显情感,未明确对象,未明确方面,中性,False,
知识区,BV1zrGi6PE9B,祁煜老婆打卡,中性,中性,0.7662916960297627,0.16688176819414927,0.7662916960297627,0.06682653577608799,0.0,0.0,0,0,0,无明显情感,未明确对象,未明确方面,中性,False,
知识区,BV1zrGi6PE9B,顶峰相见,中性,中性,0.6451858296357182,0.19827229583734654,0.6451858296357182,0.15654187452693533,0.0,0.0,0,0,0,无明显情感,未明确对象,未明确方面,中性,False,
知识区,BV1zrGi6PE9B,今天周四，下周日高考,中性,中性,0.8348457699155533,0.133781473293322,0.8348457699155533,0.03137275679112468,0.0,0.0,0,0,0,无明显情感,未明确对象,未明确方面,中性,False,
知识区,BV1zrGi6PE9B,450+,中性,中性,0.7019967957026318,0.19159879191291126,0.7019967957026318,0.10640441238445694,0.0,0.0,0,0,0,无明显情感,未明确对象,未明确方面,中性,False,
知识区,BV1zrGi6PE9B,胃炎不周延,中性,中性,0.6451858296357182,0.19827229583734654,0.6451858296357182,0.15654187452693533,0.0,0.0,0,0,0,无明显情感,未明确对象,未明确方面,中性,False,
知识区,BV1zrGi6PE9B,最后一课打卡,中性,中性,0.7816517279597914,0.124158233986745,0.7816517279597914,0.09419003805346365,0.0,0.0,0,0,0,无明显情感,未明确对象,未明确方面,中性,False,
知识区,BV1zrGi6PE9B,南京大学,中性,中性,0.5070444273626421,0.39571983667189625,0.5070444273626421,0.09723573596546169,0.0,0.0,0,0,0,无明显情感,未明确对象,未明确方面,中性,False,
知识区,BV1zrGi6PE9B,26年高考大捷！,中性,中性,0.5837196972461761,0.3908743310873559,0.5837196972461761,0.025405971666467967,0.0,0.0,0,0,0,无明显情感,未明确对象,未明确方面,中性,False,
知识区,BV1zrGi6PE9B,这算是更完高中数学课本了吗？好快啊…,中性,中性,0.5474433613866159,0.21026033114115658,0.5474433613866159,0.24229630747222752,0.0,0.0,0,0,0,无明显情感,课程内容,未明确方面,中性,False,
知识区,BV1zrGi6PE9B,2026年5月27通关数学，距离高考376天,中性,中性,0.5623895713489636,0.2405600480357449,0.5623895713489636,0.19705038061529156,0.0,0.0,0,0,0,无明显情感,课程内容,未明确方面,中性,True,0.0
知识区,BV1zrGi6PE9B,还有10天高考,中性,中性,0.6897392105717111,0.24989929633844196,0.6897392105717111,0.06036149308984694,0.0,0.0,0,0,0,无明显情感,未明确对象,未明确方面,中性,False,
知识区,BV1zrGi6PE9B,不知道为什么，忽然就想起来九成八了……,中性,中性,0.5109645616033696,0.05795570739956703,0.5109645616033696,0.4310797309970634,0.0,0.0,0,0,0,无明显情感,未明确对象,未明确方面,中性,False,
知识区,BV1zrGi6PE9B,580,中性,中性,0.7638276955309649,0.1335249336881959,0.7638276955309649,0.10264737078083924,0.0,0.0,0,0,0,无明显情感,未明确对象,未明确方面,中性,False,
知识区,BV1zrGi6PE9B,俞大猷,中性,中性,0.6550661232038483,0.19469238640714742,0.6550661232038483,0.15024149038900445,0.0,0.0,0,0,0,无明显情感,未明确对象,未明确方面,中性,False,
知识区,BV1zrGi6PE9B,最后一课。,中性,中性,0.760985776332776,0.14912419596502044,0.760985776332776,0.08989002770220347,0.0,0.0,0,0,0,无明显情感,未明确对象,未明确方面,中性,False,
知识区,BV1zrGi6PE9B,有关不应该是犯错了吗,中性,中性,0.8756814510913609,0.0251734770170379,0.8756814510913609,0.09914507189160125,-1.0,-1.0,0,1,0,对象评价,未明确对象,未明确方面,负面,True,0.0
知识区,BV1zrGi6PE9B,袜去来的最早的一次痞晏打卡,中性,中性,0.8935505672667574,0.057801255456528415,0.8935505672667574,0.04864817727671437,0.0,0.0,0,0,0,无明显情感,未明确对象,未明确方面,中性,False,
知识区,BV1zrGi6PE9B,bear Eason在不在？！？,中性,中性,0.6795263949475123,0.07490453896618748,0.6795263949475123,0.24556906608630033,0.0,0.0,0,0,0,无明显情感,未明确对象,未明确方面,中性,False,
知识区,BV1zrGi6PE9B,劳斯，您为啥不能叫他二氧化硫啊，直接读听着怪怪的,中性,中性,0.416500952032253,0.2862372298905047,0.416500952032253,0.2972618180772423,0.0,0.0,0,0,0,无明显情感,未明确对象,未明确方面,中性,False,
知识区,BV1zrGi6PE9B,以上就是高中所有内容,中性,中性,0.5459215916318843,0.28727463545997134,0.5459215916318843,0.1668037729081444,0.0,0.0,0,0,0,无明显情感,未明确对象,未明确方面,中性,False,
知识区,BV1zrGi6PE9B,2026来了+,中性,中性,0.6901045465104473,0.21995735044409565,0.6901045465104473,0.08993810304545703,0.0,0.0,0,0,0,无明显情感,未明确对象,未明确方面,中性,False,
知识区,BV1zrGi6PE9B,2026。  5。 25 。开启一轮复习,中性,正面,0.4129409158601303,0.4129409158601303,0.40673071758396545,0.18032836655590417,0.0,0.0,0,0,0,无明显情感,未明确对象,未明确方面,中性,False,
知识区,BV1zrGi6PE9B,喀山,中性,中性,0.6550661232038483,0.19469238640714742,0.6550661232038483,0.15024149038900445,0.0,0.0,0,0,0,无明显情感,未明确对象,未明确方面,中性,False,
知识区,BV1zrGi6PE9B,高二五班王思涵,中性,中性,0.7584410290354545,0.18026547531906495,0.7584410290354545,0.06129349564548055,0.0,0.0,0,0,0,无明显情感,未明确对象,未明确方面,中性,False,
知识区,BV1zrGi6PE9B,哦吼，卡方独立性检验,中性,中性,0.6670547205980824,0.22682910852714658,0.6670547205980824,0.106116170874771,0.0,0.0,0,0,0,无明显情感,未明确对象,未明确方面,中性,False,
知识区,BV1zrGi6PE9B,可以带的,中性,中性,0.6166315279130055,0.19768245448695587,0.6166315279130055,0.18568601760003875,1.0,1.0,1,0,0,对象评价,未明确对象,未明确方面,正面,True,0.0
知识区,BV1zrGi6PE9B,一版旧视频一版新视频,中性,中性,0.5810117452082774,0.27859556734134805,0.5810117452082774,0.1403926874503746,0.0,0.0,0,0,0,无明显情感,视频内容,未明确方面,中性,False,
知识区,BV1zrGi6PE9B,最后十课，顾名思义最后一课,中性,中性,0.6100781557278784,0.17963568912799463,0.6100781557278784,0.210286155144127,0.0,0.0,0,0,0,无明显情感,未明确对象,未明确方面,中性,False,
知识区,BV1zrGi6PE9B,这个CD不是一样的吗？我的头好大,中性,中性,0.4776159017495247,0.09807550708456776,0.4776159017495247,0.4243085911659075,0.0,0.0,0,0,0,无明显情感,未明确对象,未明确方面,中性,False,
知识区,BV1zrGi6PE9B,卡方检验都来了b站真是个知识库,中性,中性,0.6779898678421382,0.20279455544704192,0.6779898678421382,0.11921557671081974,0.0,0.0,0,0,0,无明显情感,未明确对象,未明确方面,中性,False,
知识区,BV1zrGi6PE9B,公式不用记，考试会给,中性,中性,0.8315357879403686,0.04197333393628496,0.8315357879403686,0.12649087812334645,0.0,0.0,0,0,0,无明显情感,课程内容,未明确方面,中性,True,0.0
知识区,BV1zrGi6PE9B,哎呀，反正背一两个公式又不伤你。,中性,中性,0.635711553994307,0.21083190674748298,0.635711553994307,0.15345653925821,0.0,0.0,0,0,0,无明显情感,课程内容,未明确方面,中性,False,
知识区,BV1zrGi6PE9B,大一来了,中性,中性,0.9382157750302685,0.036291372637972524,0.9382157750302685,0.025492852331758888,0.0,0.0,0,0,0,无明显情感,未明确对象,未明确方面,中性,False,
知识区,BV1zrGi6PE9B,27清华见,中性,中性,0.6929091080406047,0.21557077907270253,0.6929091080406047,0.0915201128866928,0.0,0.0,0,0,0,无明显情感,未明确对象,未明确方面,中性,False,
知识区,BV1zrGi6PE9B,2026 高考北京 社科大我来了！,中性,中性,0.6844101737819662,0.27742693792876916,0.6844101737819662,0.038162888289264646,0.0,0.0,0,0,0,无明显情感,未明确对象,未明确方面,中性,False,
知识区,BV1zrGi6PE9B,结束了,中性,中性,0.57994418595807,0.16569930924828483,0.57994418595807,0.25435650479364524,0.0,0.0,0,0,0,无明显情感,未明确对象,未明确方面,中性,False,
知识区,BV1zrGi6PE9B,这算是邪修吗？,中性,中性,0.8078985899428961,0.0864827326882599,0.8078985899428961,0.1056186773688441,0.0,0.0,0,0,0,无明显情感,未明确对象,未明确方面,中性,False,
知识区,BV1zrGi6PE9B,5月24日，再见啦,中性,中性,0.678775273873813,0.17406339240302607,0.678775273873813,0.1471613337231609,0.0,0.0,0,0,0,无明显情感,未明确对象,未明确方面,中性,True,0.0
知识区,BV1zrGi6PE9B,多选题直接选CD，因为内容是一回事,中性,中性,0.965963312469269,0.009895315342443025,0.965963312469269,0.024141372188288098,0.0,0.0,0,0,0,无明显情感,未明确对象,未明确方面,中性,False,
知识区,BV1zrGi6PE9B,真的到此结束了吗,中性,中性,0.8401472572745434,0.10747147503699621,0.8401472572745434,0.05238126768846026,0.0,0.0,0,0,0,无明显情感,未明确对象,未明确方面,中性,False,
知识区,BV1zrGi6PE9B,我是中考不是要高考,中性,中性,0.5484611659358485,0.05786150350926076,0.5484611659358485,0.3936773305548907,0.0,0.0,0,0,0,无明显情感,未明确对象,未明确方面,中性,False,
知识区,BV1zrGi6PE9B,One Last Class,中性,中性,0.6803575018312786,0.17898945725210333,0.6803575018312786,0.14065304091661798,0.0,0.0,0,0,0,无明显情感,未明确对象,未明确方面,中性,False,
知识区,BV1zrGi6PE9B,ヽ(｡◕o◕｡)ﾉ.,中性,中性,0.5502050969016792,0.2734037477490407,0.5502050969016792,0.1763911553492801,0.0,0.0,0,0,0,无明显情感,未明确对象,未明确方面,中性,False,
知识区,BV1zrGi6PE9B,只进不退,中性,中性,0.6451858296357182,0.19827229583734654,0.6451858296357182,0.15654187452693533,0.0,0.0,0,0,0,无明显情感,未明确对象,未明确方面,中性,False,
知识区,BV1zrGi6PE9B,浩瀚神话一数正在持续讲述故事,中性,中性,0.7519800929363604,0.09067447647155125,0.7519800929363604,0.15734543059208836,0.0,0.0,0,0,0,无明显情感,未明确对象,未明确方面,中性,False,
知识区,BV1zrGi6PE9B,怅然若失,中性,中性,0.6550661232038483,0.19469238640714742,0.6550661232038483,0.15024149038900445,0.0,0.0,0,0,0,无明显情感,未明确对象,未明确方面,中性,False,
知识区,BV1zrGi6PE9B,马上上战场了！,中性,中性,0.5218501361372057,0.4133885227007228,0.5218501361372057,0.06476134116207155,0.0,0.0,0,0,0,无明显情感,未明确对象,未明确方面,中性,False,
知识区,BV1zrGi6PE9B,700多的卡方,中性,中性,0.62652032507291,0.34350057724309674,0.62652032507291,0.029979097683993264,0.0,0.0,0,0,0,无明显情感,未明确对象,未明确方面,中性,False,
知识区,BV1zrGi6PE9B,2027西电,中性,中性,0.6099644733259802,0.2892738504677364,0.6099644733259802,0.10076167620628332,0.0,0.0,0,0,0,无明显情感,未明确对象,未明确方面,中性,True,0.0
知识区,BV1zrGi6PE9B,所以选C,中性,中性,0.9637710208472625,0.02901673598095805,0.9637710208472625,0.0072122431717796965,0.0,0.0,0,0,0,无明显情感,未明确对象,未明确方面,中性,False,
知识区,BV1zrGi6PE9B,大于的时候你有能力去反对它所以有关,中性,中性,0.8070361623509188,0.07492562077316063,0.8070361623509188,0.11803821687592056,0.0,0.0,0,0,0,立场,未明确对象,未明确方面,中性,False,
知识区,BV1zrGi6PE9B,TT,中性,中性,0.6550661232038483,0.19469238640714742,0.6550661232038483,0.15024149038900445,0.0,0.0,0,0,0,无明显情感,未明确对象,未明确方面,中性,False,
知识区,BV1zrGi6PE9B,考试的时候会给这个公式。,中性,中性,0.86713454518999,0.04656070726985169,0.86713454518999,0.08630474754015838,0.0,0.0,0,0,0,无明显情感,课程内容,未明确方面,中性,False,
知识区,BV1zrGi6PE9B,前面的，这不是课标内词汇吧。,中性,中性,0.6708463632685822,0.1786248725691555,0.6708463632685822,0.1505287641622624,0.0,0.0,0,0,0,无明显情感,未明确对象,未明确方面,中性,True,0.0
知识区,BV1zrGi6PE9B,这是说鬼灭之刃的吗？,中性,中性,0.5400580567180224,0.0456041922568947,0.5400580567180224,0.41433775102508286,0.0,0.0,0,0,0,无明显情感,未明确对象,未明确方面,中性,False,
知识区,BV1zrGi6PE9B,开课！,中性,中性,0.5648563939338161,0.4087208316944674,0.5648563939338161,0.026422774371716445,0.0,0.0,0,0,0,无明显情感,未明确对象,未明确方面,中性,False,
知识区,BV1zrGi6PE9B,我们已经开始一轮了，而且复习到奇偶性了:(,中性,中性,0.6609121489885017,0.21927306493507676,0.6609121489885017,0.11981478607642139,0.0,0.0,0,0,0,无明显情感,未明确对象,未明确方面,中性,False,
知识区,BV1zrGi6PE9B,昨晚一千多人,中性,中性,0.859054552060691,0.08936535359327714,0.859054552060691,0.05158009434603177,0.0,0.0,0,0,0,无明显情感,未明确对象,未明确方面,中性,False,
知识区,BV1zrGi6PE9B,下下个星期天高考！！！！！！,中性,中性,0.5070859859738163,0.30923005285389493,0.5070859859738163,0.1836839611722888,0.0,0.0,0,0,0,无明显情感,未明确对象,未明确方面,中性,True,0.0
知识区,BV1zrGi6PE9B,学是学了，但是高中时期单独出的题都不难,中性,中性,0.44534670149331196,0.20103116350081304,0.44534670149331196,0.353622135005875,0.0,0.0,0,0,0,无明显情感,未明确对象,理解与难度,中性,False,
知识区,BV1zrGi6PE9B,27深大,中性,中性,0.8140818725892068,0.12292330358804276,0.8140818725892068,0.06299482382275043,0.0,0.0,0,0,0,无明显情感,未明确对象,未明确方面,中性,False,
知识区,BV1zrGi6PE9B,考试好像会给式子，吧,中性,中性,0.8087007557338727,0.03716643382003282,0.8087007557338727,0.1541328104460944,0.0,0.0,0,0,0,无明显情感,未明确对象,未明确方面,中性,False,
知识区,BV1zrGi6PE9B,保罗乔治打卡,中性,中性,0.7662916960297627,0.16688176819414927,0.7662916960297627,0.06682653577608799,0.0,0.0,0,0,0,无明显情感,未明确对象,未明确方面,中性,False,
知识区,BV1zrGi6PE9B,2026年5月24日,中性,中性,0.5843862909335251,0.2752600409240522,0.5843862909335251,0.14035366814242267,0.0,0.0,0,0,0,无明显情感,未明确对象,未明确方面,中性,False,
知识区,BV1zrGi6PE9B,幸运宝宝,中性,中性,0.6774156816564023,0.2683512054946574,0.6774156816564023,0.054233112848940286,0.0,0.0,0,0,0,无明显情感,未明确对象,未明确方面,中性,False,
知识区,BV1zrGi6PE9B,高三上一本,中性,中性,0.68457824759217,0.16452839395789454,0.68457824759217,0.15089335844993543,0.0,0.0,0,0,0,无明显情感,未明确对象,未明确方面,中性,False,
知识区,BV1zrGi6PE9B,刚做完原题,中性,中性,0.7708820349083846,0.1271280248729567,0.7708820349083846,0.10198994021865863,0.0,0.0,0,0,0,无明显情感,未明确对象,未明确方面,中性,False,
知识区,BV1zrGi6PE9B,紧跟时事,中性,中性,0.6451858296357182,0.19827229583734654,0.6451858296357182,0.15654187452693533,0.0,0.0,0,0,0,无明显情感,未明确对象,未明确方面,中性,False,
知识区,BV1zrGi6PE9B,300多人？认真的？,中性,中性,0.7311967156931543,0.13801564688043502,0.7311967156931543,0.1307876374264108,1.0,1.0,1,0,0,对象评价,未明确对象,未明确方面,正面,True,0.0
知识区,BV1zrGi6PE9B,黑色方碑上刻红字 你想到了什么,中性,中性,0.5955698400684237,0.21595453222950498,0.5955698400684237,0.18847562770207135,0.0,0.0,0,0,0,无明显情感,未明确对象,未明确方面,中性,False,
知识区,BV1zrGi6PE9B,bgm:one last kiss新世纪福音战士,中性,中性,0.6441128401141998,0.18992944370035778,0.6441128401141998,0.16595771618544253,0.0,0.0,0,0,0,无明显情感,未明确对象,未明确方面,中性,True,0.0
知识区,BV1zrGi6PE9B,25年高考第一道大题,中性,中性,0.8196614855072468,0.11200711757448148,0.8196614855072468,0.0683313969182717,0.0,0.0,0,0,0,无明显情感,未明确对象,未明确方面,中性,False,
知识区,BV1zrGi6PE9B,小嘛～,中性,中性,0.6550661232038483,0.19469238640714742,0.6550661232038483,0.15024149038900445,0.0,0.0,0,0,0,无明显情感,未明确对象,未明确方面,中性,False,
知识区,BV1zrGi6PE9B,结束了兄弟们,中性,中性,0.503593760312297,0.23589634056982808,0.503593760312297,0.260509899117875,0.0,0.0,0,0,0,无明显情感,未明确对象,未明确方面,中性,True,0.0
知识区,BV1zrGi6PE9B,好多人,中性,中性,0.7173095018458617,0.22023977636688447,0.7173095018458617,0.062450721787253825,0.0,0.0,0,0,0,无明显情感,未明确对象,未明确方面,中性,False,
知识区,BV1zrGi6PE9B,2026贵大见,中性,中性,0.38314819232280883,0.3804861692307249,0.38314819232280883,0.23636563844646624,0.0,0.0,0,0,0,无明显情感,未明确对象,未明确方面,中性,False,
知识区,BV1zrGi6PE9B,算一下你就知道了,中性,中性,0.7970991848874013,0.054447095786449455,0.7970991848874013,0.1484537193261492,0.0,0.0,0,0,0,无明显情感,未明确对象,未明确方面,中性,False,
知识区,BV1zrGi6PE9B,.....................,中性,中性,0.7178763126670393,0.16104848517111897,0.7178763126670393,0.12107520216184171,0.0,0.0,0,0,0,无明显情感,未明确对象,未明确方面,中性,False,
知识区,BV1zrGi6PE9B,是非对错我已无心分辨,中性,中性,0.5752033953696111,0.2546874723267718,0.5752033953696111,0.1701091323036172,0.0,0.0,0,0,0,无明显情感,未明确对象,未明确方面,中性,False,
知识区,BV1zrGi6PE9B,这个公式做题时会给,中性,中性,0.8995618960919084,0.04736064206389437,0.8995618960919084,0.053077461844197295,0.0,0.0,0,0,0,无明显情感,课程内容,未明确方面,中性,False,
知识区,BV1zrGi6PE9B,I am sorry,中性,中性,0.6550661232038483,0.19469238640714742,0.6550661232038483,0.15024149038900445,0.0,0.0,0,0,0,无明显情感,未明确对象,未明确方面,中性,False,
知识区,BV1zrGi6PE9B,行列式,中性,中性,0.6550661232038483,0.19469238640714742,0.6550661232038483,0.15024149038900445,0.0,0.0,0,0,0,无明显情感,未明确对象,未明确方面,中性,False,
知识区,BV1zrGi6PE9B,我嘞个999,中性,中性,0.7640557410050117,0.051331428825976244,0.7640557410050117,0.18461283016901198,0.0,0.0,0,0,0,无明显情感,未明确对象,未明确方面,中性,False,
知识区,BV1zrGi6PE9B,高二爱看,中性,中性,0.6356423561604936,0.2674630742121131,0.6356423561604936,0.09689456962739336,0.0,0.0,0,0,0,无明显情感,未明确对象,未明确方面,中性,False,
知识区,BV1zrGi6PE9B,可以直接设H0吗,中性,中性,0.7528668642165046,0.19221838527431073,0.7528668642165046,0.054914750509184686,1.0,1.0,1,0,0,对象评价,未明确对象,未明确方面,正面,True,0.0
知识区,BV1zrGi6PE9B,梦开始的地方,中性,中性,0.8411795392192964,0.11863048353320116,0.8411795392192964,0.04018997724750233,0.0,0.0,0,0,0,无明显情感,未明确对象,未明确方面,中性,False,
知识区,BV1zrGi6PE9B,稀奇打卡,中性,中性,0.7733615409834647,0.16288607454800955,0.7733615409834647,0.06375238446852576,0.0,0.0,0,0,0,无明显情感,未明确对象,未明确方面,中性,False,
知识区,BV1zrGi6PE9B,热乎的,中性,中性,0.6708808590227314,0.20384338984095,0.6708808590227314,0.12527575113631859,0.0,0.0,0,0,0,无明显情感,未明确对象,未明确方面,中性,False,
知识区,BV1zrGi6PE9B,23分钟前,中性,中性,0.5171627695192673,0.3502951614649892,0.5171627695192673,0.13254206901574364,0.0,0.0,0,0,0,无明显情感,未明确对象,未明确方面,中性,False,
知识区,BV1zrGi6PE9B,两眼一黑,中性,中性,0.6451858296357182,0.19827229583734654,0.6451858296357182,0.15654187452693533,0.0,0.0,0,0,0,无明显情感,未明确对象,未明确方面,中性,False,
知识区,BV1zrGi6PE9B,最后一课！,中性,中性,0.7628844265039981,0.16884963426120692,0.7628844265039981,0.06826593923479508,0.0,0.0,0,0,0,无明显情感,未明确对象,未明确方面,中性,True,0.0
知识区,BV1zrGi6PE9B,来啦,中性,中性,0.792643965908342,0.0773387462093114,0.792643965908342,0.13001728788234665,0.0,0.0,0,0,0,无明显情感,未明确对象,未明确方面,中性,False,
知识区,BV1zrGi6PE9B,∩。,中性,中性,0.658115772913785,0.2719251446002749,0.658115772913785,0.06995908248594024,0.0,0.0,0,0,0,无明显情感,未明确对象,未明确方面,中性,False,
知识区,BV1zrGi6PE9B,甲沟炎,中性,中性,0.6550661232038483,0.19469238640714742,0.6550661232038483,0.15024149038900445,0.0,0.0,0,0,0,无明显情感,未明确对象,未明确方面,中性,False,
知识区,BV1zrGi6PE9B,"I'm fine, thank you.",中性,中性,0.6569178683012153,0.25428985454033004,0.6569178683012153,0.08879227715845457,0.0,0.0,0,0,0,无明显情感,未明确对象,未明确方面,中性,False,
知识区,BV1zrGi6PE9B,27深大等我,中性,中性,0.5302699656343502,0.40042730720396147,0.5302699656343502,0.06930272716168837,0.0,0.0,0,0,0,无明显情感,未明确对象,未明确方面,中性,False,
知识区,BV1zrGi6PE9B,前面的说的是什么？,中性,中性,0.8741687782447596,0.07581756314446918,0.8741687782447596,0.05001365861077118,0.0,0.0,0,0,0,无明显情感,未明确对象,未明确方面,中性,False,
知识区,BV1zrGi6PE9B,人教a版课后习题,中性,中性,0.7020204479599849,0.18039220093726346,0.7020204479599849,0.11758735110275173,0.0,0.0,0,0,0,无明显情感,未明确对象,未明确方面,中性,False,
知识区,BV1zrGi6PE9B,下午考数学了家人们,中性,中性,0.7008107697515181,0.16310193143379573,0.7008107697515181,0.13608729881468618,0.0,0.0,0,0,0,无明显情感,课程内容,未明确方面,中性,True,0.0
知识区,BV1zrGi6PE9B,还有两个点高考,中性,中性,0.6069610086745625,0.30003657856140387,0.6069610086745625,0.09300241276403372,0.0,0.0,0,0,0,无明显情感,未明确对象,未明确方面,中性,False,
知识区,BV1zrGi6PE9B,下午考的来,中性,中性,0.705665486624845,0.21637028371240685,0.705665486624845,0.07796422966274821,0.0,0.0,0,0,0,无明显情感,未明确对象,未明确方面,中性,False,
知识区,BV1zrGi6PE9B,大巴黎是冠军,中性,中性,0.7957303859426653,0.09828360474837375,0.7957303859426653,0.10598600930896089,0.0,0.0,0,0,0,无明显情感,未明确对象,未明确方面,中性,False,
知识区,BV1zrGi6PE9B,还有三个小时考 好紧张,中性,中性,0.6926634342678728,0.14420363167679054,0.6926634342678728,0.1631329340553368,0.0,0.0,0,0,0,无明显情感,未明确对象,未明确方面,中性,False,
知识区,BV1zrGi6PE9B,今天高考～,中性,中性,0.6148318845928744,0.3355930541889633,0.6148318845928744,0.0495750612181622,0.0,0.0,0,0,0,无明显情感,未明确对象,未明确方面,中性,False,
知识区,BV1zrGi6PE9B,尼克斯赢了,中性,中性,0.4685551621937,0.41990930756982525,0.4685551621937,0.11153553023647478,0.0,0.0,0,0,0,无明显情感,未明确对象,比赛表现,中性,False,
知识区,BV1zrGi6PE9B,沙溢丝,中性,中性,0.6550661232038483,0.19469238640714742,0.6550661232038483,0.15024149038900445,0.0,0.0,0,0,0,无明显情感,未明确对象,未明确方面,中性,False,
知识区,BV1zrGi6PE9B,阿森纳是亚军,中性,中性,0.65482219459883,0.11276585190942529,0.65482219459883,0.23241195349174476,0.0,0.0,0,0,0,无明显情感,未明确对象,未明确方面,中性,False,
知识区,BV1zrGi6PE9B,最后几小时！,中性,中性,0.6977312645658093,0.22847145450628847,0.6977312645658093,0.07379728092790229,0.0,0.0,0,0,0,无明显情感,未明确对象,未明确方面,中性,True,0.0
知识区,BV1zrGi6PE9B,发发v,中性,中性,0.6451858296357182,0.19827229583734654,0.6451858296357182,0.15654187452693533,0.0,0.0,0,0,0,无明显情感,未明确对象,未明确方面,中性,False,
知识区,BV1zrGi6PE9B,做过这题,中性,中性,0.8723253613549611,0.0682531052064974,0.8723253613549611,0.0594215334385415,0.0,0.0,0,0,0,无明显情感,未明确对象,未明确方面,中性,False,
知识区,BV1zrGi6PE9B,250个同胞你们都明天高考吗？,中性,中性,0.5240318921086353,0.1465932828940373,0.5240318921086353,0.32937482499732734,0.0,0.0,0,0,0,无明显情感,未明确对象,未明确方面,中性,False,
知识区,BV1zrGi6PE9B,明天高考了 高考在哪里报名,中性,中性,0.8216427301128224,0.11491885547687439,0.8216427301128224,0.06343841441030314,0.0,0.0,0,0,0,无明显情感,未明确对象,未明确方面,中性,False,
知识区,BV1zrGi6PE9B,1,中性,中性,0.8357203348861149,0.07462963453458699,0.8357203348861149,0.08965003057929818,0.0,0.0,0,0,0,无明显情感,未明确对象,未明确方面,中性,False,
知识区,BV1zrGi6PE9B,明天高考会赢吗,中性,中性,0.5315779919671799,0.39722150293850805,0.5315779919671799,0.07120050509431207,0.0,0.0,0,0,0,无明显情感,未明确对象,比赛表现,中性,False,
知识区,BV1zrGi6PE9B,会赢吗,中性,中性,0.6735681074267452,0.2073608029708123,0.6735681074267452,0.11907108960244248,0.0,0.0,0,0,0,无明显情感,未明确对象,比赛表现,中性,False,
知识区,BV1zrGi6PE9B,GKJY,中性,中性,0.6550661232038483,0.19469238640714742,0.6550661232038483,0.15024149038900445,0.0,0.0,0,0,0,无明显情感,未明确对象,未明确方面,中性,False,
知识区,BV1zrGi6PE9B,雷霆所向披靡,中性,中性,0.6451858296357182,0.19827229583734654,0.6451858296357182,0.15654187452693533,0.0,0.0,0,0,0,无明显情感,未明确对象,未明确方面,中性,False,
知识区,BV1zrGi6PE9B,最后一课，打卡,中性,中性,0.6496638911371451,0.20041836364132196,0.6496638911371451,0.14991774522153298,0.0,0.0,0,0,0,无明显情感,未明确对象,未明确方面,中性,True,0.0
知识区,BV1zrGi6PE9B,还有课吗，好像已经讲完了吗？,中性,中性,0.668043405763868,0.1748381031946729,0.668043405763868,0.1571184910414592,-1.0,-1.0,0,1,0,对象评价,未明确对象,未明确方面,负面,True,0.0
知识区,BV1zrGi6PE9B,西北大学,中性,中性,0.5070444273626421,0.39571983667189625,0.5070444273626421,0.09723573596546169,0.0,0.0,0,0,0,无明显情感,未明确对象,未明确方面,中性,False,
知识区,BV1zrGi6PE9B,这个表考试也是会给的，不用记数值！,中性,中性,0.6949729470624124,0.1851367958820301,0.6949729470624124,0.1198902570555574,0.0,0.0,0,0,0,无明显情感,未明确对象,未明确方面,中性,True,0.0
知识区,BV1zrGi6PE9B,哦没嘚哆,中性,中性,0.7089718692126773,0.11407225166036586,0.7089718692126773,0.17695587912695693,0.0,0.0,0,0,0,无明显情感,未明确对象,未明确方面,中性,True,0.0
知识区,BV1zrGi6PE9B,不用背不用背！考试会给的哟！,中性,中性,0.7618727677210758,0.07766125127488994,0.7618727677210758,0.1604659810040342,0.0,0.0,0,0,0,无明显情感,未明确对象,未明确方面,中性,False,
知识区,BV1zrGi6PE9B,今天是6月6日,中性,中性,0.41588712714458886,0.38058721550517777,0.41588712714458886,0.20352565735023323,0.0,0.0,0,0,0,无明显情感,未明确对象,未明确方面,中性,False,
知识区,BV1zrGi6PE9B,一轮复习等我,中性,中性,0.5268464990699193,0.37433717750164003,0.5268464990699193,0.0988163234284406,0.0,0.0,0,0,0,无明显情感,未明确对象,未明确方面,中性,False,
知识区,BV1zrGi6PE9B,520+,中性,中性,0.7977598374356252,0.09769514632921432,0.7977598374356252,0.10454501623516058,0.0,0.0,0,0,0,无明显情感,未明确对象,未明确方面,中性,False,
知识区,BV1zrGi6PE9B,尼克斯总冠军,中性,中性,0.6451858296357182,0.19827229583734654,0.6451858296357182,0.15654187452693533,0.0,0.0,0,0,0,无明显情感,未明确对象,未明确方面,中性,False,
知识区,BV1zrGi6PE9B,界张让,中性,中性,0.5359716776850575,0.256954947015456,0.5359716776850575,0.20707337529948638,0.0,0.0,0,0,0,无明显情感,未明确对象,未明确方面,中性,False,
知识区,BV1zrGi6PE9B,蟾宫折桂,中性,中性,0.6550661232038483,0.19469238640714742,0.6550661232038483,0.15024149038900445,0.0,0.0,0,0,0,无明显情感,未明确对象,未明确方面,中性,False,
知识区,BV1zrGi6PE9B,再见一数,中性,中性,0.7201578784793194,0.1312479869961542,0.7201578784793194,0.14859413452452647,0.0,0.0,0,0,0,无明显情感,未明确对象,未明确方面,中性,True,0.0
知识区,BV1zrGi6PE9B,再见,中性,中性,0.7041779890740205,0.1468711126585799,0.7041779890740205,0.1489508982673996,0.0,0.0,0,0,0,无明显情感,未明确对象,未明确方面,中性,True,0.0
知识区,BV1zrGi6PE9B,我既终焉,中性,中性,0.657916689205958,0.19316397177540717,0.657916689205958,0.14891933901863486,0.0,0.0,0,0,0,无明显情感,未明确对象,未明确方面,中性,False,
知识区,BV1zrGi6PE9B,高考120,中性,中性,0.5507774611288565,0.38474560559375515,0.5507774611288565,0.06447693327738842,0.0,0.0,0,0,0,无明显情感,未明确对象,未明确方面,中性,False,
知识区,BV1zrGi6PE9B,鸭梨马刺,中性,中性,0.6451858296357182,0.19827229583734654,0.6451858296357182,0.15654187452693533,0.0,0.0,0,0,0,无明显情感,未明确对象,未明确方面,中性,False,
知识区,BV1zrGi6PE9B,相当于把这个10*10整体提出来了然后平方,中性,中性,0.7267760304060846,0.17628007729843106,0.7267760304060846,0.09694389229548443,0.0,0.0,0,0,0,无明显情感,未明确对象,未明确方面,中性,False,
知识区,BV1zrGi6PE9B,准备高考,中性,中性,0.7243134482658278,0.21551339833887953,0.7243134482658278,0.06017315339529261,0.0,0.0,0,0,0,无明显情感,未明确对象,未明确方面,中性,False,
知识区,BV1zrGi6PE9B,一本生已打卡,中性,中性,0.7662916960297627,0.16688176819414927,0.7662916960297627,0.06682653577608799,0.0,0.0,0,0,0,无明显情感,未明确对象,未明确方面,中性,False,
知识区,BV1zrGi6PE9B,ok,中性,中性,0.6550661232038483,0.19469238640714742,0.6550661232038483,0.15024149038900445,0.0,0.0,0,0,0,无明显情感,未明确对象,未明确方面,中性,False,
知识区,BV1zrGi6PE9B,490+,中性,中性,0.6230503893950163,0.25676690429271704,0.6230503893950163,0.1201827063122668,0.0,0.0,0,0,0,无明显情感,未明确对象,未明确方面,中性,False,
知识区,BV1zrGi6PE9B,轩源99,中性,中性,0.839128661578179,0.09269697587415487,0.839128661578179,0.0681743625476661,0.0,0.0,0,0,0,无明显情感,未明确对象,未明确方面,中性,False,
知识区,BV1zrGi6PE9B,张真源宋亚轩99,中性,中性,0.8332154910018851,0.09517167953602682,0.8332154910018851,0.07161282946208801,0.0,0.0,0,0,0,无明显情感,未明确对象,未明确方面,中性,False,
知识区,BV1zrGi6PE9B,陪一根,中性,中性,0.6451858296357182,0.19827229583734654,0.6451858296357182,0.15654187452693533,0.0,0.0,0,0,0,无明显情感,未明确对象,未明确方面,中性,False,
知识区,BV1zrGi6PE9B,南理工,中性,中性,0.6550661232038483,0.19469238640714742,0.6550661232038483,0.15024149038900445,0.0,0.0,0,0,0,无明显情感,未明确对象,未明确方面,中性,False,
知识区,BV1zrGi6PE9B,630+,中性,中性,0.8434516401589285,0.07477368033773221,0.8434516401589285,0.08177467950333914,0.0,0.0,0,0,0,无明显情感,未明确对象,未明确方面,中性,False,
知识区,BV1zrGi6PE9B,兰瑞说严肃学习,中性,中性,0.8046560429659451,0.05333095445793154,0.8046560429659451,0.14201300257612337,0.0,0.0,0,0,0,无明显情感,未明确对象,未明确方面,中性,False,
知识区,BV1zrGi6PE9B,这公式高考不给吗？,中性,中性,0.8248325739496615,0.08195603852703737,0.8248325739496615,0.09321138752330115,0.0,0.0,0,0,0,无明显情感,课程内容,未明确方面,中性,False,
知识区,BV1zrGi6PE9B,空屏,中性,中性,0.6550661232038483,0.19469238640714742,0.6550661232038483,0.15024149038900445,0.0,0.0,0,0,0,无明显情感,未明确对象,未明确方面,中性,False,
知识区,BV1zrGi6PE9B,华为,中性,中性,0.6550661232038483,0.19469238640714742,0.6550661232038483,0.15024149038900445,0.0,0.0,0,0,0,无明显情感,未明确对象,未明确方面,中性,False,
知识区,BV1zrGi6PE9B,Niko拿major冠军时期打卡,中性,中性,0.780822871271557,0.13316903241666977,0.780822871271557,0.0860080963117731,0.0,0.0,0,0,0,无明显情感,未明确对象,未明确方面,中性,False,
知识区,BV1zrGi6PE9B,曼城球迷祝贺大巴黎和马刺获得冠军）正义必胜！,中性,中性,0.5794339188677363,0.35975563575348274,0.5794339188677363,0.06081044537878088,0.0,0.0,0,0,0,无明显情感,未明确对象,未明确方面,中性,False,
知识区,BV1zrGi6PE9B,鬼音,中性,中性,0.6550661232038483,0.19469238640714742,0.6550661232038483,0.15024149038900445,0.0,0.0,0,0,0,无明显情感,未明确对象,未明确方面,中性,False,
知识区,BV1zrGi6PE9B,Give me one last kiss,中性,中性,0.680906229013168,0.1728195998559024,0.680906229013168,0.1462741711309297,0.0,0.0,0,0,0,无明显情感,未明确对象,未明确方面,中性,True,0.0
知识区,BV1zrGi6PE9B,前尘待续,中性,中性,0.6451858296357182,0.19827229583734654,0.6451858296357182,0.15654187452693533,0.0,0.0,0,0,0,无明显情感,未明确对象,未明确方面,中性,False,
知识区,BV1zrGi6PE9B,我爱王欣怡！,中性,中性,0.5562790205387397,0.41619302029202804,0.5562790205387397,0.02752795916923221,0.0,0.0,0,0,0,无明显情感,未明确对象,未明确方面,中性,False,
知识区,BV1zrGi6PE9B,高考加酒,中性,中性,0.6148318845928744,0.3355930541889633,0.6148318845928744,0.0495750612181622,0.0,0.0,0,0,0,无明显情感,未明确对象,未明确方面,中性,False,
知识区,BV1zrGi6PE9B,两天抱抱佛脚,中性,中性,0.6351502869512382,0.20182134718609102,0.6351502869512382,0.16302836586267086,0.0,0.0,0,0,0,无明显情感,未明确对象,未明确方面,中性,False,
知识区,BV1zrGi6PE9B,会给,中性,中性,0.8996347966440273,0.0338207276826052,0.8996347966440273,0.0665444756733674,0.0,0.0,0,0,0,无明显情感,未明确对象,未明确方面,中性,False,
知识区,BV1zrGi6PE9B,这下是真的感我此言良久了！,中性,中性,0.7159814670769569,0.2129932360031088,0.7159814670769569,0.07102529691993438,0.0,0.0,0,0,0,无明显情感,未明确对象,未明确方面,中性,False,
知识区,BV1zrGi6PE9B,，1,中性,中性,0.7295472647405175,0.1418711729857361,0.7295472647405175,0.12858156227374648,0.0,0.0,0,0,0,无明显情感,未明确对象,未明确方面,中性,False,
知识区,BV1zrGi6PE9B,祝你高考好运奚子涵,中性,中性,0.5772044810905037,0.34091778189486455,0.5772044810905037,0.08187773701463177,0.0,0.0,0,0,0,无明显情感,未明确对象,未明确方面,中性,False,
知识区,BV1zrGi6PE9B,6.5—2026,中性,中性,0.5792707445502491,0.2495328316351606,0.5792707445502491,0.17119642381459033,0.0,0.0,0,0,0,无明显情感,未明确对象,未明确方面,中性,False,
知识区,BV1zrGi6PE9B,有何不敢？,中性,中性,0.5817078068885575,0.10341234716617392,0.5817078068885575,0.3148798459452686,0.0,0.0,0,0,0,无明显情感,未明确对象,未明确方面,中性,False,
知识区,BV1zrGi6PE9B,吓我一跳,中性,中性,0.5924517953231673,0.22216543750978016,0.5924517953231673,0.1853827671670525,0.0,0.0,0,0,0,无明显情感,未明确对象,未明确方面,中性,False,
知识区,BV1zrGi6PE9B,假药,中性,中性,0.6550661232038483,0.19469238640714742,0.6550661232038483,0.15024149038900445,0.0,0.0,0,0,0,无明显情感,未明确对象,未明确方面,中性,False,
知识区,BV1zrGi6PE9B,鸭梨尽力了,中性,中性,0.6572458603865653,0.18173027914897813,0.6572458603865653,0.16102386046445652,0.0,0.0,0,0,0,无明显情感,未明确对象,未明确方面,中性,False,
知识区,BV1zrGi6PE9B,错哥都来了,中性,中性,0.9276418689257707,0.04723357601403368,0.9276418689257707,0.02512455506019567,0.0,0.0,0,0,0,无明显情感,未明确对象,未明确方面,中性,False,
知识区,BV1zrGi6PE9B,115,中性,中性,0.771244873527398,0.17697025975604574,0.771244873527398,0.051784866716556174,0.0,0.0,0,0,0,无明显情感,未明确对象,未明确方面,中性,False,
知识区,BV1zrGi6PE9B,第一战场结束！,中性,中性,0.7261259474934483,0.22942982154326402,0.7261259474934483,0.04444423096328784,0.0,0.0,0,0,0,无明显情感,未明确对象,未明确方面,中性,False,
知识区,BV1zrGi6PE9B,Bgm是什么？,中性,中性,0.7898457436694315,0.10499484596270446,0.7898457436694315,0.10515941036786408,0.0,0.0,0,0,0,无明显情感,未明确对象,未明确方面,中性,False,
知识区,BV1zrGi6PE9B,叭叭叭~~~,中性,中性,0.6451858296357182,0.19827229583734654,0.6451858296357182,0.15654187452693533,0.0,0.0,0,0,0,无明显情感,未明确对象,未明确方面,中性,False,
知识区,BV1zrGi6PE9B,封面没亮点？数字产线帮你一键生成精美封面！,中性,中性,0.7654625941989043,0.14278052618808063,0.7654625941989043,0.09175687961301512,1.0,1.0,1,0,0,对象评价,未明确对象,未明确方面,正面,True,0.0
知识区,BV1zrGi6PE9B,can u give me one last kiss,中性,中性,0.6843311300725471,0.17430589460116536,0.6843311300725471,0.14136297532628767,0.0,0.0,0,0,0,无明显情感,未明确对象,未明确方面,中性,True,0.0
知识区,BV1zrGi6PE9B,我才是老大！,中性,中性,0.816836201005446,0.09810902348603809,0.816836201005446,0.08505477550851599,0.0,0.0,0,0,0,无明显情感,未明确对象,未明确方面,中性,False,
知识区,BV1zrGi6PE9B,祝你们考清北,中性,中性,0.5466449971065782,0.17212016568229846,0.5466449971065782,0.2812348372111233,0.0,0.0,0,0,0,无明显情感,未明确对象,未明确方面,中性,False,
知识区,BV1zrGi6PE9B,最后一页,中性,中性,0.8316947628625821,0.06995841010791451,0.8316947628625821,0.09834682702950345,0.0,0.0,0,0,0,无明显情感,未明确对象,未明确方面,中性,True,0.0
知识区,BV1zrGi6PE9B,各位一轮复习再见,中性,中性,0.7756568623644242,0.16831699961669672,0.7756568623644242,0.05602613801887901,0.0,0.0,0,0,0,无明显情感,未明确对象,未明确方面,中性,False,
知识区,BV1zrGi6PE9B,分布列那里好像就列过一次,中性,中性,0.5910483569042387,0.26480151410346114,0.5910483569042387,0.1441501289923001,0.0,0.0,0,0,0,无明显情感,未明确对象,未明确方面,中性,False,
知识区,BV1zrGi6PE9B,高中数学最后一战，我们一轮复习见,中性,中性,0.620795866479941,0.22242525718397055,0.620795866479941,0.15677887633608842,0.0,0.0,0,0,0,无明显情感,课程内容,未明确方面,中性,True,0.0
知识区,BV1zrGi6PE9B,27,中性,中性,0.8202231139536909,0.11978012326827453,0.8202231139536909,0.05999676277803469,0.0,0.0,0,0,0,无明显情感,未明确对象,未明确方面,中性,False,
知识区,BV1zrGi6PE9B,最后三天,中性,中性,0.6968586765136826,0.12161906345735123,0.6968586765136826,0.1815222600289662,0.0,0.0,0,0,0,无明显情感,未明确对象,未明确方面,中性,True,0.0
知识区,BV1zrGi6PE9B,27年再见,中性,中性,0.6769310052256343,0.24364910585727415,0.6769310052256343,0.07941988891709148,0.0,0.0,0,0,0,无明显情感,未明确对象,未明确方面,中性,False,
知识区,BV1zrGi6PE9B,有幸见证历史,中性,中性,0.6351502869512382,0.20182134718609102,0.6351502869512382,0.16302836586267086,0.0,0.0,0,0,0,无明显情感,未明确对象,未明确方面,中性,False,
知识区,BV1zrGi6PE9B,合肥工业大学,中性,中性,0.5070444273626421,0.39571983667189625,0.5070444273626421,0.09723573596546169,0.0,0.0,0,0,0,无明显情感,未明确对象,未明确方面,中性,False,
知识区,BV1zrGi6PE9B,高考大捷！,中性,中性,0.5131460590250471,0.4684545645425635,0.5131460590250471,0.018399376432389387,0.0,0.0,0,0,0,无明显情感,未明确对象,未明确方面,中性,False,
知识区,BV1zrGi6PE9B,南京航空航天大学,中性,中性,0.5070444273626421,0.39571983667189625,0.5070444273626421,0.09723573596546169,0.0,0.0,0,0,0,无明显情感,未明确对象,未明确方面,中性,False,
知识区,BV1zrGi6PE9B,高考应该写ABC。,中性,中性,0.5232273752307867,0.43949184661514906,0.5232273752307867,0.03728077815406418,0.0,0.0,0,0,0,无明显情感,未明确对象,未明确方面,中性,False,
知识区,BV1zrGi6PE9B,高考走错不用怕，我帮你送过去。,中性,中性,0.7702269452405239,0.13297098926145498,0.7702269452405239,0.0968020654980211,0.0,0.0,0,0,0,无明显情感,未明确对象,未明确方面,中性,True,0.0
知识区,BV1zrGi6PE9B,走错考场，没事的。我帮你送到电子厂，入个职就行了。,中性,中性,0.6837726526597623,0.16092211697110334,0.6837726526597623,0.15530523036913443,0.0,0.0,0,0,0,无明显情感,未明确对象,未明确方面,中性,True,0.0
知识区,BV1zrGi6PE9B,走错考场，我帮你送过去，帮你送到工地。,中性,中性,0.8238651835297757,0.06436117734631129,0.8238651835297757,0.111773639123913,0.0,0.0,0,0,0,无明显情感,未明确对象,未明确方面,中性,True,0.0
知识区,BV1zrGi6PE9B,今天2026年6.3星期三晚上23:15,中性,中性,0.5177612570425443,0.2920965797481392,0.5177612570425443,0.1901421632093165,0.0,0.0,0,0,0,无明显情感,未明确对象,未明确方面,中性,False,
知识区,BV1zrGi6PE9B,距离2026高考还有3天,中性,中性,0.4506183013312525,0.3380702489568205,0.4506183013312525,0.21131144971192703,0.0,0.0,0,0,0,无明显情感,未明确对象,未明确方面,中性,False,
知识区,BV1zrGi6PE9B,这公式也不难记啊,中性,中性,0.7459120597298,0.1445994747661798,0.7459120597298,0.10948846550402015,0.0,0.0,0,0,0,无明显情感,课程内容,理解与难度,中性,True,0.0
知识区,BV1zrGi6PE9B,一数老师再见,中性,中性,0.7061606227446184,0.17667239637444335,0.7061606227446184,0.1171669808809382,0.0,0.0,0,0,0,无明显情感,讲解者,未明确方面,中性,True,0.0
知识区,BV1zrGi6PE9B,6月,中性,中性,0.5665773218177674,0.26107982712740835,0.5665773218177674,0.1723428510548242,0.0,0.0,0,0,0,无明显情感,未明确对象,未明确方面,中性,False,
知识区,BV1zrGi6PE9B,2026年6月3日晚上8:42,中性,正面,0.3531423455759089,0.3531423455759089,0.34078653851473745,0.30607111590935365,0.0,0.0,0,0,0,无明显情感,未明确对象,未明确方面,中性,False,
知识区,BV1zrGi6PE9B,是个人物↑,中性,中性,0.5389025626415407,0.06259272866865752,0.5389025626415407,0.39850470868980176,0.0,0.0,0,0,0,无明显情感,未明确对象,未明确方面,中性,False,
知识区,BV1zrGi6PE9B,薛定谔的猫不就是是或不是中间的情况吗？,中性,中性,0.5671952776949576,0.06620922640717124,0.5671952776949576,0.3665954958978711,0.0,0.0,0,0,0,无明显情感,未明确对象,未明确方面,中性,False,
知识区,BV1zrGi6PE9B,ustc,中性,中性,0.6463536475916491,0.19700463939676802,0.6463536475916491,0.15664171301158286,0.0,0.0,0,0,0,无明显情感,未明确对象,未明确方面,中性,False,
知识区,BV1zrGi6PE9B,吓得我赶快点一根,中性,中性,0.6551787897060054,0.18167758554877006,0.6551787897060054,0.1631436247452246,0.0,0.0,0,0,0,无明显情感,未明确对象,未明确方面,中性,False,
知识区,BV1zrGi6PE9B,坏 此时正在网吧点着蚊香看,中性,中性,0.7503205351467371,0.13921194585523347,0.7503205351467371,0.11046751899802952,0.0,0.0,0,0,0,无明显情感,未明确对象,未明确方面,中性,False,
知识区,BV1zrGi6PE9B,宁波大学,中性,中性,0.5070444273626421,0.39571983667189625,0.5070444273626421,0.09723573596546169,0.0,0.0,0,0,0,无明显情感,未明确对象,未明确方面,中性,False,
知识区,BV1zrGi6PE9B,2027重庆大学,中性,中性,0.5613084688806149,0.3550607198405069,0.5613084688806149,0.08363081127887816,0.0,0.0,0,0,0,无明显情感,未明确对象,未明确方面,中性,False,
知识区,BV1zrGi6PE9B,捉潘博！,中性,中性,0.5562790205387397,0.41619302029202804,0.5562790205387397,0.02752795916923221,0.0,0.0,0,0,0,无明显情感,未明确对象,未明确方面,中性,False,
知识区,BV1zrGi6PE9B,27复旦！,中性,中性,0.6525215548635902,0.2930060512152921,0.6525215548635902,0.054472393921117725,0.0,0.0,0,0,0,无明显情感,未明确对象,未明确方面,中性,False,
知识区,BV1zrGi6PE9B,2026/6/3,中性,中性,0.5488483591009363,0.2929410994319505,0.5488483591009363,0.15821054146711316,0.0,0.0,0,0,0,无明显情感,未明确对象,未明确方面,中性,False,
知识区,BV1zrGi6PE9B,萧逸来了,中性,中性,0.8532556566214322,0.09745907273066672,0.8532556566214322,0.04928527064790109,0.0,0.0,0,0,0,无明显情感,未明确对象,未明确方面,中性,False,
知识区,BV1zrGi6PE9B,来日方长,中性,中性,0.6550661232038483,0.19469238640714742,0.6550661232038483,0.15024149038900445,0.0,0.0,0,0,0,无明显情感,未明确对象,未明确方面,中性,False,
知识区,BV1zrGi6PE9B,27的小北,中性,中性,0.8062113711105409,0.13205607778781278,0.8062113711105409,0.061732551101646306,0.0,0.0,0,0,0,无明显情感,未明确对象,未明确方面,中性,False,
知识区,BV1zrGi6PE9B,怎么算x2简单呀,中性,中性,0.42749956552326346,0.3026203880070198,0.42749956552326346,0.2698800464697168,1.0,1.0,1,0,0,对象评价,未明确对象,理解与难度,正面,True,0.0
知识区,BV1zrGi6PE9B,还会有下一个视频吗,中性,中性,0.6878295938670247,0.16395159886997784,0.6878295938670247,0.14821880726299735,0.0,0.0,0,0,0,无明显情感,视频内容,未明确方面,中性,False,
知识区,BV1zrGi6PE9B,这个坏宝宝好萌,中性,中性,0.7306787716099875,0.1394401720301961,0.7306787716099875,0.12988105635981637,0.0,0.0,0,0,0,无明显情感,未明确对象,未明确方面,中性,False,
知识区,BV1zrGi6PE9B,文成可敢担太守之职,中性,中性,0.6146384458709807,0.20880317514749888,0.6146384458709807,0.17655837898152044,0.0,0.0,0,0,0,无明显情感,未明确对象,未明确方面,中性,False,
知识区,BV1zrGi6PE9B,高三见,中性,中性,0.6286077087385877,0.21495137594141206,0.6286077087385877,0.15644091532000012,0.0,0.0,0,0,0,无明显情感,未明确对象,未明确方面,中性,False,
知识区,BV1zrGi6PE9B,最后一课！！！,中性,中性,0.4995381343581481,0.33397196922903255,0.4995381343581481,0.16648989641281944,0.0,0.0,0,0,0,无明显情感,未明确对象,未明确方面,中性,False,
知识区,BV1zrGi6PE9B,海珀塞西斯,中性,中性,0.6351502869512382,0.20182134718609102,0.6351502869512382,0.16302836586267086,0.0,0.0,0,0,0,无明显情感,未明确对象,未明确方面,中性,False,
知识区,BV1zrGi6PE9B,想复刻爆款却不懂剪辑？数字产线帮你批量产出！,中性,中性,0.7674616894718522,0.08988527081618967,0.7674616894718522,0.14265303971195803,0.0,0.0,0,0,0,无明显情感,视频内容,视听体验,中性,True,0.0
知识区,BV1zrGi6PE9B,还有五天高考了,中性,中性,0.7009581934330824,0.22418264198771876,0.7009581934330824,0.07485916457919897,0.0,0.0,0,0,0,无明显情感,未明确对象,未明确方面,中性,False,
知识区,BV1zrGi6PE9B,祝我高考总分500+数学100+,中性,中性,0.41830236957766864,0.39846337277705096,0.41830236957766864,0.1832342576452804,0.0,0.0,0,0,0,无明显情感,课程内容,未明确方面,中性,False,
知识区,BV1zrGi6PE9B,2025高考700卡方,中性,中性,0.5192181662362679,0.3816161071987695,0.5192181662362679,0.09916572656496257,0.0,0.0,0,0,0,无明显情感,未明确对象,未明确方面,中性,False,
知识区,BV1zrGi6PE9B,还有5天,中性,中性,0.7007575566515293,0.19908724364279934,0.7007575566515293,0.1001551997056714,0.0,0.0,0,0,0,无明显情感,未明确对象,未明确方面,中性,False,
知识区,BV1zrGi6PE9B,yeah,中性,中性,0.6550661232038483,0.19469238640714742,0.6550661232038483,0.15024149038900445,0.0,0.0,0,0,0,无明显情感,未明确对象,未明确方面,中性,False,
知识区,BV1zrGi6PE9B,直接撒花,中性,中性,0.4624880970868385,0.4581377031818513,0.4624880970868385,0.07937419973131005,0.0,0.0,0,0,0,无明显情感,未明确对象,未明确方面,中性,False,
知识区,BV1zrGi6PE9B,还有一年,中性,中性,0.7208476029963757,0.13575543744111834,0.7208476029963757,0.14339695956250598,0.0,0.0,0,0,0,无明显情感,未明确对象,未明确方面,中性,False,
知识区,BV1zrGi6PE9B,相见时难别亦难,中性,中性,0.6249656085127029,0.2053336410667925,0.6249656085127029,0.1697007504205047,0.0,0.0,0,0,0,无明显情感,未明确对象,理解与难度,中性,False,
知识区,BV1zrGi6PE9B,懵壁了思密达,中性,中性,0.6572458603865653,0.18173027914897813,0.6572458603865653,0.16102386046445652,0.0,0.0,0,0,0,无明显情感,未明确对象,未明确方面,中性,False,
知识区,BV1zrGi6PE9B,到此为止，高中数学全部结束,中性,中性,0.6093193302973212,0.22183429005911848,0.6093193302973212,0.1688463796435603,0.0,0.0,0,0,0,无明显情感,课程内容,未明确方面,中性,True,0.0
知识区,BV1zrGi6PE9B,中国政法大学,中性,中性,0.5070444273626421,0.39571983667189625,0.5070444273626421,0.09723573596546169,0.0,0.0,0,0,0,无明显情感,未明确对象,未明确方面,中性,False,
知识区,BV1zrGi6PE9B,！,中性,中性,0.5733878260519706,0.4012580932643734,0.5733878260519706,0.025354080683656015,0.0,0.0,0,0,0,无明显情感,未明确对象,未明确方面,中性,False,
知识区,BV1zrGi6PE9B,5月31日，世界无烟日,中性,中性,0.746388791331499,0.14422853969007754,0.746388791331499,0.10938266897842347,0.0,0.0,0,0,0,无明显情感,未明确对象,未明确方面,中性,False,
知识区,BV1zrGi6PE9B,排中律,中性,中性,0.6550661232038483,0.19469238640714742,0.6550661232038483,0.15024149038900445,0.0,0.0,0,0,0,无明显情感,未明确对象,未明确方面,中性,False,
知识区,BV1zrGi6PE9B,姜维：我tm来治魏延,中性,中性,0.6380769977029248,0.20028807223682912,0.6380769977029248,0.16163493006024604,0.0,0.0,0,0,0,无明显情感,未明确对象,未明确方面,中性,True,0.0
知识区,BV1zrGi6PE9B,魏延,中性,中性,0.6550661232038483,0.19469238640714742,0.6550661232038483,0.15024149038900445,0.0,0.0,0,0,0,无明显情感,未明确对象,未明确方面,中性,False,
知识区,BV1zrGi6PE9B,春风若有怜花意，可否许我再少年,中性,中性,0.46845666305771455,0.28404742472072975,0.46845666305771455,0.2474959122215557,0.0,0.0,0,0,0,无明显情感,未明确对象,未明确方面,中性,False,
知识区,BV1zrGi6PE9B,花有重开日，人无再少年,中性,中性,0.49386652042440127,0.33519723082552555,0.49386652042440127,0.17093624875007324,0.0,0.0,0,0,0,无明显情感,未明确对象,未明确方面,中性,False,
知识区,BV1zrGi6PE9B,我看到了花团锦簇的未来 祝好！,中性,中性,0.8828513933930116,0.09824700427007291,0.8828513933930116,0.018901602336915575,0.0,0.0,0,0,0,无明显情感,未明确对象,未明确方面,中性,False,
知识区,BV1zrGi6PE9B,肯定是乙药，因为假药没效果,中性,中性,0.8591081780802141,0.07128351521858771,0.8591081780802141,0.0696083067011982,0.0,0.0,1,1,1,对象评价,未明确对象,未明确方面,混合,True,0.0
知识区,BV1zrGi6PE9B,6.1 10点49分,中性,中性,0.4843755594937156,0.3959258527723065,0.4843755594937156,0.11969858773397803,0.0,0.0,0,0,0,无明显情感,未明确对象,未明确方面,中性,False,
知识区,BV1zrGi6PE9B,当一个故事快要结束的时候，我们总会想起它的开始,中性,中性,0.8020083916351116,0.1322057163743164,0.8020083916351116,0.06578589199057214,0.0,0.0,0,0,0,无明显情感,未明确对象,未明确方面,中性,False,
知识区,BV1zrGi6PE9B,世纪大合照,中性,中性,0.8064343895254765,0.12116820863241153,0.8064343895254765,0.07239740184211192,0.0,0.0,0,0,0,无明显情感,未明确对象,未明确方面,中性,False,
知识区,BV1zrGi6PE9B,^v^ -_-,中性,中性,0.6550661232038483,0.19469238640714742,0.6550661232038483,0.15024149038900445,0.0,0.0,0,0,0,无明显情感,未明确对象,未明确方面,中性,False,
知识区,BV1zrGi6PE9B,刺眼说是,中性,中性,0.48015237200174393,0.08590102577795801,0.48015237200174393,0.433946602220298,0.0,0.0,0,0,0,无明显情感,未明确对象,未明确方面,中性,False,
知识区,BV1zrGi6PE9B,2026年6月1号,中性,中性,0.5029139700682153,0.21935226227697677,0.5029139700682153,0.2777337676548079,0.0,0.0,0,0,0,无明显情感,未明确对象,未明确方面,中性,False,
知识区,BV1zrGi6PE9B,二手烟,中性,中性,0.6550661232038483,0.19469238640714742,0.6550661232038483,0.15024149038900445,0.0,0.0,0,0,0,无明显情感,未明确对象,未明确方面,中性,False,
知识区,BV1zrGi6PE9B,最后一课了，我不是才刚看第一课吗,中性,中性,0.7088818615473718,0.0894093205017636,0.7088818615473718,0.2017088179508647,0.0,0.0,0,0,0,无明显情感,未明确对象,未明确方面,中性,False,
知识区,BV1zrGi6PE9B,6，1来,中性,中性,0.6296626005354854,0.2414634667853589,0.6296626005354854,0.12887393267915564,0.0,0.0,0,0,0,无明显情感,未明确对象,未明确方面,中性,False,
知识区,BV1zrGi6PE9B,6.1,中性,中性,0.6550661232038483,0.19469238640714742,0.6550661232038483,0.15024149038900445,0.0,0.0,0,0,0,无明显情感,未明确对象,未明确方面,中性,False,
知识区,BV1zrGi6PE9B,最后一节新课 打卡打卡 高考还剩370天,中性,中性,0.6247716698890619,0.2982272759590508,0.6247716698890619,0.07700105415188732,0.0,0.0,0,0,0,无明显情感,未明确对象,未明确方面,中性,False,
知识区,BV1zrGi6PE9B,我爱老师,中性,正面,0.5454501778477776,0.5454501778477776,0.3588833487983497,0.09566647335387271,0.0,0.0,0,0,0,无明显情感,讲解者,未明确方面,中性,False,
知识区,BV1zrGi6PE9B,妈,中性,中性,0.6550661232038483,0.19469238640714742,0.6550661232038483,0.15024149038900445,0.0,0.0,0,0,0,无明显情感,未明确对象,未明确方面,中性,False,
知识区,BV1zrGi6PE9B,mom,中性,中性,0.7689059400303255,0.10742013590323378,0.7689059400303255,0.12367392406644073,0.0,0.0,0,0,0,无明显情感,未明确对象,未明确方面,中性,False,
知识区,BV1zrGi6PE9B,6月1日,中性,中性,0.5890161882158929,0.24298179375983547,0.5890161882158929,0.1680020180242717,0.0,0.0,0,0,0,无明显情感,未明确对象,未明确方面,中性,False,
知识区,BV1zrGi6PE9B,你要赌，它有可能之出一个选择题最后一题，然后不给了,中性,中性,0.7208225669267984,0.06751342671673706,0.7208225669267984,0.2116640063564645,0.0,0.0,0,0,0,无明显情感,未明确对象,未明确方面,中性,False,
知识区,BV1zrGi6PE9B,高三喽,中性,中性,0.7145384088855049,0.1490166850760494,0.7145384088855049,0.1364449060384458,0.0,0.0,0,0,0,无明显情感,未明确对象,未明确方面,中性,False,
知识区,BV1zrGi6PE9B,我靠，不玩了吗,中性,中性,0.5706424787279217,0.3496882420554083,0.5706424787279217,0.07966927921666993,0.0,0.0,0,0,0,无明显情感,未明确对象,未明确方面,中性,False,
知识区,BV1zrGi6PE9B,蓦山溪打卡,中性,中性,0.7662916960297627,0.16688176819414927,0.7662916960297627,0.06682653577608799,0.0,0.0,0,0,0,无明显情感,未明确对象,未明确方面,中性,False,
知识区,BV1zrGi6PE9B,我解释,中性,中性,0.667595404215155,0.1895636990306977,0.667595404215155,0.14284089675414727,0.0,0.0,0,0,0,无明显情感,未明确对象,未明确方面,中性,False,
知识区,BV1zrGi6PE9B,2026年5月31日，金堂外国语陈蹊到此一游,中性,中性,0.5889498284842818,0.26413256330967394,0.5889498284842818,0.14691760820604446,0.0,0.0,0,0,0,无明显情感,未明确对象,未明确方面,中性,False,
知识区,BV1zrGi6PE9B,能从60到90吗,中性,中性,0.5057057984648238,0.06461774331776643,0.5057057984648238,0.42967645821740974,0.0,0.0,0,0,0,无明显情感,未明确对象,未明确方面,中性,False,
知识区,BV1zrGi6PE9B,一般题目会给公式,中性,中性,0.8116831107873186,0.10015005490800728,0.8116831107873186,0.08816683430467404,0.0,0.0,0,0,0,无明显情感,课程内容,未明确方面,中性,False,
知识区,BV1zrGi6PE9B,Hophensis,中性,中性,0.5886745329899602,0.2011096573978349,0.5886745329899602,0.21021580961220485,0.0,0.0,0,0,0,无明显情感,未明确对象,未明确方面,中性,False,
知识区,BV1zrGi6PE9B,2026-5-31-22:46,中性,中性,0.6668374975771745,0.22776967383278132,0.6668374975771745,0.10539282859004431,0.0,0.0,0,0,0,无明显情感,未明确对象,未明确方面,中性,False,
知识区,BV1zrGi6PE9B,安庆二中高二,中性,中性,0.6264346905276473,0.2725462370889472,0.6264346905276473,0.10101907238340546,0.0,0.0,0,0,0,无明显情感,未明确对象,未明确方面,中性,False,
知识区,BV1zrGi6PE9B,27年汕大,中性,中性,0.6529155431244524,0.28159517832377534,0.6529155431244524,0.06548927855177239,0.0,0.0,0,0,0,无明显情感,未明确对象,未明确方面,中性,False,
知识区,BV1zrGi6PE9B,不能被量化考核,中性,中性,0.5792531578393598,0.2124969973768309,0.5792531578393598,0.20824984478380926,0.0,0.0,0,0,0,无明显情感,未明确对象,未明确方面,中性,True,0.0
知识区,BV1zrGi6PE9B,要记住，卡方平方是先乀再/的，记住这个顺序理解22表,中性,中性,0.5222914693176459,0.20761489534018202,0.5222914693176459,0.27009363534217196,0.0,0.0,0,0,0,无明显情感,未明确对象,未明确方面,中性,False,
知识区,BV1zrGi6PE9B,高中全部嘛。,中性,中性,0.7418728934056531,0.20728450375273133,0.7418728934056531,0.0508426028416155,0.0,0.0,0,0,0,无明显情感,未明确对象,未明确方面,中性,False,
知识区,BV1zrGi6PE9B,这个表格的值要记吗,中性,中性,0.825642897510786,0.06596757131909378,0.825642897510786,0.10838953117012023,0.0,0.0,0,0,0,无明显情感,未明确对象,未明确方面,中性,False,
知识区,BV1zrGi6PE9B,下周一轮复习,中性,中性,0.7890558477047697,0.10585084671737478,0.7890558477047697,0.10509330557785553,0.0,0.0,0,0,0,无明显情感,未明确对象,未明确方面,中性,False,
知识区,BV1zrGi6PE9B,直接算死,中性,中性,0.6983822278354381,0.18472152294116712,0.6983822278354381,0.11689624922339469,0.0,0.0,0,0,0,无明显情感,未明确对象,未明确方面,中性,False,
知识区,BV1zrGi6PE9B,nqy,中性,中性,0.6550661232038483,0.19469238640714742,0.6550661232038483,0.15024149038900445,0.0,0.0,0,0,0,无明显情感,未明确对象,未明确方面,中性,False,
知识区,BV1zrGi6PE9B,统计学给的公式  没有什么为什么,中性,中性,0.8965899521982161,0.024617653613616754,0.8965899521982161,0.07879239418816705,0.0,0.0,0,0,0,无明显情感,课程内容,未明确方面,中性,False,
知识区,BV1zrGi6PE9B,Kan you give me one last kiss,中性,中性,0.680906229013168,0.1728195998559024,0.680906229013168,0.1462741711309297,0.0,0.0,0,0,0,无明显情感,未明确对象,未明确方面,中性,True,0.0
知识区,BV1zrGi6PE9B,27华南师范,中性,中性,0.8077618313425986,0.12611387037395763,0.8077618313425986,0.06612429828344386,0.0,0.0,0,0,0,无明显情感,未明确对象,未明确方面,中性,False,
知识区,BV1zrGi6PE9B,2026 5 31,中性,中性,0.6682981166894651,0.22665684372210154,0.6682981166894651,0.1050450395884333,0.0,0.0,0,0,0,无明显情感,未明确对象,未明确方面,中性,False,
知识区,BV1zrGi6PE9B,准备开启高三副本,中性,中性,0.7624125477791591,0.10490926734910898,0.7624125477791591,0.13267818487173194,0.0,0.0,0,0,0,无明显情感,未明确对象,未明确方面,中性,False,
知识区,BV1zrGi6PE9B,学过英语的数学老师,中性,中性,0.7393171016393713,0.07443047060385014,0.7393171016393713,0.18625242775677855,0.0,0.0,0,0,0,无明显情感,讲解者+课程内容,未明确方面,中性,False,
知识区,BV1zrGi6PE9B,可以,中性,正面,0.4365423570460843,0.4365423570460843,0.2979603380495471,0.26549730490436857,1.0,1.0,1,0,0,对象评价,未明确对象,未明确方面,正面,True,0.0
知识区,BV1zrGi6PE9B,个位，该表白了,中性,中性,0.6969343497972645,0.12290521088507746,0.6969343497972645,0.1801604393176581,0.0,0.0,0,0,0,无明显情感,未明确对象,未明确方面,中性,False,
知识区,BV1zrGi6PE9B,拜拜啦,中性,中性,0.42569033222229163,0.33904743491815725,0.42569033222229163,0.23526223285955122,1.0,1.0,1,0,0,对象评价,未明确对象,未明确方面,正面,True,0.0
知识区,BV1zrGi6PE9B,26年高考拿捏拿捏,中性,中性,0.855547686238137,0.1077975357700054,0.855547686238137,0.03665477799185744,0.0,0.0,0,0,0,无明显情感,未明确对象,未明确方面,中性,False,
知识区,BV1zrGi6PE9B,因为前面的CD选项的前提是一样的，得出来的结论应该也是一样，如果相反就错了。,中性,中性,0.6137839321321645,0.12648414604914762,0.6137839321321645,0.259731921818688,-1.0,-1.0,0,1,0,对象评价,未明确对象,未明确方面,负面,True,0.0
知识区,BV1zrGi6PE9B,2026年5月31日,中性,中性,0.7129623754751595,0.1712811679328768,0.7129623754751595,0.11575645659196375,0.0,0.0,0,0,0,无明显情感,未明确对象,未明确方面,中性,False,
知识区,BV1zrGi6PE9B,华美学子来报道了,中性,中性,0.7363216538368275,0.11994178580739694,0.7363216538368275,0.14373656035577553,0.0,0.0,0,0,0,无明显情感,未明确对象,未明确方面,中性,False,
知识区,BV1zrGi6PE9B,27清华,中性,中性,0.8140818725892068,0.12292330358804276,0.8140818725892068,0.06299482382275043,0.0,0.0,0,0,0,无明显情感,未明确对象,未明确方面,中性,False,
知识区,BV1zrGi6PE9B,我靠,中性,中性,0.5163787073014864,0.29439900458771984,0.5163787073014864,0.18922228811079386,0.0,0.0,0,0,0,无明显情感,未明确对象,未明确方面,中性,False,
知识区,BV1zrGi6PE9B,刚好99.5,中性,中性,0.839128661578179,0.09269697587415487,0.839128661578179,0.0681743625476661,0.0,0.0,0,0,0,无明显情感,未明确对象,未明确方面,中性,False,
知识区,BV1zrGi6PE9B,4,中性,中性,0.6550661232038483,0.19469238640714742,0.6550661232038483,0.15024149038900445,0.0,0.0,0,0,0,无明显情感,未明确对象,未明确方面,中性,False,
知识区,BV1zrGi6PE9B,期待一数出大学高数课,中性,中性,0.6779737286363797,0.22331860460949254,0.6779737286363797,0.09870766675412762,0.0,0.0,0,0,0,无明显情感,未明确对象,未明确方面,中性,False,
知识区,BV1zrGi6PE9B,Ok，开启一轮复习,中性,中性,0.6279823943569524,0.2149125477125248,0.6279823943569524,0.15710505793052282,0.0,0.0,0,0,0,无明显情感,未明确对象,未明确方面,中性,False,
知识区,BV1zrGi6PE9B,老师再见,中性,中性,0.6815976991705774,0.2131052614991077,0.6815976991705774,0.10529703933031494,0.0,0.0,0,0,0,无明显情感,讲解者,未明确方面,中性,True,0.0
知识区,BV1zrGi6PE9B,括号内减之前乘10倍，跟减去之后的10倍是一样的吧,中性,中性,0.6497330890492549,0.07183534122708712,0.6497330890492549,0.278431569723658,0.0,0.0,0,0,0,无明显情感,未明确对象,未明确方面,中性,False,
知识区,BV1zrGi6PE9B,原来这个就是卡方。,中性,中性,0.6885024520181344,0.22021951510479362,0.6885024520181344,0.09127803287707208,0.0,0.0,0,0,0,无明显情感,未明确对象,未明确方面,中性,False,
知识区,BV1zrGi6PE9B,も終わだな,中性,中性,0.6550661232038483,0.19469238640714742,0.6550661232038483,0.15024149038900445,0.0,0.0,0,0,0,无明显情感,未明确对象,未明确方面,中性,False,
知识区,BV1zrGi6PE9B,27汕头大学,中性,中性,0.6230792264639109,0.2171791987314492,0.6230792264639109,0.15974157480464002,-1.0,-1.0,0,1,0,对象评价,未明确对象,未明确方面,负面,True,0.0
知识区,BV1zrGi6PE9B,9331？,中性,中性,0.5072321629505359,0.18882159863914255,0.5072321629505359,0.3039462384103216,0.0,0.0,0,0,0,无明显情感,未明确对象,未明确方面,中性,False,
知识区,BV1zrGi6PE9B,张佳乐,中性,中性,0.6550661232038483,0.19469238640714742,0.6550661232038483,0.15024149038900445,0.0,0.0,0,0,0,无明显情感,未明确对象,未明确方面,中性,False,
知识区,BV1zrGi6PE9B,2026年5．31,中性,中性,0.687539573916559,0.19329403982096396,0.687539573916559,0.11916638626247694,0.0,0.0,0,0,0,无明显情感,未明确对象,未明确方面,中性,False,
知识区,BV1zrGi6PE9B,空降20:13,中性,中性,0.6156337869856754,0.23748026298056268,0.6156337869856754,0.146885950033762,0.0,0.0,0,0,0,无明显情感,未明确对象,未明确方面,中性,False,
知识区,BV1zrGi6PE9B,2026年5月31日10点27分,中性,中性,0.6826209724928799,0.19649630600677945,0.6826209724928799,0.12088272150034059,0.0,0.0,0,0,0,无明显情感,未明确对象,未明确方面,中性,False,
知识区,BV1zrGi6PE9B,有何不敢！,中性,中性,0.5562790205387397,0.41619302029202804,0.5562790205387397,0.02752795916923221,0.0,0.0,0,0,0,无明显情感,未明确对象,未明确方面,中性,False,
知识区,BV1zrGi6PE9B,5月31日,中性,中性,0.8335302456109878,0.08067573287255855,0.8335302456109878,0.08579402151645375,0.0,0.0,0,0,0,无明显情感,未明确对象,未明确方面,中性,False,
知识区,BV1zrGi6PE9B,许愿南邮,中性,中性,0.6451858296357182,0.19827229583734654,0.6451858296357182,0.15654187452693533,0.0,0.0,0,0,0,无明显情感,未明确对象,未明确方面,中性,False,
知识区,BV1zrGi6PE9B,2027南京大学,中性,中性,0.5613084688806149,0.3550607198405069,0.5613084688806149,0.08363081127887816,0.0,0.0,0,0,0,无明显情感,未明确对象,未明确方面,中性,False,
知识区,BV1zrGi6PE9B,撒油拉拉,中性,中性,0.6451858296357182,0.19827229583734654,0.6451858296357182,0.15654187452693533,0.0,0.0,0,0,0,无明显情感,未明确对象,未明确方面,中性,False,
知识区,BV1zrGi6PE9B,什么？是waiyan,中性,中性,0.8586802026482382,0.034762496261798614,0.8586802026482382,0.10655730108996322,0.0,0.0,0,0,0,无明显情感,未明确对象,未明确方面,中性,False,
知识区,BV1zrGi6PE9B,雷霆你唠牧,中性,中性,0.7536024402221021,0.09696483804468357,0.7536024402221021,0.14943272173321429,0.0,0.0,0,0,0,无明显情感,未明确对象,未明确方面,中性,False,
知识区,BV1zrGi6PE9B,？,中性,中性,0.6060752361178983,0.10077835574068957,0.6060752361178983,0.29314640814141224,0.0,0.0,0,0,0,无明显情感,未明确对象,未明确方面,中性,False,
知识区,BV1zrGi6PE9B,这题你们考试没考过嘛？要给公式的,中性,中性,0.6274173783726225,0.05141107847095951,0.6274173783726225,0.32117154315641805,0.0,0.0,0,0,0,无明显情感,课程内容,未明确方面,中性,False,
知识区,BV1zrGi6PE9B,2026年5月31日 01:17:53,中性,中性,0.7832991298238533,0.13208064620481602,0.7832991298238533,0.08462022397133069,0.0,0.0,0,0,0,无明显情感,未明确对象,未明确方面,中性,False,
知识区,BV1zrGi6PE9B,郑朋老攻在此打卡,中性,中性,0.8804601856317338,0.07288713344420789,0.8804601856317338,0.04665268092405832,0.0,0.0,0,0,0,无明显情感,未明确对象,未明确方面,中性,False,
知识区,BV1zrGi6PE9B,WJSH,中性,中性,0.6550661232038483,0.19469238640714742,0.6550661232038483,0.15024149038900445,0.0,0.0,0,0,0,无明显情感,未明确对象,未明确方面,中性,False,
知识区,BV1zrGi6PE9B,哇塞竟然结束了吗,中性,中性,0.8264228895777078,0.09610119853908326,0.8264228895777078,0.077475911883209,0.0,0.0,0,0,0,无明显情感,未明确对象,未明确方面,中性,False,
知识区,BV1zrGi6PE9B,正式进入高三啦,中性,中性,0.7605395348733375,0.09256003987503734,0.7605395348733375,0.1469004252516252,0.0,0.0,0,0,0,无明显情感,未明确对象,未明确方面,中性,True,0.0
知识区,BV1zrGi6PE9B,来咯,中性,中性,0.5279871026436243,0.34228890990017696,0.5279871026436243,0.12972398745619873,0.0,0.0,0,0,0,无明显情感,未明确对象,未明确方面,中性,False,
知识区,BV1zrGi6PE9B,全剧终,中性,中性,0.6451858296357182,0.19827229583734654,0.6451858296357182,0.15654187452693533,0.0,0.0,0,0,0,无明显情感,未明确对象,未明确方面,中性,False,
生活区,BV1X75X6rEui,人话：本土鸡蛋,中性,中性,0.7053981857829169,0.174752646080734,0.7053981857829169,0.11984916813634904,0.0,0.0,0,0,0,无明显情感,未明确对象,未明确方面,中性,False,
生活区,BV1X75X6rEui,4-6个人来一次无限制格斗，赢的那人刚好能吃。应该是这个意思,中性,中性,0.6013816583035901,0.3142743808275297,0.6013816583035901,0.08434396086888028,0.0,0.0,0,0,0,无明显情感,未明确对象,比赛表现,中性,False,
生活区,BV1X75X6rEui,就最后一句是真的,中性,中性,0.715217695286385,0.13749403238941835,0.715217695286385,0.14728827232419656,0.0,0.0,0,0,0,无明显情感,未明确对象,未明确方面,中性,False,
生活区,BV1X75X6rEui,合理怀疑是海底捞自热锅软广,中性,中性,0.5974470107894513,0.12159635097655501,0.5974470107894513,0.28095663823399375,0.0,0.0,0,0,0,无明显情感,未明确对象,未明确方面,中性,False,
生活区,BV1X75X6rEui,这不就是大米+藜麦+小米吗,中性,中性,0.8055135162344957,0.0559189955463529,0.8055135162344957,0.13856748821915144,0.0,0.0,0,0,0,无明显情感,未明确对象,未明确方面,中性,False,
生活区,BV1X75X6rEui,这不就二米饭加点藜麦吗,中性,中性,0.6090386876965739,0.1617069820161484,0.6090386876965739,0.22925433028727774,0.0,0.0,0,0,0,无明显情感,未明确对象,未明确方面,中性,False,
生活区,BV1X75X6rEui,嘴角比AK还难压,中性,中性,0.4916881248603862,0.3214257086614414,0.4916881248603862,0.18688616647817247,0.0,0.0,0,0,0,无明显情感,未明确对象,理解与难度,中性,False,
生活区,BV1X75X6rEui,不是不计成本吗，晚餐有点敷衍了（）doge,中性,中性,0.7832353706504087,0.03482659421604078,0.7832353706504087,0.18193803513355047,-1.0,-1.0,0,1,0,对象评价,未明确对象,未明确方面,负面,False,
生活区,BV1X75X6rEui,我是姐妹,中性,中性,0.7326365822755495,0.023122539777670016,0.7326365822755495,0.24424087794678032,0.0,0.0,0,0,0,无明显情感,未明确对象,未明确方面,中性,False,
生活区,BV1X75X6rEui,五百块的鱼不找个大厨烧一下？,中性,中性,0.5817675402660043,0.0369137594143828,0.5817675402660043,0.3813187003196129,0.0,0.0,0,0,0,无明显情感,未明确对象,未明确方面,中性,False,
生活区,BV1X75X6rEui,彩椒:我的意义是什么,中性,中性,0.796991947098417,0.12420990501853871,0.796991947098417,0.07879814788304433,0.0,0.0,0,0,0,无明显情感,未明确对象,未明确方面,中性,False,
生活区,BV1X75X6rEui,他自己就是美食博主啊,中性,中性,0.4701987747683053,0.3367700823876541,0.4701987747683053,0.19303114284404058,0.0,0.0,0,0,0,无明显情感,讲解者,未明确方面,中性,False,
生活区,BV1X75X6rEui,连吃带拿的来了,中性,中性,0.9214291254549183,0.042978859496254476,0.9214291254549183,0.03559201504882737,0.0,0.0,0,0,0,无明显情感,未明确对象,未明确方面,中性,False,
生活区,BV1X75X6rEui,姐妹们,中性,中性,0.7379415110913514,0.18548815451871883,0.7379415110913514,0.07657033438992977,0.0,0.0,0,0,0,无明显情感,未明确对象,未明确方面,中性,False,
生活区,BV1X75X6rEui,《不爱吃肉》是吧？,中性,中性,0.6132489898998037,0.06160436804383792,0.6132489898998037,0.3251466420563583,0.0,0.0,0,0,0,无明显情感,未明确对象,未明确方面,中性,False,
生活区,BV1X75X6rEui,逼格拉满了,中性,中性,0.5540848342915966,0.31754674506748437,0.5540848342915966,0.12836842064091902,0.0,0.0,0,0,0,无明显情感,未明确对象,未明确方面,中性,False,
生活区,BV1X75X6rEui,排除广子的嫌疑,中性,中性,0.651964521284267,0.21178830216812797,0.651964521284267,0.13624717654760515,0.0,0.0,0,0,0,无明显情感,未明确对象,未明确方面,中性,False,
生活区,BV1X75X6rEui,一秒进入云南载歌载舞,中性,中性,0.6249656085127029,0.2053336410667925,0.6249656085127029,0.1697007504205047,0.0,0.0,0,0,0,无明显情感,未明确对象,未明确方面,中性,False,
生活区,BV1X75X6rEui,眼泪不争气的从嘴角流了出来,中性,中性,0.459957207082989,0.23639591220259126,0.459957207082989,0.30364688071441975,0.0,0.0,0,0,0,无明显情感,未明确对象,未明确方面,中性,False,
生活区,BV1X75X6rEui,日落果：为选中的角色恢复300点生命值,中性,中性,0.6628289994868922,0.12225358978283035,0.6628289994868922,0.21491741073027743,0.0,0.0,0,0,0,无明显情感,未明确对象,未明确方面,中性,False,
生活区,BV1X75X6rEui,连吃带拿的怎么还,中性,中性,0.63562916771339,0.05721924024991794,0.63562916771339,0.3071515920366922,0.0,0.0,0,0,0,无明显情感,未明确对象,未明确方面,中性,False,
生活区,BV1X75X6rEui,细节：不是B站,中性,中性,0.5542678645403551,0.20388397519281126,0.5542678645403551,0.24184816026683362,0.0,0.0,0,0,0,无明显情感,未明确对象,未明确方面,中性,False,
生活区,BV1X75X6rEui,《清淡》,中性,中性,0.6550661232038483,0.19469238640714742,0.6550661232038483,0.15024149038900445,0.0,0.0,0,0,0,无明显情感,未明确对象,未明确方面,中性,False,
生活区,BV1X75X6rEui,省流：本地蛋,中性,中性,0.7825146703457955,0.11100977210584373,0.7825146703457955,0.10647555754836072,0.0,0.0,0,0,0,无明显情感,未明确对象,未明确方面,中性,False,
生活区,BV1X75X6rEui,百分百是牌子吗,中性,中性,0.877459374824704,0.030042370828066496,0.877459374824704,0.09249825434722952,0.0,0.0,0,0,0,无明显情感,未明确对象,未明确方面,中性,False,
生活区,BV1X75X6rEui,六个小鸟胃女生,中性,中性,0.6249656085127029,0.2053336410667925,0.6249656085127029,0.1697007504205047,0.0,0.0,0,0,0,无明显情感,未明确对象,未明确方面,中性,False,
生活区,BV1X75X6rEui,严重怀疑加的是小米,中性,中性,0.8217861995691038,0.15139510036798676,0.8217861995691038,0.026818700062909432,0.0,0.0,0,0,0,无明显情感,未明确对象,未明确方面,中性,False,
生活区,BV1X75X6rEui,总结：国产鸡蛋,中性,中性,0.5131422002377174,0.3032821095205202,0.5131422002377174,0.1835756902417624,0.0,0.0,0,0,0,无明显情感,未明确对象,未明确方面,中性,False,
生活区,BV1X75X6rEui,《不计成本》,中性,中性,0.6550661232038483,0.19469238640714742,0.6550661232038483,0.15024149038900445,0.0,0.0,0,0,0,无明显情感,未明确对象,未明确方面,中性,False,
生活区,BV1X75X6rEui,OK～～～,中性,中性,0.6550661232038483,0.19469238640714742,0.6550661232038483,0.15024149038900445,0.0,0.0,0,0,0,无明显情感,未明确对象,未明确方面,中性,False,
生活区,BV1X75X6rEui,偷偷计成本了,中性,中性,0.6472155819112473,0.18503836650044764,0.6472155819112473,0.16774605158830516,0.0,0.0,0,0,0,无明显情感,未明确对象,未明确方面,中性,False,
生活区,BV1X75X6rEui,甲方出现,中性,中性,0.8403640980142745,0.08818432791057154,0.8403640980142745,0.07145157407515383,0.0,0.0,0,0,0,无明显情感,未明确对象,未明确方面,中性,False,
生活区,BV1X75X6rEui,椰子水6.9很便宜,中性,中性,0.4999402431613822,0.2631614664532111,0.4999402431613822,0.23689829038540666,0.0,0.0,0,0,0,无明显情感,未明确对象,未明确方面,中性,False,
生活区,BV1X75X6rEui,还要一大勺浓浓的汁,中性,中性,0.6146384458709807,0.20880317514749888,0.6146384458709807,0.17655837898152044,0.0,0.0,0,0,0,无明显情感,未明确对象,未明确方面,中性,False,
生活区,BV1X75X6rEui,“清淡一点”,中性,中性,0.8713423929752413,0.016809864540425584,0.8713423929752413,0.11184774248433296,0.0,0.0,0,0,0,无明显情感,未明确对象,未明确方面,中性,False,
生活区,BV1X75X6rEui,不是广子为什么买这个东西,中性,中性,0.697628237846696,0.05621209726259177,0.697628237846696,0.24615966489071228,0.0,0.0,0,0,0,无明显情感,未明确对象,未明确方面,中性,False,
生活区,BV1X75X6rEui,果然鸳鸯锅的尽头都是辣锅和微辣锅,中性,中性,0.7943682671065834,0.10113427227172302,0.7943682671065834,0.10449746062169364,0.0,0.0,0,0,0,无明显情感,未明确对象,未明确方面,中性,False,
生活区,BV1X75X6rEui,l过于奢侈了,中性,中性,0.6472155819112473,0.18503836650044764,0.6472155819112473,0.16774605158830516,0.0,0.0,0,0,0,无明显情感,未明确对象,未明确方面,中性,False,
生活区,BV1X75X6rEui,这得要不少钱先生,中性,中性,0.426957516568363,0.3579430819206953,0.426957516568363,0.21509940151094162,0.0,0.0,0,0,0,无明显情感,未明确对象,未明确方面,中性,False,
生活区,BV1X75X6rEui,都讨论是不是广  所以是广告又怎样？,中性,中性,0.6534170123830452,0.02795989682633677,0.6534170123830452,0.3186230907906181,0.0,0.0,0,0,0,无明显情感,未明确对象,未明确方面,中性,False,
生活区,BV1X75X6rEui,不爱吃，尿酸高（doge）,中性,中性,0.7280885173853455,0.23032832700907738,0.7280885173853455,0.04158315560557705,0.0,0.0,0,0,0,无明显情感,未明确对象,未明确方面,中性,False,
生活区,BV1X75X6rEui,连吃带拿的。,中性,中性,0.7322072481810538,0.12188538661880491,0.7322072481810538,0.14590736520014133,0.0,0.0,0,0,0,无明显情感,未明确对象,未明确方面,中性,False,
生活区,BV1X75X6rEui,你自己想吃而已，顺便做个视频,中性,中性,0.6222599102313904,0.218921962634603,0.6222599102313904,0.15881812713400673,0.0,0.0,0,0,0,无明显情感,视频内容,未明确方面,中性,False,
生活区,BV1X75X6rEui,铺垫这么久就是为了这个广告,中性,中性,0.4992022832456413,0.16929246948229748,0.4992022832456413,0.3315052472720612,0.0,0.0,0,0,0,无明显情感,未明确对象,未明确方面,中性,False,
生活区,BV1X75X6rEui,我1个人吃完了…,中性,中性,0.6789102046216879,0.16592200407446886,0.6789102046216879,0.15516779130384314,-1.0,-1.0,0,1,0,对象评价,未明确对象,未明确方面,负面,False,
生活区,BV1X75X6rEui,这69？原材料的钱都去做推广了吧,中性,中性,0.7176326303360209,0.07256976063644688,0.7176326303360209,0.2097976090275321,0.0,0.0,0,0,0,无明显情感,未明确对象,未明确方面,中性,False,
生活区,BV1X75X6rEui,全靠这个面条和粉丝称分量,中性,中性,0.8569175600698576,0.06103977468462317,0.8569175600698576,0.08204266524551922,0.0,0.0,0,0,0,无明显情感,未明确对象,未明确方面,中性,False,
生活区,BV1X75X6rEui,怪不得李湘家一个月好几万的和伙食费,中性,中性,0.8638850686179016,0.08810078483283816,0.8638850686179016,0.04801414654926006,0.0,0.0,0,0,0,无明显情感,未明确对象,未明确方面,中性,False,
生活区,BV1X75X6rEui,嘴角下来点,中性,中性,0.683979113615848,0.1278401906775675,0.683979113615848,0.18818069570658463,0.0,0.0,0,0,0,无明显情感,未明确对象,未明确方面,中性,False,
生活区,BV1X75X6rEui,东星斑盒马只要一百多啊 这也买的太贵了,中性,中性,0.6224493525687373,0.13519862290390483,0.6224493525687373,0.24235202452735777,-1.0,-1.0,0,1,0,对象评价,未明确对象,未明确方面,负面,False,
生活区,BV1X75X6rEui,心在滴血，胃在流泪,中性,中性,0.6760981411359018,0.1803463054223346,0.6760981411359018,0.1435555534417635,0.0,0.0,0,0,0,无明显情感,未明确对象,未明确方面,中性,False,
生活区,BV1X75X6rEui,饼叔∶我不爱吃肉（doge,中性,中性,0.4062449922330912,0.30512566455819456,0.4062449922330912,0.28862934320871425,0.0,0.0,0,0,0,无明显情感,未明确对象,未明确方面,中性,False,
生活区,BV1X75X6rEui,小米藜麦加白米嘛，软是因为小米有粘性,中性,中性,0.7027164599744772,0.08239391245942324,0.7027164599744772,0.21488962756609958,0.0,0.0,0,0,0,无明显情感,未明确对象,未明确方面,中性,False,
生活区,BV1X75X6rEui,这是广告吗？,中性,中性,0.8471477415801164,0.050654211301235,0.8471477415801164,0.10219804711864852,0.0,0.0,0,0,0,无明显情感,未明确对象,未明确方面,中性,False,
生活区,BV1X75X6rEui,70够在菜市场买一斤猪肉一条草鱼一斤虾,中性,中性,0.4521840085964505,0.3490961889397582,0.4521840085964505,0.19871980246379128,0.0,0.0,0,0,0,无明显情感,未明确对象,未明确方面,中性,False,
生活区,BV1X75X6rEui,可能派派想试试,中性,中性,0.6018853661295956,0.1754547283883817,0.6018853661295956,0.22265990548202272,0.0,0.0,0,0,0,无明显情感,未明确对象,未明确方面,中性,False,
生活区,BV1X75X6rEui,这是东星斑，贵是正常的,中性,中性,0.6891182573548538,0.1834338156691579,0.6891182573548538,0.1274479269759884,0.0,0.0,0,0,0,无明显情感,未明确对象,未明确方面,中性,False,
生活区,BV1X75X6rEui,水加多了,中性,中性,0.6764658698998468,0.23519415735620555,0.6764658698998468,0.08833997274394764,0.0,0.0,0,0,0,无明显情感,未明确对象,未明确方面,中性,False,
生活区,BV1X75X6rEui,哎～,中性,中性,0.6550661232038483,0.19469238640714742,0.6550661232038483,0.15024149038900445,0.0,0.0,0,0,0,无明显情感,未明确对象,未明确方面,中性,False,
生活区,BV1X75X6rEui,椰子水可以接受,中性,中性,0.5643838929846786,0.31148882633927044,0.5643838929846786,0.12412728067605093,1.0,1.0,1,0,0,对象评价+立场,未明确对象,未明确方面,正面,False,
生活区,BV1X75X6rEui,清淡 有营养 （doge,中性,中性,0.6893294723098077,0.19269103678117522,0.6893294723098077,0.11797949090901713,0.0,0.0,0,0,0,无明显情感,未明确对象,未明确方面,中性,False,
生活区,BV1X75X6rEui,？好贵,中性,中性,0.593961207974188,0.10212032725494487,0.593961207974188,0.30391846477086704,0.0,0.0,0,0,0,无明显情感,未明确对象,未明确方面,中性,False,
生活区,BV1X75X6rEui,百分百是名字,中性,中性,0.65482219459883,0.11276585190942529,0.65482219459883,0.23241195349174476,0.0,0.0,0,0,0,无明显情感,未明确对象,未明确方面,中性,False,
生活区,BV1X75X6rEui,百分百是商标,中性,中性,0.65482219459883,0.11276585190942529,0.65482219459883,0.23241195349174476,0.0,0.0,0,0,0,无明显情感,未明确对象,未明确方面,中性,False,
生活区,BV1X75X6rEui,世界多元化 加强国际合作,中性,中性,0.6146384458709807,0.20880317514749888,0.6146384458709807,0.17655837898152044,0.0,0.0,0,0,0,无明显情感,未明确对象,未明确方面,中性,False,
生活区,BV1X75X6rEui,这牛排可惜了！煎老了,中性,中性,0.7276414109571594,0.19326078807697966,0.7276414109571594,0.07909780096586094,0.0,0.0,0,0,0,无明显情感,未明确对象,未明确方面,中性,False,
生活区,BV1X75X6rEui,这就是软广啊，这就起到推广的作用了,中性,中性,0.4151950491086525,0.1843207407144748,0.4151950491086525,0.40048421017687275,0.0,0.0,0,0,0,无明显情感,未明确对象,未明确方面,中性,False,
生活区,BV1X75X6rEui,60块钱只看食材是纯亏,中性,中性,0.5680245007344616,0.12793915759619542,0.5680245007344616,0.3040363416693428,0.0,0.0,0,0,0,无明显情感,未明确对象,未明确方面,中性,False,
生活区,BV1X75X6rEui,日本鸡仔，德国木材鸡窝，中国米糠=普通鸡蛋doge,中性,中性,0.5284605446567086,0.41022808892077345,0.5284605446567086,0.06131136642251794,0.0,0.0,0,0,0,无明显情感,未明确对象,未明确方面,中性,False,
生活区,BV1X75X6rEui,嘴巴一直在下雨,中性,中性,0.5697558742641377,0.15039622326507227,0.5697558742641377,0.2798479024707901,0.0,0.0,0,0,0,无明显情感,未明确对象,未明确方面,中性,False,
生活区,BV1X75X6rEui,我的事业妙不妙！！！！,中性,正面,0.36916355513140947,0.36916355513140947,0.3401688544444583,0.29066759042413215,0.0,0.0,0,0,0,无明显情感,未明确对象,未明确方面,中性,False,
生活区,BV1X75X6rEui,小卢那份呢,中性,中性,0.6096941618866673,0.05636571290728887,0.6096941618866673,0.333940125206044,0.0,0.0,0,0,0,无明显情感,未明确对象,未明确方面,中性,False,
生活区,BV1X75X6rEui,有点像我老家的苞谷饭,中性,中性,0.7697487612853662,0.15106877979129443,0.7697487612853662,0.07918245892333943,0.0,0.0,0,0,0,无明显情感,未明确对象,未明确方面,中性,False,
生活区,BV1X75X6rEui,重新定义被迫,中性,中性,0.6351502869512382,0.20182134718609102,0.6351502869512382,0.16302836586267086,0.0,0.0,0,0,0,无明显情感,未明确对象,未明确方面,中性,False,
生活区,BV1X75X6rEui,？这玩意四个人吃？顶了天了俩人,中性,中性,0.6060866208907979,0.10694778305480333,0.6060866208907979,0.2869655960543988,0.0,0.0,0,0,0,无明显情感,未明确对象,未明确方面,中性,False,
生活区,BV1X75X6rEui,熟啦,中性,中性,0.7559949959124801,0.0940711645211725,0.7559949959124801,0.1499338395663473,0.0,0.0,0,0,0,无明显情感,未明确对象,未明确方面,中性,False,
生活区,BV1X75X6rEui,为了自热锅拍了一日三餐,中性,中性,0.5680852892037529,0.2924224842915041,0.5680852892037529,0.13949222650474308,0.0,0.0,0,0,0,无明显情感,未明确对象,未明确方面,中性,False,
生活区,BV1X75X6rEui,这叫铁板牛肉片,中性,中性,0.5154363045593607,0.16497445727784066,0.5154363045593607,0.3195892381627986,0.0,0.0,0,0,0,无明显情感,未明确对象,未明确方面,中性,False,
生活区,BV1X75X6rEui,运镜是有点东西的,中性,中性,0.7636125013430616,0.14897115257420374,0.7636125013430616,0.08741634608273482,0.0,0.0,0,0,0,无明显情感,未明确对象,未明确方面,中性,False,
生活区,BV1X75X6rEui,小卢的呢？,中性,中性,0.5286369172399189,0.04639514318754917,0.5286369172399189,0.4249679395725319,0.0,0.0,0,0,0,无明显情感,未明确对象,未明确方面,中性,False,
生活区,BV1X75X6rEui,不對勁？！,中性,中性,0.6002641176780598,0.13813785864794323,0.6002641176780598,0.2615980236739971,0.0,0.0,0,0,0,无明显情感,未明确对象,未明确方面,中性,False,
生活区,BV1X75X6rEui,连吃带拿这一块,中性,中性,0.39384679427863495,0.2802032168153767,0.39384679427863495,0.32594998890598836,0.0,0.0,0,0,0,无明显情感,未明确对象,未明确方面,中性,False,
生活区,BV1X75X6rEui,六个小鸟胃男生,中性,中性,0.6249656085127029,0.2053336410667925,0.6249656085127029,0.1697007504205047,0.0,0.0,0,0,0,无明显情感,未明确对象,未明确方面,中性,False,
生活区,BV1X75X6rEui,这个蛋应该还是中国产剩下的应该是讲故事,中性,中性,0.8396567180591278,0.09543441059987466,0.8396567180591278,0.06490887134099756,0.0,0.0,0,0,0,无明显情感,未明确对象,未明确方面,中性,False,
生活区,BV1X75X6rEui,不想吃给我吃,中性,中性,0.5382718608264487,0.2014686945519303,0.5382718608264487,0.26025944462162093,0.0,0.0,0,0,0,无明显情感,未明确对象,未明确方面,中性,False,
生活区,BV1X75X6rEui,那不就是二米饭吗？,中性,中性,0.6810525928768285,0.1376483696511621,0.6810525928768285,0.18129903747200934,0.0,0.0,0,0,0,无明显情感,未明确对象,未明确方面,中性,False,
生活区,BV1X75X6rEui,没看出来，切开我看看,中性,中性,0.4908319911294125,0.15551208988293927,0.4908319911294125,0.3536559189876481,0.0,0.0,0,0,0,无明显情感,未明确对象,未明确方面,中性,False,
生活区,BV1X75X6rEui,欧美吃法？,中性,中性,0.5817078068885575,0.10341234716617392,0.5817078068885575,0.3148798459452686,0.0,0.0,0,0,0,无明显情感,未明确对象,未明确方面,中性,False,
生活区,BV1X75X6rEui,两个莲雾，夺少？！,中性,中性,0.5469768778863829,0.37323241225423576,0.5469768778863829,0.07979070985938129,0.0,0.0,0,0,0,无明显情感,未明确对象,未明确方面,中性,False,
生活区,BV1X75X6rEui,为什么不是意大利喂养,中性,中性,0.6334156203588633,0.03651305862207588,0.6334156203588633,0.3300713210190608,0.0,0.0,0,0,0,无明显情感,未明确对象,未明确方面,中性,False,
生活区,BV1X75X6rEui,对  放了小米,中性,中性,0.6572458603865653,0.18173027914897813,0.6572458603865653,0.16102386046445652,0.0,0.0,0,0,0,无明显情感,未明确对象,未明确方面,中性,False,
生活区,BV1X75X6rEui,天呐！多久不见他说这个字了5555,中性,中性,0.48308820836775745,0.3369963937007323,0.48308820836775745,0.17991539793151026,0.0,0.0,0,0,0,无明显情感,未明确对象,未明确方面,中性,False,
生活区,BV1X75X6rEui,俩三个人吧感觉,中性,中性,0.4801681067779362,0.13669284080072547,0.4801681067779362,0.3831390524213383,0.0,0.0,0,0,0,无明显情感,未明确对象,未明确方面,中性,False,
生活区,BV1X75X6rEui,看着没胃口这个,中性,中性,0.4463894196901699,0.1670080527915769,0.4463894196901699,0.3866025275182532,0.0,0.0,0,0,0,无明显情感,未明确对象,未明确方面,中性,False,
生活区,BV1X75X6rEui,这不就是糙米饭吗,中性,中性,0.8277473634168657,0.05198094545513361,0.8277473634168657,0.12027169112800071,0.0,0.0,0,0,0,无明显情感,未明确对象,未明确方面,中性,False,
生活区,BV1X75X6rEui,懒椒,中性,中性,0.6550661232038483,0.19469238640714742,0.6550661232038483,0.15024149038900445,0.0,0.0,0,0,0,无明显情感,未明确对象,未明确方面,中性,False,
生活区,BV1X75X6rEui,6个日本人的话还行,中性,中性,0.5796965425313481,0.30979589525327905,0.5796965425313481,0.11050756221537296,0.0,0.0,0,0,0,无明显情感,未明确对象,未明确方面,中性,False,
生活区,BV1X75X6rEui,一百多块吃这个是不是癫了,中性,中性,0.4669680834844085,0.07158629083711876,0.4669680834844085,0.46144562567847286,0.0,0.0,0,0,0,无明显情感,未明确对象,未明确方面,中性,False,
生活区,BV1X75X6rEui,我高考妙不妙？,中性,中性,0.625222524895025,0.24275322433411486,0.625222524895025,0.13202425077086008,0.0,0.0,0,0,0,无明显情感,未明确对象,未明确方面,中性,False,
生活区,BV1X75X6rEui,至少也得三菜一汤啊,中性,中性,0.5301177690384941,0.20148125153536756,0.5301177690384941,0.26840097942613833,0.0,0.0,0,0,0,无明显情感,未明确对象,未明确方面,中性,False,
生活区,BV1X75X6rEui,还是稍微熟了一点,中性,中性,0.8476604782292959,0.0462559380176994,0.8476604782292959,0.10608358375300454,0.0,0.0,0,0,0,无明显情感,未明确对象,未明确方面,中性,False,
生活区,BV1X75X6rEui,兄弟们什么意思？姐妹呢？,中性,中性,0.4836210258197047,0.060068112390354284,0.4836210258197047,0.45631086178994107,0.0,0.0,0,0,0,无明显情感,未明确对象,未明确方面,中性,False,
生活区,BV1X75X6rEui,怎么看都像大碗泡面……,中性,中性,0.7592394934428726,0.07391975518499638,0.7592394934428726,0.16684075137213109,0.0,0.0,0,0,0,无明显情感,未明确对象,未明确方面,中性,False,
生活区,BV1X75X6rEui,应该是吃穷了,中性,中性,0.9011752620317459,0.06019871931670111,0.9011752620317459,0.03862601865155303,0.0,0.0,0,0,0,无明显情感,未明确对象,未明确方面,中性,False,
生活区,BV1X75X6rEui,这不就蒜薹吗，名字起的还挺高大上,中性,中性,0.4216735248151386,0.27505855457973555,0.4216735248151386,0.30326792060512586,0.0,0.0,0,0,0,无明显情感,未明确对象,未明确方面,中性,False,
生活区,BV1X75X6rEui,那给我吃吧,中性,中性,0.5963484229653243,0.16305756239792973,0.5963484229653243,0.24059401463674607,0.0,0.0,0,0,0,无明显情感,未明确对象,未明确方面,中性,False,
生活区,BV1X75X6rEui,饼叔：我这人不爱吃肉,中性,中性,0.4818604455889455,0.24206625738176688,0.4818604455889455,0.2760732970292875,0.0,0.0,0,0,0,无明显情感,未明确对象,未明确方面,中性,False,
生活区,BV1X75X6rEui,早餐？,中性,中性,0.593961207974188,0.10212032725494487,0.593961207974188,0.30391846477086704,0.0,0.0,0,0,0,无明显情感,未明确对象,未明确方面,中性,False,
生活区,BV1X75X6rEui,60多吃这玩意,中性,中性,0.629800333667732,0.27862140015720527,0.629800333667732,0.09157826617506264,0.0,0.0,0,0,0,无明显情感,未明确对象,未明确方面,中性,False,
生活区,BV1X75X6rEui,感觉就一两个人吃,中性,中性,0.4957624229185053,0.20517243916896005,0.4957624229185053,0.29906513791253464,0.0,0.0,0,0,0,无明显情感,未明确对象,未明确方面,中性,False,
生活区,BV1X75X6rEui,心在滴血，嘴巴也在流口水,中性,中性,0.6206761198596333,0.19062693119375854,0.6206761198596333,0.18869694894660805,0.0,0.0,0,0,0,无明显情感,未明确对象,未明确方面,中性,False,
生活区,BV1X75X6rEui,我的生活妙不妙,中性,中性,0.5348195363770648,0.33747043072905125,0.5348195363770648,0.12771003289388405,0.0,0.0,0,0,0,无明显情感,未明确对象,未明确方面,中性,False,
生活区,BV1X75X6rEui,日落果两个,中性,中性,0.5909699244862521,0.3336599352000314,0.5909699244862521,0.07537014031371655,0.0,0.0,0,0,0,无明显情感,未明确对象,未明确方面,中性,False,
生活区,BV1X75X6rEui,你小子是一点苦都不吃啊,中性,中性,0.6762592549051042,0.02207092974710033,0.6762592549051042,0.3016698153477954,0.0,0.0,0,0,0,无明显情感,未明确对象,未明确方面,中性,False,
生活区,BV1X75X6rEui,谁家的猫跑出来了？,中性,中性,0.7249241113928925,0.09645978273585673,0.7249241113928925,0.17861610587125068,0.0,0.0,0,0,0,无明显情感,未明确对象,未明确方面,中性,False,
生活区,BV1X75X6rEui,处处都是暗广,中性,中性,0.6386125163084697,0.15606240683005335,0.6386125163084697,0.20532507686147697,0.0,0.0,0,0,0,无明显情感,未明确对象,未明确方面,中性,False,
生活区,BV1X75X6rEui,这个超市真的超级贵。。一小盒蓝莓50多,中性,中性,0.523663809493088,0.25405092046029054,0.523663809493088,0.2222852700466215,0.0,0.0,0,0,0,无明显情感,未明确对象,未明确方面,中性,False,
生活区,BV1X75X6rEui,小文哥的即视感,中性,中性,0.6794136818193872,0.230583149422035,0.6794136818193872,0.0900031687585777,0.0,0.0,0,0,0,无明显情感,未明确对象,未明确方面,中性,False,
生活区,BV1X75X6rEui,我护考妙不妙,中性,中性,0.6351502869512382,0.20182134718609102,0.6351502869512382,0.16302836586267086,0.0,0.0,0,0,0,无明显情感,未明确对象,未明确方面,中性,False,
生活区,BV1X75X6rEui,这不是蒜薹吗,中性,中性,0.7235749225459327,0.052905333230435544,0.7235749225459327,0.2235197442236318,0.0,0.0,0,0,0,无明显情感,未明确对象,未明确方面,中性,False,
生活区,BV1X75X6rEui,给我吃吃吧,中性,中性,0.590091370303218,0.15676948684848757,0.590091370303218,0.25313914284829453,0.0,0.0,0,0,0,无明显情感,未明确对象,未明确方面,中性,False,
生活区,BV1X75X6rEui,东星斑太入门了吧,中性,中性,0.7495223444274062,0.09763626384079264,0.7495223444274062,0.15284139173180117,0.0,0.0,0,0,0,无明显情感,未明确对象,未明确方面,中性,False,
生活区,BV1X75X6rEui,天天拍这个费钱，,中性,中性,0.3754745700845843,0.28589543549482865,0.3754745700845843,0.33862999442058705,0.0,0.0,0,0,0,无明显情感,未明确对象,未明确方面,中性,False,
生活区,BV1X75X6rEui,玉米糁吧,中性,中性,0.7632578434870242,0.09310841415759288,0.7632578434870242,0.14363374235538304,0.0,0.0,0,0,0,无明显情感,未明确对象,未明确方面,中性,False,
生活区,BV1X75X6rEui,实话实说 不如早上的牛肉 但比中午的鱼强,中性,中性,0.5427951364277896,0.26412370504997207,0.5427951364277896,0.19308115852223828,0.0,0.0,0,0,0,无明显情感,未明确对象,未明确方面,中性,False,
生活区,BV1X75X6rEui,救你了,中性,中性,0.7553144414062567,0.0990552149282062,0.7553144414062567,0.14563034366553712,0.0,0.0,0,0,0,无明显情感,未明确对象,未明确方面,中性,False,
生活区,BV1X75X6rEui,《简单一点》,中性,中性,0.6017328251329896,0.21765653501729207,0.6017328251329896,0.18061063984971826,1.0,1.0,1,0,0,对象评价,未明确对象,理解与难度,正面,False,
生活区,BV1X75X6rEui,蛋黄派是有白头发了吗,中性,中性,0.7272904808895374,0.09563409983368927,0.7272904808895374,0.1770754192767733,0.0,0.0,0,0,0,无明显情感,未明确对象,未明确方面,中性,False,
生活区,BV1X75X6rEui,也就够俩人吃，给六双筷子,中性,中性,0.48712613548978023,0.250778777346349,0.48712613548978023,0.26209508716387075,0.0,0.0,0,0,0,无明显情感,未明确对象,未明确方面,中性,False,
生活区,BV1X75X6rEui,东星斑,中性,中性,0.6451858296357182,0.19827229583734654,0.6451858296357182,0.15654187452693533,0.0,0.0,0,0,0,无明显情感,未明确对象,未明确方面,中性,False,
生活区,BV1X75X6rEui,通辽语法,中性,中性,0.6451858296357182,0.19827229583734654,0.6451858296357182,0.15654187452693533,0.0,0.0,0,0,0,无明显情感,未明确对象,未明确方面,中性,False,
生活区,BV1X75X6rEui,给小卢留点啊,中性,中性,0.45700127067066515,0.1758310859721941,0.45700127067066515,0.3671676433571407,0.0,0.0,0,0,0,无明显情感,未明确对象,未明确方面,中性,False,
生活区,BV1X75X6rEui,节目效果看不出来?,中性,中性,0.5774023949404712,0.15534231886447938,0.5774023949404712,0.26725528619504935,0.0,0.0,0,0,0,无明显情感,未明确对象,娱乐与趣味,中性,False,
生活区,BV1X75X6rEui,小米吗,中性,中性,0.9198856201051713,0.026286411981489274,0.9198856201051713,0.053827967913339415,0.0,0.0,0,0,0,无明显情感,未明确对象,未明确方面,中性,False,
生活区,BV1X75X6rEui,特写镜头,中性,中性,0.6550661232038483,0.19469238640714742,0.6550661232038483,0.15024149038900445,0.0,0.0,0,0,0,无明显情感,未明确对象,未明确方面,中性,False,
生活区,BV1X75X6rEui,成本300 售价598,中性,中性,0.7729840194299685,0.13456852154112273,0.7729840194299685,0.09244745902890884,0.0,0.0,0,0,0,无明显情感,未明确对象,未明确方面,中性,False,
生活区,BV1X75X6rEui,俺也一样,中性,中性,0.5870988324969544,0.2724323700270128,0.5870988324969544,0.1404687974760329,0.0,0.0,0,0,0,无明显情感,未明确对象,未明确方面,中性,False,
生活区,BV1X75X6rEui,阻力每一个梦想,中性,中性,0.6098530416970876,0.18956233560141522,0.6098530416970876,0.20058462270149702,0.0,0.0,0,0,0,无明显情感,未明确对象,未明确方面,中性,False,
生活区,BV1X75X6rEui,因为是广子,中性,中性,0.9625396021657946,0.012695060913183728,0.9625396021657946,0.024765336921021678,0.0,0.0,0,0,0,无明显情感,未明确对象,未明确方面,中性,False,
生活区,BV1X75X6rEui,明日香？,中性,中性,0.593961207974188,0.10212032725494487,0.593961207974188,0.30391846477086704,0.0,0.0,0,0,0,无明显情感,未明确对象,未明确方面,中性,False,
生活区,BV1X75X6rEui,还有导购姐姐解说,中性,中性,0.7022609203962478,0.1413966272767016,0.7022609203962478,0.1563424523270507,0.0,0.0,0,0,0,无明显情感,比赛内容,比赛表现,中性,False,
生活区,BV1X75X6rEui,宿舍刚好四个人,中性,中性,0.8717025550780082,0.07890169211595784,0.8717025550780082,0.04939575280603401,0.0,0.0,0,0,0,无明显情感,未明确对象,未明确方面,中性,False,
生活区,BV1X75X6rEui,四级妙不妙,中性,中性,0.6351502869512382,0.20182134718609102,0.6351502869512382,0.16302836586267086,0.0,0.0,0,0,0,无明显情感,未明确对象,未明确方面,中性,False,
生活区,BV1X75X6rEui,小心烫,中性,中性,0.6451858296357182,0.19827229583734654,0.6451858296357182,0.15654187452693533,0.0,0.0,0,0,0,无明显情感,未明确对象,未明确方面,中性,False,
生活区,BV1X75X6rEui,两碗泡面,中性,中性,0.6451858296357182,0.19827229583734654,0.6451858296357182,0.15654187452693533,0.0,0.0,0,0,0,无明显情感,未明确对象,未明确方面,中性,False,
生活区,BV1X75X6rEui,怎么既要还要的,中性,中性,0.4397834128882815,0.14583565766796028,0.4397834128882815,0.4143809294437584,0.0,0.0,0,0,0,无明显情感,未明确对象,未明确方面,中性,False,
生活区,BV1X75X6rEui,小卢呢,中性,中性,0.6222173868677067,0.055632903092316374,0.6222173868677067,0.3221497100399769,0.0,0.0,0,0,0,无明显情感,未明确对象,未明确方面,中性,False,
生活区,BV1X75X6rEui,这就是不计成本嘛。。。。,中性,中性,0.6070400475029456,0.09592864075089277,0.6070400475029456,0.2970313117461616,0.0,0.0,0,0,0,无明显情感,未明确对象,未明确方面,中性,False,
生活区,BV1X75X6rEui,我的高考成绩：,中性,中性,0.6005123326850156,0.34331825774341085,0.6005123326850156,0.05616940957157352,0.0,0.0,0,0,0,无明显情感,未明确对象,未明确方面,中性,False,
生活区,BV1X75X6rEui,看视频的还有姐妹们,中性,中性,0.7992681290699039,0.14492731267765413,0.7992681290699039,0.05580455825244197,0.0,0.0,0,0,0,无明显情感,视频内容,未明确方面,中性,False,
生活区,BV1X75X6rEui,我毕业论文妙不妙,中性,中性,0.6480754102684677,0.19674067361526998,0.6480754102684677,0.1551839161162622,0.0,0.0,0,0,0,无明显情感,未明确对象,未明确方面,中性,False,
生活区,BV1X75X6rEui,我欧气和考试妙不妙？,中性,中性,0.7087685593335433,0.024956582407761094,0.7087685593335433,0.2662748582586956,0.0,0.0,0,0,0,无明显情感,未明确对象,未明确方面,中性,False,
生活区,BV1X75X6rEui,混蛋,中性,中性,0.6550661232038483,0.19469238640714742,0.6550661232038483,0.15024149038900445,0.0,0.0,0,0,0,无明显情感,未明确对象,未明确方面,中性,False,
生活区,BV1X75X6rEui,海上厨子来了,中性,中性,0.917202580131868,0.06012347276805508,0.917202580131868,0.02267394710007693,0.0,0.0,0,0,0,无明显情感,未明确对象,未明确方面,中性,False,
生活区,BV1X75X6rEui,年轻人就是勇，什么都敢尝试,中性,中性,0.831331224671997,0.09944608577140308,0.831331224671997,0.06922268955659987,0.0,0.0,0,0,0,无明显情感,未明确对象,未明确方面,中性,False,
生活区,BV1X75X6rEui,我下一份工作妙不妙,中性,中性,0.5989783397300039,0.06397887542324608,0.5989783397300039,0.33704278484674993,0.0,0.0,0,0,0,无明显情感,未明确对象,未明确方面,中性,False,
生活区,BV1X75X6rEui,姐妹,中性,中性,0.7245365693879265,0.17097674104475802,0.7245365693879265,0.10448668956731552,0.0,0.0,0,0,0,无明显情感,未明确对象,未明确方面,中性,False,
生活区,BV1X75X6rEui,可惜什么可惜 这么薄的牛排这样就行了,中性,中性,0.4559902402380693,0.24387433240031903,0.4559902402380693,0.3001354273616118,0.0,0.0,0,0,0,无明显情感,未明确对象,未明确方面,中性,False,
生活区,BV1X75X6rEui,《营养》,中性,中性,0.6550661232038483,0.19469238640714742,0.6550661232038483,0.15024149038900445,0.0,0.0,0,0,0,无明显情感,未明确对象,未明确方面,中性,False,
生活区,BV1X75X6rEui,配米饭  4-6人,中性,中性,0.6017513313705026,0.29286205979028485,0.6017513313705026,0.10538660883921247,0.0,0.0,0,0,0,无明显情感,未明确对象,未明确方面,中性,False,
生活区,BV1X75X6rEui,芦蒿是不是只有南京人吃,中性,中性,0.6339781279329687,0.06854828063122596,0.6339781279329687,0.29747359143580543,0.0,0.0,0,0,0,无明显情感,未明确对象,未明确方面,中性,False,
生活区,BV1X75X6rEui,宵夜不吃了吗,中性,中性,0.9195638164336623,0.06256673318763514,0.9195638164336623,0.01786945037870251,0.0,0.0,0,0,0,无明显情感,未明确对象,未明确方面,中性,False,
生活区,BV1X75X6rEui,全是主食,中性,中性,0.6451858296357182,0.19827229583734654,0.6451858296357182,0.15654187452693533,0.0,0.0,0,0,0,无明显情感,未明确对象,未明确方面,中性,False,
生活区,BV1X75X6rEui,我中考考上师大附中妙不妙？,中性,正面,0.3652599722444855,0.3652599722444855,0.31276408249659815,0.3219759452589164,0.0,0.0,0,0,0,无明显情感,未明确对象,未明确方面,中性,False,
生活区,BV1X75X6rEui,这鸡蛋好像不新鲜,中性,中性,0.6083045464856662,0.1458825431742578,0.6083045464856662,0.245812910340076,0.0,0.0,0,0,0,无明显情感,未明确对象,未明确方面,中性,False,
生活区,BV1X75X6rEui,不过了？,中性,中性,0.4696602819375188,0.07445419758358515,0.4696602819375188,0.45588552047889613,0.0,0.0,0,0,0,无明显情感,未明确对象,未明确方面,中性,False,
生活区,BV1X75X6rEui,这油不热啊，冷油,中性,中性,0.8957873156063348,0.02858500954350912,0.8957873156063348,0.07562767485015603,0.0,0.0,0,0,0,无明显情感,未明确对象,未明确方面,中性,False,
生活区,BV1X75X6rEui,什么？乌白菜卖这么贵！？？,中性,中性,0.48807325210488006,0.16084383233296037,0.48807325210488006,0.3510829155621596,0.0,0.0,0,0,0,无明显情感,未明确对象,未明确方面,中性,False,
生活区,BV1X75X6rEui,上次我和我朋友俩人吃完了,中性,中性,0.7913446640611519,0.16425768260548404,0.7913446640611519,0.044397653333364054,-1.0,-1.0,0,1,0,对象评价,未明确对象,未明确方面,负面,False,
生活区,BV1X75X6rEui,减少经费支出是吧。,中性,中性,0.8575771724213986,0.07986211200834627,0.8575771724213986,0.06256071557025496,0.0,0.0,0,0,0,无明显情感,未明确对象,未明确方面,中性,False,
生活区,BV1X75X6rEui,一个月早餐费,中性,中性,0.6082314315180802,0.2331981943282293,0.6082314315180802,0.1585703741536905,0.0,0.0,0,0,0,无明显情感,未明确对象,未明确方面,中性,False,
生活区,BV1X75X6rEui,南京人狂喜,中性,中性,0.859054552060691,0.08936535359327714,0.859054552060691,0.05158009434603177,0.0,0.0,0,0,0,无明显情感,未明确对象,未明确方面,中性,False,
生活区,BV1X75X6rEui,这个超市的可乐十多块钱一罐,中性,中性,0.5619540401900018,0.17440932982905377,0.5619540401900018,0.2636366299809444,0.0,0.0,0,0,0,无明显情感,未明确对象,未明确方面,中性,False,
生活区,BV1X75X6rEui,不如外卖香,中性,中性,0.6351502869512382,0.20182134718609102,0.6351502869512382,0.16302836586267086,0.0,0.0,0,0,0,无明显情感,未明确对象,未明确方面,中性,False,
生活区,BV1X75X6rEui,芦蒿，南京这吃，可多了,中性,中性,0.45386662331779737,0.35535348725934224,0.45386662331779737,0.1907798894228604,0.0,0.0,0,0,0,无明显情感,未明确对象,未明确方面,中性,False,
生活区,BV1X75X6rEui,俩莲雾37？,中性,中性,0.5817589914298698,0.13904911449484839,0.5817589914298698,0.2791918940752818,0.0,0.0,0,0,0,无明显情感,未明确对象,未明确方面,中性,False,
生活区,BV1X75X6rEui,味道上就是嫩一点的海鲈鱼,中性,中性,0.7751963623468293,0.09286773905081405,0.7751963623468293,0.1319358986023568,0.0,0.0,0,0,0,无明显情感,未明确对象,未明确方面,中性,False,
生活区,BV1X75X6rEui,这个鸳鸯锅到处都在打折，30块左右,中性,中性,0.7549975175278459,0.1631068510069104,0.7549975175278459,0.08189563146524349,0.0,0.0,0,0,0,无明显情感,未明确对象,未明确方面,中性,False,
生活区,BV1X75X6rEui,包是广告的,中性,中性,0.6615010672450808,0.20782374569219453,0.6615010672450808,0.13067518706272463,0.0,0.0,0,0,0,无明显情感,未明确对象,未明确方面,中性,False,
生活区,BV1X75X6rEui,这不就二米饭吗,中性,中性,0.6417961360739669,0.15414904114842296,0.6417961360739669,0.2040548227776102,0.0,0.0,0,0,0,无明显情感,未明确对象,未明确方面,中性,False,
生活区,BV1X75X6rEui,现在有养殖的了。未来几年必定大掉价,中性,中性,0.6120655232078004,0.24230259951210326,0.6120655232078004,0.14563187728009647,0.0,0.0,0,0,0,无明显情感,未明确对象,未明确方面,中性,False,
生活区,BV1X75X6rEui,连吃带拿帅小伙,中性,中性,0.7110467541025642,0.0974952455361941,0.7110467541025642,0.19145800036124175,0.0,0.0,0,0,0,无明显情感,未明确对象,未明确方面,中性,False,
生活区,BV1X75X6rEui,我的股票妙不妙？,中性,中性,0.5213002061838384,0.22810102908923377,0.5213002061838384,0.25059876472692777,0.0,0.0,0,0,0,无明显情感,未明确对象,未明确方面,中性,False,
生活区,BV1X75X6rEui,这里面最值钱的是这个包装，其它都是虚的,中性,中性,0.6056907048533611,0.30146425971221696,0.6056907048533611,0.09284503543442202,0.0,0.0,0,0,0,无明显情感,未明确对象,未明确方面,中性,False,
生活区,BV1X75X6rEui,一个月伙食费,中性,中性,0.6183361437769455,0.22928073751291195,0.6183361437769455,0.15238311871014248,0.0,0.0,0,0,0,无明显情感,未明确对象,未明确方面,中性,False,
生活区,BV1X75X6rEui,《风味魔丸》,中性,中性,0.6451858296357182,0.19827229583734654,0.6451858296357182,0.15654187452693533,0.0,0.0,0,0,0,无明显情感,未明确对象,未明确方面,中性,False,
生活区,BV1X75X6rEui,芦蒿就是叫芦蒿,中性,中性,0.614842475965867,0.1516424101987078,0.614842475965867,0.23351511383542514,0.0,0.0,0,0,0,无明显情感,未明确对象,未明确方面,中性,False,
生活区,BV1X75X6rEui,藜蒿！,中性,中性,0.5562790205387397,0.41619302029202804,0.5562790205387397,0.02752795916923221,0.0,0.0,0,0,0,无明显情感,未明确对象,未明确方面,中性,False,
生活区,BV1X75X6rEui,落魄了,中性,中性,0.6671087239564956,0.17839499560980993,0.6671087239564956,0.15449628043369448,0.0,0.0,0,0,0,无明显情感,未明确对象,未明确方面,中性,False,
生活区,BV1X75X6rEui,就这个标明注水线已经有点产品介绍的味儿了,中性,中性,0.5359176838758062,0.33008477712451534,0.5359176838758062,0.13399753899967842,0.0,0.0,0,0,0,无明显情感,未明确对象,未明确方面,中性,False,
生活区,BV1X75X6rEui,连吃带拿,中性,中性,0.7209098588474061,0.09559889156666908,0.7209098588474061,0.1834912495859248,0.0,0.0,0,0,0,无明显情感,未明确对象,未明确方面,中性,False,
生活区,BV1X75X6rEui,我的论文数据结果妙不妙,中性,中性,0.6751616541028851,0.19472326001475115,0.6751616541028851,0.13011508588236378,0.0,0.0,0,0,0,无明显情感,未明确对象,未明确方面,中性,False,
生活区,BV1X75X6rEui,考试妙不妙,中性,中性,0.6080540757580646,0.05182786853555297,0.6080540757580646,0.34011805570638254,0.0,0.0,0,0,0,无明显情感,未明确对象,未明确方面,中性,False,
生活区,BV1X75X6rEui,想吃直说,中性,中性,0.6805170869818474,0.16397051070025123,0.6805170869818474,0.15551240231790145,0.0,0.0,0,0,0,无明显情感,未明确对象,未明确方面,中性,False,
生活区,BV1X75X6rEui,《肠胃不好》,中性,中性,0.4287502330371152,0.17110591216979049,0.4287502330371152,0.4001438547930944,0.0,0.0,0,0,0,无明显情感,未明确对象,未明确方面,中性,False,
生活区,BV1X75X6rEui,嘴巴一直在流眼泪,中性,中性,0.5697558742641377,0.15039622326507227,0.5697558742641377,0.2798479024707901,0.0,0.0,0,0,0,无明显情感,未明确对象,未明确方面,中性,False,
生活区,BV1X75X6rEui,我科三妙不妙？,中性,中性,0.5923613205284298,0.11424257639571156,0.5923613205284298,0.2933961030758586,0.0,0.0,0,0,0,无明显情感,未明确对象,未明确方面,中性,False,
生活区,BV1X75X6rEui,广子,中性,中性,0.6550661232038483,0.19469238640714742,0.6550661232038483,0.15024149038900445,0.0,0.0,0,0,0,无明显情感,未明确对象,未明确方面,中性,False,
生活区,BV1X75X6rEui,我生活工作妙不妙,中性,中性,0.623485158085104,0.10414716990875182,0.623485158085104,0.2723676720061442,0.0,0.0,0,0,0,无明显情感,未明确对象,未明确方面,中性,False,
生活区,BV1X75X6rEui,合成的水,中性,中性,0.6231391987120696,0.2222827465438196,0.6231391987120696,0.15457805474411077,0.0,0.0,0,0,0,无明显情感,未明确对象,未明确方面,中性,False,
生活区,BV1X75X6rEui,看着像蒜薹,中性,中性,0.6069141747897873,0.2975171496177079,0.6069141747897873,0.0955686755925048,0.0,0.0,0,0,0,无明显情感,未明确对象,未明确方面,中性,False,
生活区,BV1X75X6rEui,我不如点个杨国福外卖。,中性,中性,0.48122572940568886,0.2909452997884253,0.48122572940568886,0.2278289708058858,0.0,0.0,0,0,0,无明显情感,未明确对象,未明确方面,中性,False,
生活区,BV1X75X6rEui,莲雾现在五块一斤,中性,中性,0.815140552450482,0.11733174438797149,0.815140552450482,0.06752770316154658,0.0,0.0,0,0,0,无明显情感,未明确对象,未明确方面,中性,False,
生活区,BV1X75X6rEui,正片来了,中性,中性,0.9201625705681264,0.05833510264880516,0.9201625705681264,0.021502326783068383,0.0,0.0,0,0,0,无明显情感,未明确对象,未明确方面,中性,False,
生活区,BV1X75X6rEui,我的股票妙不妙,中性,中性,0.5476914858598696,0.3211753480291552,0.5476914858598696,0.1311331661109751,0.0,0.0,0,0,0,无明显情感,未明确对象,未明确方面,中性,False,
生活区,BV1X75X6rEui,泽这么大厦门市场买的200吧,中性,中性,0.7685846312318092,0.15449764438415334,0.7685846312318092,0.07691772438403736,0.0,0.0,0,0,0,无明显情感,未明确对象,未明确方面,中性,False,
生活区,BV1X75X6rEui,我今年中考妙不妙,中性,中性,0.6380769977029248,0.20028807223682912,0.6380769977029248,0.16163493006024604,0.0,0.0,0,0,0,无明显情感,未明确对象,未明确方面,中性,False,
生活区,BV1X75X6rEui,鳜鱼：那我算什么,中性,中性,0.9349590393823495,0.022414659865187373,0.9349590393823495,0.04262630075246318,0.0,0.0,0,0,0,无明显情感,未明确对象,未明确方面,中性,False,
生活区,BV1X75X6rEui,够4-6个小朋友过家家吃,中性,中性,0.45796471477184103,0.2089877998718014,0.45796471477184103,0.3330474853563575,0.0,0.0,0,0,0,无明显情感,未明确对象,未明确方面,中性,False,
生活区,BV1X75X6rEui,既要又要的,中性,中性,0.4559585334628147,0.2679456987950342,0.4559585334628147,0.2760957677421512,0.0,0.0,0,0,0,无明显情感,未明确对象,未明确方面,中性,False,
生活区,BV1X75X6rEui,六个小鸟胃的小孩,中性,中性,0.6422759831682918,0.2157312578141737,0.6422759831682918,0.14199275901753453,0.0,0.0,0,0,0,无明显情感,未明确对象,未明确方面,中性,False,
生活区,BV1X75X6rEui,我选金吉鱼,中性,中性,0.667595404215155,0.1895636990306977,0.667595404215155,0.14284089675414727,0.0,0.0,0,0,0,无明显情感,未明确对象,未明确方面,中性,False,
生活区,BV1X75X6rEui,这个巨坑35两个,中性,中性,0.5635572698597365,0.30015740220247306,0.5635572698597365,0.13628532793779052,0.0,0.0,0,0,0,无明显情感,未明确对象,未明确方面,中性,False,
生活区,BV1X75X6rEui,我的期末考试妙不妙？,中性,中性,0.5483522036925176,0.13181522357253198,0.5483522036925176,0.3198325727349506,0.0,0.0,0,0,0,无明显情感,未明确对象,未明确方面,中性,False,
生活区,BV1X75X6rEui,你演多了以后说真话怎么办,中性,中性,0.8267801790277477,0.04808476051350673,0.8267801790277477,0.12513506045874556,0.0,0.0,0,0,0,无明显情感,未明确对象,未明确方面,中性,False,
生活区,BV1X75X6rEui,我期中考试妙不妙,中性,中性,0.6770769073141784,0.09720143444986218,0.6770769073141784,0.22572165823595947,0.0,0.0,0,0,0,无明显情感,未明确对象,未明确方面,中性,False,
生活区,BV1X75X6rEui,图穷匕见,中性,中性,0.6550661232038483,0.19469238640714742,0.6550661232038483,0.15024149038900445,0.0,0.0,0,0,0,无明显情感,未明确对象,未明确方面,中性,False,
生活区,BV1X75X6rEui,三分之一工资,中性,中性,0.5534217995024305,0.21995151779320177,0.5534217995024305,0.2266266827043677,0.0,0.0,0,0,0,无明显情感,未明确对象,未明确方面,中性,False,
生活区,BV1X75X6rEui,六个小孩也不够吃吧,中性,中性,0.6773481463070959,0.11620095557816322,0.6773481463070959,0.20645089811474088,0.0,0.0,0,0,0,无明显情感,未明确对象,未明确方面,中性,False,
生活区,BV1X75X6rEui,看起来好像爆米花,中性,中性,0.5686764882508767,0.33037135229248676,0.5686764882508767,0.10095215945663652,0.0,0.0,0,0,0,无明显情感,未明确对象,未明确方面,中性,False,
生活区,BV1X75X6rEui,这奶菜你得用高汤烧，加点五花肉丁，加蒜，才好吃,中性,中性,0.5551806703643805,0.22155147681338702,0.5551806703643805,0.22326785282223266,0.0,0.0,0,0,0,无明显情感,未明确对象,未明确方面,中性,False,
生活区,BV1X75X6rEui,唉，能不能别兄弟们,中性,中性,0.39120818966179266,0.31989823836962633,0.39120818966179266,0.28889357196858095,0.0,0.0,0,0,0,无明显情感,未明确对象,未明确方面,中性,False,
生活区,BV1X75X6rEui,我们这里特价19.8,中性,中性,0.7529591222183356,0.13684347663918014,0.7529591222183356,0.11019740114248422,0.0,0.0,0,0,0,无明显情感,未明确对象,未明确方面,中性,False,
生活区,BV1X75X6rEui,我这次月考妙不妙,中性,中性,0.8001051099423032,0.05801642494413589,0.8001051099423032,0.1418784651135609,0.0,0.0,0,0,0,无明显情感,未明确对象,未明确方面,中性,False,
生活区,BV1X75X6rEui,《早餐》,中性,中性,0.6550661232038483,0.19469238640714742,0.6550661232038483,0.15024149038900445,0.0,0.0,0,0,0,无明显情感,未明确对象,未明确方面,中性,False,
生活区,BV1X75X6rEui,晚餐是广告,中性,中性,0.65482219459883,0.11276585190942529,0.65482219459883,0.23241195349174476,0.0,0.0,0,0,0,无明显情感,未明确对象,未明确方面,中性,False,
生活区,BV1X75X6rEui,菜是一口没吃,中性,中性,0.5456224562901574,0.04847132801894289,0.5456224562901574,0.40590621569089974,0.0,0.0,0,0,0,无明显情感,未明确对象,未明确方面,中性,False,
生活区,BV1X75X6rEui,我脱单妙不妙,中性,中性,0.6351502869512382,0.20182134718609102,0.6351502869512382,0.16302836586267086,0.0,0.0,0,0,0,无明显情感,未明确对象,未明确方面,中性,False,
生活区,BV1X75X6rEui,你米没吃完，吃完再算,中性,中性,0.6833508921880161,0.09204977987559557,0.6833508921880161,0.22459932793638823,0.0,0.0,0,0,0,无明显情感,未明确对象,未明确方面,中性,False,
生活区,BV1X75X6rEui,507.8牛批,中性,中性,0.6580407681880176,0.2191702785546007,0.6580407681880176,0.12278895325738168,0.0,0.0,0,0,0,无明显情感,未明确对象,未明确方面,中性,False,
生活区,BV1X75X6rEui,够吃一个月,中性,中性,0.6183361437769455,0.22928073751291195,0.6183361437769455,0.15238311871014248,0.0,0.0,0,0,0,无明显情感,未明确对象,未明确方面,中性,False,
生活区,BV1X75X6rEui,因为是广告,中性,中性,0.9625396021657946,0.012695060913183728,0.9625396021657946,0.024765336921021678,0.0,0.0,0,0,0,无明显情感,未明确对象,未明确方面,中性,False,
生活区,BV1X75X6rEui,我的下一份工作妙不妙,中性,中性,0.7389445628899366,0.10408181943432057,0.7389445628899366,0.15697361767574297,0.0,0.0,0,0,0,无明显情感,未明确对象,未明确方面,中性,False,
生活区,BV1X75X6rEui,别说还挺丰富,中性,中性,0.4881384967351836,0.3265429568850527,0.4881384967351836,0.1853185463797636,0.0,0.0,0,0,0,无明显情感,未明确对象,未明确方面,中性,False,
生活区,BV1X75X6rEui,成本巨大,中性,中性,0.6451858296357182,0.19827229583734654,0.6451858296357182,0.15654187452693533,0.0,0.0,0,0,0,无明显情感,未明确对象,未明确方面,中性,False,
生活区,BV1X75X6rEui,不是广子吧,中性,中性,0.5439610270506338,0.058982106589653194,0.5439610270506338,0.3970568663597131,0.0,0.0,0,0,0,无明显情感,未明确对象,未明确方面,中性,False,
生活区,BV1X75X6rEui,我的成绩妙不妙,中性,中性,0.48719179782219585,0.3790710902538364,0.48719179782219585,0.13373711192396776,0.0,0.0,0,0,0,无明显情感,未明确对象,未明确方面,中性,False,
生活区,BV1X75X6rEui,我英语六级考试合格妙不妙,中性,中性,0.6661713683978323,0.0988858207286571,0.6661713683978323,0.2349428108735105,0.0,0.0,0,0,0,无明显情感,未明确对象,未明确方面,中性,False,
生活区,BV1X75X6rEui,给小卢吃点啊,中性,中性,0.5658843920376815,0.21163549607673282,0.5658843920376815,0.22248011188558567,0.0,0.0,0,0,0,无明显情感,未明确对象,未明确方面,中性,False,
生活区,BV1X75X6rEui,食物的水最后加就行了,中性,中性,0.5669208031948946,0.2540423431835575,0.5669208031948946,0.17903685362154792,0.0,0.0,0,0,0,无明显情感,未明确对象,未明确方面,中性,False,
生活区,BV1X75X6rEui,盒马红东星198,中性,中性,0.8298305822608429,0.10356031767586966,0.8298305822608429,0.06660910006328731,0.0,0.0,0,0,0,无明显情感,未明确对象,未明确方面,中性,False,
生活区,BV1X75X6rEui,肠胃不好，让小卢负担一点,中性,中性,0.549402602013166,0.06255937766528194,0.549402602013166,0.38803802032155216,0.0,0.0,0,0,0,无明显情感,未明确对象,未明确方面,中性,False,
生活区,BV1X75X6rEui,69.9=一顿牛肉火锅自助,中性,中性,0.7180886813673965,0.13587059331865525,0.7180886813673965,0.14604072531394827,0.0,0.0,0,0,0,无明显情感,未明确对象,未明确方面,中性,False,
生活区,BV1X75X6rEui,这是藜蒿吧,中性,中性,0.5972559206053637,0.06492206965185968,0.5972559206053637,0.33782200974277654,0.0,0.0,0,0,0,无明显情感,未明确对象,未明确方面,中性,False,
生活区,BV1X75X6rEui,落魄,中性,中性,0.6550661232038483,0.19469238640714742,0.6550661232038483,0.15024149038900445,0.0,0.0,0,0,0,无明显情感,未明确对象,未明确方面,中性,False,
生活区,BV1X75X6rEui,这部超大版泡面吗,中性,中性,0.9083746129374766,0.028694762183672506,0.9083746129374766,0.06293062487885095,0.0,0.0,0,0,0,无明显情感,未明确对象,未明确方面,中性,False,
生活区,BV1X75X6rEui,好家伙,中性,中性,0.6550661232038483,0.19469238640714742,0.6550661232038483,0.15024149038900445,0.0,0.0,0,0,0,无明显情感,未明确对象,未明确方面,中性,False,
生活区,BV1X75X6rEui,这我买了俩吃了一个巨难吃另一个在家放几个月了,中性,中性,0.6281909388600637,0.19429437497086913,0.6281909388600637,0.1775146861690672,0.0,0.0,0,0,0,无明显情感,未明确对象,理解与难度,中性,False,
生活区,BV1X75X6rEui,爷青回,中性,中性,0.6550661232038483,0.19469238640714742,0.6550661232038483,0.15024149038900445,0.0,0.0,0,0,0,无明显情感,未明确对象,未明确方面,中性,False,
生活区,BV1X75X6rEui,兄弟姐妹们,中性,中性,0.6746164332577991,0.24748864895298153,0.6746164332577991,0.07789491778921935,0.0,0.0,0,0,0,无明显情感,未明确对象,未明确方面,中性,False,
生活区,BV1X75X6rEui,好事都让你占了,中性,中性,0.6661846806218175,0.12029905236285426,0.6661846806218175,0.2135162670153283,0.0,0.0,0,0,0,无明显情感,未明确对象,未明确方面,中性,False,
生活区,BV1X75X6rEui,业务不熟练了,中性,负面,0.5389494067499082,0.05374973960726787,0.40730085364282403,0.5389494067499082,0.0,0.0,0,0,0,无明显情感,未明确对象,未明确方面,中性,False,
生活区,BV1X75X6rEui,脑子不爱吃,中性,中性,0.662267020955775,0.1569104444895727,0.662267020955775,0.18082253455465216,0.0,0.0,0,0,0,无明显情感,未明确对象,未明确方面,中性,False,
生活区,BV1X75X6rEui,？,中性,中性,0.6060752361178983,0.10077835574068957,0.6060752361178983,0.29314640814141224,0.0,0.0,0,0,0,无明显情感,未明确对象,未明确方面,中性,False,
生活区,BV1X75X6rEui,身体和考试结果妙不妙,中性,中性,0.8591641465031151,0.03632468903120184,0.8591641465031151,0.10451116446568313,0.0,0.0,0,0,0,无明显情感,未明确对象,未明确方面,中性,False,
生活区,BV1X75X6rEui,肉眼是什么？,中性,中性,0.8586802026482382,0.034762496261798614,0.8586802026482382,0.10655730108996322,0.0,0.0,0,0,0,无明显情感,未明确对象,未明确方面,中性,False,
生活区,BV1X75X6rEui,我高考妙不妙,中性,中性,0.6115642407361571,0.33194532371479507,0.6115642407361571,0.05649043554904788,0.0,0.0,0,0,0,无明显情感,未明确对象,未明确方面,中性,False,
生活区,BV1X75X6rEui,这个椰子水咋跟711的这么像，应该是同一家的供应商吧,中性,中性,0.7956829485072353,0.15628322363617636,0.7956829485072353,0.048033827856588246,0.0,0.0,0,0,0,无明显情感,未明确对象,未明确方面,中性,False,
生活区,BV1X75X6rEui,找工作秒不妙,中性,中性,0.5066895579134619,0.13223494968791955,0.5066895579134619,0.3610754923986185,0.0,0.0,0,0,0,无明显情感,未明确对象,未明确方面,中性,False,
生活区,BV1X75X6rEui,壕无人性,中性,中性,0.6451858296357182,0.19827229583734654,0.6451858296357182,0.15654187452693533,0.0,0.0,0,0,0,无明显情感,未明确对象,未明确方面,中性,False,
生活区,BV1X75X6rEui,水放多了,中性,中性,0.6671087239564956,0.17839499560980993,0.6671087239564956,0.15449628043369448,0.0,0.0,0,0,0,无明显情感,未明确对象,未明确方面,中性,False,
生活区,BV1X75X6rEui,所以为什么不先放水,中性,中性,0.9428378637645894,0.010008956416515492,0.9428378637645894,0.04715317981889515,0.0,0.0,0,0,0,无明显情感,未明确对象,未明确方面,中性,False,
生活区,BV1X75X6rEui,只看到了嘴角在滴口水,中性,中性,0.9416320827555485,0.03164820488784851,0.9416320827555485,0.026719712356602924,0.0,0.0,0,0,0,无明显情感,未明确对象,未明确方面,中性,False,
生活区,BV1X75X6rEui,我考驾照妙不妙,中性,中性,0.6480754102684677,0.19674067361526998,0.6480754102684677,0.1551839161162622,0.0,0.0,0,0,0,无明显情感,未明确对象,未明确方面,中性,False,
生活区,BV1X75X6rEui,芦蒿江西那边的一种水草，属于野菜的一种，江西叫藜蒿,中性,中性,0.4976514784647726,0.12274838129539332,0.4976514784647726,0.37960014023983396,0.0,0.0,0,0,0,无明显情感,未明确对象,未明确方面,中性,False,
生活区,BV1X75X6rEui,看着不像被迫,中性,中性,0.5400543189121507,0.30764558977806916,0.5400543189121507,0.15230009130978012,0.0,0.0,0,0,0,无明显情感,未明确对象,未明确方面,中性,False,
生活区,BV1X75X6rEui,就是吃这几块牛肉吃到肠胃炎发作的嘛？,中性,中性,0.7182811659797967,0.10732054250716727,0.7182811659797967,0.17439829151303604,0.0,0.0,0,0,0,无明显情感,未明确对象,未明确方面,中性,False,
生活区,BV1X75X6rEui,看着就好吃,中性,中性,0.5100446457392932,0.32498069419700343,0.5100446457392932,0.16497466006370345,0.0,0.0,0,0,0,无明显情感,未明确对象,未明确方面,中性,False,
生活区,BV1X75X6rEui,广如告,中性,中性,0.6550661232038483,0.19469238640714742,0.6550661232038483,0.15024149038900445,0.0,0.0,0,0,0,无明显情感,未明确对象,未明确方面,中性,False,
生活区,BV1X75X6rEui,我考研妙不妙,中性,中性,0.722983682972977,0.14619916882714926,0.722983682972977,0.13081714819987378,0.0,0.0,0,0,0,无明显情感,未明确对象,未明确方面,中性,False,
生活区,BV1X75X6rEui,《三姓家禽》,中性,中性,0.6451858296357182,0.19827229583734654,0.6451858296357182,0.15654187452693533,0.0,0.0,0,0,0,无明显情感,未明确对象,未明确方面,中性,False,
生活区,BV1X75X6rEui,何德何能这自热火锅,中性,中性,0.6351502869512382,0.20182134718609102,0.6351502869512382,0.16302836586267086,0.0,0.0,0,0,0,无明显情感,未明确对象,未明确方面,中性,False,
生活区,BV1X75X6rEui,《不爱吃》,中性,中性,0.6723879431215518,0.15407254413233373,0.6723879431215518,0.17353951274611445,0.0,0.0,0,0,0,无明显情感,未明确对象,未明确方面,中性,False,
生活区,BV1X75X6rEui,这个肉很肥的。,中性,中性,0.5399928580032092,0.2833226055848254,0.5399928580032092,0.17668453641196538,0.0,0.0,0,0,0,无明显情感,未明确对象,未明确方面,中性,False,
生活区,BV1X75X6rEui,我中奖妙不妙,中性,中性,0.6480754102684677,0.19674067361526998,0.6480754102684677,0.1551839161162622,0.0,0.0,0,0,0,无明显情感,未明确对象,未明确方面,中性,False,
生活区,BV1X75X6rEui,纯碳水+底料，这点蛋白质两个人吃都不够,中性,中性,0.43287598768353036,0.3418133439668064,0.43287598768353036,0.2253106683496633,0.0,0.0,0,0,0,无明显情感,未明确对象,未明确方面,中性,False,
生活区,BV1X75X6rEui,50吃什么不好,中性,中性,0.6599440964928118,0.1509248413395942,0.6599440964928118,0.1891310621675941,0.0,0.0,0,0,0,无明显情感,未明确对象,未明确方面,中性,False,
生活区,BV1X75X6rEui,我小考成绩妙不妙,中性,中性,0.5569624687690791,0.27136933634613897,0.5569624687690791,0.17166819488478197,0.0,0.0,0,0,0,无明显情感,未明确对象,未明确方面,中性,False,
生活区,BV1X75X6rEui,用擦眼泪来掩盖上扬的嘴角吗,中性,中性,0.8981407751219884,0.03178623706967042,0.8981407751219884,0.07007298780834129,0.0,0.0,0,0,0,无明显情感,未明确对象,未明确方面,中性,False,
生活区,BV1X75X6rEui,我中考成绩妙不妙,中性,中性,0.5569624687690791,0.27136933634613897,0.5569624687690791,0.17166819488478197,0.0,0.0,0,0,0,无明显情感,未明确对象,未明确方面,中性,False,
生活区,BV1X75X6rEui,我面试秒不秒,中性,中性,0.4351729926736583,0.30362512530502006,0.4351729926736583,0.2612018820213217,0.0,0.0,0,0,0,无明显情感,未明确对象,未明确方面,中性,False,
生活区,BV1X75X6rEui,还是个混蛋,中性,中性,0.5794917767191697,0.10266490286375086,0.5794917767191697,0.3178433204170794,0.0,0.0,0,0,0,无明显情感,未明确对象,未明确方面,中性,False,
生活区,BV1X75X6rEui,我脱单和考试妙不妙,中性,中性,0.820087873850167,0.03249024382030986,0.820087873850167,0.14742188232952316,0.0,0.0,0,0,0,无明显情感,未明确对象,未明确方面,中性,False,
生活区,BV1X75X6rEui,感觉也就两个人的量,中性,中性,0.41710374465328004,0.3274139871029887,0.41710374465328004,0.25548226824373127,0.0,0.0,0,0,0,无明显情感,未明确对象,未明确方面,中性,False,
生活区,BV1X75X6rEui,我生活妙不妙,中性,中性,0.6012205135174381,0.25443902534005053,0.6012205135174381,0.1443404611425113,0.0,0.0,0,0,0,无明显情感,未明确对象,未明确方面,中性,False,
生活区,BV1X75X6rEui,小象1L 9.9弹幕说不贵的何意味？,中性,中性,0.4611786659105277,0.09359290148802199,0.4611786659105277,0.44522843260145034,0.0,0.0,0,0,0,无明显情感,未明确对象,未明确方面,中性,False,
生活区,BV1X75X6rEui,我法考和考公妙不妙,中性,中性,0.9019005989206537,0.058609372853710436,0.9019005989206537,0.03949002822563591,0.0,0.0,0,0,0,无明显情感,未明确对象,未明确方面,中性,False,
生活区,BV1X75X6rEui,這就奶油白菜 我們這一袋才5元...,中性,中性,0.6316490175506904,0.18437010645692944,0.6316490175506904,0.18398087599238028,0.0,0.0,0,0,0,无明显情感,未明确对象,未明确方面,中性,False,
生活区,BV1X75X6rEui,那就是“混蛋”,中性,中性,0.5556027584390013,0.28857826718573865,0.5556027584390013,0.15581897437526,0.0,0.0,0,0,0,无明显情感,未明确对象,未明确方面,中性,False,
生活区,BV1X75X6rEui,这113.去你。。。。,中性,中性,0.6569967983077385,0.12705615677031365,0.6569967983077385,0.21594704492194802,0.0,0.0,0,0,0,无明显情感,未明确对象,未明确方面,中性,False,
生活区,BV1X75X6rEui,国产,中性,中性,0.6550661232038483,0.19469238640714742,0.6550661232038483,0.15024149038900445,0.0,0.0,0,0,0,无明显情感,未明确对象,未明确方面,中性,False,
生活区,BV1X75X6rEui,我认为任何米饭都是一样的,中性,中性,0.6164223155155755,0.09024745609065771,0.6164223155155755,0.2933302283937668,0.0,0.0,0,0,0,无明显情感,未明确对象,未明确方面,中性,False,
生活区,BV1X75X6rEui,我的期末妙不妙,中性,中性,0.4923005489767559,0.39839622476515224,0.4923005489767559,0.10930322625809176,0.0,0.0,0,0,0,无明显情感,未明确对象,未明确方面,中性,False,
生活区,BV1X75X6rEui,咋没沙拉,中性,中性,0.48383145851231957,0.11291926988230548,0.48383145851231957,0.40324927160537494,0.0,0.0,0,0,0,无明显情感,未明确对象,未明确方面,中性,False,
生活区,BV1X75X6rEui,工作妙不妙！,中性,中性,0.721902507118792,0.12260570689012112,0.721902507118792,0.15549178599108684,0.0,0.0,0,0,0,无明显情感,未明确对象,未明确方面,中性,False,
生活区,BV1X75X6rEui,"DFGHJKLxcvbnm, A 压下电路图‘",中性,中性,0.800731895960477,0.1182814992657911,0.800731895960477,0.08098660477373182,0.0,0.0,0,0,0,无明显情感,未明确对象,未明确方面,中性,False,
生活区,BV1X75X6rEui,依旧玩不起,中性,中性,0.6451858296357182,0.19827229583734654,0.6451858296357182,0.15654187452693533,0.0,0.0,0,0,0,无明显情感,未明确对象,未明确方面,中性,False,
生活区,BV1X75X6rEui,半熟蛋拉完了,中性,中性,0.6799767077029227,0.20751498198045662,0.6799767077029227,0.11250831031662065,-1.0,-1.0,0,1,0,对象评价,未明确对象,未明确方面,负面,False,
生活区,BV1X75X6rEui,现在究竟是谁在看他视频啊，一点意思都没有,中性,中性,0.8073456806872696,0.025511556564728605,0.8073456806872696,0.1671427627480016,0.0,0.0,0,0,0,无明显情感,视频内容,未明确方面,中性,False,
生活区,BV1X75X6rEui,椰树是椰汁，椰子肉和椰子水打碎一起的单独椰子水是透明的,中性,中性,0.6675658405022213,0.19218135905412065,0.6675658405022213,0.14025280044365815,0.0,0.0,0,0,0,无明显情感,未明确对象,未明确方面,中性,False,
生活区,BV1X75X6rEui,我女儿中考妙不妙？,中性,中性,0.5680216658144621,0.11712051448142625,0.5680216658144621,0.3148578197041116,0.0,0.0,0,0,0,无明显情感,未明确对象,未明确方面,中性,False,
生活区,BV1X75X6rEui,就是这味,中性,中性,0.6747122473959942,0.23290996574106557,0.6747122473959942,0.09237778686294017,0.0,0.0,0,0,0,无明显情感,未明确对象,未明确方面,中性,False,
生活区,BV1X75X6rEui,巨型泡面而已,中性,中性,0.6351502869512382,0.20182134718609102,0.6351502869512382,0.16302836586267086,0.0,0.0,0,0,0,无明显情感,未明确对象,未明确方面,中性,False,
生活区,BV1X75X6rEui,不是广告吗,中性,中性,0.7038169481862288,0.03217510338030412,0.7038169481862288,0.2640079484334671,0.0,0.0,0,0,0,无明显情感,未明确对象,未明确方面,中性,False,
生活区,BV1X75X6rEui,鱼汁用来煮酱油就是蒸鱼酱油了,中性,中性,0.6791358055470692,0.20434675811945302,0.6791358055470692,0.11651743633347773,0.0,0.0,0,0,0,无明显情感,未明确对象,未明确方面,中性,False,
生活区,BV1X75X6rEui,谁在说话,中性,中性,0.8060184771698644,0.05046748892790113,0.8060184771698644,0.14351403390223444,0.0,0.0,0,0,0,无明显情感,未明确对象,未明确方面,中性,False,
生活区,BV1X75X6rEui,低成本拥抱智能技术？数字产线帮你轻松解锁，无需高投入也能接轨未来！,中性,中性,0.7363579418339872,0.1432580913822309,0.7363579418339872,0.12038396678378184,1.0,1.0,1,0,0,对象评价,未明确对象,未明确方面,正面,False,
生活区,BV1X75X6rEui,牛排一般,中性,中性,0.6333267008011799,0.14571704042326025,0.6333267008011799,0.22095625877555972,0.0,0.0,0,0,0,无明显情感,未明确对象,未明确方面,中性,False,
生活区,BV1X75X6rEui,翻译：被德国收购的日本企业在中国的分公司饲养的鸡下的蛋,中性,中性,0.8427085515255709,0.07116532304084358,0.8427085515255709,0.08612612543358555,0.0,0.0,0,0,0,无明显情感,未明确对象,未明确方面,中性,False,
生活区,BV1X75X6rEui,20我能买一斤了,中性,中性,0.48282190975717343,0.21155828183671954,0.48282190975717343,0.30561980840610703,0.0,0.0,0,0,0,无明显情感,未明确对象,未明确方面,中性,False,
生活区,BV1X75X6rEui,这么薄 300多 真的是把你当大佐,中性,中性,0.774265482051848,0.1922102070906456,0.774265482051848,0.0335243108575064,0.0,0.0,0,0,0,无明显情感,未明确对象,未明确方面,中性,False,
生活区,BV1X75X6rEui,我这次六级和期末考妙不妙？,中性,中性,0.8026405690316819,0.08057591776919469,0.8026405690316819,0.11678351319912339,0.0,0.0,0,0,0,无明显情感,未明确对象,未明确方面,中性,False,
生活区,BV1X75X6rEui,我工作妙不妙,中性,中性,0.6332249136872923,0.06576913447255463,0.6332249136872923,0.30100595184015305,0.0,0.0,0,0,0,无明显情感,未明确对象,未明确方面,中性,False,
生活区,BV1X75X6rEui,我一战考研成绩妙不妙,中性,中性,0.3860317337546384,0.36928658265861797,0.3860317337546384,0.24468168358674375,0.0,0.0,0,0,0,无明显情感,未明确对象,未明确方面,中性,False,
生活区,BV1X75X6rEui,300的牛肉能吃吗..也不怕吃出事,中性,中性,0.853427784891358,0.061276083306777925,0.853427784891358,0.0852961318018641,0.0,0.0,0,0,0,无明显情感,未明确对象,未明确方面,中性,False,
生活区,BV1X75X6rEui,这不是广告吗,中性,中性,0.7235749225459327,0.052905333230435544,0.7235749225459327,0.2235197442236318,0.0,0.0,0,0,0,无明显情感,未明确对象,未明确方面,中性,False,
生活区,BV1X75X6rEui,我高考成绩妙不妙,中性,中性,0.5196869412754388,0.40696196838987664,0.5196869412754388,0.07335109033468473,0.0,0.0,0,0,0,无明显情感,未明确对象,未明确方面,中性,False,
生活区,BV1X75X6rEui,商单,中性,中性,0.6550661232038483,0.19469238640714742,0.6550661232038483,0.15024149038900445,0.0,0.0,0,0,0,无明显情感,未明确对象,未明确方面,中性,False,
生活区,BV1X75X6rEui,翻译：杂粮饭,中性,中性,0.6351502869512382,0.20182134718609102,0.6351502869512382,0.16302836586267086,0.0,0.0,0,0,0,无明显情感,未明确对象,未明确方面,中性,False,
生活区,BV1X75X6rEui,翻译：国产鸡蛋,中性,中性,0.6351502869512382,0.20182134718609102,0.6351502869512382,0.16302836586267086,0.0,0.0,0,0,0,无明显情感,未明确对象,未明确方面,中性,False,
生活区,BV1X75X6rEui,这鱼398一斤……,中性,中性,0.8044712727600755,0.09975820864788822,0.8044712727600755,0.09577051859203647,0.0,0.0,0,0,0,无明显情感,未明确对象,未明确方面,中性,False,
生活区,BV1X75X6rEui,我运气妙不妙,中性,中性,0.6480754102684677,0.19674067361526998,0.6480754102684677,0.1551839161162622,0.0,0.0,0,0,0,无明显情感,未明确对象,未明确方面,中性,False,
生活区,BV1X75X6rEui,也就两人份,中性,中性,0.5601989079029787,0.22430621807362067,0.5601989079029787,0.21549487402340078,0.0,0.0,0,0,0,无明显情感,未明确对象,未明确方面,中性,False,
生活区,BV1X75X6rEui,\?,中性,中性,0.4714560150837531,0.2186661661213793,0.4714560150837531,0.3098778187948675,0.0,0.0,0,0,0,无明显情感,未明确对象,未明确方面,中性,False,
生活区,BV1X75X6rEui,有点薄,中性,中性,0.9150534240369168,0.04844984359261301,0.9150534240369168,0.03649673237047007,0.0,0.0,0,0,0,无明显情感,未明确对象,未明确方面,中性,False,
生活区,BV1X75X6rEui,我的雅思妙不妙,中性,中性,0.5476914858598696,0.3211753480291552,0.5476914858598696,0.1311331661109751,0.0,0.0,0,0,0,无明显情感,未明确对象,未明确方面,中性,False,
生活区,BV1X75X6rEui,女的哪来兄弟,中性,中性,0.6814871350198202,0.23937641207243437,0.6814871350198202,0.07913645290774549,0.0,0.0,0,0,0,无明显情感,未明确对象,未明确方面,中性,False,
生活区,BV1X75X6rEui,就慢慢,中性,中性,0.5793739106066912,0.2399084410565278,0.5793739106066912,0.18071764833678103,0.0,0.0,0,0,0,无明显情感,未明确对象,未明确方面,中性,False,
生活区,BV1X75X6rEui,这些东西值五十块钱吗,中性,中性,0.7076735336953262,0.04389972472404807,0.7076735336953262,0.24842674158062572,0.0,0.0,0,0,0,无明显情感,未明确对象,未明确方面,中性,False,
生活区,BV1X75X6rEui,藜麦,中性,中性,0.6451858296357182,0.19827229583734654,0.6451858296357182,0.15654187452693533,0.0,0.0,0,0,0,无明显情感,未明确对象,未明确方面,中性,False,
生活区,BV1X75X6rEui,我的考试成绩妙不妙,中性,中性,0.6283714210182709,0.17909840032113528,0.6283714210182709,0.1925301786605938,0.0,0.0,0,0,0,无明显情感,未明确对象,未明确方面,中性,False,
生活区,BV1X75X6rEui,这就预制菜原理就是加热一下就能吃,中性,中性,0.6386609298418158,0.11854869983545104,0.6386609298418158,0.2427903703227332,0.0,0.0,0,0,0,无明显情感,未明确对象,未明确方面,中性,False,
生活区,BV1X75X6rEui,多少？我这同款才30,中性,中性,0.645549594963381,0.11781441660735502,0.645549594963381,0.2366359884292639,0.0,0.0,0,0,0,无明显情感,未明确对象,未明确方面,中性,False,
生活区,BV1X75X6rEui,我六级妙不妙,中性,中性,0.6480754102684677,0.19674067361526998,0.6480754102684677,0.1551839161162622,0.0,0.0,0,0,0,无明显情感,未明确对象,未明确方面,中性,False,
生活区,BV1X75X6rEui,我今年的股市妙不妙,中性,中性,0.5068707040422253,0.24377610101307737,0.5068707040422253,0.2493531949446972,0.0,0.0,0,0,0,无明显情感,未明确对象,未明确方面,中性,False,
生活区,BV1X75X6rEui,所以别人讨论你又要怎样？,中性,中性,0.8709035430072953,0.05093599512836171,0.8709035430072953,0.07816046186434288,0.0,0.0,0,0,0,无明显情感,未明确对象,未明确方面,中性,False,
生活区,BV1X75X6rEui,没活硬整,中性,中性,0.6451858296357182,0.19827229583734654,0.6451858296357182,0.15654187452693533,0.0,0.0,0,0,0,无明显情感,未明确对象,未明确方面,中性,False,
生活区,BV1X75X6rEui,这是野生的星斑鱼吗？这么贵,中性,中性,0.6805270645035191,0.12031493055785633,0.6805270645035191,0.1991580049386246,0.0,0.0,0,0,0,无明显情感,未明确对象,未明确方面,中性,False,
生活区,BV1X75X6rEui,尿酸警告,中性,中性,0.6451858296357182,0.19827229583734654,0.6451858296357182,0.15654187452693533,0.0,0.0,0,0,0,无明显情感,未明确对象,未明确方面,中性,False,
生活区,BV1X75X6rEui,我创业妙不妙,中性,中性,0.6480754102684677,0.19674067361526998,0.6480754102684677,0.1551839161162622,0.0,0.0,0,0,0,无明显情感,未明确对象,未明确方面,中性,False,
生活区,BV1X75X6rEui,我的一辩妙不妙,中性,中性,0.5856580952697235,0.2616388972357144,0.5856580952697235,0.1527030074945622,0.0,0.0,0,0,0,无明显情感,未明确对象,未明确方面,中性,False,
生活区,BV1X75X6rEui,所以为什么不先加水再放包,中性,中性,0.9399523192220409,0.010317417237976698,0.9399523192220409,0.04973026353998248,0.0,0.0,0,0,0,无明显情感,未明确对象,未明确方面,中性,False,
生活区,BV1X75X6rEui,煎牛排不用芦笋吗,中性,中性,0.78573073449936,0.08526401943959738,0.78573073449936,0.12900524606104247,0.0,0.0,0,0,0,无明显情感,未明确对象,未明确方面,中性,False,
生活区,BV1X75X6rEui,不计成本吃预制菜吗那很有生活了,中性,中性,0.558837166595336,0.10717861171066839,0.558837166595336,0.33398422169399555,0.0,0.0,0,0,0,无明显情感,未明确对象,未明确方面,中性,False,
生活区,BV1X75X6rEui,椰子水我只喝椰树牌  那个才是真的 其他说是100%我都觉得是100%品牌名,中性,中性,0.5375591165833274,0.17795336443667842,0.5375591165833274,0.2844875189799941,0.0,0.0,0,0,0,无明显情感,未明确对象,未明确方面,中性,False,
生活区,BV1X75X6rEui,不就是混蛋了吗,中性,中性,0.9024427154623142,0.053312272068163996,0.9024427154623142,0.04424501246952176,0.0,0.0,0,0,0,无明显情感,未明确对象,未明确方面,中性,False,
生活区,BV1X75X6rEui,给我点！！！！！！,中性,中性,0.3828296986218849,0.27016534966429856,0.3828296986218849,0.34700495171381673,0.0,0.0,0,0,0,无明显情感,未明确对象,未明确方面,中性,False,
生活区,BV1X75X6rEui,鸡蛋能有什么配方？？混血母鸡吗？,中性,中性,0.6051624498456851,0.05597109977168224,0.6051624498456851,0.3388664503826326,0.0,0.0,0,0,0,无明显情感,未明确对象,未明确方面,中性,False,
生活区,BV1X75X6rEui,不爱吃海鲜,中性,中性,0.6451858296357182,0.19827229583734654,0.6451858296357182,0.15654187452693533,0.0,0.0,0,0,0,无明显情感,未明确对象,未明确方面,中性,False,
生活区,BV1X75X6rEui,2026 我的高考成妙不妙？！,中性,中性,0.45308663713653874,0.44869143115338805,0.45308663713653874,0.09822193171007312,0.0,0.0,0,0,0,无明显情感,未明确对象,未明确方面,中性,False,
生活区,BV1X75X6rEui,我中考妙不妙？,中性,中性,0.5802529909945472,0.1157103136998059,0.5802529909945472,0.304036695305647,0.0,0.0,0,0,0,无明显情感,未明确对象,未明确方面,中性,False,
生活区,BV1X75X6rEui,c,中性,中性,0.8094026726567468,0.11209997420329104,0.8094026726567468,0.078497353139962,0.0,0.0,0,0,0,无明显情感,未明确对象,未明确方面,中性,False,
生活区,BV1X75X6rEui,看见腋毛了,中性,中性,0.6572458603865653,0.18173027914897813,0.6572458603865653,0.16102386046445652,0.0,0.0,0,0,0,无明显情感,未明确对象,未明确方面,中性,False,
生活区,BV1X75X6rEui,这是在深圳的深业上城吗？,中性,中性,0.7179311884495385,0.04354178541033271,0.7179311884495385,0.23852702614012872,0.0,0.0,0,0,0,无明显情感,未明确对象,未明确方面,中性,False,
生活区,BV1X75X6rEui,我四级妙不妙,中性,中性,0.6480754102684677,0.19674067361526998,0.6480754102684677,0.1551839161162622,0.0,0.0,0,0,0,无明显情感,未明确对象,未明确方面,中性,False,
生活区,BV1X75X6rEui,难吃~,中性,中性,0.6550661232038483,0.19469238640714742,0.6550661232038483,0.15024149038900445,0.0,0.0,0,0,0,无明显情感,未明确对象,理解与难度,中性,False,
生活区,BV1X75X6rEui,我的工作生活妙不妙,中性,中性,0.5982581747518119,0.17200467631944863,0.5982581747518119,0.22973714892873942,0.0,0.0,0,0,0,无明显情感,未明确对象,未明确方面,中性,False,
生活区,BV1X75X6rEui,吕布蛋,中性,中性,0.7900000249068441,0.1083883089694419,0.7900000249068441,0.10161166612371407,0.0,0.0,0,0,0,无明显情感,未明确对象,未明确方面,中性,False,
生活区,BV1X75X6rEui,东星斑？,中性,中性,0.5817078068885575,0.10341234716617392,0.5817078068885575,0.3148798459452686,0.0,0.0,0,0,0,无明显情感,未明确对象,未明确方面,中性,False,
生活区,BV1X75X6rEui,太硬了,中性,中性,0.6671087239564956,0.17839499560980993,0.6671087239564956,0.15449628043369448,0.0,0.0,0,0,0,无明显情感,未明确对象,未明确方面,中性,False,
生活区,BV1X75X6rEui,？？？,中性,中性,0.44396270461623466,0.12776679927049103,0.44396270461623466,0.42827049611327445,0.0,0.0,0,0,0,无明显情感,未明确对象,未明确方面,中性,False,
生活区,BV1X75X6rEui,一个面坨坨也能是酥肉吗,中性,中性,0.786124968083274,0.07619739037401486,0.786124968083274,0.1376776415427111,0.0,0.0,0,0,0,无明显情感,未明确对象,未明确方面,中性,False,
生活区,BV1X75X6rEui,这东西真不好吃吧,中性,中性,0.3881696210597912,0.27329151144901037,0.3881696210597912,0.3385388674911984,0.0,0.0,0,0,0,无明显情感,未明确对象,未明确方面,中性,False,
生活区,BV1X75X6rEui,中考分数妙不妙？,中性,中性,0.5568389815514861,0.1058336825202255,0.5568389815514861,0.3373273359282884,0.0,0.0,0,0,0,无明显情感,未明确对象,未明确方面,中性,False,
生活区,BV1X75X6rEui,去店里下现场吃都别买自热的,中性,中性,0.7069853313351546,0.12265832819365162,0.7069853313351546,0.17035634047119388,0.0,0.0,0,0,0,无明显情感,未明确对象,未明确方面,中性,False,
生活区,BV1X75X6rEui,我只知道芦笋,中性,中性,0.47619678342556393,0.28573199554025347,0.47619678342556393,0.23807122103418243,0.0,0.0,0,0,0,无明显情感,未明确对象,未明确方面,中性,False,
生活区,BV1X75X6rEui,我姐高考妙不妙,中性,中性,0.5974447418974003,0.3486431201115249,0.5974447418974003,0.05391213799107485,0.0,0.0,0,0,0,无明显情感,未明确对象,未明确方面,中性,False,
生活区,BV1X75X6rEui,我姐高考,中性,中性,0.6148318845928744,0.3355930541889633,0.6148318845928744,0.0495750612181622,0.0,0.0,0,0,0,无明显情感,未明确对象,未明确方面,中性,False,
生活区,BV1X75X6rEui,所以这是海底捞商单吗？图穷匕见,中性,中性,0.9326255794159567,0.02890366063275471,0.9326255794159567,0.038470759951288534,0.0,0.0,0,0,0,无明显情感,未明确对象,未明确方面,中性,False,
生活区,BV1X75X6rEui,man！,中性,中性,0.5648563939338161,0.4087208316944674,0.5648563939338161,0.026422774371716445,0.0,0.0,0,0,0,无明显情感,未明确对象,未明确方面,中性,False,
生活区,BV1X75X6rEui,我2026每天能挣到一千多块钱,中性,中性,0.4098412145613372,0.39484069761649293,0.4098412145613372,0.19531808782216994,0.0,0.0,0,0,0,无明显情感,未明确对象,未明确方面,中性,False,
生活区,BV1X75X6rEui,sis,中性,中性,0.5886745329899602,0.2011096573978349,0.5886745329899602,0.21021580961220485,0.0,0.0,0,0,0,无明显情感,未明确对象,未明确方面,中性,False,
生活区,BV1X75X6rEui,谁早餐吃牛排？？,中性,中性,0.5009175081399775,0.08740799826461232,0.5009175081399775,0.41167449359541014,0.0,0.0,0,0,0,无明显情感,未明确对象,未明确方面,中性,False,
生活区,BV1X75X6rEui,我月考成绩妙不妙？,中性,中性,0.5451083228550474,0.1516425612116526,0.5451083228550474,0.30324911593330006,0.0,0.0,0,0,0,无明显情感,未明确对象,未明确方面,中性,False,
生活区,BV1X75X6rEui,$1988,中性,中性,0.8062625445885513,0.12070965558306128,0.8062625445885513,0.07302779982838749,0.0,0.0,0,0,0,无明显情感,未明确对象,未明确方面,中性,False,
生活区,BV1X75X6rEui,69炫自助炫饱了,中性,中性,0.7359605417546414,0.12117436513940832,0.7359605417546414,0.14286509310595014,0.0,0.0,0,0,0,无明显情感,未明确对象,未明确方面,中性,False,
生活区,BV1X75X6rEui,可以下次不点了,中性,中性,0.5814678488922214,0.2748411557080456,0.5814678488922214,0.1436909953997331,1.0,1.0,1,0,0,对象评价,未明确对象,未明确方面,正面,False,
生活区,BV1X75X6rEui,芦蒿炒臭干，超级好吃,中性,中性,0.6857480655776808,0.10382364497334516,0.6857480655776808,0.2104282894489742,0.0,0.0,0,0,0,无明显情感,未明确对象,未明确方面,中性,False,
生活区,BV1X75X6rEui,我一发天赏祥瑞妙不妙,中性,中性,0.3811633929244822,0.3586183158010328,0.3811633929244822,0.2602182912744849,0.0,0.0,0,0,0,无明显情感,未明确对象,未明确方面,中性,False,
生活区,BV1X75X6rEui,全是广告,中性,中性,0.6451858296357182,0.19827229583734654,0.6451858296357182,0.15654187452693533,0.0,0.0,0,0,0,无明显情感,未明确对象,未明确方面,中性,False,
生活区,BV1X75X6rEui,1111111111111111111111111111111111111111111111,中性,中性,0.7920557691654205,0.1357187663295073,0.7920557691654205,0.07222546450507222,0.0,0.0,0,0,0,无明显情感,未明确对象,未明确方面,中性,False,
生活区,BV1X75X6rEui,我初会四级妙不妙,中性,中性,0.6380769977029248,0.20028807223682912,0.6380769977029248,0.16163493006024604,0.0,0.0,0,0,0,无明显情感,未明确对象,未明确方面,中性,False,
生活区,BV1X75X6rEui,广告,中性,中性,0.6550661232038483,0.19469238640714742,0.6550661232038483,0.15024149038900445,0.0,0.0,0,0,0,无明显情感,未明确对象,未明确方面,中性,False,
生活区,BV1X75X6rEui,一顿两天白干,中性,中性,0.6351502869512382,0.20182134718609102,0.6351502869512382,0.16302836586267086,0.0,0.0,0,0,0,无明显情感,未明确对象,未明确方面,中性,False,
生活区,BV1X75X6rEui,去水果店买两个椰子更好,中性,中性,0.4616906885922472,0.43635897295430903,0.4616906885922472,0.10195033845344385,0.0,0.0,0,0,0,无明显情感,未明确对象,未明确方面,中性,False,
生活区,BV1X75X6rEui,6月财运妙不妙？,中性,中性,0.4760792599552956,0.19138464477876935,0.4760792599552956,0.3325360952659351,0.0,0.0,0,0,0,无明显情感,未明确对象,未明确方面,中性,False,
生活区,BV1X75X6rEui,最后一餐真是不想养了,中性,中性,0.7340884642712896,0.06934375544993258,0.7340884642712896,0.19656778027877783,0.0,0.0,0,0,0,无明显情感,未明确对象,未明确方面,中性,False,
生活区,BV1X75X6rEui,要素察觉,中性,中性,0.6451858296357182,0.19827229583734654,0.6451858296357182,0.15654187452693533,0.0,0.0,0,0,0,无明显情感,未明确对象,未明确方面,中性,False,
生活区,BV1X75X6rEui,他给你们歪了,中性,中性,0.566362637303077,0.3011530471646953,0.566362637303077,0.1324843155322277,0.0,0.0,0,0,0,无明显情感,未明确对象,未明确方面,中性,False,
生活区,BV1X75X6rEui,妹妹高考妙不妙,中性,中性,0.5974447418974003,0.3486431201115249,0.5974447418974003,0.05391213799107485,0.0,0.0,0,0,0,无明显情感,未明确对象,未明确方面,中性,False,
生活区,BV1X75X6rEui,你是一点苦也不吃呀,中性,中性,0.8063781676397932,0.040723611866384214,0.8063781676397932,0.15289822049382248,0.0,0.0,0,0,0,无明显情感,未明确对象,未明确方面,中性,False,
生活区,BV1X75X6rEui,很节俭了,中性,中性,0.49906988285893017,0.2500884387216709,0.49906988285893017,0.250841678419399,0.0,0.0,0,0,0,无明显情感,未明确对象,未明确方面,中性,False,
生活区,BV1X75X6rEui,这玩意没蒜薹炒的好吃，买一送十哦，亲＾3＾,中性,中性,0.4113074774111626,0.27885271308761383,0.4113074774111626,0.30983980950122364,0.0,0.0,0,0,0,无明显情感,未明确对象,未明确方面,中性,False,
生活区,BV1X75X6rEui,我接下来上班妙不妙,中性,中性,0.7889921376490684,0.12946702746461736,0.7889921376490684,0.08154083488631442,0.0,0.0,0,0,0,无明显情感,未明确对象,未明确方面,中性,False,
生活区,BV1X75X6rEui,太老了,中性,中性,0.6671087239564956,0.17839499560980993,0.6671087239564956,0.15449628043369448,0.0,0.0,0,0,0,无明显情感,未明确对象,未明确方面,中性,False,
生活区,BV1X75X6rEui,我们武汉叫黎蒿,中性,中性,0.5445738228771435,0.3504040384677288,0.5445738228771435,0.10502213865512777,0.0,0.0,0,0,0,无明显情感,未明确对象,未明确方面,中性,False,
生活区,BV1X75X6rEui,早餐吃出了高雅的气息,中性,中性,0.8332722677518758,0.023073122210574754,0.8332722677518758,0.1436546100375496,0.0,0.0,0,0,0,无明显情感,未明确对象,未明确方面,中性,False,
生活区,BV1X75X6rEui,藜蒿吧,中性,中性,0.7632578434870242,0.09310841415759288,0.7632578434870242,0.14363374235538304,0.0,0.0,0,0,0,无明显情感,未明确对象,未明确方面,中性,False,
生活区,BV1X75X6rEui,甜的辣椒,中性,中性,0.6615010672450808,0.20782374569219453,0.6615010672450808,0.13067518706272463,0.0,0.0,0,0,0,无明显情感,未明确对象,未明确方面,中性,False,
生活区,BV1X75X6rEui,这次二建市政考试妙不妙,中性,中性,0.5693281446093345,0.05364434655459775,0.5693281446093345,0.3770275088360678,0.0,0.0,0,0,0,无明显情感,未明确对象,未明确方面,中性,False,
生活区,BV1X75X6rEui,我中考妙不妙,中性,中性,0.6480754102684677,0.19674067361526998,0.6480754102684677,0.1551839161162622,0.0,0.0,0,0,0,无明显情感,未明确对象,未明确方面,中性,False,
生活区,BV1X75X6rEui,我农历下半年的几场重要的考试妙不妙,中性,中性,0.5824265653265981,0.0925871021340276,0.5824265653265981,0.3249863325393743,0.0,0.0,0,0,0,无明显情感,未明确对象,未明确方面,中性,False,
生活区,BV1X75X6rEui,我找工作妙不妙,中性,中性,0.5624342929865692,0.06713525000484079,0.5624342929865692,0.37043045700859,0.0,0.0,0,0,0,无明显情感,未明确对象,未明确方面,中性,False,
生活区,BV1X75X6rEui,我找实习妙不妙,中性,中性,0.5870445008904557,0.18172791073192618,0.5870445008904557,0.2312275883776181,0.0,0.0,0,0,0,无明显情感,未明确对象,未明确方面,中性,False,
生活区,BV1X75X6rEui,我的考试结果妙不妙,中性,中性,0.7045960691266271,0.1201728388562491,0.7045960691266271,0.17523109201712378,0.0,0.0,0,0,0,无明显情感,未明确对象,未明确方面,中性,False,
生活区,BV1X75X6rEui,你尿酸高不高,中性,中性,0.7536024402221021,0.09696483804468357,0.7536024402221021,0.14943272173321429,0.0,0.0,0,0,0,无明显情感,未明确对象,未明确方面,中性,False,
生活区,BV1X75X6rEui,我5月月考成绩妙不妙？,中性,中性,0.700452872109242,0.09085644595637409,0.700452872109242,0.20869068193438398,0.0,0.0,0,0,0,无明显情感,未明确对象,未明确方面,中性,False,
生活区,BV1X75X6rEui,不如我30块钱的麻辣烫,中性,中性,0.7577655557364344,0.13818641790716518,0.7577655557364344,0.10404802635640037,0.0,0.0,0,0,0,无明显情感,未明确对象,未明确方面,中性,False,
生活区,BV1X75X6rEui,下面也加了水吗？真bu ji cheng ben,中性,中性,0.4327340320899748,0.17220208051951455,0.4327340320899748,0.39506388739051057,0.0,0.0,0,0,0,无明显情感,未明确对象,未明确方面,中性,False,
生活区,BV1X75X6rEui,弹幕不要看啥都是广告。。。,中性,负面,0.5385276267859509,0.1051710471621661,0.35630132605188297,0.5385276267859509,0.0,0.0,0,0,0,无明显情感,未明确对象,未明确方面,中性,False,
生活区,BV1X75X6rEui,明明是藜蒿,中性,中性,0.643694832207239,0.1146166270344661,0.643694832207239,0.2416885407582949,0.0,0.0,0,0,0,无明显情感,未明确对象,未明确方面,中性,False,
生活区,BV1X75X6rEui,这两个人都吃不饱吧,中性,中性,0.8185208881191314,0.12022099642764932,0.8185208881191314,0.06125811545321939,0.0,0.0,0,0,0,无明显情感,未明确对象,未明确方面,中性,False,
生活区,BV1X75X6rEui,批判性的吃,中性,中性,0.6790357280571254,0.16193447880146283,0.6790357280571254,0.15902979314141166,0.0,0.0,0,0,0,无明显情感,未明确对象,未明确方面,中性,False,
生活区,BV1X75X6rEui,我腾讯offer妙不妙？,中性,中性,0.5680216658144621,0.11712051448142625,0.5680216658144621,0.3148578197041116,0.0,0.0,0,0,0,无明显情感,未明确对象,未明确方面,中性,False,
生活区,BV1X75X6rEui,别说了,中性,中性,0.6671087239564956,0.17839499560980993,0.6671087239564956,0.15449628043369448,0.0,0.0,0,0,0,无明显情感,未明确对象,未明确方面,中性,False,
生活区,BV1X75X6rEui,？？,中性,中性,0.5443426329541081,0.14775980943625203,0.5443426329541081,0.3078975576096399,0.0,0.0,0,0,0,无明显情感,未明确对象,未明确方面,中性,False,
生活区,BV1X75X6rEui,欢迎来到化学世界,中性,中性,0.6249656085127029,0.2053336410667925,0.6249656085127029,0.1697007504205047,0.0,0.0,0,0,0,无明显情感,未明确对象,未明确方面,中性,False,
生活区,BV1X75X6rEui,我下一份工作妙不妙啊？,中性,中性,0.5443026966448143,0.1000190513101598,0.5443026966448143,0.35567825204502596,0.0,0.0,0,0,0,无明显情感,未明确对象,未明确方面,中性,False,
生活区,BV1X75X6rEui,我留在泉州五中桥南校区教书工作妙不妙,中性,中性,0.5576580543536993,0.07078030583155008,0.5576580543536993,0.37156163981475065,0.0,0.0,0,0,0,无明显情感,未明确对象,未明确方面,中性,False,
生活区,BV1X75X6rEui,3,中性,中性,0.5158376505535075,0.2442871764643489,0.5158376505535075,0.23987517298214361,0.0,0.0,0,0,0,无明显情感,未明确对象,未明确方面,中性,False,
生活区,BV1X75X6rEui,三菜一汤都没有，还什么不计成本。,中性,中性,0.5100139621145937,0.09897520783709914,0.5100139621145937,0.39101083004830717,0.0,0.0,0,0,0,无明显情感,未明确对象,未明确方面,中性,False,
生活区,BV1X75X6rEui,用筷子吃牛排那很时尚了,中性,中性,0.668061444804499,0.1298387757109842,0.668061444804499,0.2020997794845168,0.0,0.0,0,0,0,无明显情感,未明确对象,未明确方面,中性,False,
生活区,BV1X75X6rEui,.....这芦蒿也太粗了,中性,中性,0.6497994309816789,0.16707578004830878,0.6497994309816789,0.1831247889700123,0.0,0.0,0,0,0,无明显情感,未明确对象,未明确方面,中性,False,
生活区,BV1X75X6rEui,我今年财运妙不妙,中性,中性,0.6380769977029248,0.20028807223682912,0.6380769977029248,0.16163493006024604,0.0,0.0,0,0,0,无明显情感,未明确对象,未明确方面,中性,False,
生活区,BV1X75X6rEui,感觉黑的像脏东西,中性,中性,0.38225660222618435,0.37536949982319984,0.38225660222618435,0.24237389795061579,0.0,0.0,0,0,0,无明显情感,未明确对象,未明确方面,中性,False,
生活区,BV1X75X6rEui,这牛排 1.5cm都不到 太捞了,中性,中性,0.6544414167107854,0.22440162526542612,0.6544414167107854,0.12115695802378854,0.0,0.0,0,0,0,无明显情感,未明确对象,未明确方面,中性,False,
生活区,BV1X75X6rEui,？？这M6？有点唠说实话,中性,中性,0.5618761676423056,0.0946005750727888,0.5618761676423056,0.34352325728490574,0.0,0.0,0,0,0,无明显情感,未明确对象,未明确方面,中性,False,
生活区,BV1X75X6rEui,一人份,中性,中性,0.6550661232038483,0.19469238640714742,0.6550661232038483,0.15024149038900445,0.0,0.0,0,0,0,无明显情感,未明确对象,未明确方面,中性,False,
生活区,BV1X75X6rEui,我竞赛妙不妙,中性,中性,0.6480754102684677,0.19674067361526998,0.6480754102684677,0.1551839161162622,0.0,0.0,0,0,0,无明显情感,未明确对象,未明确方面,中性,False,
生活区,BV1X75X6rEui,就这,中性,中性,0.594943902298946,0.2652743330592031,0.594943902298946,0.13978176464185088,0.0,0.0,0,0,0,无明显情感,未明确对象,未明确方面,中性,False,
生活区,BV1X75X6rEui,以你的实力这个日常都看不上吧,中性,中性,0.5584838230448886,0.17172397440587678,0.5584838230448886,0.2697922025492346,0.0,0.0,0,0,0,无明显情感,未明确对象,未明确方面,中性,False,
生活区,BV1X75X6rEui,这70块我不如吃只烧鸡,中性,负面,0.3464776412858682,0.333090889047934,0.32043146966619784,0.3464776412858682,0.0,0.0,0,0,0,无明显情感,未明确对象,未明确方面,中性,False,
生活区,BV1X75X6rEui,我崩铁抽卡妙不妙,中性,中性,0.5893760922509275,0.25424211635805716,0.5893760922509275,0.15638179139101552,0.0,0.0,0,0,0,无明显情感,未明确对象,未明确方面,中性,False,
生活区,BV1X75X6rEui,小卢！,中性,中性,0.5648563939338161,0.4087208316944674,0.5648563939338161,0.026422774371716445,0.0,0.0,0,0,0,无明显情感,未明确对象,未明确方面,中性,False,
生活区,BV1X75X6rEui,我的科目三考试妙不妙,中性,中性,0.6490047910585566,0.09850194312632568,0.6490047910585566,0.2524932658151177,0.0,0.0,0,0,0,无明显情感,未明确对象,未明确方面,中性,False,
生活区,BV1X75X6rEui,芦蒿这么多人没吃过么，南京这边吃的挺多的,中性,中性,0.4390824943816053,0.42090801060127764,0.4390824943816053,0.1400094950171171,0.0,0.0,0,0,0,无明显情感,未明确对象,未明确方面,中性,False,
生活区,BV1X75X6rEui,《五蚂蚁》,中性,中性,0.6451858296357182,0.19827229583734654,0.6451858296357182,0.15654187452693533,0.0,0.0,0,0,0,无明显情感,未明确对象,未明确方面,中性,False,
生活区,BV1X75X6rEui,《不劳而获》,中性,中性,0.6550661232038483,0.19469238640714742,0.6550661232038483,0.15024149038900445,0.0,0.0,0,0,0,无明显情感,未明确对象,未明确方面,中性,False,
生活区,BV1X75X6rEui,藜蒿,中性,中性,0.6451858296357182,0.19827229583734654,0.6451858296357182,0.15654187452693533,0.0,0.0,0,0,0,无明显情感,未明确对象,未明确方面,中性,False,
生活区,BV1X75X6rEui,我的高考妙不妙,中性,中性,0.6495312874091485,0.2982094900481072,0.6495312874091485,0.05225922254274436,0.0,0.0,0,0,0,无明显情感,未明确对象,未明确方面,中性,False,
生活区,BV1X75X6rEui,70块四个人吃猪脚饭不香吗,中性,中性,0.7632586465099914,0.12093978016675523,0.7632586465099914,0.11580157332325348,0.0,0.0,0,0,0,无明显情感,未明确对象,未明确方面,中性,False,
生活区,BV1X75X6rEui,我论文妙不妙,中性,中性,0.6480754102684677,0.19674067361526998,0.6480754102684677,0.1551839161162622,0.0,0.0,0,0,0,无明显情感,未明确对象,未明确方面,中性,False,
生活区,BV1X75X6rEui,我六级成绩妙不妙,中性,中性,0.5569624687690791,0.27136933634613897,0.5569624687690791,0.17166819488478197,0.0,0.0,0,0,0,无明显情感,未明确对象,未明确方面,中性,False,
生活区,BV1X75X6rEui,我过英语四级妙不妙,中性,中性,0.6146384458709807,0.20880317514749888,0.6146384458709807,0.17655837898152044,0.0,0.0,0,0,0,无明显情感,未明确对象,未明确方面,中性,False,
生活区,BV1X75X6rEui,我们这边东星斑一条一百多,中性,中性,0.51556461259305,0.3667208505789625,0.51556461259305,0.11771453682798745,0.0,0.0,0,0,0,无明显情感,未明确对象,未明确方面,中性,False,
生活区,BV1X75X6rEui,花这么多还得自己做,中性,中性,0.5664133078547269,0.3525228652978176,0.5664133078547269,0.08106382684745549,0.0,0.0,0,0,0,无明显情感,未明确对象,未明确方面,中性,False,
生活区,BV1X75X6rEui,吃轮胎吗？,中性,中性,0.8116195274011966,0.06851927592663465,0.8116195274011966,0.1198611966721687,0.0,0.0,0,0,0,无明显情感,未明确对象,未明确方面,中性,False,
生活区,BV1X75X6rEui,我的期末考试妙不妙,中性,中性,0.6200925198038203,0.19976957043560273,0.6200925198038203,0.18013790976057692,0.0,0.0,0,0,0,无明显情感,未明确对象,未明确方面,中性,False,
生活区,BV1X75X6rEui,小碴子？,中性,中性,0.593961207974188,0.10212032725494487,0.593961207974188,0.30391846477086704,0.0,0.0,0,0,0,无明显情感,未明确对象,未明确方面,中性,False,
生活区,BV1X75X6rEui,@苏芒：650都没到这也叫不计成本 650都不够我塞牙缝呢,中性,中性,0.4937917705258163,0.10968872834905083,0.4937917705258163,0.3965195011251329,0.0,0.0,0,0,0,无明显情感,未明确对象,未明确方面,中性,False,
生活区,BV1X75X6rEui,O～～k,中性,中性,0.6550661232038483,0.19469238640714742,0.6550661232038483,0.15024149038900445,0.0,0.0,0,0,0,无明显情感,未明确对象,未明确方面,中性,False,
生活区,BV1X75X6rEui,混蛋？,中性,中性,0.593961207974188,0.10212032725494487,0.593961207974188,0.30391846477086704,0.0,0.0,0,0,0,无明显情感,未明确对象,未明确方面,中性,False,
生活区,BV1X75X6rEui,虚晃一枪,中性,中性,0.6550661232038483,0.19469238640714742,0.6550661232038483,0.15024149038900445,0.0,0.0,0,0,0,无明显情感,未明确对象,未明确方面,中性,False,
生活区,BV1X75X6rEui,xxxxxxxx,中性,中性,0.6550661232038483,0.19469238640714742,0.6550661232038483,0.15024149038900445,0.0,0.0,0,0,0,无明显情感,未明确对象,未明确方面,中性,False,
生活区,BV1X75X6rEui,xxxx,中性,中性,0.6550661232038483,0.19469238640714742,0.6550661232038483,0.15024149038900445,0.0,0.0,0,0,0,无明显情感,未明确对象,未明确方面,中性,False,
生活区,BV1X75X6rEui,不如去吃鸡蛋饼  这都啥,中性,中性,0.4233805340331483,0.20571163999280215,0.4233805340331483,0.3709078259740496,0.0,0.0,0,0,0,无明显情感,未明确对象,未明确方面,中性,False,
生活区,BV1X75X6rEui,什么猴子在叫,中性,中性,0.8896791688804978,0.03467106362677181,0.8896791688804978,0.07564976749273031,0.0,0.0,0,0,0,无明显情感,未明确对象,未明确方面,中性,False,
生活区,BV1X75X6rEui,夺少？,中性,中性,0.593961207974188,0.10212032725494487,0.593961207974188,0.30391846477086704,0.0,0.0,0,0,0,无明显情感,未明确对象,未明确方面,中性,False,
生活区,BV1X75X6rEui,香港的价格,中性,中性,0.6615010672450808,0.20782374569219453,0.6615010672450808,0.13067518706272463,0.0,0.0,0,0,0,无明显情感,未明确对象,未明确方面,中性,False,
生活区,BV1X75X6rEui,额,中性,中性,0.6466683724989586,0.20146650016523873,0.6466683724989586,0.15186512733580268,0.0,0.0,0,0,0,无明显情感,未明确对象,未明确方面,中性,False,
生活区,BV1X75X6rEui,这就是不计成本吗，100多你去餐馆吃一顿都比这多,中性,中性,0.7893674015530506,0.10862545002251657,0.7893674015530506,0.10200714842443269,0.0,0.0,0,0,0,无明显情感,未明确对象,未明确方面,中性,False,
生活区,BV1X75X6rEui,我接下来的事业！,中性,中性,0.8815532746615462,0.10628045990876447,0.8815532746615462,0.01216626542968928,0.0,0.0,0,0,0,无明显情感,未明确对象,未明确方面,中性,False,
生活区,BV1X75X6rEui,我跟我暗恋对象表白妙不妙,中性,中性,0.68575584525542,0.19455607605800962,0.68575584525542,0.11968807868657041,0.0,0.0,0,0,0,无明显情感,未明确对象,未明确方面,中性,False,
生活区,BV1X75X6rEui,拉爆了,中性,中性,0.6671087239564956,0.17839499560980993,0.6671087239564956,0.15449628043369448,0.0,0.0,0,0,0,无明显情感,未明确对象,未明确方面,中性,False,
生活区,BV1X75X6rEui,我的实验妙不妙,中性,中性,0.5476914858598696,0.3211753480291552,0.5476914858598696,0.1311331661109751,0.0,0.0,0,0,0,无明显情感,未明确对象,未明确方面,中性,False,
生活区,BV1X75X6rEui,四个人？  看起来就一个人,中性,中性,0.7136324410696344,0.1157688612822081,0.7136324410696344,0.17059869764815735,0.0,0.0,0,0,0,无明显情感,未明确对象,未明确方面,中性,False,
生活区,BV1X75X6rEui,彩椒不处理一下啊,中性,中性,0.47640500743219716,0.0476587301275724,0.47640500743219716,0.47593626244023035,0.0,0.0,0,0,0,无明显情感,未明确对象,未明确方面,中性,False,
生活区,BV1X75X6rEui,我高考510妙不妙,中性,中性,0.7976111363164564,0.14933919911526017,0.7976111363164564,0.05304966456828343,0.0,0.0,0,0,0,无明显情感,未明确对象,未明确方面,中性,False,
生活区,BV1X75X6rEui,我考试妙不妙,中性,中性,0.6219293415521241,0.05494187614175688,0.6219293415521241,0.323128782306119,0.0,0.0,0,0,0,无明显情感,未明确对象,未明确方面,中性,False,
生活区,BV1X75X6rEui,简称浑蛋,中性,中性,0.6451858296357182,0.19827229583734654,0.6451858296357182,0.15654187452693533,0.0,0.0,0,0,0,无明显情感,未明确对象,未明确方面,中性,False,
生活区,BV1X75X6rEui,高端食材,中性,中性,0.6451858296357182,0.19827229583734654,0.6451858296357182,0.15654187452693533,0.0,0.0,0,0,0,无明显情感,未明确对象,未明确方面,中性,False,
生活区,BV1X75X6rEui,一百多吃这？,中性,中性,0.5954152532119708,0.131869697298196,0.5954152532119708,0.27271504948983327,0.0,0.0,0,0,0,无明显情感,未明确对象,未明确方面,中性,False,
生活区,BV1X75X6rEui,这玩意怎么像蒜苔,中性,中性,0.6554912260047008,0.12791390549301768,0.6554912260047008,0.21659486850228155,0.0,0.0,0,0,0,无明显情感,未明确对象,未明确方面,中性,False,
生活区,BV1X75X6rEui,我的面试结果妙不妙？,中性,中性,0.6038241667140144,0.22894516460255956,0.6038241667140144,0.167230668683426,0.0,0.0,0,0,0,无明显情感,未明确对象,未明确方面,中性,False,
生活区,BV1X75X6rEui,我一开始还以为这个自热锅是广子……,中性,中性,0.7326033743445656,0.10728346985746887,0.7326033743445656,0.16011315579796565,0.0,0.0,0,0,0,无明显情感,未明确对象,未明确方面,中性,False,
生活区,BV1X75X6rEui,那就是中国的,中性,中性,0.5621261644060044,0.29487228965576956,0.5621261644060044,0.14300154593822617,0.0,0.0,0,0,0,无明显情感,未明确对象,未明确方面,中性,False,
生活区,BV1X75X6rEui,小联合国鸡蛋,中性,中性,0.6881386720370367,0.22422859581554783,0.6881386720370367,0.08763273214741543,0.0,0.0,0,0,0,无明显情感,未明确对象,未明确方面,中性,False,
生活区,BV1X75X6rEui,说实话没啥好吃的 吃的就是名字和价格,中性,中性,0.6922954666501406,0.1179778377686849,0.6922954666501406,0.18972669558117444,0.0,0.0,0,0,0,无明显情感,未明确对象,未明确方面,中性,False,
生活区,BV1X75X6rEui,我的学业妙不妙,中性,中性,0.5476914858598696,0.3211753480291552,0.5476914858598696,0.1311331661109751,0.0,0.0,0,0,0,无明显情感,未明确对象,未明确方面,中性,False,
生活区,BV1X75X6rEui,辐射饲料,中性,中性,0.6451858296357182,0.19827229583734654,0.6451858296357182,0.15654187452693533,0.0,0.0,0,0,0,无明显情感,未明确对象,未明确方面,中性,False,
生活区,BV1X75X6rEui,真挑食啊，一点肥肉不吃,中性,中性,0.750231631749605,0.08604490986344024,0.750231631749605,0.16372345838695476,0.0,0.0,0,0,0,无明显情感,未明确对象,未明确方面,中性,False,
生活区,BV1X75X6rEui,挑食啊，一点肥的都不吃,中性,中性,0.8816662645365935,0.0366998445417576,0.8816662645365935,0.0816338909216489,0.0,0.0,0,0,0,无明显情感,未明确对象,未明确方面,中性,False,
生活区,BV1X75X6rEui,还不如武汉热干面,中性,中性,0.48524839026115535,0.2564788233314104,0.48524839026115535,0.2582727864074343,0.0,0.0,0,0,0,无明显情感,未明确对象,未明确方面,中性,False,
生活区,BV1X75X6rEui,我护士资格证妙不妙,中性,中性,0.6380769977029248,0.20028807223682912,0.6380769977029248,0.16163493006024604,0.0,0.0,0,0,0,无明显情感,未明确对象,未明确方面,中性,False,
生活区,BV1X75X6rEui,还有猫男,中性,中性,0.7116567114719673,0.13857909198959956,0.7116567114719673,0.14976419653843315,0.0,0.0,0,0,0,无明显情感,未明确对象,未明确方面,中性,False,
生活区,BV1X75X6rEui,筷子有点,中性,中性,0.9150534240369168,0.04844984359261301,0.9150534240369168,0.03649673237047007,0.0,0.0,0,0,0,无明显情感,未明确对象,未明确方面,中性,False,
生活区,BV1X75X6rEui,炒菜不用猪油不香,中性,中性,0.5352948639772362,0.2517873637314409,0.5352948639772362,0.2129177722913229,0.0,0.0,0,0,0,无明显情感,未明确对象,未明确方面,中性,False,
生活区,BV1X75X6rEui,我的执业医笔试考试米妙不妙,中性,中性,0.5856116152497644,0.12265399330808291,0.5856116152497644,0.29173439144215274,0.0,0.0,0,0,0,无明显情感,未明确对象,未明确方面,中性,False,
生活区,BV1X75X6rEui,我的执业医技能考试妙不妙,中性,中性,0.5412913797085387,0.1636701841072714,0.5412913797085387,0.29503843618418996,0.0,0.0,0,0,0,无明显情感,未明确对象,未明确方面,中性,False,
生活区,BV1X75X6rEui,我的实验妙不妙？,中性,中性,0.5213002061838384,0.22810102908923377,0.5213002061838384,0.25059876472692777,0.0,0.0,0,0,0,无明显情感,未明确对象,未明确方面,中性,False,
生活区,BV1X75X6rEui,我明天的国企内部遴选考试妙不妙,中性,中性,0.5674777447628389,0.1377273272244798,0.5674777447628389,0.29479492801268126,0.0,0.0,0,0,0,无明显情感,未明确对象,未明确方面,中性,False,
生活区,BV1X75X6rEui,我明天基金妙不妙,中性,中性,0.5186576846025589,0.3375447050310554,0.5186576846025589,0.14379761036638572,0.0,0.0,0,0,0,无明显情感,未明确对象,未明确方面,中性,False,
生活区,BV1X75X6rEui,1个半人吧,中性,中性,0.733230820658442,0.0491521376076851,0.733230820658442,0.21761704173387275,0.0,0.0,0,0,0,无明显情感,未明确对象,未明确方面,中性,False,
生活区,BV1X75X6rEui,我主治考试成绩妙不妙,中性,中性,0.6661713683978323,0.0988858207286571,0.6661713683978323,0.2349428108735105,0.0,0.0,0,0,0,无明显情感,未明确对象,未明确方面,中性,False,
生活区,BV1X75X6rEui,还椰子水呢,中性,中性,0.5397665776253525,0.11437018160302857,0.5397665776253525,0.3458632407716189,0.0,0.0,0,0,0,无明显情感,未明确对象,未明确方面,中性,False,
生活区,BV1X75X6rEui,超标凯,中性,中性,0.6451858296357182,0.19827229583734654,0.6451858296357182,0.15654187452693533,0.0,0.0,0,0,0,无明显情感,未明确对象,未明确方面,中性,False,
生活区,BV1X75X6rEui,好丑,中性,中性,0.6550661232038483,0.19469238640714742,0.6550661232038483,0.15024149038900445,0.0,0.0,0,0,0,无明显情感,未明确对象,未明确方面,中性,False,
生活区,BV1X75X6rEui,丑八怪,中性,中性,0.6550661232038483,0.19469238640714742,0.6550661232038483,0.15024149038900445,0.0,0.0,0,0,0,无明显情感,未明确对象,未明确方面,中性,False,
生活区,BV1X75X6rEui,筷子把价格拉低了,中性,中性,0.4419489357156833,0.3472155563727274,0.4419489357156833,0.21083550791158934,0.0,0.0,0,0,0,无明显情感,未明确对象,未明确方面,中性,False,
生活区,BV1X75X6rEui,质量真低,中性,中性,0.6451858296357182,0.19827229583734654,0.6451858296357182,0.15654187452693533,0.0,0.0,0,0,0,无明显情感,未明确对象,未明确方面,中性,False,
生活区,BV1X75X6rEui,我的基金妙不妙,中性,中性,0.5476914858598696,0.3211753480291552,0.5476914858598696,0.1311331661109751,0.0,0.0,0,0,0,无明显情感,未明确对象,未明确方面,中性,False,
生活区,BV1X75X6rEui,我对象教招考试妙不妙,中性,中性,0.5966933192702802,0.0563560295988121,0.5966933192702802,0.3469506511309077,0.0,0.0,0,0,0,无明显情感,未明确对象,未明确方面,中性,False,
生活区,BV1X75X6rEui,含泪赚你400,中性,中性,0.8706013171011027,0.07690370023748169,0.8706013171011027,0.05249498266141554,0.0,0.0,0,0,0,无明显情感,未明确对象,未明确方面,中性,False,
生活区,BV1X75X6rEui,我抽卡妙不妙,中性,中性,0.657916689205958,0.19316397177540717,0.657916689205958,0.14891933901863486,0.0,0.0,0,0,0,无明显情感,未明确对象,未明确方面,中性,False,
生活区,BV1X75X6rEui,0000,中性,中性,0.7032921905234294,0.20662881296008975,0.7032921905234294,0.09007899651648076,0.0,0.0,0,0,0,无明显情感,未明确对象,未明确方面,中性,False,
生活区,BV1X75X6rEui,0,中性,中性,0.8075435929321837,0.11668410676614521,0.8075435929321837,0.07577230030167093,0.0,0.0,0,0,0,无明显情感,未明确对象,未明确方面,中性,False,
生活区,BV1X75X6rEui,我的中考妙不妙,中性,中性,0.5476914858598696,0.3211753480291552,0.5476914858598696,0.1311331661109751,0.0,0.0,0,0,0,无明显情感,未明确对象,未明确方面,中性,False,
生活区,BV1X75X6rEui,喵~~~~~,中性,中性,0.4781967780288301,0.3684372795311412,0.4781967780288301,0.15336594244002874,0.0,0.0,0,0,0,无明显情感,未明确对象,未明确方面,中性,False,
生活区,BV1X75X6rEui,拉,中性,中性,0.6550661232038483,0.19469238640714742,0.6550661232038483,0.15024149038900445,0.0,0.0,0,0,0,无明显情感,未明确对象,未明确方面,中性,False,
生活区,BV1X75X6rEui,牛肉风味丸,中性,中性,0.6351502869512382,0.20182134718609102,0.6351502869512382,0.16302836586267086,0.0,0.0,0,0,0,无明显情感,未明确对象,未明确方面,中性,False,
生活区,BV1X75X6rEui,比清蒸鳜鱼好吃,中性,中性,0.5770749849540974,0.29818271776600835,0.5770749849540974,0.12474229727989417,0.0,0.0,0,0,0,无明显情感,未明确对象,未明确方面,中性,False,
生活区,BV1X75X6rEui,l老板含泪挣了399,中性,中性,0.9321890245791576,0.03981608632898853,0.9321890245791576,0.02799488909185378,0.0,0.0,0,0,0,无明显情感,未明确对象,未明确方面,中性,False,
生活区,BV1X75X6rEui,我的感情妙不妙,中性,中性,0.5476914858598696,0.3211753480291552,0.5476914858598696,0.1311331661109751,0.0,0.0,0,0,0,无明显情感,未明确对象,未明确方面,中性,False,
生活区,BV1X75X6rEui,我的家人身体妙不妙,中性,中性,0.6290483575173816,0.24037717364657246,0.6290483575173816,0.13057446883604587,0.0,0.0,0,0,0,无明显情感,未明确对象,未明确方面,中性,False,
生活区,BV1X75X6rEui,我这次回家妙不妙,中性,中性,0.6380769977029248,0.20028807223682912,0.6380769977029248,0.16163493006024604,0.0,0.0,0,0,0,无明显情感,未明确对象,未明确方面,中性,False,
生活区,BV1X75X6rEui,我的研究生生活妙不妙,中性,中性,0.5249187684721958,0.3424790033338569,0.5249187684721958,0.13260222819394735,0.0,0.0,0,0,0,无明显情感,未明确对象,未明确方面,中性,False,
生活区,BV1X75X6rEui,湖北叫藜蒿,中性,中性,0.469727209333395,0.12097195213547585,0.469727209333395,0.40930083853112903,0.0,0.0,0,0,0,无明显情感,未明确对象,未明确方面,中性,False,
生活区,BV1X75X6rEui,早餐吃牛排？,中性,中性,0.5784432445708563,0.10443630327700067,0.5784432445708563,0.31712045215214313,0.0,0.0,0,0,0,无明显情感,未明确对象,未明确方面,中性,False,
生活区,BV1X75X6rEui,一眼软广,中性,中性,0.6451858296357182,0.19827229583734654,0.6451858296357182,0.15654187452693533,0.0,0.0,0,0,0,无明显情感,未明确对象,未明确方面,中性,False,
生活区,BV1X75X6rEui,没意思的软广,中性,中性,0.6615010672450808,0.20782374569219453,0.6615010672450808,0.13067518706272463,0.0,0.0,0,0,0,无明显情感,未明确对象,未明确方面,中性,False,
生活区,BV1X75X6rEui,还是便宜了,中性,中性,0.6846224859211857,0.16731431357590712,0.6846224859211857,0.14806320050290706,0.0,0.0,0,0,0,无明显情感,未明确对象,未明确方面,中性,False,
生活区,BV1X75X6rEui,土豪一天,中性,中性,0.6451858296357182,0.19827229583734654,0.6451858296357182,0.15654187452693533,0.0,0.0,0,0,0,无明显情感,未明确对象,未明确方面,中性,False,
生活区,BV1X75X6rEui,我周末考试妙不妙,中性,中性,0.609392091508416,0.05566377293812432,0.609392091508416,0.3349441355534595,0.0,0.0,0,0,0,无明显情感,未明确对象,未明确方面,中性,False,
生活区,BV1X75X6rEui,好家伙！ 真正的 ”混蛋“！,中性,中性,0.5584941271931213,0.4116729446634439,0.5584941271931213,0.029832928143434852,0.0,0.0,0,0,0,无明显情感,未明确对象,未明确方面,中性,False,
生活区,BV1X75X6rEui,hun蛋呐,中性,中性,0.6451858296357182,0.19827229583734654,0.6451858296357182,0.15654187452693533,0.0,0.0,0,0,0,无明显情感,未明确对象,未明确方面,中性,False,
生活区,BV1X75X6rEui,尼是眉果银嘛,中性,中性,0.6351502869512382,0.20182134718609102,0.6351502869512382,0.16302836586267086,0.0,0.0,0,0,0,无明显情感,未明确对象,未明确方面,中性,False,
生活区,BV1X75X6rEui,一面煎出血水？？,中性,中性,0.475903263078387,0.16526648896462523,0.475903263078387,0.3588302479569877,0.0,0.0,0,0,0,无明显情感,未明确对象,未明确方面,中性,False,
生活区,BV1X75X6rEui,有点老,中性,中性,0.8860599085505279,0.05759034836563596,0.8860599085505279,0.056349743083836105,0.0,0.0,0,0,0,无明显情感,未明确对象,未明确方面,中性,False,
生活区,BV1X75X6rEui,不过啦,中性,中性,0.7559949959124801,0.0940711645211725,0.7559949959124801,0.1499338395663473,0.0,0.0,0,0,0,无明显情感,未明确对象,未明确方面,中性,False,
生活区,BV1X75X6rEui,晚餐有点朴素了,中性,中性,0.902551116793322,0.05447123217786867,0.902551116793322,0.042977651028809405,0.0,0.0,0,0,0,无明显情感,未明确对象,未明确方面,中性,False,
生活区,BV1X75X6rEui,这是清淡嘛,中性,中性,0.8428752902503203,0.07887888343755707,0.8428752902503203,0.07824582631212254,0.0,0.0,0,0,0,无明显情感,未明确对象,未明确方面,中性,False,
生活区,BV1X75X6rEui,大锤,中性,中性,0.6550661232038483,0.19469238640714742,0.6550661232038483,0.15024149038900445,0.0,0.0,0,0,0,无明显情感,未明确对象,未明确方面,中性,False,
生活区,BV1X75X6rEui,看饿了,中性,中性,0.8212729413754009,0.12164832143567245,0.8212729413754009,0.05707873718892671,0.0,0.0,0,0,0,无明显情感,未明确对象,未明确方面,中性,False,
生活区,BV1X75X6rEui,我股票妙不妙,中性,中性,0.6480754102684677,0.19674067361526998,0.6480754102684677,0.1551839161162622,0.0,0.0,0,0,0,无明显情感,未明确对象,未明确方面,中性,False,
生活区,BV1X75X6rEui,这个牛排是不是太薄了,中性,中性,0.4758731310665092,0.07854975184517875,0.4758731310665092,0.4455771170883121,0.0,0.0,0,0,0,无明显情感,未明确对象,未明确方面,中性,False,
生活区,BV1X75X6rEui,氢弹,中性,中性,0.6550661232038483,0.19469238640714742,0.6550661232038483,0.15024149038900445,0.0,0.0,0,0,0,无明显情感,未明确对象,未明确方面,中性,False,
生活区,BV1X75X6rEui,简称：混•蛋,中性,中性,0.6451858296357182,0.19827229583734654,0.6451858296357182,0.15654187452693533,0.0,0.0,0,0,0,无明显情感,未明确对象,未明确方面,中性,False,
生活区,BV1X75X6rEui,一块298？这被宰了吧,中性,中性,0.7670905910273634,0.04710883610146966,0.7670905910273634,0.18580057287116689,0.0,0.0,0,0,0,无明显情感,未明确对象,未明确方面,中性,False,
生活区,BV1X75X6rEui,我的硬度妙不妙,中性,中性,0.5476914858598696,0.3211753480291552,0.5476914858598696,0.1311331661109751,0.0,0.0,0,0,0,无明显情感,未明确对象,未明确方面,中性,False,
生活区,BV1X75X6rEui,那我帮你吃不就好了,中性,中性,0.728538904082259,0.16197761499700805,0.728538904082259,0.109483480920733,0.0,0.0,0,0,0,无明显情感,未明确对象,未明确方面,中性,False,
生活区,BV1X75X6rEui,我们这超市49.9,中性,中性,0.5074427093513345,0.3919729920392019,0.5074427093513345,0.10058429860946361,0.0,0.0,0,0,0,无明显情感,未明确对象,未明确方面,中性,False,
生活区,BV1X75X6rEui,这就是大碴子,中性,中性,0.6172555206889545,0.20665874374051463,0.6172555206889545,0.17608573557053084,0.0,0.0,0,0,0,无明显情感,未明确对象,未明确方面,中性,False,
生活区,BV1X75X6rEui,我的龙华区小学科学成绩妙不妙,中性,中性,0.45764134923900324,0.39362811901890604,0.45764134923900324,0.14873053174209072,0.0,0.0,0,0,0,无明显情感,未明确对象,未明确方面,中性,False,
生活区,BV1X75X6rEui,退出了，谁和你兄弟,中性,中性,0.7845334846318276,0.09094341051952295,0.7845334846318276,0.12452310484864958,0.0,0.0,0,0,0,无明显情感,未明确对象,未明确方面,中性,False,
生活区,BV1X75X6rEui,所以怎么都得和外国沾点边！然后才卖得起高价,中性,中性,0.8952577700685463,0.06652104571972657,0.8952577700685463,0.03822118421172708,0.0,0.0,0,0,0,无明显情感,未明确对象,未明确方面,中性,False,
生活区,BV1X75X6rEui,那就是混蛋了,中性,中性,0.5614074227176208,0.281891634391183,0.5614074227176208,0.15670094289119627,0.0,0.0,0,0,0,无明显情感,未明确对象,未明确方面,中性,False,
生活区,BV1X75X6rEui,asdfghjkl,中性,中性,0.5162606159255922,0.3128791123706071,0.5162606159255922,0.17086027170380066,0.0,0.0,0,0,0,无明显情感,未明确对象,未明确方面,中性,False,
生活区,BV1X75X6rEui,不是看你吃什么，而是看你和谁吃,中性,中性,0.8697201649149098,0.024815965610595927,0.8697201649149098,0.10546386947449424,0.0,0.0,0,0,0,无明显情感,未明确对象,未明确方面,中性,False,
生活区,BV1X75X6rEui,我面试妙不妙,中性,中性,0.6480754102684677,0.19674067361526998,0.6480754102684677,0.1551839161162622,0.0,0.0,0,0,0,无明显情感,未明确对象,未明确方面,中性,False,
生活区,BV1X75X6rEui,就是混蛋,中性,中性,0.7186999245947948,0.1885966936409448,0.7186999245947948,0.0927033817642605,0.0,0.0,0,0,0,无明显情感,未明确对象,未明确方面,中性,False,
生活区,BV1X75X6rEui,撤回,中性,中性,0.6550661232038483,0.19469238640714742,0.6550661232038483,0.15024149038900445,0.0,0.0,0,0,0,无明显情感,未明确对象,未明确方面,中性,False,
生活区,BV1X75X6rEui,弹幕,中性,中性,0.7166809231101319,0.18890668651100573,0.7166809231101319,0.09441239037886254,0.0,0.0,0,0,0,无明显情感,未明确对象,未明确方面,中性,False,
生活区,BV1X75X6rEui,广告还得自己买啊,中性,中性,0.43372842088665914,0.3549402494913811,0.43372842088665914,0.2113313296219598,0.0,0.0,0,0,0,无明显情感,未明确对象,未明确方面,中性,False,
生活区,BV1X75X6rEui,我今年成绩妙不妙,中性,中性,0.5569624687690791,0.27136933634613897,0.5569624687690791,0.17166819488478197,0.0,0.0,0,0,0,无明显情感,未明确对象,未明确方面,中性,False,
生活区,BV1X75X6rEui,俗称杂粮饭,中性,中性,0.6351502869512382,0.20182134718609102,0.6351502869512382,0.16302836586267086,0.0,0.0,0,0,0,无明显情感,未明确对象,未明确方面,中性,False,
生活区,BV1X75X6rEui,Ni zai zhi,中性,中性,0.6550661232038483,0.19469238640714742,0.6550661232038483,0.15024149038900445,0.0,0.0,0,0,0,无明显情感,未明确对象,未明确方面,中性,False,
生活区,BV1X75X6rEui,芦笋,中性,中性,0.6550661232038483,0.19469238640714742,0.6550661232038483,0.15024149038900445,0.0,0.0,0,0,0,无明显情感,未明确对象,未明确方面,中性,False,
生活区,BV1X75X6rEui,华为蛋,中性,中性,0.7900000249068441,0.1083883089694419,0.7900000249068441,0.10161166612371407,0.0,0.0,0,0,0,无明显情感,未明确对象,未明确方面,中性,False,
生活区,BV1X75X6rEui,藜蒿长很多叶子的，盒子里是理好的。和蒜薹可不一样,中性,中性,0.6321146844960381,0.28146153340082913,0.6321146844960381,0.08642378210313273,0.0,0.0,0,0,0,无明显情感,未明确对象,未明确方面,中性,False,
生活区,BV1X75X6rEui,我这次比赛妙不妙,中性,中性,0.6380769977029248,0.20028807223682912,0.6380769977029248,0.16163493006024604,0.0,0.0,0,0,0,无明显情感,比赛内容,比赛表现,中性,False,
生活区,BV1X75X6rEui,多少,中性,中性,0.6550661232038483,0.19469238640714742,0.6550661232038483,0.15024149038900445,0.0,0.0,0,0,0,无明显情感,未明确对象,未明确方面,中性,False,
生活区,BV1X75X6rEui,不计成本你吃预制菜？,中性,中性,0.6089558798173724,0.07916809617694232,0.6089558798173724,0.3118760240056853,0.0,0.0,0,0,0,无明显情感,未明确对象,未明确方面,中性,False,
生活区,BV1X75X6rEui,我想看吃米其林！,中性,中性,0.7423497358411951,0.19735546570840007,0.7423497358411951,0.060294798450404856,0.0,0.0,0,0,0,无明显情感,未明确对象,未明确方面,中性,False,
生活区,BV1X75X6rEui,我的考研妙不妙,中性,中性,0.6251065943338336,0.2554801304550326,0.6251065943338336,0.11941327521113371,0.0,0.0,0,0,0,无明显情感,未明确对象,未明确方面,中性,False,
生活区,BV1X75X6rEui,一大早的吃牛排,中性,中性,0.6691922934990795,0.16501028719522834,0.6691922934990795,0.1657974193056921,0.0,0.0,0,0,0,无明显情感,未明确对象,未明确方面,中性,False,
生活区,BV1X75X6rEui,想抽你,中性,中性,0.7377676976834384,0.12864033015840592,0.7377676976834384,0.1335919721581557,0.0,0.0,0,0,0,无明显情感,未明确对象,未明确方面,中性,False,
生活区,BV1X75X6rEui,这叫不计成本？,中性,中性,0.44941403114905953,0.1028324687934375,0.44941403114905953,0.44775350005750286,0.0,0.0,0,0,0,无明显情感,未明确对象,未明确方面,中性,False,
生活区,BV1X75X6rEui,4785968574\,中性,中性,0.5165115283096605,0.3511834649069646,0.5165115283096605,0.13230500678337487,0.0,0.0,0,0,0,无明显情感,未明确对象,未明确方面,中性,False,
生活区,BV1X75X6rEui,我下半年妙不妙？,中性,中性,0.5802529909945472,0.1157103136998059,0.5802529909945472,0.304036695305647,0.0,0.0,0,0,0,无明显情感,未明确对象,未明确方面,中性,False,
生活区,BV1X75X6rEui,九九成～,中性,中性,0.7423733358520006,0.1470507424329858,0.7423733358520006,0.11057592171501354,0.0,0.0,0,0,0,无明显情感,未明确对象,未明确方面,中性,False,
生活区,BV1X75X6rEui,我还款妙不妙,中性,中性,0.4484002164874921,0.13645000359833007,0.4484002164874921,0.41514977991417773,0.0,0.0,0,0,0,无明显情感,未明确对象,未明确方面,中性,False,
生活区,BV1X75X6rEui,三姓家蛋/doge,中性,中性,0.8050398397192982,0.16633673490900022,0.8050398397192982,0.02862342537170157,0.0,0.0,0,0,0,无明显情感,未明确对象,未明确方面,中性,False,
生活区,BV1X75X6rEui,可以先放热水再丢自热包哦,中性,中性,0.7343156121443566,0.1884612141905788,0.7343156121443566,0.07722317366506459,1.0,1.0,1,0,0,对象评价,未明确对象,未明确方面,正面,False,
生活区,BV1X75X6rEui,找工作妙不妙,中性,中性,0.5521639472686449,0.06547640198879419,0.5521639472686449,0.38235965074256084,0.0,0.0,0,0,0,无明显情感,未明确对象,未明确方面,中性,False,
生活区,BV1X75X6rEui,在五星级酒店吃自助也就100多,中性,中性,0.8793090450613557,0.0776301491336513,0.8793090450613557,0.043060805804992976,0.0,0.0,0,0,0,无明显情感,未明确对象,未明确方面,中性,False,
生活区,BV1X75X6rEui,这个是真奢侈,中性,正面,0.35205183466162865,0.35205183466162865,0.3127400532472895,0.33520811209108187,0.0,0.0,0,0,0,无明显情感,未明确对象,未明确方面,中性,False,
生活区,BV1X75X6rEui,太老啦,中性,中性,0.7559949959124801,0.0940711645211725,0.7559949959124801,0.1499338395663473,0.0,0.0,0,0,0,无明显情感,未明确对象,未明确方面,中性,False,
生活区,BV1X75X6rEui,蒜苔跟芦蒿完全两样东西，别瞎抬杠,中性,中性,0.5320739385531018,0.13836392720516363,0.5320739385531018,0.3295621342417344,0.0,0.0,0,0,0,无明显情感,未明确对象,未明确方面,中性,False,
生活区,BV1X75X6rEui,可能是算上米饭,中性,中性,0.6306179478477915,0.11729451340321938,0.6306179478477915,0.2520875387489892,0.0,0.0,0,0,0,无明显情感,未明确对象,未明确方面,中性,False,
生活区,BV1X75X6rEui,我2026年遇到正缘脱单妙不妙,中性,中性,0.5431292420943812,0.27328077233444587,0.5431292420943812,0.1835899855711729,0.0,0.0,0,0,0,无明显情感,未明确对象,未明确方面,中性,False,
生活区,BV1X75X6rEui,借您吉言,中性,中性,0.6351502869512382,0.20182134718609102,0.6351502869512382,0.16302836586267086,0.0,0.0,0,0,0,无明显情感,未明确对象,未明确方面,中性,False,
生活区,BV1X75X6rEui,我今年脱单，发财妙不妙,中性,中性,0.4160036753835864,0.3726670480209235,0.4160036753835864,0.21132927659549003,0.0,0.0,0,0,0,无明显情感,未明确对象,未明确方面,中性,False,
生活区,BV1X75X6rEui,牛排真的老了,中性,中性,0.6301193863934078,0.19145881714583943,0.6301193863934078,0.1784217964607528,0.0,0.0,0,0,0,无明显情感,未明确对象,未明确方面,中性,False,
生活区,BV1X75X6rEui,我考试成绩妙不妙,中性,中性,0.6770769073141784,0.09720143444986218,0.6770769073141784,0.22572165823595947,0.0,0.0,0,0,0,无明显情感,未明确对象,未明确方面,中性,False,
生活区,BV1X75X6rEui,清淡点清水白菜,中性,中性,0.4800570011398644,0.17747053597471454,0.4800570011398644,0.34247246288542094,0.0,0.0,0,0,0,无明显情感,未明确对象,未明确方面,中性,False,
生活区,BV1X75X6rEui,碳水,中性,中性,0.6550661232038483,0.19469238640714742,0.6550661232038483,0.15024149038900445,0.0,0.0,0,0,0,无明显情感,未明确对象,未明确方面,中性,False,
生活区,BV1X75X6rEui,351够我吃半个月了,中性,中性,0.8182599835298242,0.04801659269640168,0.8182599835298242,0.133723423773774,0.0,0.0,0,0,0,无明显情感,未明确对象,未明确方面,中性,False,
生活区,BV1X75X6rEui,一天吃掉普通人一个月的伙食,中性,中性,0.6036449900527578,0.25296014551782786,0.6036449900527578,0.1433948644294142,0.0,0.0,0,0,0,无明显情感,未明确对象,未明确方面,中性,False,
生活区,BV1X75X6rEui,泥蒿湖北多的就是,中性,中性,0.6996718381440267,0.24436067139722661,0.6996718381440267,0.05596749045874684,0.0,0.0,0,0,0,无明显情感,未明确对象,未明确方面,中性,False,
生活区,BV1X75X6rEui,】‘普哦【,中性,中性,0.8062577753487297,0.12679538942258003,0.8062577753487297,0.06694683522869022,0.0,0.0,0,0,0,无明显情感,未明确对象,未明确方面,中性,False,
生活区,BV1X75X6rEui,我考公妙不妙,中性,中性,0.657916689205958,0.19316397177540717,0.657916689205958,0.14891933901863486,0.0,0.0,0,0,0,无明显情感,未明确对象,未明确方面,中性,False,
生活区,BV1X75X6rEui,《我不吃牛肉》,中性,中性,0.4672528955264472,0.19092606514016158,0.4672528955264472,0.34182103933339114,0.0,0.0,0,0,0,无明显情感,未明确对象,未明确方面,中性,False,
生活区,BV1X75X6rEui,国产货,中性,中性,0.6550661232038483,0.19469238640714742,0.6550661232038483,0.15024149038900445,0.0,0.0,0,0,0,无明显情感,未明确对象,未明确方面,中性,False,
生活区,BV1X75X6rEui,是个混蛋,中性,中性,0.5084067649717339,0.07017279583327517,0.5084067649717339,0.421420439194991,0.0,0.0,0,0,0,无明显情感,未明确对象,未明确方面,中性,False,
生活区,BV1X75X6rEui,糊了,中性,中性,0.6671087239564956,0.17839499560980993,0.6671087239564956,0.15449628043369448,0.0,0.0,0,0,0,无明显情感,未明确对象,未明确方面,中性,False,
生活区,BV1X75X6rEui,jjjjjjjjjjjjjjjjjjj,中性,中性,0.6550661232038483,0.19469238640714742,0.6550661232038483,0.15024149038900445,0.0,0.0,0,0,0,无明显情感,未明确对象,未明确方面,中性,False,
生活区,BV1X75X6rEui,哈,中性,中性,0.6550661232038483,0.19469238640714742,0.6550661232038483,0.15024149038900445,0.0,0.0,0,0,0,无明显情感,未明确对象,未明确方面,中性,False,
生活区,BV1X75X6rEui,六级妙不妙？,中性,中性,0.5693288875265972,0.10465117540498232,0.5693288875265972,0.3260199370684205,0.0,0.0,0,0,0,无明显情感,未明确对象,未明确方面,中性,False,
生活区,BV1X75X6rEui,人工养殖东星斑也就160一斤左右,中性,负面,0.38713986708337134,0.3126049472487056,0.30025518566792303,0.38713986708337134,0.0,0.0,0,0,0,无明显情感,未明确对象,未明确方面,中性,False,
生活区,BV1X75X6rEui,我今年财运妙不妙？,中性,中性,0.5680216658144621,0.11712051448142625,0.5680216658144621,0.3148578197041116,0.0,0.0,0,0,0,无明显情感,未明确对象,未明确方面,中性,False,
生活区,BV1X75X6rEui,这个鸳鸯锅超难吃,中性,中性,0.5391490682304603,0.14673513475583833,0.5391490682304603,0.31411579701370146,0.0,0.0,0,0,0,无明显情感,未明确对象,理解与难度,中性,False,
生活区,BV1X75X6rEui,加了粗粮，所以慢糖，有理有据,中性,中性,0.9612999081461643,0.02769238768063416,0.9612999081461643,0.011007704173201417,0.0,0.0,0,0,0,无明显情感,未明确对象,未明确方面,中性,False,
生活区,BV1X75X6rEui,花钱找罪受,中性,中性,0.6351502869512382,0.20182134718609102,0.6351502869512382,0.16302836586267086,0.0,0.0,0,0,0,无明显情感,未明确对象,未明确方面,中性,False,
生活区,BV1X75X6rEui,两个女生的,中性,中性,0.6132924520791477,0.31825167611412636,0.6132924520791477,0.0684558718067258,0.0,0.0,0,0,0,无明显情感,未明确对象,未明确方面,中性,False,
生活区,BV1X75X6rEui,这能好吃吗,中性,中性,0.9162121123796524,0.027071161906855087,0.9162121123796524,0.05671672571349268,0.0,0.0,0,0,0,无明显情感,未明确对象,未明确方面,中性,False,
生活区,BV1X75X6rEui,切碎了炒蛋,中性,中性,0.6572458603865653,0.18173027914897813,0.6572458603865653,0.16102386046445652,0.0,0.0,0,0,0,无明显情感,未明确对象,未明确方面,中性,False,
生活区,BV1X75X6rEui,6个小人,中性,中性,0.43315227548827245,0.25736151048642203,0.43315227548827245,0.3094862140253055,0.0,0.0,0,0,0,无明显情感,未明确对象,未明确方面,中性,False,
生活区,BV1X75X6rEui,就是日本在中国用德制笼子养的鸡下的蛋,中性,中性,0.8788400198124868,0.07925404319611785,0.8788400198124868,0.04190593699139539,0.0,0.0,0,0,0,无明显情感,未明确对象,未明确方面,中性,False,
生活区,BV1X75X6rEui,牛扒太薄,中性,中性,0.6451858296357182,0.19827229583734654,0.6451858296357182,0.15654187452693533,0.0,0.0,0,0,0,无明显情感,未明确对象,未明确方面,中性,False,
生活区,BV1X75X6rEui,麻辣烫,中性,中性,0.6550661232038483,0.19469238640714742,0.6550661232038483,0.15024149038900445,0.0,0.0,0,0,0,无明显情感,未明确对象,未明确方面,中性,False,
生活区,BV1X75X6rEui,我 27 考研妙不妙,中性,中性,0.7421368869186239,0.16338854710424816,0.7421368869186239,0.09447456597712788,0.0,0.0,0,0,0,无明显情感,未明确对象,未明确方面,中性,False,
生活区,BV1X75X6rEui,我选研究生导师妙不妙,中性,中性,0.6146384458709807,0.20880317514749888,0.6146384458709807,0.17655837898152044,0.0,0.0,0,0,0,无明显情感,未明确对象,未明确方面,中性,False,
生活区,BV1X75X6rEui,我五月妙不妙,中性,中性,0.6480754102684677,0.19674067361526998,0.6480754102684677,0.1551839161162622,0.0,0.0,0,0,0,无明显情感,未明确对象,未明确方面,中性,False,
生活区,BV1X75X6rEui,一个人有点撑两个人不够吃,中性,中性,0.8474907656994987,0.09865583130671526,0.8474907656994987,0.05385340299378625,0.0,0.0,0,0,0,无明显情感,未明确对象,未明确方面,中性,False,
生活区,BV1X75X6rEui,借你吉言,中性,中性,0.7536024402221021,0.09696483804468357,0.7536024402221021,0.14943272173321429,0.0,0.0,0,0,0,无明显情感,未明确对象,未明确方面,中性,False,
生活区,BV1X75X6rEui,就是想吃,中性,中性,0.7381533387428327,0.17146097387272333,0.7381533387428327,0.09038568738444394,0.0,0.0,0,0,0,无明显情感,未明确对象,未明确方面,中性,False,
生活区,BV1X75X6rEui,我科目二考试妙不妙,中性,中性,0.5552948809712895,0.14717235219388433,0.5552948809712895,0.29753276683482605,0.0,0.0,0,0,0,无明显情感,未明确对象,未明确方面,中性,False,
生活区,BV1X75X6rEui,我的教资面试和期中考试妙不妙,中性,中性,0.8071641466540584,0.09423788518602519,0.8071641466540584,0.09859796815991637,0.0,0.0,0,0,0,无明显情感,未明确对象,未明确方面,中性,False,
生活区,BV1X75X6rEui,这香气有些奇妙，与我记忆中的王境泽之香颇为相似。,中性,中性,0.45389438716854263,0.3543239078465791,0.45389438716854263,0.19178170498487837,0.0,0.0,0,0,0,无明显情感,未明确对象,未明确方面,中性,False,
生活区,BV1X75X6rEui,AG超玩会,中性,中性,0.6451858296357182,0.19827229583734654,0.6451858296357182,0.15654187452693533,0.0,0.0,0,0,0,无明显情感,未明确对象,未明确方面,中性,False,
生活区,BV1X75X6rEui,五蚂蚁！,中性,中性,0.5562790205387397,0.41619302029202804,0.5562790205387397,0.02752795916923221,0.0,0.0,0,0,0,无明显情感,未明确对象,未明确方面,中性,False,
生活区,BV1X75X6rEui,阿弥陀佛 阿弥陀佛 阿弥陀佛 阿弥陀佛 阿弥陀佛 阿弥陀佛 阿弥陀佛 阿弥陀佛 阿弥陀佛 阿弥陀佛 阿弥陀佛 阿弥陀佛 阿弥陀佛 阿弥陀佛 阿弥陀佛 阿弥陀佛 阿弥陀佛 阿弥陀佛 阿弥陀佛 阿弥陀佛,中性,中性,0.44863626046432237,0.2516011111782337,0.44863626046432237,0.2997626283574438,0.0,0.0,0,0,0,无明显情感,未明确对象,未明确方面,中性,False,
生活区,BV1X75X6rEui,说是蒜苔的可真降智,中性,中性,0.49139179863765053,0.0992705211218154,0.49139179863765053,0.4093376802405342,0.0,0.0,0,0,0,无明显情感,未明确对象,未明确方面,中性,False,
生活区,BV1X75X6rEui,++.............................,中性,中性,0.7178451620090599,0.16106708502316505,0.7178451620090599,0.12108775296777498,0.0,0.0,0,0,0,无明显情感,未明确对象,未明确方面,中性,False,
生活区,BV1X75X6rEui,这点玩意儿能够吃吗,中性,中性,0.7880187949855063,0.11682667902400742,0.7880187949855063,0.09515452599048636,0.0,0.0,0,0,0,无明显情感,未明确对象,未明确方面,中性,False,
生活区,BV1X75X6rEui,青菜，还有无机的？,中性,中性,0.5499291549125858,0.1444776948183209,0.5499291549125858,0.3055931502690934,0.0,0.0,0,0,0,无明显情感,未明确对象,未明确方面,中性,False,
生活区,BV1X75X6rEui,我今年6月中考妙不妙,中性,中性,0.5133473497309916,0.2523801291294964,0.5133473497309916,0.23427252113951202,0.0,0.0,0,0,0,无明显情感,未明确对象,未明确方面,中性,False,
生活区,BV1X75X6rEui,我高语面试妙不妙！,中性,中性,0.5888170378902662,0.36456701959746624,0.5888170378902662,0.04661594251226751,0.0,0.0,0,0,0,无明显情感,未明确对象,未明确方面,中性,False,
生活区,BV1X75X6rEui,我的中考成绩妙不妙？,中性,中性,0.45676917097334885,0.2871057111328471,0.45676917097334885,0.256125117893804,0.0,0.0,0,0,0,无明显情感,未明确对象,未明确方面,中性,False,
生活区,BV1X75X6rEui,感受到了你的痛苦,中性,中性,0.6425637064934901,0.13168289093096988,0.6425637064934901,0.22575340257553997,-1.0,-1.0,0,1,0,对象评价,未明确对象,未明确方面,负面,False,
生活区,BV1X75X6rEui,到底对女生的胃口有什么误解,中性,中性,0.6145463747156874,0.05389177183235494,0.6145463747156874,0.3315618534519576,0.0,0.0,0,0,0,无明显情感,未明确对象,未明确方面,中性,False,
生活区,BV1X75X6rEui,谁跟你小鸟胃 两个女生就能吃完,中性,中性,0.7707894467481606,0.14872551031190204,0.7707894467481606,0.08048504293993727,0.0,0.0,0,0,0,无明显情感,未明确对象,未明确方面,中性,False,
生活区,BV1X75X6rEui,一般,中性,中性,0.6442011813460026,0.14334768169154233,0.6442011813460026,0.21245113696245513,0.0,0.0,0,0,0,无明显情感,未明确对象,未明确方面,中性,False,
生活区,BV1X75X6rEui,海皇鸡蛋,中性,中性,0.6451858296357182,0.19827229583734654,0.6451858296357182,0.15654187452693533,0.0,0.0,0,0,0,无明显情感,未明确对象,未明确方面,中性,False,
生活区,BV1X75X6rEui,椰子水塌房了,中性,中性,0.6572458603865653,0.18173027914897813,0.6572458603865653,0.16102386046445652,0.0,0.0,0,0,0,无明显情感,未明确对象,未明确方面,中性,False,
生活区,BV1X75X6rEui,东北风味牛丸？,中性,中性,0.5693288875265972,0.10465117540498232,0.5693288875265972,0.3260199370684205,0.0,0.0,0,0,0,无明显情感,未明确对象,未明确方面,中性,False,
生活区,BV1X75X6rEui,预制菜大拼盘,中性,中性,0.6351502869512382,0.20182134718609102,0.6351502869512382,0.16302836586267086,0.0,0.0,0,0,0,无明显情感,未明确对象,未明确方面,中性,False,
生活区,BV1X75X6rEui,今天妈妈妙不妙,中性,中性,0.6249656085127029,0.2053336410667925,0.6249656085127029,0.1697007504205047,0.0,0.0,0,0,0,无明显情感,未明确对象,未明确方面,中性,False,
生活区,BV1X75X6rEui,我帮你吃,中性,中性,0.9455069040987899,0.02966435007691569,0.9455069040987899,0.024828745824294538,0.0,0.0,0,0,0,无明显情感,未明确对象,未明确方面,中性,False,
生活区,BV1X75X6rEui,没脑子的人就会跟风说广子,中性,中性,0.5272105203964267,0.16889330495289145,0.5272105203964267,0.3038961746506818,0.0,0.0,0,0,0,无明显情感,未明确对象,未明确方面,中性,False,
生活区,BV1X75X6rEui,梦中情肉,中性,中性,0.6451858296357182,0.19827229583734654,0.6451858296357182,0.15654187452693533,0.0,0.0,0,0,0,无明显情感,未明确对象,未明确方面,中性,False,
生活区,BV1X75X6rEui,老了,中性,中性,0.7079437679381908,0.13095365780682316,0.7079437679381908,0.16110257425498606,0.0,0.0,0,0,0,无明显情感,未明确对象,未明确方面,中性,False,
生活区,BV1X75X6rEui,我听成刘涛了,中性,中性,0.662614642009424,0.18472317071557603,0.662614642009424,0.15266218727500003,0.0,0.0,0,0,0,无明显情感,未明确对象,未明确方面,中性,False,
生活区,BV1X75X6rEui,还挑肥拣瘦,中性,中性,0.5076220484810527,0.2509580391492882,0.5076220484810527,0.241419912369659,0.0,0.0,0,0,0,无明显情感,未明确对象,未明确方面,中性,False,
生活区,BV1X75X6rEui,我,中性,中性,0.6771066654779642,0.1859454424971316,0.6771066654779642,0.13694789202490432,0.0,0.0,0,0,0,无明显情感,未明确对象,未明确方面,中性,False,
生活区,BV1X75X6rEui,什么混蛋？哪里有混蛋？,中性,中性,0.5549474005982015,0.03328685198988843,0.5549474005982015,0.4117657474119102,0.0,0.0,0,0,0,无明显情感,未明确对象,未明确方面,中性,False,
生活区,BV1X75X6rEui,不如点外卖…,中性,中性,0.49215108532555357,0.17596184750009286,0.49215108532555357,0.33188706717435357,0.0,0.0,0,0,0,无明显情感,未明确对象,未明确方面,中性,False,
生活区,BV1X75X6rEui,混蛋来的,中性,中性,0.9325055510639798,0.03488337491365911,0.9325055510639798,0.032611074022360916,0.0,0.0,0,0,0,无明显情感,未明确对象,未明确方面,中性,False,
生活区,BV1X75X6rEui,等等，你借什么？,中性,中性,0.6676383368289739,0.20243238030051414,0.6676383368289739,0.129929282870512,0.0,0.0,0,0,0,无明显情感,未明确对象,未明确方面,中性,False,
生活区,BV1X75X6rEui,简称混蛋吗,中性,中性,0.9162121123796524,0.027071161906855087,0.9162121123796524,0.05671672571349268,0.0,0.0,0,0,0,无明显情感,未明确对象,未明确方面,中性,False,
生活区,BV1X75X6rEui,啥好事都让你占了是吧,中性,中性,0.5331192835984429,0.08093098678948779,0.5331192835984429,0.3859497296120693,0.0,0.0,0,0,0,无明显情感,未明确对象,未明确方面,中性,False,
生活区,BV1X75X6rEui,这玩意值一百多？,中性,中性,0.6868423402470563,0.09403771387783108,0.6868423402470563,0.21911994587511266,0.0,0.0,0,0,0,无明显情感,未明确对象,未明确方面,中性,False,
生活区,BV1X75X6rEui,我两场考试妙不妙,中性,中性,0.609392091508416,0.05566377293812432,0.609392091508416,0.3349441355534595,0.0,0.0,0,0,0,无明显情感,未明确对象,未明确方面,中性,False,
生活区,BV1X75X6rEui,还是太低,中性,中性,0.735641141393223,0.1311631882983778,0.735641141393223,0.1331956703083992,0.0,0.0,0,0,0,无明显情感,未明确对象,未明确方面,中性,False,
生活区,BV1X75X6rEui,吃着日本饲料住着德国鸡笼的本地鸡,中性,中性,0.42021582626120396,0.35537280365758767,0.42021582626120396,0.22441137008120837,0.0,0.0,0,0,0,无明显情感,未明确对象,未明确方面,中性,False,
生活区,BV1X75X6rEui,丁克,中性,中性,0.6550661232038483,0.19469238640714742,0.6550661232038483,0.15024149038900445,0.0,0.0,0,0,0,无明显情感,未明确对象,未明确方面,中性,False,
生活区,BV1X75X6rEui,大肠刺身,中性,中性,0.6451858296357182,0.19827229583734654,0.6451858296357182,0.15654187452693533,0.0,0.0,0,0,0,无明显情感,未明确对象,未明确方面,中性,False,
生活区,BV1X75X6rEui,虾—,中性,中性,0.6550661232038483,0.19469238640714742,0.6550661232038483,0.15024149038900445,0.0,0.0,0,0,0,无明显情感,未明确对象,未明确方面,中性,False,
