partition,bvid,text,pred_label,pred_raw_label,model_confidence,prob_positive,prob_neutral,prob_negative,lexicon_score,discourse_score,pos_cnt,neg_cnt,is_mixed_sentiment,sentiment_type,sentiment_target,sentiment_aspect,aspect_sentiment,manual_override,manual_label
知识区,BV1zrGi6PE9B,此时一个数学140+的赞了我,正面,负面,0.6348399528424814,0.1319883318888498,0.23317171526866887,0.6348399528424814,0.0,0.0,0,0,0,无明显情感,课程内容,未明确方面,中性,False,
知识区,BV1zrGi6PE9B,点赞这条弹幕，祝你们高考数学140+（真）,正面,正面,0.9243645955488039,0.9243645955488039,0.03474433148043985,0.04089107297075624,1.0,1.0,1,0,0,对象评价,课程内容,未明确方面,正面,False,
知识区,BV1zrGi6PE9B,各位26届高考的哥哥姐姐们加油！！！（我27届高考，嘿嘿…）,正面,正面,0.9573119322770753,0.9573119322770753,0.02810438361272339,0.014583684110201342,1.0,1.0,1,0,0,对象评价,未明确对象,未明确方面,正面,False,
知识区,BV1zrGi6PE9B,至此你的青春也画上了一个逗号：但少年你的青春不止岁月不息！继续无限进步！！！,正面,负面,0.6204391337944258,0.29340060574483756,0.08616026046073656,0.6204391337944258,-1.0,-1.0,0,1,0,对象评价,未明确对象,未明确方面,负面,True,1.0
知识区,BV1zrGi6PE9B,那么以上就是高中数学全部内容，很高兴认识大家！,正面,正面,0.8447586672152005,0.8447586672152005,0.11236908282243101,0.042872249962368554,1.5,1.5,1,0,0,对象评价,课程内容,未明确方面,正面,False,
知识区,BV1zrGi6PE9B,27届高考加油！,正面,正面,0.9454594810344723,0.9454594810344723,0.05050575828696239,0.004034760678565215,1.0,1.0,1,0,0,对象评价,未明确对象,未明确方面,正面,False,
知识区,BV1zrGi6PE9B,祝诸君：知难上，戒骄狂，常自省，穷途明，不溺于往，早登青云！,正面,正面,0.6807502029843391,0.6807502029843391,0.08492793798717825,0.23432185902848265,0.0,0.0,0,0,0,无明显情感,未明确对象,理解与难度,中性,False,
知识区,BV1zrGi6PE9B,艾伦打卡结束，完结撒花！祝各位旗开得胜，金榜题名！！！,正面,正面,0.8979872805038827,0.8979872805038827,0.05580532366580384,0.04620739583031351,0.0,0.0,0,0,0,无明显情感,未明确对象,未明确方面,中性,False,
知识区,BV1zrGi6PE9B,祝2026高考生蟾宫折桂、金榜题名,正面,正面,0.6183128225087174,0.6183128225087174,0.3163814111503815,0.06530576634090111,0.0,0.0,0,0,0,无明显情感,未明确对象,未明确方面,中性,False,
知识区,BV1zrGi6PE9B,达成成就：高中数学通关,正面,正面,0.5927192504631025,0.5927192504631025,0.30734399602937096,0.09993675350752661,0.0,0.0,0,0,0,无明显情感,课程内容,未明确方面,中性,True,1.0
知识区,BV1zrGi6PE9B,很高兴认识你，敬我们的初相识,正面,正面,0.82254221644671,0.82254221644671,0.12005019517644082,0.0574075883768493,1.5,1.5,1,0,0,对象评价,未明确对象,未明确方面,正面,False,
知识区,BV1zrGi6PE9B,2026年5月30日10：55已通关高中数学，愿我2027高考顺利,正面,正面,0.901643706675082,0.901643706675082,0.06731863671642854,0.031037656608489485,1.0,1.0,1,0,0,对象评价,课程内容,未明确方面,正面,True,1.0
知识区,BV1zrGi6PE9B,感谢一数感谢我们的相识，高三副本即将开启，祝你我高三顺利2027高考加油,正面,正面,0.998898154263935,0.998898154263935,0.0005359331710730172,0.0005659125649920025,4.0,4.0,4,0,0,对象评价,未明确对象,未明确方面,正面,False,
知识区,BV1zrGi6PE9B,这时一一个数学能考140+的人表示这很简单，并点赞了我,正面,正面,0.9102090544718705,0.9102090544718705,0.030437675191751282,0.05935327033637812,2.5,2.5,2,0,0,对象评价,课程内容,理解与难度,正面,False,
知识区,BV1zrGi6PE9B,高考我要上550＋，祝大家也都能取得理想成绩,正面,正面,0.7503885879192633,0.7503885879192633,0.19177793253876324,0.05783347954197348,0.0,0.0,0,0,0,无明显情感,未明确对象,未明确方面,中性,False,
知识区,BV1zrGi6PE9B,27届高考加油！！！,正面,正面,0.9490618159610305,0.9490618159610305,0.03246346575987419,0.01847471827909541,1.0,1.0,1,0,0,对象评价,未明确对象,未明确方面,正面,False,
知识区,BV1zrGi6PE9B,新合集完结撒花！感谢小猪老师！,正面,正面,0.9764007226984809,0.9764007226984809,0.016447481519345934,0.0071517957821731785,1.0,1.0,1,0,0,对象评价,讲解者,未明确方面,正面,False,
知识区,BV1zrGi6PE9B,2026年5月24日08:30:18  我通关了高中数学！,正面,正面,0.5894699659324846,0.5894699659324846,0.3463722207746389,0.06415781329287655,0.0,0.0,0,0,0,无明显情感,课程内容,未明确方面,中性,True,1.0
知识区,BV1zrGi6PE9B,妈呀，上面这个太刺眼了啊，换一个，换成白色吧。哈哈哈,正面,正面,0.6156033881635028,0.6156033881635028,0.15439657161559062,0.23000004022090667,1.0,1.0,1,0,0,对象评价+自身情绪,未明确对象,娱乐与趣味,正面,False,
知识区,BV1zrGi6PE9B,下下周各位高考加油,正面,正面,0.8820739091799152,0.8820739091799152,0.11045771228928246,0.007468378530802378,1.0,1.0,1,0,0,对象评价,未明确对象,未明确方面,正面,False,
知识区,BV1zrGi6PE9B,27年高考上岸,正面,正面,0.7077011182627366,0.7077011182627366,0.27085054948423426,0.021448332253029077,0.0,0.0,0,0,0,无明显情感,未明确对象,未明确方面,中性,False,
知识区,BV1zrGi6PE9B,恭喜你解锁成就：结束了？,正面,正面,0.4735017135699489,0.4735017135699489,0.1225285514449715,0.4039697349850795,1.0,1.0,1,0,0,对象评价,未明确对象,未明确方面,正面,True,1.0
知识区,BV1zrGi6PE9B,希望大家都能考上理想的大学,正面,正面,0.6978813476045943,0.6978813476045943,0.21214286213167638,0.08997579026372934,0.0,0.0,0,0,0,无明显情感,未明确对象,未明确方面,中性,True,1.0
知识区,BV1zrGi6PE9B,愿这份友谊长存！,正面,正面,0.577632347571751,0.577632347571751,0.3690996325829235,0.05326801984532546,0.0,0.0,0,0,0,无明显情感,未明确对象,未明确方面,中性,False,
知识区,BV1zrGi6PE9B,未曾谋面的老师，遇见你真的是我最幸运的事之一,正面,正面,0.5059013764183913,0.5059013764183913,0.3280612582980064,0.16603736528360236,0.0,0.0,0,0,0,无明显情感,讲解者,未明确方面,中性,True,1.0
知识区,BV1zrGi6PE9B,这下是真的全都完结了，撒花撒花,正面,正面,0.6049127607688688,0.6049127607688688,0.23856023187143544,0.15652700735969574,0.0,0.0,0,0,0,无明显情感,未明确对象,未明确方面,中性,False,
知识区,BV1zrGi6PE9B,感谢一数 将永远追随up！ 高考必胜！,正面,正面,0.9477375945377837,0.9477375945377837,0.043399405863725794,0.008862999598490502,1.0,1.0,1,0,0,对象评价,讲解者,未明确方面,正面,False,
知识区,BV1zrGi6PE9B,2026高考明天开考，祝大家金榜题名,正面,正面,0.7875939308179722,0.7875939308179722,0.17227534394777433,0.040130725234253456,0.0,0.0,0,0,0,无明显情感,未明确对象,未明确方面,中性,True,1.0
知识区,BV1zrGi6PE9B,恭喜大家通关高中数学全部内容！,正面,正面,0.9266848466686279,0.9266848466686279,0.06184943436495436,0.011465718966417694,1.0,1.0,1,0,0,对象评价,课程内容,未明确方面,正面,False,
知识区,BV1zrGi6PE9B,2027北大等我！！,正面,正面,0.8209059424361418,0.8209059424361418,0.13642579588750894,0.04266826167634924,0.0,0.0,0,0,0,无明显情感,未明确对象,未明确方面,中性,False,
知识区,BV1zrGi6PE9B,我不行了这个坏宝宝好可爱,正面,正面,0.6388523899219677,0.6388523899219677,0.10086694196473026,0.2602806681133021,0.0,0.0,1,1,1,对象评价,未明确对象,未明确方面,混合,True,1.0
知识区,BV1zrGi6PE9B,我，成绩，只进不退！,正面,正面,0.5995882358709744,0.5995882358709744,0.2847775116198354,0.11563425250919014,0.0,0.0,0,0,0,无明显情感,未明确对象,未明确方面,中性,False,
知识区,BV1zrGi6PE9B,结束喽高中生活，祝所有2026考生高考上岸！,正面,正面,0.8139098060909432,0.8139098060909432,0.15131330972722004,0.03477688418183667,0.0,0.0,0,0,0,无明显情感,未明确对象,未明确方面,中性,False,
知识区,BV1zrGi6PE9B,最后一课，完结撒花,正面,正面,0.561738830778576,0.561738830778576,0.35589372059461044,0.08236744862681356,0.0,0.0,0,0,0,无明显情感,未明确对象,未明确方面,中性,True,1.0
知识区,BV1zrGi6PE9B,One last Kiss.,正面,正面,0.39746617862658074,0.39746617862658074,0.33716157157886084,0.26537224979455837,0.0,0.0,0,0,0,无明显情感,未明确对象,未明确方面,中性,False,
知识区,BV1zrGi6PE9B,也是把高中数学打通关了,正面,正面,0.5219409271620001,0.5219409271620001,0.33318000640730433,0.1448790664306955,0.0,0.0,0,0,0,无明显情感,课程内容,未明确方面,中性,True,1.0
知识区,BV1zrGi6PE9B,27年高考生在此祝26年高考的学长学姐 也祝一年后的自己金榜题名！,正面,正面,0.5059116075504769,0.5059116075504769,0.41095797368129006,0.08313041876823296,0.0,0.0,0,0,0,无明显情感,未明确对象,未明确方面,中性,False,
知识区,BV1zrGi6PE9B,高考660！！！,正面,正面,0.6950305883237782,0.6950305883237782,0.1819170296433469,0.1230523820328749,0.0,0.0,0,0,0,无明显情感,未明确对象,未明确方面,中性,False,
知识区,BV1zrGi6PE9B,高三学长学姐们高考加油！,正面,正面,0.9203960135541205,0.9203960135541205,0.07123790716422879,0.008366079281650786,1.0,1.0,1,0,0,对象评价,未明确对象,未明确方面,正面,False,
知识区,BV1zrGi6PE9B,我最喜欢的一首歌作为结尾吗…,正面,正面,0.6546309882503402,0.6546309882503402,0.12132333740178836,0.22404567434787137,1.0,1.0,1,0,0,对象评价,未明确对象,未明确方面,正面,False,
知识区,BV1zrGi6PE9B,今年高考的兄弟们，加油,正面,正面,0.9012819605345711,0.9012819605345711,0.07519764667277291,0.023520392792655973,1.0,1.0,1,0,0,对象评价,未明确对象,未明确方面,正面,False,
知识区,BV1zrGi6PE9B,我居然跟着小猪学完高中数学大合集了！！！,正面,正面,0.5393245276460072,0.5393245276460072,0.21311137887919082,0.24756409347480193,0.0,0.0,0,0,0,无明显情感,课程内容,未明确方面,中性,False,
知识区,BV1zrGi6PE9B,大家结课快乐！高考都要顺顺利利的！,正面,正面,0.9829066353773638,0.9829066353773638,0.014689191674384323,0.002404172948251914,2.0,2.0,2,0,0,对象评价+自身情绪,未明确对象,未明确方面,正面,False,
知识区,BV1zrGi6PE9B,加油，全员上岸,正面,正面,0.9607269846459181,0.9607269846459181,0.023985434172561187,0.015287581181520807,1.0,1.0,1,0,0,对象评价,未明确对象,未明确方面,正面,False,
知识区,BV1zrGi6PE9B,清华大学我们2027年见,正面,正面,0.5404317173562482,0.5404317173562482,0.4266297130016621,0.032938569642089716,0.0,0.0,0,0,0,无明显情感,未明确对象,未明确方面,中性,False,
知识区,BV1zrGi6PE9B,高中数学基础大合集——完结撒花~,正面,正面,0.5978627312068618,0.5978627312068618,0.29406837179699025,0.10806889699614801,0.0,0.0,0,0,0,无明显情感,课程内容,未明确方面,中性,False,
知识区,BV1zrGi6PE9B,2026 5月30日已通关高中数学 祝2027高考顺利,正面,正面,0.9177966102323407,0.9177966102323407,0.05881172504519916,0.023391664722460164,1.0,1.0,1,0,0,对象评价,课程内容,未明确方面,正面,True,1.0
知识区,BV1zrGi6PE9B,愿这份友谊长存！！！,正面,正面,0.5189440153480436,0.5189440153480436,0.15089232357276863,0.33016366107918776,0.0,0.0,0,0,0,无明显情感,未明确对象,未明确方面,中性,True,1.0
知识区,BV1zrGi6PE9B,愿此行，终抵群星,正面,正面,0.5306985755137189,0.5306985755137189,0.2852945435827708,0.1840068809035103,0.0,0.0,0,0,0,无明显情感,未明确对象,未明确方面,中性,True,1.0
知识区,BV1zrGi6PE9B,“那么以上就是高中数学全部内容！很高兴认识大家！我们下一个视频再见！”,正面,正面,0.8387774520758865,0.8387774520758865,0.14140573780809118,0.019816810116022206,1.5,1.5,1,0,0,对象评价,课程内容+视频内容,未明确方面,正面,False,
知识区,BV1zrGi6PE9B,以上就是高中数学全部内容，完结撒花，愿大家金榜题名！,正面,正面,0.8305710482636628,0.8305710482636628,0.11091896074564346,0.05850999099069378,0.0,0.0,0,0,0,无明显情感,课程内容,未明确方面,中性,False,
知识区,BV1zrGi6PE9B,感谢小猪老师,正面,正面,0.8586391924525912,0.8586391924525912,0.08021004360244337,0.061150763944965415,1.0,1.0,1,0,0,对象评价,讲解者,未明确方面,正面,False,
知识区,BV1zrGi6PE9B,祝大家高考成功上岸，金榜题名！,正面,正面,0.9507518965269159,0.9507518965269159,0.04548101744753781,0.0037670860255462507,1.0,1.0,1,0,0,对象评价,未明确对象,未明确方面,正面,False,
知识区,BV1zrGi6PE9B,俱怀逸兴壮思飞，欲上青天揽明月,正面,正面,0.5629324333544988,0.5629324333544988,0.2473403820225067,0.1897271846229945,0.0,0.0,0,0,0,无明显情感,未明确对象,未明确方面,中性,True,1.0
知识区,BV1zrGi6PE9B,大合集完结！撒花！,正面,正面,0.7679310976681315,0.7679310976681315,0.2039414277690766,0.028127474562791962,0.0,0.0,0,0,0,无明显情感,未明确对象,未明确方面,中性,False,
知识区,BV1zrGi6PE9B,关注塔菲喵,正面,正面,0.7158698364298519,0.7158698364298519,0.21718670200511667,0.0669434615650314,1.0,1.0,1,0,0,对象评价,未明确对象,未明确方面,正面,True,1.0
知识区,BV1zrGi6PE9B,2027届高考加油,正面,正面,0.9386851443142554,0.9386851443142554,0.05380931093633446,0.007505544749410083,1.0,1.0,1,0,0,对象评价,未明确对象,未明确方面,正面,False,
知识区,BV1zrGi6PE9B,还有13天高考，我一定一定会考上的,正面,正面,0.6340003104916568,0.6340003104916568,0.21513677554587882,0.15086291396246432,0.0,0.0,0,0,0,无明显情感,未明确对象,未明确方面,中性,True,1.0
知识区,BV1zrGi6PE9B,上完这节课就真的要完结撒花了呜呜呜,正面,正面,0.7520949235055631,0.7520949235055631,0.0709482182626718,0.17695685823176502,0.0,0.0,0,0,0,无明显情感,未明确对象,未明确方面,中性,False,
知识区,BV1zrGi6PE9B,恭喜各位高中生完成高中数学大合集，愿一系列永远陪你,正面,正面,0.9543510847645515,0.9543510847645515,0.03227225292623045,0.013376662309217928,2.0,2.0,2,0,0,对象评价,课程内容,未明确方面,正面,False,
知识区,BV1zrGi6PE9B,小猪老师辛苦了 神奇姥姥也辛苦了,正面,正面,0.89079643065462,0.89079643065462,0.04966894357508809,0.05953462577029181,2.0,2.0,2,0,0,对象评价,讲解者,未明确方面,正面,False,
知识区,BV1zrGi6PE9B,一轮复习都要加油哦,正面,正面,0.7202009572091547,0.7202009572091547,0.23058323076529508,0.04921581202555038,1.0,1.0,1,0,0,对象评价,未明确对象,未明确方面,正面,False,
知识区,BV1zrGi6PE9B,明天高考,正面,正面,0.5009808497009912,0.5009808497009912,0.45345063176079836,0.045568518538210395,0.0,0.0,0,0,0,无明显情感,未明确对象,未明确方面,中性,False,
知识区,BV1zrGi6PE9B,2026高考仅剩两天！！！！,正面,正面,0.7056601105112701,0.7056601105112701,0.1621302384248981,0.13220965106383178,0.0,0.0,0,0,0,无明显情感,未明确对象,未明确方面,中性,False,
知识区,BV1zrGi6PE9B,见证历史！！！2027高考必胜金榜题名！！！,正面,正面,0.9128052347211871,0.9128052347211871,0.055126153511629035,0.03206861176718377,0.0,0.0,0,0,0,无明显情感,未明确对象,未明确方面,中性,False,
知识区,BV1zrGi6PE9B,最后六天了加油朋友们,正面,正面,0.8175619116335977,0.8175619116335977,0.13088859096093206,0.0515494974054703,1.0,1.0,1,0,0,对象评价,未明确对象,未明确方面,正面,False,
知识区,BV1zrGi6PE9B,2027高考加油！一定要自律,正面,正面,0.9769816380736805,0.9769816380736805,0.01950683305303811,0.003511528873281438,1.0,1.0,1,0,0,对象评价,未明确对象,未明确方面,正面,False,
知识区,BV1zrGi6PE9B,祝各位26届的学姐学长能够考出好成绩，金榜题名,正面,正面,0.6508514784864458,0.6508514784864458,0.22592433951385457,0.12322418199969973,0.0,0.0,0,0,0,无明显情感,未明确对象,未明确方面,中性,False,
知识区,BV1zrGi6PE9B,使用CASIO FX-991 CN CW II计算器参加全国中学生地球科学竞赛的无名高中生表示很赞,正面,正面,0.4293379651976984,0.4293379651976984,0.3390275806297536,0.231634454172548,1.0,1.0,1,0,0,对象评价,未明确对象,未明确方面,正面,False,
知识区,BV1zrGi6PE9B,学长学姐高考加油,正面,正面,0.9521136776879489,0.9521136776879489,0.040313997874125755,0.007572324437925341,1.0,1.0,1,0,0,对象评价,未明确对象,未明确方面,正面,False,
知识区,BV1zrGi6PE9B,学长学姐们26年加油,正面,正面,0.865591046478752,0.865591046478752,0.11475930754756995,0.019649645973678145,1.0,1.0,1,0,0,对象评价,未明确对象,未明确方面,正面,False,
知识区,BV1zrGi6PE9B,还有11天2026届高考，点赞这条评论，高考数学145分,正面,正面,0.9073621980491895,0.9073621980491895,0.06419512624636498,0.028442675704445478,1.0,1.0,1,0,0,对象评价,课程内容,未明确方面,正面,False,
知识区,BV1zrGi6PE9B,27高考680+等我,正面,正面,0.5620233110855403,0.5620233110855403,0.38526008775022275,0.05271660116423701,0.0,0.0,0,0,0,无明显情感,未明确对象,未明确方面,中性,False,
知识区,BV1zrGi6PE9B,2027年找到适合自己的机会,正面,正面,0.5717503370338535,0.5717503370338535,0.32760623132766314,0.10064343163848337,0.0,0.0,0,0,0,无明显情感,未明确对象,未明确方面,中性,True,1.0
知识区,BV1zrGi6PE9B,很高兴认识你,正面,正面,0.7766584216549581,0.7766584216549581,0.14108171330058486,0.08225986504445695,1.5,1.5,1,0,0,对象评价,未明确对象,未明确方面,正面,False,
知识区,BV1zrGi6PE9B,感觉像满级成就的最后一关了,正面,中性,0.4335812236811332,0.3179867185389963,0.4335812236811332,0.2484320577798704,0.0,0.0,0,0,0,无明显情感,未明确对象,未明确方面,中性,True,1.0
知识区,BV1zrGi6PE9B,都加油,正面,正面,0.8981362718661704,0.8981362718661704,0.050881591176728865,0.05098213695710071,1.0,1.0,1,0,0,对象评价,未明确对象,未明确方面,正面,False,
知识区,BV1zrGi6PE9B,谢谢老师,正面,正面,0.8762956890235133,0.8762956890235133,0.08939516322306876,0.03430914775341786,1.0,1.0,1,0,0,对象评价,讲解者,未明确方面,正面,False,
知识区,BV1zrGi6PE9B,高考大捷,正面,正面,0.5069752237636161,0.5069752237636161,0.4658530332490313,0.0271717429873525,0.0,0.0,0,0,0,无明显情感,未明确对象,未明确方面,中性,False,
知识区,BV1zrGi6PE9B,one last kiss!,正面,正面,0.44346466887069624,0.44346466887069624,0.36638912650457145,0.19014620462473222,0.0,0.0,0,0,0,无明显情感,未明确对象,未明确方面,中性,False,
知识区,BV1zrGi6PE9B,我要上宁大,正面,正面,0.4666211184913258,0.4666211184913258,0.4531898596114989,0.08018902189717532,0.0,0.0,0,0,0,无明显情感,未明确对象,未明确方面,中性,False,
知识区,BV1zrGi6PE9B,我已出舱，感觉良好,正面,正面,0.5272831452447915,0.5272831452447915,0.2262742073752906,0.2464426473799179,0.0,0.0,0,0,0,无明显情感,未明确对象,未明确方面,中性,True,1.0
知识区,BV1zrGi6PE9B,明天就高考了，可以给我加油吗？,正面,正面,0.885693712372688,0.885693712372688,0.04683583124661474,0.06747045638069733,2.0,2.0,2,0,0,对象评价,未明确对象,未明确方面,正面,False,
知识区,BV1zrGi6PE9B,最后一节新课 祝年少的自己考上理想的大学 加油 高考还剩370天,正面,正面,0.8748716711961151,0.8748716711961151,0.09043378645381071,0.034694542350074124,1.0,1.0,1,0,0,对象评价,未明确对象,未明确方面,正面,False,
知识区,BV1zrGi6PE9B,高二生祝学长学姐高考顺利，金榜题名、蟾宫折桂！！！,正面,正面,0.9322549877931786,0.9322549877931786,0.026109606058766794,0.04163540614805465,1.0,1.0,1,0,0,对象评价,未明确对象,未明确方面,正面,False,
知识区,BV1zrGi6PE9B,2027高考必胜,正面,正面,0.7457086627526778,0.7457086627526778,0.21869404883445662,0.03559728841286572,0.0,0.0,0,0,0,无明显情感,未明确对象,未明确方面,中性,False,
知识区,BV1zrGi6PE9B,2027高考加油吧,正面,正面,0.9419506780316109,0.9419506780316109,0.04700257752753494,0.011046744440854113,1.0,1.0,1,0,0,对象评价,未明确对象,未明确方面,正面,False,
知识区,BV1zrGi6PE9B,2027去NJU!,正面,正面,0.5682369719524704,0.5682369719524704,0.38228224259362037,0.04948078545390924,0.0,0.0,0,0,0,无明显情感,未明确对象,未明确方面,中性,True,1.0
知识区,BV1zrGi6PE9B,2027必胜高考,正面,正面,0.6819542963878608,0.6819542963878608,0.2931455186753563,0.02490018493678291,0.0,0.0,0,0,0,无明显情感,未明确对象,未明确方面,中性,False,
知识区,BV1zrGi6PE9B,努力一年 27年的盛夏 你一定会实现梦想！！,正面,正面,0.5949617150574926,0.5949617150574926,0.2487124586291371,0.15632582631337033,0.0,0.0,0,0,0,无明显情感,未明确对象,未明确方面,中性,True,1.0
知识区,BV1zrGi6PE9B,我的人生才刚刚拉开序幕！！,正面,正面,0.5851195833348214,0.5851195833348214,0.17050956905569414,0.24437084760948452,0.0,0.0,0,0,0,无明显情感,未明确对象,未明确方面,中性,True,1.0
知识区,BV1zrGi6PE9B,愿我们友谊长存,正面,正面,0.4871478889922634,0.4871478889922634,0.45095215108050296,0.06189995992723352,0.0,0.0,0,0,0,无明显情感,未明确对象,未明确方面,中性,False,
知识区,BV1zrGi6PE9B,完结撒花！高考大捷！,正面,正面,0.9079746397495039,0.9079746397495039,0.08115270937158393,0.010872650878912187,0.0,0.0,0,0,0,无明显情感,未明确对象,未明确方面,中性,False,
知识区,BV1zrGi6PE9B,2027上岸深圳大学！！！,正面,正面,0.8802857055636267,0.8802857055636267,0.08583325597312394,0.03388103846324923,0.0,0.0,0,0,0,无明显情感,未明确对象,未明确方面,中性,False,
知识区,BV1zrGi6PE9B,2026高考加油，谢谢小猪老师，也希望自己考上理想大学！！！,正面,正面,0.9960915998817115,0.9960915998817115,0.0014670396601173205,0.002441360458171225,2.0,2.0,2,0,0,对象评价,讲解者,未明确方面,正面,False,
知识区,BV1zrGi6PE9B,高考加油2027 上一本！！！！,正面,正面,0.9670945262270138,0.9670945262270138,0.020247880787428178,0.012657592985558082,1.0,1.0,1,0,0,对象评价,未明确对象,未明确方面,正面,False,
知识区,BV1zrGi6PE9B,各位2027高考加油，祝我们考上理想的大学,正面,正面,0.9683165834312711,0.9683165834312711,0.024007971816318027,0.007675444752410779,1.0,1.0,1,0,0,对象评价,未明确对象,未明确方面,正面,False,
知识区,BV1zrGi6PE9B,一路有你，感谢陪伴❥(^_-),正面,正面,0.7892043729897932,0.7892043729897932,0.06440748934904042,0.14638813766116648,1.0,1.0,1,0,0,对象评价,未明确对象,未明确方面,正面,True,1.0
知识区,BV1zrGi6PE9B,我要上520+,正面,正面,0.5593086627872491,0.5593086627872491,0.37777700905350575,0.0629143281592452,0.0,0.0,0,0,0,无明显情感,未明确对象,未明确方面,中性,False,
知识区,BV1zrGi6PE9B,高考顺利！！,正面,正面,0.9218681717377386,0.9218681717377386,0.04496911198364872,0.0331627162786127,1.0,1.0,1,0,0,对象评价,未明确对象,未明确方面,正面,False,
知识区,BV1zrGi6PE9B,祝我上二本！,正面,正面,0.6984631124380392,0.6984631124380392,0.2329756478877256,0.06856123967423525,0.0,0.0,0,0,0,无明显情感,未明确对象,未明确方面,中性,True,1.0
知识区,BV1zrGi6PE9B,2027南大上岸！,正面,正面,0.8222419279150639,0.8222419279150639,0.16401974186505203,0.013738330219884073,0.0,0.0,0,0,0,无明显情感,未明确对象,未明确方面,中性,False,
知识区,BV1zrGi6PE9B,2026年5月24日11.37已通过关绝密高中物数学,正面,正面,0.6848434828920473,0.6848434828920473,0.24331274327810395,0.07184377382984859,1.0,1.0,1,0,0,对象评价,课程内容,未明确方面,正面,True,1.0
知识区,BV1zrGi6PE9B,鬼灭之刃！,正面,正面,0.5440374140437729,0.5440374140437729,0.42514974784539145,0.030812838110835628,0.0,0.0,0,0,0,无明显情感,未明确对象,未明确方面,中性,False,
知识区,BV1zrGi6PE9B,一轮复习加油,正面,正面,0.8312806411346871,0.8312806411346871,0.13855160241745385,0.03016775644785905,1.0,1.0,1,0,0,对象评价,未明确对象,未明确方面,正面,False,
知识区,BV1zrGi6PE9B,完结撒花,正面,正面,0.7837199797539915,0.7837199797539915,0.16928515298546176,0.046994867260546684,0.0,0.0,0,0,0,无明显情感,未明确对象,未明确方面,中性,False,
知识区,BV1zrGi6PE9B,2027年高考顺利,正面,正面,0.9067230950272968,0.9067230950272968,0.07365620594525517,0.019620699027448184,1.0,1.0,1,0,0,对象评价,未明确对象,未明确方面,正面,True,1.0
知识区,BV1zrGi6PE9B,2027高考加油,正面,正面,0.9545692221113711,0.9545692221113711,0.03692398597309081,0.00850679191553803,1.0,1.0,1,0,0,对象评价,未明确对象,未明确方面,正面,False,
知识区,BV1zrGi6PE9B,完结撒花，祝各位金榜题名，旗开得胜！！！,正面,正面,0.8806917812495233,0.8806917812495233,0.05887473878822117,0.06043347996225548,0.0,0.0,0,0,0,无明显情感,未明确对象,未明确方面,中性,False,
知识区,BV1zrGi6PE9B,至此，你的高中也完成了重要的一个剧本：通关高中数学,正面,正面,0.8544051553729932,0.8544051553729932,0.09228628503012236,0.05330855959688442,1.0,1.0,1,0,0,对象评价,课程内容,未明确方面,正面,True,1.0
知识区,BV1zrGi6PE9B,我们也很高兴认识你 愿这份友谊长存,正面,正面,0.8437113721233389,0.8437113721233389,0.11315132764720359,0.04313730022945761,1.5,1.5,1,0,0,对象评价,未明确对象,未明确方面,正面,False,
知识区,BV1zrGi6PE9B,希望大爷都能考上理想的大学,正面,正面,0.6602344627876114,0.6602344627876114,0.19616300611834137,0.1436025310940472,0.0,0.0,0,0,0,无明显情感,未明确对象,未明确方面,中性,True,1.0
知识区,BV1zrGi6PE9B,"哈哈,最后十课刚刚看过",正面,正面,0.4867941567625191,0.4867941567625191,0.46579513345915713,0.047410709778323776,1.0,1.0,1,0,0,对象评价+自身情绪,未明确对象,娱乐与趣味,正面,False,
知识区,BV1zrGi6PE9B,上岸,正面,正面,0.6790339657665119,0.6790339657665119,0.26669415471303176,0.05427187952045642,0.0,0.0,0,0,0,无明显情感,未明确对象,未明确方面,中性,False,
知识区,BV1zrGi6PE9B,下周月考，加油,正面,正面,0.9063210794425733,0.9063210794425733,0.06082640499343282,0.0328525155639937,1.0,1.0,1,0,0,对象评价,未明确对象,未明确方面,正面,False,
知识区,BV1zrGi6PE9B,我的妈呀 能有如此毅力坚持下去 愿大家都成功！,正面,正面,0.6945786407895991,0.6945786407895991,0.20535756638037042,0.10006379283003047,1.0,1.0,1,0,0,对象评价,未明确对象,未明确方面,正面,True,1.0
知识区,BV1zrGi6PE9B,明天就高考了,正面,正面,0.5100307726842966,0.5100307726842966,0.4056537697207364,0.08431545759496693,0.0,0.0,0,0,0,无明显情感,未明确对象,未明确方面,中性,False,
知识区,BV1zrGi6PE9B,27年高考必胜,正面,正面,0.6580963581598006,0.6580963581598006,0.3049948101107653,0.03690883172943415,0.0,0.0,0,0,0,无明显情感,未明确对象,未明确方面,中性,False,
知识区,BV1zrGi6PE9B,加油各位顶峰相见,正面,正面,0.8944718287434065,0.8944718287434065,0.09010668156690717,0.015421489689686404,1.0,1.0,1,0,0,对象评价,未明确对象,未明确方面,正面,False,
知识区,BV1zrGi6PE9B,祝我2027届高考考上610+,正面,正面,0.6826397773232654,0.6826397773232654,0.26782504775538796,0.04953517492134647,0.0,0.0,0,0,0,无明显情感,未明确对象,未明确方面,中性,True,1.0
知识区,BV1zrGi6PE9B,老师可爱捏,正面,正面,0.9084874339781213,0.9084874339781213,0.06660908453807142,0.024903481483807333,1.0,1.0,1,0,0,对象评价,讲解者,未明确方面,正面,False,
知识区,BV1zrGi6PE9B,打卡结束，见证历史！！！,正面,正面,0.5013344364919425,0.5013344364919425,0.2374641187368537,0.2612014447712037,0.0,0.0,0,0,0,无明显情感,未明确对象,未明确方面,中性,True,1.0
知识区,BV1zrGi6PE9B,加油加油，你可以的，我相信你！！！,正面,正面,0.9959708654293452,0.9959708654293452,0.0015871239274862518,0.0024420106431684487,3.0,3.0,3,0,0,对象评价,未明确对象,未明确方面,正面,False,
知识区,BV1zrGi6PE9B,谢谢一哥,正面,正面,0.834583943535379,0.834583943535379,0.11968303251814433,0.04573302394647665,1.0,1.0,1,0,0,对象评价,未明确对象,未明确方面,正面,False,
知识区,BV1zrGi6PE9B,高考加油！,正面,正面,0.9768251186115878,0.9768251186115878,0.020486108498112426,0.002688772890299674,1.0,1.0,1,0,0,对象评价,未明确对象,未明确方面,正面,False,
知识区,BV1zrGi6PE9B,转换思维，决战高三，高考必胜！！！,正面,正面,0.782015255320506,0.782015255320506,0.10523762541649805,0.112747119262996,0.0,0.0,0,0,0,无明显情感,未明确对象,未明确方面,中性,False,
知识区,BV1zrGi6PE9B,完结撒花！！！愿此行，终抵群星！,正面,正面,0.9154165899870581,0.9154165899870581,0.041094366923735484,0.043489043089206404,0.0,0.0,0,0,0,无明显情感,未明确对象,未明确方面,中性,False,
知识区,BV1zrGi6PE9B,谢谢小猪老师,正面,正面,0.8474094386068362,0.8474094386068362,0.09357911034153464,0.05901145105162932,1.0,1.0,1,0,0,对象评价,讲解者,未明确方面,正面,False,
知识区,BV1zrGi6PE9B,26届高考加油,正面,正面,0.9403396965413544,0.9403396965413544,0.04926369629420781,0.010396607164437896,1.0,1.0,1,0,0,对象评价,未明确对象,未明确方面,正面,False,
知识区,BV1zrGi6PE9B,27年高考加油,正面,正面,0.9270587344064986,0.9270587344064986,0.06542347119412063,0.007517794399380792,1.0,1.0,1,0,0,对象评价,未明确对象,未明确方面,正面,False,
知识区,BV1zrGi6PE9B,我就是天气之子！！！2027中国海洋大学大气科学专业等我！！！,正面,正面,0.9700262325604284,0.9700262325604284,0.010036279265922354,0.01993748817364932,2.0,2.0,2,0,0,对象评价,未明确对象,未明确方面,正面,False,
知识区,BV1zrGi6PE9B,高二生在此祝福学长学姐高考顺利啦,正面,正面,0.665690221712337,0.665690221712337,0.23074206131081737,0.10356771697684569,1.0,1.0,1,0,0,对象评价,未明确对象,未明确方面,正面,False,
知识区,BV1zrGi6PE9B,月考和大家一起加油！！！,正面,正面,0.9073846304387688,0.9073846304387688,0.0576985443549653,0.03491682520626585,1.0,1.0,1,0,0,对象评价,未明确对象,未明确方面,正面,False,
知识区,BV1zrGi6PE9B,祝所有2026高考的学长学姐高考加油哦,正面,正面,0.9457657050774946,0.9457657050774946,0.044347858148264384,0.009886436774240987,1.0,1.0,1,0,0,对象评价,未明确对象,未明确方面,正面,False,
知识区,BV1zrGi6PE9B,2027江苏高考加油kpl等我来挑战,正面,正面,0.9487214946476156,0.9487214946476156,0.04270449795399269,0.00857400739839176,1.0,1.0,1,0,0,对象评价,未明确对象,未明确方面,正面,False,
知识区,BV1zrGi6PE9B,"结束喽,那就祝我们高考上岸,加油!",正面,正面,0.9530537015600985,0.9530537015600985,0.03559006863125317,0.011356229808648328,1.0,1.0,1,0,0,对象评价,未明确对象,未明确方面,正面,False,
知识区,BV1zrGi6PE9B,加油，最后9天了,正面,正面,0.8713486979244113,0.8713486979244113,0.08324348695891051,0.04540781511667824,1.0,1.0,1,0,0,对象评价,未明确对象,未明确方面,正面,False,
知识区,BV1zrGi6PE9B,高考一切顺利，许愿超常发挥,正面,正面,0.8998575699231255,0.8998575699231255,0.06449475890640441,0.03564767117047013,1.0,1.0,1,0,0,对象评价,未明确对象,未明确方面,正面,False,
知识区,BV1zrGi6PE9B,恭喜大家通关高中数学全部核心内容！,正面,正面,0.9239178121532261,0.9239178121532261,0.06403011069237655,0.012052077154397309,1.0,1.0,1,0,0,对象评价,课程内容,未明确方面,正面,False,
知识区,BV1zrGi6PE9B,祝2026高考的学弟学妹高考加油，一切顺利,正面,正面,0.9904591133684534,0.9904591133684534,0.005284641657820766,0.004256244973725871,2.0,2.0,2,0,0,对象评价,未明确对象,未明确方面,正面,False,
知识区,BV1zrGi6PE9B,2027上岸,正面,正面,0.7191962206488556,0.7191962206488556,0.2519496300807923,0.028854149270352195,0.0,0.0,0,0,0,无明显情感,未明确对象,未明确方面,中性,False,
知识区,BV1zrGi6PE9B,2027高考加油！,正面,正面,0.9686776064028555,0.9686776064028555,0.027553951511405987,0.0037684420857384176,1.0,1.0,1,0,0,对象评价,未明确对象,未明确方面,正面,False,
知识区,BV1zrGi6PE9B,高考大捷 上岸西南大学,正面,正面,0.7628929073935636,0.7628929073935636,0.21914465633101057,0.017962436275425757,0.0,0.0,0,0,0,无明显情感,未明确对象,未明确方面,中性,False,
知识区,BV1zrGi6PE9B,这期的时长让我很安心啊,正面,正面,0.7422368398709204,0.7422368398709204,0.12557902954918126,0.1321841305798983,1.5,1.5,1,0,0,对象评价,未明确对象,未明确方面,正面,True,1.0
知识区,BV1zrGi6PE9B,2026上岸,正面,正面,0.7558544591527124,0.7558544591527124,0.1925051892376863,0.051640351609601204,0.0,0.0,0,0,0,无明显情感,未明确对象,未明确方面,中性,False,
知识区,BV1zrGi6PE9B,大一了，还是喜欢看一数的课睡觉,正面,正面,0.47953997495430195,0.47953997495430195,0.1865329191321593,0.3339271059135388,1.0,1.0,1,0,0,对象评价,未明确对象,未明确方面,正面,False,
知识区,BV1zrGi6PE9B,关注塔菲喵，关注塔菲谢谢喵,正面,正面,0.9908022995845037,0.9908022995845037,0.006849787359219052,0.00234791305627733,3.0,3.0,3,0,0,对象评价,未明确对象,未明确方面,正面,False,
知识区,BV1zrGi6PE9B,完结撒花！感恩遇见！高考大捷！高考必胜！,正面,正面,0.9900811768447053,0.9900811768447053,0.00832934553375091,0.001589477621543816,1.0,1.0,1,0,0,对象评价,未明确对象,未明确方面,正面,False,
知识区,BV1zrGi6PE9B,完结撒花 祝我考上心仪大学,正面,正面,0.8480859926146725,0.8480859926146725,0.11020132509122774,0.04171268229409973,0.0,0.0,0,0,0,无明显情感,未明确对象,未明确方面,中性,False,
知识区,BV1zrGi6PE9B,2027深大等我,正面,正面,0.6531766987658497,0.6531766987658497,0.29816335411783135,0.0486599471163189,0.0,0.0,0,0,0,无明显情感,未明确对象,未明确方面,中性,False,
知识区,BV1zrGi6PE9B,27高考加油！！,正面,正面,0.9613199984308218,0.9613199984308218,0.031134781090527905,0.0075452204786502115,1.0,1.0,1,0,0,对象评价,未明确对象,未明确方面,正面,False,
知识区,BV1zrGi6PE9B,One last kiss,正面,正面,0.4385855092377753,0.4385855092377753,0.314667835739969,0.24674665502225576,0.0,0.0,0,0,0,无明显情感,未明确对象,未明确方面,中性,False,
知识区,BV1zrGi6PE9B,谢谢一数老师,正面,正面,0.778805144385317,0.778805144385317,0.1678340949744389,0.053360760640244004,1.0,1.0,1,0,0,对象评价,讲解者,未明确方面,正面,False,
知识区,BV1zrGi6PE9B,最后一课了，兄弟们一起加油！,正面,正面,0.7748360661187502,0.7748360661187502,0.1859660049840926,0.03919792889715721,1.0,1.0,1,0,0,对象评价,未明确对象,未明确方面,正面,False,
知识区,BV1zrGi6PE9B,2027深圳大学,正面,正面,0.4961001865330888,0.4961001865330888,0.46822481279613654,0.035675000670774525,0.0,0.0,0,0,0,无明显情感,未明确对象,未明确方面,中性,False,
知识区,BV1zrGi6PE9B,高考当天凭准考证免费上网,正面,正面,0.508827241415195,0.508827241415195,0.45523658028925473,0.03593617829555029,0.0,0.0,0,0,0,无明显情感,未明确对象,未明确方面,中性,False,
知识区,BV1zrGi6PE9B,2026年5月24日19:55 我通关了高中数学！！！,正面,正面,0.6961735812812127,0.6961735812812127,0.2294562307741033,0.07437018794468397,0.0,0.0,0,0,0,无明显情感,课程内容,未明确方面,中性,False,
知识区,BV1zrGi6PE9B,高考加油,正面,正面,0.9660429012632018,0.9660429012632018,0.02603018325898848,0.0079269154778098,1.0,1.0,1,0,0,对象评价,未明确对象,未明确方面,正面,False,
知识区,BV1zrGi6PE9B,这真的要完结撒花了呜呜呜，不要哇呜呜呜呜呜,正面,正面,0.6250011391655568,0.6250011391655568,0.08139198723381268,0.29360687360063054,0.0,0.0,0,0,0,无明显情感,未明确对象,未明确方面,中性,False,
知识区,BV1zrGi6PE9B,一轮复习加油！！ 2027 高考必胜！,正面,正面,0.9794632567938788,0.9794632567938788,0.016724539268637185,0.003812203937484005,1.0,1.0,1,0,0,对象评价,未明确对象,未明确方面,正面,False,
知识区,BV1zrGi6PE9B,高考必胜金榜题名,正面,正面,0.7237332402998802,0.7237332402998802,0.22257863445398982,0.05368812524612998,0.0,0.0,0,0,0,无明显情感,未明确对象,未明确方面,中性,False,
知识区,BV1zrGi6PE9B,高考加油！！2026届上岸！,正面,正面,0.988713268940497,0.988713268940497,0.008323500279503477,0.0029632307799994655,1.0,1.0,1,0,0,对象评价,未明确对象,未明确方面,正面,False,
知识区,BV1zrGi6PE9B,完结撒花，高考加油！,正面,正面,0.9856853996118298,0.9856853996118298,0.011002155782482427,0.0033124446056877347,1.0,1.0,1,0,0,对象评价,未明确对象,未明确方面,正面,False,
知识区,BV1zrGi6PE9B,2026各位高考大捷,正面,正面,0.6309265171921864,0.6309265171921864,0.33903204868245784,0.030041434125355884,0.0,0.0,0,0,0,无明显情感,未明确对象,未明确方面,中性,False,
知识区,BV1zrGi6PE9B,高考上600,正面,正面,0.7079607275260879,0.7079607275260879,0.25116606161224914,0.04087321086166296,0.0,0.0,0,0,0,无明显情感,未明确对象,未明确方面,中性,False,
知识区,BV1zrGi6PE9B,2027高考上岸！,正面,正面,0.8487446053572083,0.8487446053572083,0.13884851888665284,0.012406875756138873,0.0,0.0,0,0,0,无明显情感,未明确对象,未明确方面,中性,False,
知识区,BV1zrGi6PE9B,2027高考上岸617,正面,正面,0.7669122055153874,0.7669122055153874,0.20852701721065375,0.024560777273958882,0.0,0.0,0,0,0,无明显情感,未明确对象,未明确方面,中性,False,
知识区,BV1zrGi6PE9B,2027一战成名！,正面,正面,0.6587417868891529,0.6587417868891529,0.32250251585365514,0.018755697257192047,0.0,0.0,0,0,0,无明显情感,未明确对象,未明确方面,中性,False,
知识区,BV1zrGi6PE9B,好激动啊撒花,正面,正面,0.6716977482141541,0.6716977482141541,0.07113005837992514,0.25717219340592085,0.0,0.0,0,0,0,无明显情感,未明确对象,未明确方面,中性,True,1.0
知识区,BV1zrGi6PE9B,敬我们鱼死网破的胜利,正面,正面,0.8074863447974775,0.8074863447974775,0.15091025223725507,0.041603402965267336,1.0,1.0,1,0,0,对象评价,未明确对象,未明确方面,正面,True,1.0
知识区,BV1zrGi6PE9B,完结撒花，感谢陪伴！！,正面,正面,0.9809404805269385,0.9809404805269385,0.011188317038170869,0.0078712024348906,1.0,1.0,1,0,0,对象评价,未明确对象,未明确方面,正面,False,
知识区,BV1zrGi6PE9B,愿大家学业有成功不唐捐  谢谢一数 小猪老师牛逼,正面,正面,0.8404122913415073,0.8404122913415073,0.0865145074737181,0.07307320118477464,1.0,1.0,2,1,1,对象评价,讲解者,未明确方面,混合,False,
知识区,BV1zrGi6PE9B,加油 一切都会好的,正面,正面,0.9326454047265061,0.9326454047265061,0.025912765878100975,0.041441829395392774,1.0,1.0,1,0,0,对象评价,未明确对象,未明确方面,正面,False,
知识区,BV1zrGi6PE9B,加油  祝我们都能金榜题名,正面,正面,0.939764392650372,0.939764392650372,0.04081113605714641,0.01942447129248157,1.0,1.0,1,0,0,对象评价,未明确对象,未明确方面,正面,False,
知识区,BV1zrGi6PE9B,以上就是高中数学全部内容，很高兴认识大家,正面,正面,0.7911769367943887,0.7911769367943887,0.15148091908909408,0.057342144116517266,1.5,1.5,1,0,0,对象评价,课程内容,未明确方面,正面,False,
知识区,BV1zrGi6PE9B,一轮复习加油！！！相信自己可以考上理想大学！,正面,正面,0.9826543462243593,0.9826543462243593,0.011823455184792105,0.005522198590848634,2.0,2.0,2,0,0,对象评价,未明确对象,未明确方面,正面,False,
知识区,BV1zrGi6PE9B,2026高考加油,正面,正面,0.9664455862675495,0.9664455862675495,0.024552568847790803,0.009001844884659693,1.0,1.0,1,0,0,对象评价,未明确对象,未明确方面,正面,False,
知识区,BV1zrGi6PE9B,高二完结,正面,正面,0.5538180219299016,0.5538180219299016,0.37846055429521847,0.06772142377488004,0.0,0.0,0,0,0,无明显情感,未明确对象,未明确方面,中性,False,
知识区,BV1zrGi6PE9B,再见啦！高三一定继续加油吧！,正面,正面,0.8419684056301777,0.8419684056301777,0.13197028897677424,0.02606130539304808,1.0,1.0,1,0,0,对象评价,未明确对象,未明确方面,正面,False,
知识区,BV1zrGi6PE9B,加油你会如愿的,正面,正面,0.8736846044207518,0.8736846044207518,0.07427005051156217,0.0520453450676861,1.0,1.0,1,0,0,对象评价,未明确对象,未明确方面,正面,False,
知识区,BV1zrGi6PE9B,终于更新完了，谢谢小猪,正面,正面,0.872082078580612,0.872082078580612,0.08284253811569928,0.04507538330368875,0.0,0.0,1,1,1,对象评价,未明确对象,未明确方面,混合,True,1.0
知识区,BV1zrGi6PE9B,都希望我们高考得偿所愿,正面,正面,0.6105562156663118,0.6105562156663118,0.31123060362173205,0.07821318071195607,0.0,0.0,0,0,0,无明显情感,未明确对象,未明确方面,中性,False,
知识区,BV1zrGi6PE9B,2026，就是今年，厦门大学我来了,正面,正面,0.6044655717129694,0.6044655717129694,0.33616667609126016,0.05936775219577051,0.0,0.0,0,0,0,无明显情感,未明确对象,未明确方面,中性,True,1.0
知识区,BV1zrGi6PE9B,最易懂的一集,正面,正面,0.793888833085345,0.793888833085345,0.1353218577468675,0.07078930916778743,1.0,1.0,1,0,0,对象评价,未明确对象,未明确方面,正面,False,
知识区,BV1zrGi6PE9B,同上，愿27深大,正面,正面,0.6235597999139498,0.6235597999139498,0.3170572791007382,0.0593829209853119,0.0,0.0,0,0,0,无明显情感,未明确对象,未明确方面,中性,False,
知识区,BV1zrGi6PE9B,祝我高考加油！顺利上岸！,正面,正面,0.9964899590164046,0.9964899590164046,0.0022685125946746982,0.0012415283889207571,2.0,2.0,2,0,0,对象评价,未明确对象,未明确方面,正面,False,
知识区,BV1zrGi6PE9B,这下是真的完结撒花了,正面,正面,0.71483789368933,0.71483789368933,0.21029514290854862,0.07486696340212136,0.0,0.0,0,0,0,无明显情感,未明确对象,未明确方面,中性,False,
知识区,BV1zrGi6PE9B,我先来，完结撒花,正面,正面,0.806782862167669,0.806782862167669,0.10812225258900665,0.08509488524332422,0.0,0.0,0,0,0,无明显情感,未明确对象,未明确方面,中性,True,1.0
知识区,BV1zrGi6PE9B,拜拜！！,正面,正面,0.8574357046366002,0.8574357046366002,0.03741008231447176,0.1051542130489281,1.0,1.0,1,0,0,对象评价,未明确对象,未明确方面,正面,False,
知识区,BV1zrGi6PE9B,早啊各位！！！,正面,正面,0.4907679411298005,0.4907679411298005,0.19171644543627123,0.31751561343392826,0.0,0.0,0,0,0,无明显情感,未明确对象,未明确方面,中性,False,
知识区,BV1zrGi6PE9B,山东27届向全国各位26届学长学姐呈上最真挚的祝福！！！！！！！！！！！！！！！！！！！！！！！！！！！！！！！！！！！！！！！！！！！！！！！！！！！！！！！！！！！！！！！！！！！！！！！！！！！,正面,正面,0.9999075954615102,0.9999075954615102,8.692127918006121e-05,5.483259309802462e-06,0.0,0.0,0,0,0,无明显情感,未明确对象,未明确方面,中性,False,
知识区,BV1zrGi6PE9B,2026六月六号，高考加油！,正面,正面,0.9782624610458959,0.9782624610458959,0.017188854467432544,0.0045486844866714764,1.0,1.0,1,0,0,对象评价,未明确对象,未明确方面,正面,False,
知识区,BV1zrGi6PE9B,明天高考了,正面,正面,0.5125068772573432,0.5125068772573432,0.42720217026771845,0.06029095247493834,0.0,0.0,0,0,0,无明显情感,未明确对象,未明确方面,中性,False,
知识区,BV1zrGi6PE9B,我要考到130！！！,正面,正面,0.5982033439596129,0.5982033439596129,0.2519022977900143,0.14989435825037273,0.0,0.0,0,0,0,无明显情感,未明确对象,未明确方面,中性,True,1.0
知识区,BV1zrGi6PE9B,祝大家高考数学120+,正面,正面,0.6817259680924862,0.6817259680924862,0.2397119728438893,0.07856205906362444,0.0,0.0,0,0,0,无明显情感,课程内容,未明确方面,中性,False,
知识区,BV1zrGi6PE9B,2027高考大捷,正面,正面,0.5972845359771947,0.5972845359771947,0.3662040215740967,0.03651144244870851,0.0,0.0,0,0,0,无明显情感,未明确对象,未明确方面,中性,False,
知识区,BV1zrGi6PE9B,2027武汉大学等我,正面,正面,0.6910965937042601,0.6910965937042601,0.27032326359593944,0.03858014269980039,0.0,0.0,0,0,0,无明显情感,未明确对象,未明确方面,中性,False,
知识区,BV1zrGi6PE9B,明天高考加油,正面,正面,0.9473240037548887,0.9473240037548887,0.041561061080259566,0.011114935164851712,1.0,1.0,1,0,0,对象评价,未明确对象,未明确方面,正面,False,
知识区,BV1zrGi6PE9B,高考加油呀,正面,正面,0.9686682892263418,0.9686682892263418,0.022287411514683567,0.009044299258974483,1.0,1.0,1,0,0,对象评价,未明确对象,未明确方面,正面,False,
知识区,BV1zrGi6PE9B,上完这节课就真的完结撒花了,正面,正面,0.7962123350469823,0.7962123350469823,0.09827110069508795,0.10551656425792971,0.0,0.0,0,0,0,无明显情感,未明确对象,未明确方面,中性,False,
知识区,BV1zrGi6PE9B,明天是我生日，祝各位考生旗开得胜，金榜题名    高考加油[打call][打call][打call],正面,正面,0.9275650253357397,0.9275650253357397,0.04536761953999937,0.027067355124260985,1.0,1.0,1,0,0,对象评价,未明确对象,未明确方面,正面,False,
知识区,BV1zrGi6PE9B,高考必胜,正面,正面,0.6761550418733207,0.6761550418733207,0.27297435915905544,0.05087059896762391,0.0,0.0,0,0,0,无明显情感,未明确对象,未明确方面,中性,False,
知识区,BV1zrGi6PE9B,2026高考加油！金榜题名！成功上岸！！！,正面,正面,0.9971498602495442,0.9971498602495442,0.0019122926844890593,0.0009378470659667203,2.0,2.0,2,0,0,对象评价,未明确对象,未明确方面,正面,False,
知识区,BV1zrGi6PE9B,加油,正面,正面,0.9541891681854181,0.9541891681854181,0.013720171159061309,0.03209066065552048,1.0,1.0,1,0,0,对象评价,未明确对象,未明确方面,正面,True,1.0
知识区,BV1zrGi6PE9B,背景音乐：one last kiss,正面,正面,0.4318792750369718,0.4318792750369718,0.30779502058364144,0.26032570437938674,0.0,0.0,0,0,0,无明显情感,未明确对象,未明确方面,中性,False,
知识区,BV1zrGi6PE9B,见证历史！,正面,正面,0.5440374140437729,0.5440374140437729,0.42514974784539145,0.030812838110835628,0.0,0.0,0,0,0,无明显情感,未明确对象,未明确方面,中性,False,
知识区,BV1zrGi6PE9B,加油高考数学及格,正面,正面,0.9424414399960929,0.9424414399960929,0.028211807658955868,0.029346752344951193,1.0,1.0,1,0,0,对象评价,课程内容,未明确方面,正面,False,
知识区,BV1zrGi6PE9B,后天高考了(ಥ﹏ಥ),正面,正面,0.5237944298577129,0.5237944298577129,0.4312794847154404,0.04492608542684675,0.0,0.0,0,0,0,无明显情感,未明确对象,未明确方面,中性,False,
知识区,BV1zrGi6PE9B,加油加油,正面,正面,0.9897100024494765,0.9897100024494765,0.0032468867236572427,0.007043110826866353,2.0,2.0,2,0,0,对象评价,未明确对象,未明确方面,正面,True,1.0
知识区,BV1zrGi6PE9B,2027广东财经金融系必上！！！,正面,正面,0.7308863407041656,0.7308863407041656,0.17169226727327422,0.09742139202256023,0.0,0.0,0,0,0,无明显情感,未明确对象,未明确方面,中性,False,
知识区,BV1zrGi6PE9B,完结撒花！！！,正面,正面,0.8782289178714735,0.8782289178714735,0.07531484054565636,0.046456241582870074,0.0,0.0,0,0,0,无明显情感,未明确对象,未明确方面,中性,True,1.0
知识区,BV1zrGi6PE9B,完结撒花，2027高考加油,正面,正面,0.9814643941547835,0.9814643941547835,0.013800128903012044,0.0047354769422046136,1.0,1.0,1,0,0,对象评价,未明确对象,未明确方面,正面,False,
知识区,BV1zrGi6PE9B,2026高考必胜，金榜题名,正面,正面,0.8378937787232976,0.8378937787232976,0.11462141066081175,0.047484810615890674,0.0,0.0,0,0,0,无明显情感,未明确对象,未明确方面,中性,False,
知识区,BV1zrGi6PE9B,2027西政！,正面,正面,0.6581430755417592,0.6581430755417592,0.3243672943852498,0.01748963007299097,0.0,0.0,0,0,0,无明显情感,未明确对象,未明确方面,中性,False,
知识区,BV1zrGi6PE9B,2026高考加油！,正面,正面,0.9775304991064533,0.9775304991064533,0.018487223341085848,0.00398227755246094,1.0,1.0,1,0,0,对象评价,未明确对象,未明确方面,正面,False,
知识区,BV1zrGi6PE9B,2027高考600+,正面,正面,0.5968893329333107,0.5968893329333107,0.3634893729945229,0.03962129407216642,0.0,0.0,0,0,0,无明显情感,未明确对象,未明确方面,中性,False,
知识区,BV1zrGi6PE9B,2026陕西师范大学上岸,正面,正面,0.7789665368235769,0.7789665368235769,0.17467287047531666,0.046360592701106505,0.0,0.0,0,0,0,无明显情感,未明确对象,未明确方面,中性,False,
知识区,BV1zrGi6PE9B,谢谢您，金榜题名，上岸深大,正面,正面,0.9551897045557711,0.9551897045557711,0.02637604304930518,0.018434252394923786,1.0,1.0,1,0,0,对象评价,未明确对象,未明确方面,正面,False,
知识区,BV1zrGi6PE9B,老谢，加油！,正面,正面,0.9763325544304786,0.9763325544304786,0.01697192343784265,0.0066955221316786625,1.0,1.0,1,0,0,对象评价,未明确对象,未明确方面,正面,False,
知识区,BV1zrGi6PE9B,2027高考加油!!,正面,正面,0.9242668655069374,0.9242668655069374,0.066226073172408,0.009507061320654672,1.0,1.0,1,0,0,对象评价,未明确对象,未明确方面,正面,False,
知识区,BV1zrGi6PE9B,高考加油顺顺利利，如愿以偿，我要去沿海城市！！！,正面,正面,0.9919200853040797,0.9919200853040797,0.0022359947813112725,0.005843919914608979,2.0,2.0,2,0,0,对象评价,未明确对象,未明确方面,正面,False,
知识区,BV1zrGi6PE9B,2027高考大捷！！！,正面,正面,0.8073720804961613,0.8073720804961613,0.1490843830283271,0.043543536475511714,0.0,0.0,0,0,0,无明显情感,未明确对象,未明确方面,中性,False,
知识区,BV1zrGi6PE9B,高考上岸本一 加油！,正面,正面,0.9859923792985626,0.9859923792985626,0.01203121979699641,0.0019764009044408123,1.0,1.0,1,0,0,对象评价,未明确对象,未明确方面,正面,False,
知识区,BV1zrGi6PE9B,2026.5月31日通关，愿2027高考上岸,正面,正面,0.8338148720369646,0.8338148720369646,0.1319015551639419,0.03428357279909343,0.0,0.0,0,0,0,无明显情感,未明确对象,未明确方面,中性,False,
知识区,BV1zrGi6PE9B,26清华！！！,正面,正面,0.5498613950605457,0.5498613950605457,0.191987447962814,0.25815115697664043,0.0,0.0,0,0,0,无明显情感,未明确对象,未明确方面,中性,False,
知识区,BV1zrGi6PE9B,还有7天！加油！,正面,正面,0.9219543613210255,0.9219543613210255,0.07051942596302863,0.007526212715945941,1.0,1.0,1,0,0,对象评价,未明确对象,未明确方面,正面,False,
知识区,BV1zrGi6PE9B,2027厦门大学等我,正面,正面,0.6910965937042601,0.6910965937042601,0.27032326359593944,0.03858014269980039,0.0,0.0,0,0,0,无明显情感,未明确对象,未明确方面,中性,False,
知识区,BV1zrGi6PE9B,真的很感谢一数,正面,正面,0.8549288094106295,0.8549288094106295,0.09115357478628652,0.05391761580308392,1.4,1.4,1,0,0,对象评价,未明确对象,未明确方面,正面,False,
知识区,BV1zrGi6PE9B,2027中国海洋大学大气科学专业等我！！！,正面,正面,0.9831099279604213,0.9831099279604213,0.008214176641604252,0.008675895397974481,2.0,2.0,2,0,0,对象评价,未明确对象,未明确方面,正面,False,
知识区,BV1zrGi6PE9B,2026高考必胜,正面,正面,0.7759878911148101,0.7759878911148101,0.17940022090498753,0.044611887980202276,0.0,0.0,0,0,0,无明显情感,未明确对象,未明确方面,中性,False,
知识区,BV1zrGi6PE9B,27届高考上岸,正面,正面,0.685908330806223,0.685908330806223,0.2876373492183334,0.02645431997544349,0.0,0.0,0,0,0,无明显情感,未明确对象,未明确方面,中性,False,
知识区,BV1zrGi6PE9B,2027高考我们皆上岸,正面,正面,0.767087786768286,0.767087786768286,0.20867027890486353,0.0242419343268504,0.0,0.0,0,0,0,无明显情感,未明确对象,未明确方面,中性,False,
知识区,BV1zrGi6PE9B,支持马刺,正面,正面,0.8190825466954517,0.8190825466954517,0.10635011262845831,0.07456734067608994,1.0,1.0,1,0,0,对象评价+立场,未明确对象,未明确方面,正面,False,
知识区,BV1zrGi6PE9B,2027年山大上岸,正面,正面,0.7361534446400217,0.7361534446400217,0.23155093451877234,0.03229562084120596,0.0,0.0,0,0,0,无明显情感,未明确对象,未明确方面,中性,False,
知识区,BV1zrGi6PE9B,祝各位高考加油,正面,正面,0.9385598151709561,0.9385598151709561,0.05467421748048357,0.006765967348560402,1.0,1.0,1,0,0,对象评价,未明确对象,未明确方面,正面,False,
知识区,BV1zrGi6PE9B,学长学姐高考加油！！！,正面,正面,0.9563805585054663,0.9563805585054663,0.021771065773653252,0.021848375720880428,1.0,1.0,1,0,0,对象评价,未明确对象,未明确方面,正面,False,
知识区,BV1zrGi6PE9B,如果你看见这个弹幕，你明天会非常好运（记住一定要传四个视频）,正面,正面,0.8259709726394536,0.8259709726394536,0.10375981619089354,0.0702692111696529,1.0,1.0,1,0,0,对象评价,视频内容,未明确方面,正面,False,
知识区,BV1zrGi6PE9B,香港大学等我！！！,正面,正面,0.6700274949690843,0.6700274949690843,0.1453517833486251,0.18462072168229068,0.0,0.0,0,0,0,无明显情感,未明确对象,未明确方面,中性,False,
知识区,BV1zrGi6PE9B,2027，我要上630,正面,正面,0.7295842581689508,0.7295842581689508,0.2284706343085132,0.04194510752253605,0.0,0.0,0,0,0,无明显情感,未明确对象,未明确方面,中性,False,
知识区,BV1zrGi6PE9B,谢谢一数,正面,正面,0.7550924050265904,0.7550924050265904,0.16729314593092706,0.07761444904248252,1.0,1.0,1,0,0,对象评价,未明确对象,未明确方面,正面,False,
知识区,BV1zrGi6PE9B,感谢一路陪伴,正面,正面,0.8319836126149714,0.8319836126149714,0.05872132955682403,0.10929505782820448,1.0,1.0,1,0,0,对象评价,未明确对象,未明确方面,正面,False,
知识区,BV1zrGi6PE9B,2027南京大学等我,正面,正面,0.6910965937042601,0.6910965937042601,0.27032326359593944,0.03858014269980039,0.0,0.0,0,0,0,无明显情感,未明确对象,未明确方面,中性,False,
知识区,BV1zrGi6PE9B,同志们，2027年，你我顶峰相见,正面,正面,0.6492119330308758,0.6492119330308758,0.28244110435667963,0.06834696261244452,0.0,0.0,0,0,0,无明显情感,未明确对象,未明确方面,中性,False,
知识区,BV1zrGi6PE9B,高考620！,正面,正面,0.6947022625342124,0.6947022625342124,0.2933535467542822,0.011944190711505487,0.0,0.0,0,0,0,无明显情感,未明确对象,未明确方面,中性,False,
知识区,BV1zrGi6PE9B,2027高考必胜！,正面,正面,0.8244057967749643,0.8244057967749643,0.15524780290389165,0.020346400321143935,0.0,0.0,0,0,0,无明显情感,未明确对象,未明确方面,中性,False,
知识区,BV1zrGi6PE9B,29.5.29看完，愿我高考大捷，无怨无悔,正面,正面,0.4835596846475309,0.4835596846475309,0.4160779953434615,0.1003623200090075,0.0,0.0,0,0,0,无明显情感,未明确对象,未明确方面,中性,False,
知识区,BV1zrGi6PE9B,完结撒花，再见！,正面,正面,0.7773294685238228,0.7773294685238228,0.17476406786412987,0.04790646361204747,0.0,0.0,0,0,0,无明显情感,未明确对象,未明确方面,中性,False,
知识区,BV1zrGi6PE9B,2027哈工程上岸,正面,正面,0.7185299320968029,0.7185299320968029,0.24837821171109786,0.03309185619209911,0.0,0.0,0,0,0,无明显情感,未明确对象,未明确方面,中性,False,
知识区,BV1zrGi6PE9B,高考加油，上岸,正面,正面,0.9737087384836639,0.9737087384836639,0.018978674280500835,0.007312587235835325,1.0,1.0,1,0,0,对象评价,未明确对象,未明确方面,正面,False,
知识区,BV1zrGi6PE9B,“当你全部看完了它，你会变成数学的热情小哈”,正面,中性,0.5108335524460026,0.28178806391473393,0.5108335524460026,0.20737838363926342,-1.0,-1.0,0,1,0,对象评价,课程内容,未明确方面,负面,True,1.0
知识区,BV1zrGi6PE9B,结束喽，那就祝我们高考上岸，加油！,正面,正面,0.9834598507431278,0.9834598507431278,0.011003270874005478,0.005536878382866859,1.0,1.0,1,0,0,对象评价,未明确对象,未明确方面,正面,False,
知识区,BV1zrGi6PE9B,2027清华等我,正面,正面,0.6531766987658497,0.6531766987658497,0.29816335411783135,0.0486599471163189,0.0,0.0,0,0,0,无明显情感,未明确对象,未明确方面,中性,False,
知识区,BV1zrGi6PE9B,一定要看完，别担心，一定能看完的，坚持,正面,正面,0.7994635392891434,0.7994635392891434,0.11891667297203401,0.0816197877388227,1.0,1.0,1,0,0,对象评价,未明确对象,未明确方面,正面,True,1.0
知识区,BV1zrGi6PE9B,谢谢老师，没有老师就没有现在努力的我,正面,正面,0.6486519872055544,0.6486519872055544,0.11200151580388357,0.239346496990562,1.0,1.0,1,0,0,对象评价,讲解者,未明确方面,正面,True,1.0
知识区,BV1zrGi6PE9B,下周日高考加油！,正面,正面,0.9412450128835985,0.9412450128835985,0.05471344246562659,0.004041544650774942,1.0,1.0,1,0,0,对象评价,未明确对象,未明确方面,正面,False,
知识区,BV1zrGi6PE9B,终于把数学笔记都补充完整了，希望2026年的数学能上110+，最后10天，加油考上中山大学!,正面,正面,0.9804816370920151,0.9804816370920151,0.0033071229265353623,0.016211239981449604,2.0,2.0,2,0,0,对象评价,课程内容,未明确方面,正面,False,
知识区,BV1zrGi6PE9B,26年高考大捷！,正面,正面,0.5785887771919651,0.5785887771919651,0.3999121352148298,0.021499087593205013,0.0,0.0,0,0,0,无明显情感,未明确对象,未明确方面,中性,False,
知识区,BV1zrGi6PE9B,完结散花,正面,正面,0.5053308075423807,0.5053308075423807,0.39604970313095317,0.09861948932666613,0.0,0.0,0,0,0,无明显情感,未明确对象,未明确方面,中性,False,
知识区,BV1zrGi6PE9B,2027北师大等我,正面,正面,0.6531766987658497,0.6531766987658497,0.29816335411783135,0.0486599471163189,0.0,0.0,0,0,0,无明显情感,未明确对象,未明确方面,中性,False,
知识区,BV1zrGi6PE9B,2027我要考620分,正面,正面,0.6894064601129284,0.6894064601129284,0.2755425919850154,0.03505094790205621,0.0,0.0,0,0,0,无明显情感,未明确对象,未明确方面,中性,True,1.0
知识区,BV1zrGi6PE9B,2027北师大上岸！,正面,正面,0.8222419279150639,0.8222419279150639,0.16401974186505203,0.013738330219884073,0.0,0.0,0,0,0,无明显情感,未明确对象,未明确方面,中性,False,
知识区,BV1zrGi6PE9B,2027厦门大学！加油！平芜尽处是春山！,正面,正面,0.9701821852149973,0.9701821852149973,0.02728433344579122,0.0025334813392115033,1.0,1.0,1,0,0,对象评价,未明确对象,未明确方面,正面,False,
知识区,BV1zrGi6PE9B,这字写的挺好啊,正面,正面,0.7359269061489299,0.7359269061489299,0.06021302039874061,0.20386007345232957,1.0,1.0,1,0,0,对象评价,未明确对象,未明确方面,正面,False,
知识区,BV1zrGi6PE9B,完结撒花！！！！！！！！！,正面,正面,0.8244892551360776,0.8244892551360776,0.1001292232854524,0.07538152157846989,0.0,0.0,0,0,0,无明显情感,未明确对象,未明确方面,中性,True,1.0
知识区,BV1zrGi6PE9B,26届高考460+,正面,正面,0.47791951131352806,0.47791951131352806,0.44321711989816265,0.0788633687883092,0.0,0.0,0,0,0,无明显情感,未明确对象,未明确方面,中性,False,
知识区,BV1zrGi6PE9B,下次见面就在一高数了，三年陪伴，感谢有您,正面,正面,0.6405923531656207,0.6405923531656207,0.0748134533552547,0.2845941934791246,1.0,1.0,1,0,0,对象评价,未明确对象,未明确方面,正面,True,1.0
知识区,BV1zrGi6PE9B,27年高考上岸！！,正面,正面,0.8582192590626395,0.8582192590626395,0.12334944955231478,0.018431291385045734,0.0,0.0,0,0,0,无明显情感,未明确对象,未明确方面,中性,False,
知识区,BV1zrGi6PE9B,完结撒花！,正面,正面,0.8514824191957627,0.8514824191957627,0.12347350616602441,0.025044074638212926,0.0,0.0,0,0,0,无明显情感,未明确对象,未明确方面,中性,False,
知识区,BV1zrGi6PE9B,27，我要上630,正面,正面,0.5441562954858018,0.5441562954858018,0.3922924647094809,0.06355123980471725,0.0,0.0,0,0,0,无明显情感,未明确对象,未明确方面,中性,False,
知识区,BV1zrGi6PE9B,2026高考必胜！我要上汕头大学,正面,正面,0.7878779699561835,0.7878779699561835,0.15589766787636042,0.056224362167455966,-1.0,-1.0,0,1,0,对象评价,未明确对象,未明确方面,负面,True,1.0
知识区,BV1zrGi6PE9B,谢谢恩师！！！,正面,正面,0.8822505554734079,0.8822505554734079,0.050370296152986736,0.06737914837360523,1.0,1.0,1,0,0,对象评价,未明确对象,未明确方面,正面,False,
知识区,BV1zrGi6PE9B,2027高考大捷  很高兴认识一系列和大家,正面,正面,0.8981172946799736,0.8981172946799736,0.09339756321986012,0.00848514210016618,1.5,1.5,1,0,0,对象评价,未明确对象,未明确方面,正面,True,1.0
知识区,BV1zrGi6PE9B,学长学姐加油,正面,正面,0.9313959791256385,0.9313959791256385,0.0457037926195185,0.022900228254842895,1.0,1.0,1,0,0,对象评价,未明确对象,未明确方面,正面,False,
知识区,BV1zrGi6PE9B,高考加油 至少上一个好一点的一本,正面,正面,0.8935583558800776,0.8935583558800776,0.05039958276000639,0.056042061359915976,1.0,1.0,1,0,0,对象评价,未明确对象,未明确方面,正面,False,
知识区,BV1zrGi6PE9B,完结撒花，祝你我都可以上岸理想大学,正面,正面,0.9406551615070694,0.9406551615070694,0.03338885303467112,0.025955985458259515,1.0,1.0,1,0,0,对象评价,未明确对象,未明确方面,正面,True,1.0
知识区,BV1zrGi6PE9B,完结撒花！2027高考必胜 530+++,正面,正面,0.912664782961786,0.912664782961786,0.07383228482042112,0.013502932217792876,0.0,0.0,0,0,0,无明显情感,未明确对象,未明确方面,中性,False,
知识区,BV1zrGi6PE9B,高考加油，都上岸,正面,正面,0.951673943412974,0.951673943412974,0.026951458833384272,0.021374597753641655,1.0,1.0,1,0,0,对象评价,未明确对象,未明确方面,正面,False,
知识区,BV1zrGi6PE9B,这个文字平移好高级,正面,负面,0.5066069178264452,0.38251782711476356,0.11087525505879121,0.5066069178264452,1.0,1.0,1,0,0,对象评价,未明确对象,未明确方面,正面,True,1.0
知识区,BV1zrGi6PE9B,2027高考顺利上岸,正面,正面,0.9440046538248097,0.9440046538248097,0.03983452357743263,0.016160822597757647,1.0,1.0,1,0,0,对象评价,未明确对象,未明确方面,正面,False,
知识区,BV1zrGi6PE9B,在此致敬！高中课本所有内容结束！,正面,正面,0.7331664046607493,0.7331664046607493,0.23304623417099693,0.0337873611682537,1.0,1.0,1,0,0,对象评价,未明确对象,未明确方面,正面,False,
知识区,BV1zrGi6PE9B,距离高考还有12天感谢一数公益 我一定可以和她考到一起,正面,正面,0.9133641353567035,0.9133641353567035,0.06769545976578253,0.018940404877514,2.0,2.0,2,0,0,对象评价,未明确对象,未明确方面,正面,False,
知识区,BV1zrGi6PE9B,27我要上上交,正面,正面,0.5727989782161251,0.5727989782161251,0.37752654344756714,0.049674478336307726,0.0,0.0,0,0,0,无明显情感,未明确对象,未明确方面,中性,False,
知识区,BV1zrGi6PE9B,虽然我每节课都没有好好学，但还是要关注阿婆主,正面,负面,0.5575044171421553,0.3557003816202696,0.08679520123757514,0.5575044171421553,1.0,1.0,1,0,0,对象评价,未明确对象,未明确方面,正面,True,1.0
知识区,BV1zrGi6PE9B,2026年5.25   1点28分我通关了高中数学,正面,正面,0.593437733567325,0.593437733567325,0.2702597129184299,0.13630255351424506,0.0,0.0,0,0,0,无明显情感,课程内容,未明确方面,中性,True,1.0
知识区,BV1zrGi6PE9B,2027高考顺利！加油,正面,正面,0.9927283791452993,0.9927283791452993,0.005215429832249219,0.0020561910224513686,2.0,2.0,2,0,0,对象评价,未明确对象,未明确方面,正面,False,
知识区,BV1zrGi6PE9B,大家都辛苦了！,正面,正面,0.7819059692557996,0.7819059692557996,0.19770709492324154,0.020386935820958862,1.0,1.0,1,0,0,对象评价,未明确对象,未明确方面,正面,False,
知识区,BV1zrGi6PE9B,接下来高三加油,正面,正面,0.7954989518930982,0.7954989518930982,0.1480673026254273,0.05643374548147452,1.0,1.0,1,0,0,对象评价,未明确对象,未明确方面,正面,False,
知识区,BV1zrGi6PE9B,见证历史了，2027年高考，600分必拿下,正面,正面,0.9224914672393063,0.9224914672393063,0.05409559841795605,0.02341293434273775,1.0,1.0,1,0,0,对象评价,未明确对象,未明确方面,正面,False,
知识区,BV1zrGi6PE9B,完结撒花！27必胜！,正面,正面,0.8814590441664515,0.8814590441664515,0.10209392411596253,0.016447031717586016,0.0,0.0,0,0,0,无明显情感,未明确对象,未明确方面,中性,False,
知识区,BV1zrGi6PE9B,各位高考加油！,正面,正面,0.9588226063545712,0.9588226063545712,0.03851937308376624,0.0026580205616626314,1.0,1.0,1,0,0,对象评价,未明确对象,未明确方面,正面,False,
知识区,BV1zrGi6PE9B,泪目了，谢谢一树老师陪我走完了整个高中数学，X﹏X,正面,正面,0.7977857796623004,0.7977857796623004,0.07567021109074742,0.12654400924695217,1.0,1.0,2,1,1,对象评价+自身情绪,讲解者+课程内容,未明确方面,混合,True,1.0
知识区,BV1zrGi6PE9B,还有one last kiss 听，望27年能够有个好成绩,正面,正面,0.5653709280137208,0.5653709280137208,0.20478885149513426,0.22984022049114497,0.0,0.0,0,0,0,无明显情感,未明确对象,未明确方面,中性,True,1.0
知识区,BV1zrGi6PE9B,我去666大完结！！！！！！！！！！！！！！！！！！！！！！！！！！！！！！！！！！！！！！！！！！！！！,正面,正面,0.9989855104818344,0.9989855104818344,0.0008957633699603606,0.0001187261482052231,1.0,1.0,1,0,0,对象评价,未明确对象,未明确方面,正面,False,
知识区,BV1zrGi6PE9B,小猪老师真的陪伴了我很久，从数学70多提高到120，比我上什么一对一有用，感谢老师！,正面,正面,0.9575821319267264,0.9575821319267264,0.010369795302199347,0.03204807277107438,2.0,2.0,2,0,0,对象评价,讲解者+课程内容,实用与收获,正面,False,
知识区,BV1zrGi6PE9B,2026高考顺利！,正面,正面,0.942007200941806,0.942007200941806,0.04065582784813702,0.017336971210056912,1.0,1.0,1,0,0,对象评价,未明确对象,未明确方面,正面,False,
知识区,BV1zrGi6PE9B,完结撒花 感谢猪哥,正面,正面,0.963507032001438,0.963507032001438,0.024791111413619744,0.011701856584942251,1.0,1.0,1,0,0,对象评价,未明确对象,未明确方面,正面,False,
知识区,BV1zrGi6PE9B,统计是最简单的模块,正面,正面,0.5940101877633985,0.5940101877633985,0.15091465209180618,0.25507516014479537,1.0,1.0,1,0,0,对象评价,未明确对象,理解与难度,正面,True,1.0
知识区,BV1zrGi6PE9B,很高兴认识老师  2027高考加油,正面,正面,0.9924239323191426,0.9924239323191426,0.0061433578847815105,0.0014327097960759733,2.5,2.5,2,0,0,对象评价,讲解者,未明确方面,正面,False,
知识区,BV1zrGi6PE9B,加油加油!数学要上120+!,正面,正面,0.9845976222212368,0.9845976222212368,0.0065125702971947025,0.00888980748156851,2.0,2.0,2,0,0,对象评价,课程内容,未明确方面,正面,False,
知识区,BV1zrGi6PE9B,2027高考上岸,正面,正面,0.776589757637111,0.776589757637111,0.1993449079007948,0.024065334462094263,0.0,0.0,0,0,0,无明显情感,未明确对象,未明确方面,中性,False,
知识区,BV1zrGi6PE9B,完结撒花（doge）,正面,正面,0.6871585846813523,0.6871585846813523,0.27402383585429313,0.038817579464354594,0.0,0.0,0,0,0,无明显情感,未明确对象,未明确方面,中性,False,
知识区,BV1zrGi6PE9B,泪目，我真的一路看过来的，现在有种离别的感觉，感慨万千,正面,正面,0.5805968221499965,0.5805968221499965,0.059717233817483145,0.3596859440325203,1.0,1.0,1,0,0,对象评价+自身情绪,未明确对象,未明确方面,正面,True,1.0
知识区,BV1zrGi6PE9B,愿一切安好,正面,正面,0.8256233798127003,0.8256233798127003,0.12105084080120271,0.05332577938609706,1.0,1.0,1,0,0,对象评价,未明确对象,未明确方面,正面,False,
知识区,BV1zrGi6PE9B,26年河北高考加油还有12天,正面,正面,0.8534137040566908,0.8534137040566908,0.1299901660892824,0.01659612985402682,1.0,1.0,1,0,0,对象评价,未明确对象,未明确方面,正面,False,
知识区,BV1zrGi6PE9B,完结撒花，感谢小猪,正面,正面,0.970626295228622,0.970626295228622,0.0206352649046348,0.008738439866743192,1.0,1.0,1,0,0,对象评价,未明确对象,未明确方面,正面,False,
知识区,BV1zrGi6PE9B,完结撒花，谢谢小猪,正面,正面,0.9646690012999887,0.9646690012999887,0.022759012314229405,0.012571986385781836,1.0,1.0,1,0,0,对象评价,未明确对象,未明确方面,正面,False,
知识区,BV1zrGi6PE9B,愿27深大635分一轮复习加油！！ 2027 高考必胜！  感谢小猪老师,正面,正面,0.9961701137729122,0.9961701137729122,0.0027853500548668266,0.0010445361722209777,2.0,2.0,2,0,0,对象评价,讲解者,未明确方面,正面,False,
知识区,BV1zrGi6PE9B,640+国防科技大学等我！！！,正面,正面,0.6126842524278334,0.6126842524278334,0.16405426666842587,0.22326148090374065,0.0,0.0,0,0,0,无明显情感,未明确对象,未明确方面,中性,True,1.0
知识区,BV1zrGi6PE9B,加油高考必胜,正面,正面,0.9638555241729351,0.9638555241729351,0.02515294073298128,0.010991535094083762,1.0,1.0,1,0,0,对象评价,未明确对象,未明确方面,正面,False,
知识区,BV1zrGi6PE9B,完结,正面,正面,0.5073200335475223,0.5073200335475223,0.4002716000479055,0.09240836640457217,0.0,0.0,0,0,0,无明显情感,未明确对象,未明确方面,中性,False,
知识区,BV1zrGi6PE9B,完结撒花 爱你小猪老师！！！,正面,正面,0.8956212911118855,0.8956212911118855,0.03965516337765128,0.06472354551046328,0.0,0.0,0,0,0,无明显情感,讲解者,未明确方面,中性,False,
知识区,BV1zrGi6PE9B,山高路远 我们来日方长 友谊长存！,正面,正面,0.5299914382431162,0.5299914382431162,0.43486888868074536,0.03513967307613835,0.0,0.0,0,0,0,无明显情感,未明确对象,未明确方面,中性,False,
知识区,BV1zrGi6PE9B,终于等到了,正面,正面,0.7037348602612793,0.7037348602612793,0.18835153701560142,0.10791360272311934,0.0,0.0,0,0,0,无明显情感,未明确对象,未明确方面,中性,False,
知识区,BV1zrGi6PE9B,开课！,正面,正面,0.5436060746263695,0.5436060746263695,0.4276577118096957,0.02873621356393484,0.0,0.0,0,0,0,无明显情感,未明确对象,未明确方面,中性,False,
知识区,BV1zrGi6PE9B,终于要完结了吗？我终于可以复习了吗？,正面,正面,0.5473441341438715,0.5473441341438715,0.28201806151072656,0.17063780434540188,1.0,1.0,1,0,0,对象评价,未明确对象,未明确方面,正面,True,1.0
知识区,BV1zrGi6PE9B,2027年高考加油,正面,正面,0.9556771811074536,0.9556771811074536,0.03968530953782529,0.004637509354721075,1.0,1.0,1,0,0,对象评价,未明确对象,未明确方面,正面,False,
知识区,BV1zrGi6PE9B,高考加油继续前行永不退缩,正面,正面,0.9326890135671416,0.9326890135671416,0.05825093138860431,0.00906005504425409,1.0,1.0,1,0,0,对象评价,未明确对象,未明确方面,正面,False,
知识区,BV1zrGi6PE9B,6,正面,中性,0.5700297175849873,0.33372394122377874,0.5700297175849873,0.09624634119123383,0.0,0.0,0,0,0,无明显情感,未明确对象,未明确方面,中性,True,1.0
知识区,BV1zrGi6PE9B,在α上面，写一行1-α，不要谢谢我，谢谢,正面,正面,0.9450406190631455,0.9450406190631455,0.019060397475903625,0.0358989834609509,2.0,2.0,2,0,0,对象评价,未明确对象,未明确方面,正面,False,
知识区,BV1zrGi6PE9B,高考600＋ 西政等我,正面,正面,0.5929616888402589,0.5929616888402589,0.3371666924264848,0.0698716187332563,0.0,0.0,0,0,0,无明显情感,未明确对象,未明确方面,中性,False,
知识区,BV1zrGi6PE9B,666还有棋盘法,正面,正面,0.6502522851337285,0.6502522851337285,0.3045959765853964,0.04515173828087519,1.0,1.0,1,0,0,对象评价,未明确对象,未明确方面,正面,False,
知识区,BV1zrGi6PE9B,完结撒花，高考加油,正面,正面,0.9791909358979572,0.9791909358979572,0.014649896819800343,0.006159167282242457,1.0,1.0,1,0,0,对象评价,未明确对象,未明确方面,正面,False,
知识区,BV1zrGi6PE9B,谢谢小猪老师辛苦了！,正面,正面,0.9727411737371919,0.9727411737371919,0.019949843261611942,0.007308983001196215,2.0,2.0,2,0,0,对象评价,讲解者,未明确方面,正面,False,
知识区,BV1zrGi6PE9B,大家加油啊！,正面,正面,0.9582211806509376,0.9582211806509376,0.028979010136809487,0.012799809212252922,1.0,1.0,1,0,0,对象评价,未明确对象,未明确方面,正面,False,
知识区,BV1zrGi6PE9B,见证历史，谢谢亲爱的老师们,正面,正面,0.8529099882437979,0.8529099882437979,0.11412027965134007,0.03296973210486211,1.0,1.0,1,0,0,对象评价,讲解者,未明确方面,正面,False,
知识区,BV1zrGi6PE9B,今年高考加油 完结撒花 中山大学等我,正面,正面,0.9843644581962396,0.9843644581962396,0.011331374632471155,0.0043041671712891584,1.0,1.0,1,0,0,对象评价,未明确对象,未明确方面,正面,False,
知识区,BV1zrGi6PE9B,完结撒花，感谢陪伴！,正面,正面,0.9775196549729662,0.9775196549729662,0.015832794142083793,0.006647550884949938,1.0,1.0,1,0,0,对象评价,未明确对象,未明确方面,正面,False,
知识区,BV1zrGi6PE9B,加油！！！,正面,正面,0.9258894889375886,0.9258894889375886,0.02362422941060899,0.05048628165180247,1.0,1.0,1,0,0,对象评价,未明确对象,未明确方面,正面,False,
知识区,BV1zrGi6PE9B,声音好好听,正面,正面,0.7637108774946357,0.7637108774946357,0.037937245105281826,0.19835187740008253,1.0,1.0,1,0,0,对象评价,视频内容,视听体验,正面,False,
知识区,BV1zrGi6PE9B,上岸！,正面,正面,0.8076821891113521,0.8076821891113521,0.17129253845528597,0.02102527243336196,0.0,0.0,0,0,0,无明显情感,未明确对象,未明确方面,中性,False,
知识区,BV1zrGi6PE9B,谢谢一数，不敢相信已经结束了，好舍不得，谢谢你的陪伴,正面,正面,0.9446702013515544,0.9446702013515544,0.008613119113982859,0.04671667953446264,2.0,2.0,2,0,0,对象评价,未明确对象,未明确方面,正面,False,
知识区,BV1zrGi6PE9B,一数牛逼！！！！！！！完结撒花！,正面,正面,0.9431675769438159,0.9431675769438159,0.020556135147673984,0.0362762879085101,1.0,1.0,1,0,0,对象评价,未明确对象,未明确方面,正面,False,
知识区,BV1zrGi6PE9B,高考加油啊,正面,正面,0.9516610405480738,0.9516610405480738,0.02006398614683569,0.02827497330509055,1.0,1.0,1,0,0,对象评价,未明确对象,未明确方面,正面,False,
知识区,BV1zrGi6PE9B,第一次发弹幕 ！ 希望小猪还可以出视频！,正面,正面,0.8138135326295852,0.8138135326295852,0.16039377400281385,0.025792693367600966,1.0,1.0,1,0,0,对象评价,视频内容,未明确方面,正面,False,
知识区,BV1zrGi6PE9B,加油加油加油,正面,正面,0.9977507621382276,0.9977507621382276,0.0007468190319378185,0.0015024188298345185,3.0,3.0,3,0,0,对象评价,未明确对象,未明确方面,正面,False,
知识区,BV1zrGi6PE9B,虽然现在快23点了，但是我看到左上角还有500多同窗我知道，我还不能提前休息,正面,负面,0.6013880886555238,0.21195506677097464,0.1866568445735016,0.6013880886555238,0.0,0.0,0,0,0,无明显情感,未明确对象,未明确方面,中性,True,1.0
知识区,BV1zrGi6PE9B,泪目了小猪，完结撒花！,正面,正面,0.9679098667067003,0.9679098667067003,0.017220275875916007,0.014869857417383567,1.0,1.0,1,0,0,对象评价+自身情绪,未明确对象,未明确方面,正面,False,
知识区,BV1zrGi6PE9B,上岸深圳大学!祝大家顺利^,正面,正面,0.9233131780906854,0.9233131780906854,0.057726422294949106,0.01896039961436544,1.0,1.0,1,0,0,对象评价,未明确对象,未明确方面,正面,False,
知识区,BV1zrGi6PE9B,很高兴能认识小猪老师,正面,正面,0.827238942627292,0.827238942627292,0.10973837998109037,0.0630226773916176,1.5,1.5,1,0,0,对象评价,讲解者,未明确方面,正面,False,
知识区,BV1zrGi6PE9B,2026贵大见,正面,正面,0.5287283159625631,0.5287283159625631,0.37096897573118,0.10030270830625686,0.0,0.0,0,0,0,无明显情感,未明确对象,未明确方面,中性,False,
知识区,BV1zrGi6PE9B,恭喜完结！撒花！！！感谢一数老师们的辛勤付出！也愿我们一路向阳，高考必胜！,正面,正面,0.9975502687717733,0.9975502687717733,0.0010690052372951157,0.0013807259909315295,2.0,2.0,2,0,0,对象评价,讲解者,未明确方面,正面,False,
知识区,BV1zrGi6PE9B,两小时，出息了,正面,正面,0.5298682817942287,0.5298682817942287,0.18633405377688914,0.2837976644288821,0.0,0.0,0,0,0,无明显情感,未明确对象,未明确方面,中性,True,1.0
知识区,BV1zrGi6PE9B,牛逼，一哥催更完后面的所有,正面,正面,0.6903449392822263,0.6903449392822263,0.08713873400569196,0.2225163267120817,1.0,1.0,1,0,0,对象评价,未明确对象,未明确方面,正面,False,
知识区,BV1zrGi6PE9B,今年高考考上550＋，也祝大家都能取得理想成绩，高考加油！,正面,正面,0.9663181177941753,0.9663181177941753,0.025285905431278295,0.00839597677454639,1.0,1.0,1,0,0,对象评价,未明确对象,未明确方面,正面,False,
知识区,BV1zrGi6PE9B,熊光！！,正面,正面,0.5408853278627552,0.5408853278627552,0.19107531623747004,0.2680393558997748,0.0,0.0,0,0,0,无明显情感,未明确对象,未明确方面,中性,False,
知识区,BV1zrGi6PE9B,2026高考上岸沈阳公办一本或者公办二本,正面,正面,0.7963303169425849,0.7963303169425849,0.15926226750462916,0.04440741555278583,0.0,0.0,0,0,0,无明显情感,未明确对象,未明确方面,中性,False,
知识区,BV1zrGi6PE9B,哭了，高考加油,正面,正面,0.7468379330414021,0.7468379330414021,0.10235665446702673,0.15080541249157112,0.0,0.0,1,1,1,对象评价,未明确对象,未明确方面,混合,True,1.0
知识区,BV1zrGi6PE9B,27届高考加油,正面,正面,0.9201585753052229,0.9201585753052229,0.07119480726758474,0.008646617427192402,1.0,1.0,1,0,0,对象评价,未明确对象,未明确方面,正面,False,
知识区,BV1zrGi6PE9B,终于结束了,正面,正面,0.3922022032276194,0.3922022032276194,0.3055646902875614,0.30223310648481916,0.0,0.0,0,0,0,无明显情感,未明确对象,未明确方面,中性,True,1.0
知识区,BV1zrGi6PE9B,下午要高考了，给个加油，点个赞呗,正面,正面,0.9689034115191095,0.9689034115191095,0.01530917656430618,0.015787411916584237,2.0,2.0,2,0,0,对象评价,未明确对象,未明确方面,正面,False,
知识区,BV1zrGi6PE9B,数学我要考80,正面,正面,0.46157624974372785,0.46157624974372785,0.27231442333687744,0.2661093269193947,0.0,0.0,0,0,0,无明显情感,课程内容,未明确方面,中性,True,1.0
知识区,BV1zrGi6PE9B,今天是2026年6月7日12点47祝自己高考加油！,正面,正面,0.8778173667123599,0.8778173667123599,0.06588809584248286,0.05629453744515732,1.0,1.0,1,0,0,对象评价,未明确对象,未明确方面,正面,False,
知识区,BV1zrGi6PE9B,下午数学许愿上岸,正面,正面,0.5130723031842314,0.5130723031842314,0.2631631973281169,0.2237644994876517,0.0,0.0,0,0,0,无明显情感,课程内容,未明确方面,中性,True,1.0
知识区,BV1zrGi6PE9B,下午数学加油,正面,正面,0.8368807369309301,0.8368807369309301,0.05978071132907347,0.10333855173999647,1.0,1.0,1,0,0,对象评价,课程内容,未明确方面,正面,False,
知识区,BV1zrGi6PE9B,2027等我上岸,正面,正面,0.8007003327891059,0.8007003327891059,0.16903879378611955,0.030260873424774515,0.0,0.0,0,0,0,无明显情感,未明确对象,未明确方面,中性,False,
知识区,BV1zrGi6PE9B,下午考加油,正面,正面,0.9079568117879412,0.9079568117879412,0.07146527385659847,0.020577914355460476,1.0,1.0,1,0,0,对象评价,未明确对象,未明确方面,正面,False,
知识区,BV1zrGi6PE9B,今天高考～,正面,正面,0.5069752237636161,0.5069752237636161,0.4658530332490313,0.0271717429873525,0.0,0.0,0,0,0,无明显情感,未明确对象,未明确方面,中性,False,
知识区,BV1zrGi6PE9B,感谢相遇,正面,正面,0.8672230241967176,0.8672230241967176,0.0894348757623212,0.04334210004096127,1.0,1.0,1,0,0,对象评价,未明确对象,未明确方面,正面,False,
知识区,BV1zrGi6PE9B,北京大学2027等我,正面,正面,0.6910965937042601,0.6910965937042601,0.27032326359593944,0.03858014269980039,0.0,0.0,0,0,0,无明显情感,未明确对象,未明确方面,中性,False,
知识区,BV1zrGi6PE9B,mx加油,正面,正面,0.9416974734205985,0.9416974734205985,0.03411186800427009,0.0241906585751314,1.0,1.0,1,0,0,对象评价,未明确对象,未明确方面,正面,False,
知识区,BV1zrGi6PE9B,谢谢,正面,正面,0.8860026389738318,0.8860026389738318,0.05043459350343917,0.06356276752272902,1.0,1.0,1,0,0,对象评价,未明确对象,未明确方面,正面,False,
知识区,BV1zrGi6PE9B,泪目了,正面,正面,0.6886789310032704,0.6886789310032704,0.04158523262813959,0.2697358363685901,1.0,1.0,1,0,0,对象评价+自身情绪,未明确对象,未明确方面,正面,True,1.0
知识区,BV1zrGi6PE9B,2027上岸南大。,正面,正面,0.6495071815692072,0.6495071815692072,0.3231415620328043,0.027351256397988574,0.0,0.0,0,0,0,无明显情感,未明确对象,未明确方面,中性,False,
知识区,BV1zrGi6PE9B,高考加油，希望所有的高三学生能考到自己理想的大学，所有努力的学生们得偿所愿。,正面,正面,0.8625528881464396,0.8625528881464396,0.08292918166127317,0.05451793019228725,1.0,1.0,1,0,0,对象评价,未明确对象,未明确方面,正面,True,1.0
知识区,BV1zrGi6PE9B,高考加油，上本科,正面,正面,0.9629788104199858,0.9629788104199858,0.026646582507397428,0.010374607072616763,1.0,1.0,1,0,0,对象评价,未明确对象,未明确方面,正面,False,
知识区,BV1zrGi6PE9B,明天高考 加油 2026年6月6日,正面,正面,0.9006597239927955,0.9006597239927955,0.06337669570940942,0.03596358029779519,1.0,1.0,1,0,0,对象评价,未明确对象,未明确方面,正面,False,
知识区,BV1zrGi6PE9B,27年高考上岸！,正面,正面,0.7984113814709785,0.7984113814709785,0.190279476570224,0.011309141958797586,0.0,0.0,0,0,0,无明显情感,未明确对象,未明确方面,中性,False,
知识区,BV1zrGi6PE9B,one last kiss好评 再见了我的高中数学！！！！完结撒花！！！！！！！！！！,正面,正面,0.9656669395660139,0.9656669395660139,0.010760154225573037,0.02357290620841317,1.0,1.0,1,0,0,对象评价,课程内容,未明确方面,正面,False,
知识区,BV1zrGi6PE9B,准高三生终于把欠自己的补上了，尽管只是一小部分，以后我们要开始刷题了！加油625,正面,正面,0.8233689419994797,0.8233689419994797,0.056207069590757726,0.12042398840976261,1.0,1.0,1,0,0,对象评价,未明确对象,未明确方面,正面,True,1.0
知识区,BV1zrGi6PE9B,高考必胜！！！！,正面,正面,0.75562814581064,0.75562814581064,0.1493414254531176,0.09503042873624232,0.0,0.0,0,0,0,无明显情感,未明确对象,未明确方面,中性,True,1.0
知识区,BV1zrGi6PE9B,加油兄弟们,正面,正面,0.8537261425706414,0.8537261425706414,0.10182124790043838,0.04445260952892031,1.0,1.0,1,0,0,对象评价,未明确对象,未明确方面,正面,True,1.0
知识区,BV1zrGi6PE9B,2026年6月6日至此 高中数学学习完毕 明天高考顺利！,正面,正面,0.8522734317147632,0.8522734317147632,0.08485259085952328,0.06287397742571348,1.0,1.0,1,0,0,对象评价,课程内容,未明确方面,正面,True,1.0
知识区,BV1zrGi6PE9B,明天高考，第一次学哈哈,正面,正面,0.7155768474431572,0.7155768474431572,0.2632088228524082,0.02121432970443459,1.0,1.0,1,0,0,对象评价+自身情绪,未明确对象,娱乐与趣味,正面,False,
知识区,BV1zrGi6PE9B,诸位，顶峰再见π_π,正面,中性,0.6215159615742626,0.17336272910126738,0.6215159615742626,0.20512130932446992,0.0,0.0,0,0,0,无明显情感,未明确对象,未明确方面,中性,True,1.0
知识区,BV1zrGi6PE9B,谢谢，愿我上岸！,正面,正面,0.9735653041151738,0.9735653041151738,0.01947967985611612,0.0069550160287100826,1.0,1.0,1,0,0,对象评价,未明确对象,未明确方面,正面,False,
知识区,BV1zrGi6PE9B,高考500+！,正面,正面,0.6863264713248204,0.6863264713248204,0.3049906083525166,0.008682920322663002,0.0,0.0,0,0,0,无明显情感,未明确对象,未明确方面,中性,False,
知识区,BV1zrGi6PE9B,完结撒花！谢谢老师！！！,正面,正面,0.981263392318292,0.981263392318292,0.011513166317931006,0.007223441363777155,1.0,1.0,1,0,0,对象评价,讲解者,未明确方面,正面,False,
知识区,BV1zrGi6PE9B,2026明天高考,正面,正面,0.6697395503890572,0.6697395503890572,0.2841409242806572,0.04611952533028552,0.0,0.0,0,0,0,无明显情感,未明确对象,未明确方面,中性,False,
知识区,BV1zrGi6PE9B,高考顺利，金榜题名，高考加油！,正面,正面,0.9918217754057532,0.9918217754057532,0.0052350792443970765,0.0029431453498496166,2.0,2.0,2,0,0,对象评价,未明确对象,未明确方面,正面,False,
知识区,BV1zrGi6PE9B,明天高考，祝我自己超常发挥,正面,正面,0.5985439905450164,0.5985439905450164,0.3064374124879646,0.095018596967019,0.0,0.0,0,0,0,无明显情感,未明确对象,未明确方面,中性,False,
知识区,BV1zrGi6PE9B,2026高考上岸,正面,正面,0.8304793194585518,0.8304793194585518,0.14232691920056076,0.027193761340887416,0.0,0.0,0,0,0,无明显情感,未明确对象,未明确方面,中性,False,
知识区,BV1zrGi6PE9B,明天高考，高考加油！！！,正面,正面,0.9666100543072812,0.9666100543072812,0.01949943330421458,0.01389051238850422,1.0,1.0,1,0,0,对象评价,未明确对象,未明确方面,正面,False,
知识区,BV1zrGi6PE9B,27届的高考也要加油！↑,正面,正面,0.9339025824365783,0.9339025824365783,0.05364459287725225,0.012452824686169373,1.0,1.0,1,0,0,对象评价,未明确对象,未明确方面,正面,False,
知识区,BV1zrGi6PE9B,华南农业大学366天冲冲冲,正面,正面,0.7637057566459742,0.7637057566459742,0.2145907835597344,0.021703459794291453,1.0,1.0,1,0,0,对象评价,未明确对象,未明确方面,正面,False,
知识区,BV1zrGi6PE9B,加油！,正面,正面,0.97458970883526,0.97458970883526,0.018526015927430462,0.0068842752373096,1.0,1.0,1,0,0,对象评价,未明确对象,未明确方面,正面,False,
知识区,BV1zrGi6PE9B,成功,正面,正面,0.6895813423232104,0.6895813423232104,0.190279125244184,0.12013953243260563,1.0,1.0,1,0,0,对象评价,未明确对象,未明确方面,正面,False,
知识区,BV1zrGi6PE9B,2026厦门大学,正面,正面,0.5742062045256601,0.5742062045256601,0.3474524667642247,0.07834132871011522,0.0,0.0,0,0,0,无明显情感,未明确对象,未明确方面,中性,False,
知识区,BV1zrGi6PE9B,高考大捷，金榜题名,正面,正面,0.688721755719749,0.688721755719749,0.2658963501931099,0.04538189408714098,0.0,0.0,0,0,0,无明显情感,未明确对象,未明确方面,中性,True,1.0
知识区,BV1zrGi6PE9B,祝我2027高考顺利，程欣怡也一样,正面,正面,0.9146033393433691,0.9146033393433691,0.04658095504861488,0.038815705608015935,1.0,1.0,1,0,0,对象评价,未明确对象,未明确方面,正面,True,1.0
知识区,BV1zrGi6PE9B,高考必胜！！大学等我！！,正面,正面,0.9067264975615936,0.9067264975615936,0.06622975714724523,0.027043745291161245,0.0,0.0,0,0,0,无明显情感,未明确对象,未明确方面,中性,False,
知识区,BV1zrGi6PE9B,高考必胜！N,正面,正面,0.7733520729916662,0.7733520729916662,0.19646790467887806,0.030180022329455717,0.0,0.0,0,0,0,无明显情感,未明确对象,未明确方面,中性,False,
知识区,BV1zrGi6PE9B,宝宝高考加油，对不起，我爱你,正面,正面,0.9499382542482973,0.9499382542482973,0.03167424305015514,0.018387502701547532,1.0,1.0,1,0,0,对象评价,未明确对象,未明确方面,正面,False,
知识区,BV1zrGi6PE9B,纵使疾风起，人生不言弃,正面,正面,0.438454236260275,0.438454236260275,0.39928841045749186,0.16225735328223315,0.0,0.0,0,0,0,无明显情感,未明确对象,未明确方面,中性,True,1.0
知识区,BV1zrGi6PE9B,明天高考！加油！超常发挥！,正面,正面,0.97396387922785,0.97396387922785,0.023846191109971528,0.002189929662178514,1.0,1.0,1,0,0,对象评价,未明确对象,未明确方面,正面,False,
知识区,BV1zrGi6PE9B,再见了，高考加油，感谢小猪老师，感谢努力的自己，拜拜,正面,正面,0.9987278638590769,0.9987278638590769,0.00045469435535508917,0.0008174417855681187,4.0,4.0,4,0,0,对象评价,讲解者,未明确方面,正面,False,
知识区,BV1zrGi6PE9B,高考上岸理想大学617,正面,正面,0.743960319405901,0.743960319405901,0.23417536290826257,0.02186431768583646,0.0,0.0,0,0,0,无明显情感,未明确对象,未明确方面,中性,False,
知识区,BV1zrGi6PE9B,广工！深大等我！,正面,正面,0.6164494941406723,0.6164494941406723,0.3275468335127456,0.05600367234658206,0.0,0.0,0,0,0,无明显情感,未明确对象,未明确方面,中性,False,
知识区,BV1zrGi6PE9B,高考数学115！,正面,正面,0.7153179621374632,0.7153179621374632,0.22990185688507883,0.05478018097745791,0.0,0.0,0,0,0,无明显情感,课程内容,未明确方面,中性,False,
知识区,BV1zrGi6PE9B,高考120,正面,正面,0.516335321980505,0.516335321980505,0.45123472518704777,0.03242995283244726,0.0,0.0,0,0,0,无明显情感,未明确对象,未明确方面,中性,False,
知识区,BV1zrGi6PE9B,26年6.6日星期六，下午3：44数学通关,正面,正面,0.5134117413229312,0.5134117413229312,0.2672232243403149,0.21936503433675394,0.0,0.0,0,0,0,无明显情感,课程内容,未明确方面,中性,True,1.0
知识区,BV1zrGi6PE9B,完结撒花，高考大捷，瞻宫折桂，更上一层楼,正面,正面,0.8453837415256881,0.8453837415256881,0.10202294892374679,0.052593309550565154,0.0,0.0,0,0,0,无明显情感,未明确对象,未明确方面,中性,False,
知识区,BV1zrGi6PE9B,写多了自然就会了,正面,中性,0.5916480434013079,0.22641697182213094,0.5916480434013079,0.18193498477656117,0.0,0.0,0,0,0,认知状态,未明确对象,未明确方面,中性,False,
知识区,BV1zrGi6PE9B,完结撒花，感谢相遇,正面,正面,0.9653601296657849,0.9653601296657849,0.025126851524595387,0.00951301880961977,1.0,1.0,1,0,0,对象评价,未明确对象,未明确方面,正面,False,
知识区,BV1zrGi6PE9B,明天高考 加油加油,正面,正面,0.9913771659825629,0.9913771659825629,0.00599801985616781,0.0026248141612693504,2.0,2.0,2,0,0,对象评价,未明确对象,未明确方面,正面,False,
知识区,BV1zrGi6PE9B,完结撒花！！,正面,正面,0.8848282767487575,0.8848282767487575,0.08326729307130941,0.031904430179932976,0.0,0.0,0,0,0,无明显情感,未明确对象,未明确方面,中性,True,1.0
知识区,BV1zrGi6PE9B,2027高考我要考深圳大学！！,正面,正面,0.8776685341510718,0.8776685341510718,0.10315018570168763,0.01918128014724055,0.0,0.0,0,0,0,无明显情感,未明确对象,未明确方面,中性,False,
知识区,BV1zrGi6PE9B,高考数学110,正面,正面,0.5683504165378324,0.5683504165378324,0.31391680645402487,0.11773277700814282,0.0,0.0,0,0,0,无明显情感,课程内容,未明确方面,中性,False,
知识区,BV1zrGi6PE9B,笑死我了,正面,正面,0.5256953477850568,0.5256953477850568,0.033780409111637016,0.44052424310330623,1.0,1.0,1,0,0,对象评价+自身情绪,未明确对象,娱乐与趣味,正面,True,1.0
知识区,BV1zrGi6PE9B,高考必上岸！！！,正面,正面,0.8514599393980198,0.8514599393980198,0.09460155632827655,0.053938504273703704,0.0,0.0,0,0,0,无明显情感,未明确对象,未明确方面,中性,False,
知识区,BV1zrGi6PE9B,高考顺利 一路繁花,正面,正面,0.8294484580342772,0.8294484580342772,0.08648058183527466,0.08407096013044814,1.0,1.0,1,0,0,对象评价,未明确对象,未明确方面,正面,False,
知识区,BV1zrGi6PE9B,2026高考数学90+,正面,正面,0.7233584632028509,0.7233584632028509,0.17557835792308324,0.1010631788740658,0.0,0.0,0,0,0,无明显情感,课程内容,未明确方面,中性,True,1.0
知识区,BV1zrGi6PE9B,谢谢小猪老师 完结撒花,正面,正面,0.9550149881747314,0.9550149881747314,0.026929922609250877,0.01805508921601768,1.0,1.0,1,0,0,对象评价,讲解者,未明确方面,正面,False,
知识区,BV1zrGi6PE9B,很好，我是高二的，回去重新一轮复习去了,正面,正面,0.6635965741501073,0.6635965741501073,0.12748486591432898,0.20891855993556374,1.0,1.0,1,0,0,对象评价,未明确对象,未明确方面,正面,True,1.0
知识区,BV1zrGi6PE9B,完结撒花！！！！！！！！！！！！！！！,正面,正面,0.9008588601147403,0.9008588601147403,0.06208434566093982,0.03705679422431994,0.0,0.0,0,0,0,无明显情感,未明确对象,未明确方面,中性,False,
知识区,BV1zrGi6PE9B,多推荐，爱看，一数真神,正面,正面,0.6683663656019951,0.6683663656019951,0.22624670629117966,0.10538692810682512,1.0,1.0,1,0,0,对象评价+立场,未明确对象,未明确方面,正面,True,1.0
知识区,BV1zrGi6PE9B,2028年高考加油,正面,正面,0.9444131424428542,0.9444131424428542,0.04933635396854077,0.006250503588604901,1.0,1.0,1,0,0,对象评价,未明确对象,未明确方面,正面,False,
知识区,BV1zrGi6PE9B,妈耶，老师好可爱,正面,正面,0.9612110166864045,0.9612110166864045,0.02063576608867463,0.018153217224920904,1.0,1.0,1,0,0,对象评价,讲解者,未明确方面,正面,False,
知识区,BV1zrGi6PE9B,2026高考500+,正面,正面,0.6755723883684392,0.6755723883684392,0.2890140639650807,0.03541354766648003,0.0,0.0,0,0,0,无明显情感,未明确对象,未明确方面,中性,False,
知识区,BV1zrGi6PE9B,完结撒花 感谢陪伴,正面,正面,0.9622571228506548,0.9622571228506548,0.021073247940376204,0.0166696292089689,1.0,1.0,1,0,0,对象评价,未明确对象,未明确方面,正面,False,
知识区,BV1zrGi6PE9B,后天高考 加油加油加油,正面,正面,0.9982816355725908,0.9982816355725908,0.0011287974549121934,0.0005895669724970789,3.0,3.0,3,0,0,对象评价,未明确对象,未明确方面,正面,False,
知识区,BV1zrGi6PE9B,我爱王欣怡！,正面,正面,0.5440374140437729,0.5440374140437729,0.42514974784539145,0.030812838110835628,0.0,0.0,0,0,0,无明显情感,未明确对象,未明确方面,中性,False,
知识区,BV1zrGi6PE9B,27高考顺利,正面,正面,0.848643230882653,0.848643230882653,0.1065547341862774,0.04480203493106965,1.0,1.0,1,0,0,对象评价,未明确对象,未明确方面,正面,False,
知识区,BV1zrGi6PE9B,好熟悉的表,正面,正面,0.4509419421090161,0.4509419421090161,0.217051624084336,0.33200643380664785,0.0,0.0,0,0,0,无明显情感,未明确对象,未明确方面,中性,False,
知识区,BV1zrGi6PE9B,高考加酒,正面,正面,0.5069752237636161,0.5069752237636161,0.4658530332490313,0.0271717429873525,0.0,0.0,0,0,0,无明显情感,未明确对象,未明确方面,中性,False,
知识区,BV1zrGi6PE9B,大家都高考加油！,正面,正面,0.9429912497673207,0.9429912497673207,0.052184775039031156,0.004823975193648074,1.0,1.0,1,0,0,对象评价,未明确对象,未明确方面,正面,False,
知识区,BV1zrGi6PE9B,我上深圳大学了,正面,正面,0.4756349577149611,0.4756349577149611,0.44664126832696244,0.07772377395807645,0.0,0.0,0,0,0,无明显情感,未明确对象,未明确方面,中性,False,
知识区,BV1zrGi6PE9B,完结撒花！！!,正面,正面,0.8868591475901262,0.8868591475901262,0.08366537176910643,0.0294754806407674,0.0,0.0,0,0,0,无明显情感,未明确对象,未明确方面,中性,True,1.0
知识区,BV1zrGi6PE9B,高考上岸 金榜题名,正面,正面,0.8117484120299032,0.8117484120299032,0.16101421072402441,0.027237377246072395,0.0,0.0,0,0,0,无明显情感,未明确对象,未明确方面,中性,False,
知识区,BV1zrGi6PE9B,完结 高考顺利！,正面,正面,0.9299711759476812,0.9299711759476812,0.0501775035041834,0.019851320548135463,1.0,1.0,1,0,0,对象评价,未明确对象,未明确方面,正面,False,
知识区,BV1zrGi6PE9B,2027北航等我,正面,正面,0.6531766987658497,0.6531766987658497,0.29816335411783135,0.0486599471163189,0.0,0.0,0,0,0,无明显情感,未明确对象,未明确方面,中性,False,
知识区,BV1zrGi6PE9B,高考加油！上岸,正面,正面,0.9862054542178528,0.9862054542178528,0.01192493140900041,0.0018696143731467784,1.0,1.0,1,0,0,对象评价,未明确对象,未明确方面,正面,False,
知识区,BV1zrGi6PE9B,NB，一个选择题搞这,正面,中性,0.41138168168208217,0.2891341830136469,0.41138168168208217,0.29948413530427087,0.0,0.0,0,0,0,无明显情感,未明确对象,未明确方面,中性,False,
知识区,BV1zrGi6PE9B,很高兴认识大家,正面,正面,0.8460095172469905,0.8460095172469905,0.13447249356934554,0.01951798918366402,1.5,1.5,1,0,0,对象评价,未明确对象,未明确方面,正面,False,
知识区,BV1zrGi6PE9B,高考上岸,正面,正面,0.7803377689288278,0.7803377689288278,0.19635742625258668,0.02330480481858541,0.0,0.0,0,0,0,无明显情感,未明确对象,未明确方面,中性,False,
知识区,BV1zrGi6PE9B,完结撒花！即将开启高三副本，加油！,正面,正面,0.9799078949099533,0.9799078949099533,0.014303452437072418,0.005788652652974309,1.0,1.0,1,0,0,对象评价,未明确对象,未明确方面,正面,False,
知识区,BV1zrGi6PE9B,27深大上岸,正面,正面,0.5860550008936735,0.5860550008936735,0.37087509065942464,0.04306990844690183,0.0,0.0,0,0,0,无明显情感,未明确对象,未明确方面,中性,False,
知识区,BV1zrGi6PE9B,YGB加油,正面,正面,0.9416974734205985,0.9416974734205985,0.03411186800427009,0.0241906585751314,1.0,1.0,1,0,0,对象评价,未明确对象,未明确方面,正面,False,
知识区,BV1zrGi6PE9B,2027届加油,正面,正面,0.9218186236678743,0.9218186236678743,0.06324772734457962,0.014933648987546054,1.0,1.0,1,0,0,对象评价,未明确对象,未明确方面,正面,False,
知识区,BV1zrGi6PE9B,泪目了6年多的时间终于算是完结撒花了,正面,正面,0.9192420385019265,0.9192420385019265,0.03687070805088017,0.0438872534471932,1.0,1.0,1,0,0,对象评价+自身情绪,未明确对象,未明确方面,正面,False,
知识区,BV1zrGi6PE9B,加油加油加油！,正面,正面,0.9986652295699502,0.9986652295699502,0.0007548567294830779,0.0005799137005668449,3.0,3.0,3,0,0,对象评价,未明确对象,未明确方面,正面,False,
知识区,BV1zrGi6PE9B,汕头大学等我！,正面,正面,0.5169655030361153,0.5169655030361153,0.36670367820347266,0.1163308187604119,-1.0,-1.0,0,1,0,对象评价,未明确对象,未明确方面,负面,True,1.0
知识区,BV1zrGi6PE9B,愿2027高考上岸,正面,正面,0.829821710257484,0.829821710257484,0.14925486510518396,0.020923424637332082,0.0,0.0,0,0,0,无明显情感,未明确对象,未明确方面,中性,False,
知识区,BV1zrGi6PE9B,牛逼卡拉斯,正面,正面,0.6522451773998588,0.6522451773998588,0.07633884803570458,0.2714159745644366,1.0,1.0,1,0,0,对象评价,未明确对象,未明确方面,正面,False,
知识区,BV1zrGi6PE9B,27我要考一本,正面,正面,0.5221263261254987,0.5221263261254987,0.4251492435184951,0.052724430356006255,0.0,0.0,0,0,0,无明显情感,未明确对象,未明确方面,中性,False,
知识区,BV1zrGi6PE9B,高考必胜！,正面,正面,0.7738905951951226,0.7738905951951226,0.19792141027763627,0.028187994527241047,0.0,0.0,0,0,0,无明显情感,未明确对象,未明确方面,中性,False,
知识区,BV1zrGi6PE9B,高考大捷！！！,正面,正面,0.6720381858514523,0.6720381858514523,0.1835703601182971,0.14439145403025058,0.0,0.0,0,0,0,无明显情感,未明确对象,未明确方面,中性,False,
知识区,BV1zrGi6PE9B,2027高考加油！扬大等我,正面,正面,0.9731173837989584,0.9731173837989584,0.02257307155702383,0.004309544644017661,1.0,1.0,1,0,0,对象评价,未明确对象,未明确方面,正面,False,
知识区,BV1zrGi6PE9B,可爱的笑脸，有趣的笑脸。,正面,正面,0.9719096915835641,0.9719096915835641,0.018580228020281347,0.009510080396154523,2.0,2.0,2,0,0,对象评价,未明确对象,娱乐与趣味,正面,False,
知识区,BV1zrGi6PE9B,，2027高考加油,正面,正面,0.9620286206801537,0.9620286206801537,0.029737903468955638,0.008233475850890556,1.0,1.0,1,0,0,对象评价,未明确对象,未明确方面,正面,False,
知识区,BV1zrGi6PE9B,结尾撒花,正面,正面,0.5686549284481125,0.5686549284481125,0.3610270212540633,0.07031805029782434,0.0,0.0,0,0,0,无明显情感,未明确对象,未明确方面,中性,False,
知识区,BV1zrGi6PE9B,高考大捷！,正面,正面,0.6899962771803249,0.6899962771803249,0.2991438207082939,0.010859902111381228,0.0,0.0,0,0,0,无明显情感,未明确对象,未明确方面,中性,False,
知识区,BV1zrGi6PE9B,金榜题名  高考加油,正面,正面,0.963511789573696,0.963511789573696,0.028262828958104322,0.008225381468199792,1.0,1.0,1,0,0,对象评价,未明确对象,未明确方面,正面,False,
知识区,BV1zrGi6PE9B,"onelastkiss,有品！！！",正面,正面,0.5807150543631069,0.5807150543631069,0.24448663123241776,0.17479831440447538,0.0,0.0,0,0,0,无明显情感,未明确对象,未明确方面,中性,True,1.0
知识区,BV1zrGi6PE9B,完结撒花，2027高考加油！祝我们在最好的年华考上理想的学校，不负青春，不负韶华，感谢一数的陪伴,正面,正面,0.9947788543330401,0.9947788543330401,0.0019407656645499464,0.0032803800024098447,2.0,2.0,2,0,0,对象评价,未明确对象,未明确方面,正面,False,
知识区,BV1zrGi6PE9B,2027南大等我,正面,正面,0.6531766987658497,0.6531766987658497,0.29816335411783135,0.0486599471163189,0.0,0.0,0,0,0,无明显情感,未明确对象,未明确方面,中性,False,
知识区,BV1zrGi6PE9B,很高兴认识老师，嘻嘻完结撒花,正面,正面,0.9642717664430772,0.9642717664430772,0.024551688602642535,0.01117654495428029,1.5,1.5,1,0,0,对象评价,讲解者,未明确方面,正面,False,
知识区,BV1zrGi6PE9B,高考没考好没关系，进个工地。,正面,正面,0.7802974336280263,0.7802974336280263,0.16086531124992776,0.05883725512204587,0.0,0.0,0,0,0,无明显情感,未明确对象,未明确方面,中性,False,
知识区,BV1zrGi6PE9B,2027上岸630！,正面,正面,0.7368679979232886,0.7368679979232886,0.2483483571315489,0.014783644945162515,0.0,0.0,0,0,0,无明显情感,未明确对象,未明确方面,中性,False,
知识区,BV1zrGi6PE9B,谢谢小猪老师 友谊长存!27高考加油 完结撒花,正面,正面,0.9945242901761654,0.9945242901761654,0.0038291997944415943,0.001646510029392962,2.0,2.0,2,0,0,对象评价,讲解者,未明确方面,正面,False,
知识区,BV1zrGi6PE9B,完美撒花，2027年高考顺利考500加,正面,正面,0.9876857246430806,0.9876857246430806,0.009484266159428543,0.0028300091974908133,2.0,2.0,2,0,0,对象评价,未明确对象,未明确方面,正面,False,
知识区,BV1zrGi6PE9B,2027必胜,正面,正面,0.5822405302443725,0.5822405302443725,0.3710752525615441,0.046684217194083354,0.0,0.0,0,0,0,无明显情感,未明确对象,未明确方面,中性,False,
知识区,BV1zrGi6PE9B,高三加油,正面,正面,0.8406267556347481,0.8406267556347481,0.0915246353754237,0.06784860898982815,1.0,1.0,1,0,0,对象评价,未明确对象,未明确方面,正面,False,
知识区,BV1zrGi6PE9B,祝学长学姐们高考加油！,正面,正面,0.9656677894400086,0.9656677894400086,0.030922718173727853,0.0034094923862635286,1.0,1.0,1,0,0,对象评价,未明确对象,未明确方面,正面,False,
知识区,BV1zrGi6PE9B,2027金榜题名,正面,正面,0.5963265061854732,0.5963265061854732,0.35725477409887824,0.04641871971564856,0.0,0.0,0,0,0,无明显情感,未明确对象,未明确方面,中性,True,1.0
知识区,BV1zrGi6PE9B,高考顺利,正面,正面,0.8576407962115146,0.8576407962115146,0.07532625770244977,0.06703294608603567,1.0,1.0,1,0,0,对象评价,未明确对象,未明确方面,正面,False,
知识区,BV1zrGi6PE9B,2026高考必胜！,正面,正面,0.8451976847561362,0.8451976847561362,0.1298264151425799,0.024975900101283897,0.0,0.0,0,0,0,无明显情感,未明确对象,未明确方面,中性,False,
知识区,BV1zrGi6PE9B,2026我要考上466,正面,正面,0.6969786763326882,0.6969786763326882,0.24502874486104906,0.05799257880626273,0.0,0.0,0,0,0,无明显情感,未明确对象,未明确方面,中性,False,
知识区,BV1zrGi6PE9B,2026.6月3日通关，愿2027高考上岸,正面,正面,0.8557283314374853,0.8557283314374853,0.10265706269822883,0.0416146058642859,0.0,0.0,0,0,0,无明显情感,未明确对象,未明确方面,中性,False,
知识区,BV1zrGi6PE9B,26完结撒花,正面,正面,0.7918137008083774,0.7918137008083774,0.16247742684411545,0.04570887234750722,0.0,0.0,0,0,0,无明显情感,未明确对象,未明确方面,中性,False,
知识区,BV1zrGi6PE9B,比我们数学老师讲的好多了,正面,正面,0.5483318613519943,0.5483318613519943,0.20605844458451752,0.24560969406348812,0.0,0.0,0,0,0,无明显情感,讲解者+课程内容,未明确方面,中性,False,
知识区,BV1zrGi6PE9B,有你真好！！！,正面,正面,0.7842519570310781,0.7842519570310781,0.021653192295972408,0.19409485067294938,1.0,1.0,1,0,0,对象评价,未明确对象,未明确方面,正面,False,
知识区,BV1zrGi6PE9B,丘嘉琳我喜欢你,正面,正面,0.6560252356689003,0.6560252356689003,0.03841414470412813,0.3055606196269716,1.0,1.0,1,0,0,对象评价,未明确对象,未明确方面,正面,False,
知识区,BV1zrGi6PE9B,2027重庆大学,正面,正面,0.4961001865330888,0.4961001865330888,0.46822481279613654,0.035675000670774525,0.0,0.0,0,0,0,无明显情感,未明确对象,未明确方面,中性,False,
知识区,BV1zrGi6PE9B,27届数学通关，完结散花！大家高考加油！,正面,正面,0.9788597746986687,0.9788597746986687,0.016156881105147358,0.004983344196183946,1.0,1.0,1,0,0,对象评价,课程内容,未明确方面,正面,False,
知识区,BV1zrGi6PE9B,我也很高兴认识你，小猪，爱你！！！,正面,正面,0.9018110283375299,0.9018110283375299,0.018274184883818028,0.07991478677865214,1.5,1.5,1,0,0,对象评价,未明确对象,未明确方面,正面,False,
知识区,BV1zrGi6PE9B,高考必胜加油,正面,正面,0.9638555241729351,0.9638555241729351,0.02515294073298128,0.010991535094083762,1.0,1.0,1,0,0,对象评价,未明确对象,未明确方面,正面,False,
知识区,BV1zrGi6PE9B,hal会好好学数学的！,正面,正面,0.5317567593043547,0.5317567593043547,0.20857818164634187,0.25966505904930337,0.0,0.0,0,0,0,无明显情感,课程内容,未明确方面,中性,True,1.0
知识区,BV1zrGi6PE9B,捉潘博！,正面,正面,0.5440374140437729,0.5440374140437729,0.42514974784539145,0.030812838110835628,0.0,0.0,0,0,0,无明显情感,未明确对象,未明确方面,中性,False,
知识区,BV1zrGi6PE9B,one last kiss！！！,正面,正面,0.6694379501865172,0.6694379501865172,0.1750247943537576,0.15553725545972524,0.0,0.0,0,0,0,无明显情感,未明确对象,未明确方面,中性,True,1.0
知识区,BV1zrGi6PE9B,2027上岸！！！！,正面,正面,0.7658897672722409,0.7658897672722409,0.14922087182145052,0.08488936090630848,0.0,0.0,0,0,0,无明显情感,未明确对象,未明确方面,中性,False,
知识区,BV1zrGi6PE9B,算上今天就剩4天高考咯,正面,正面,0.5807519796793041,0.5807519796793041,0.3683229279144986,0.05092509240619726,0.0,0.0,0,0,0,无明显情感,未明确对象,未明确方面,中性,False,
知识区,BV1zrGi6PE9B,，谢谢老师,正面,正面,0.8971305463788025,0.8971305463788025,0.07204185675361455,0.030827596867582893,1.0,1.0,1,0,0,对象评价,讲解者,未明确方面,正面,False,
知识区,BV1zrGi6PE9B,2026年6月2日成功通关高中数学！,正面,正面,0.852533573644352,0.852533573644352,0.08221288425288241,0.06525354210276564,1.0,1.0,1,0,0,对象评价,课程内容,未明确方面,正面,True,1.0
知识区,BV1zrGi6PE9B,韩师大等我27年高考必胜,正面,正面,0.7482052627601093,0.7482052627601093,0.20605217207666804,0.045742565163222636,0.0,0.0,0,0,0,无明显情感,未明确对象,未明确方面,中性,False,
知识区,BV1zrGi6PE9B,27年高考必胜韩师大我来了！,正面,正面,0.6313861948950171,0.6313861948950171,0.3401497973610676,0.028464007743915314,0.0,0.0,0,0,0,无明显情感,未明确对象,未明确方面,中性,False,
知识区,BV1zrGi6PE9B,27年高考必胜韩师大我来了,正面,正面,0.5927015192466571,0.5927015192466571,0.35771337048014573,0.04958511027319713,0.0,0.0,0,0,0,无明显情感,未明确对象,未明确方面,中性,False,
知识区,BV1zrGi6PE9B,关注塔菲谢谢喵！,正面,正面,0.9737044840643888,0.9737044840643888,0.022155711061533714,0.00413980487407747,2.0,2.0,2,0,0,对象评价,未明确对象,未明确方面,正面,False,
知识区,BV1zrGi6PE9B,爱你小猪,正面,正面,0.7000401691706737,0.7000401691706737,0.20832894043794184,0.09163089039138443,0.0,0.0,0,0,0,无明显情感,未明确对象,未明确方面,中性,False,
知识区,BV1zrGi6PE9B,2027加油！呼市见！,正面,正面,0.9684661526403907,0.9684661526403907,0.028607775917924662,0.0029260714416846473,1.0,1.0,1,0,0,对象评价,未明确对象,未明确方面,正面,False,
知识区,BV1zrGi6PE9B,2027高考顺利！,正面,正面,0.9392267360607363,0.9392267360607363,0.04783404152658568,0.012939222412678069,1.0,1.0,1,0,0,对象评价,未明确对象,未明确方面,正面,False,
知识区,BV1zrGi6PE9B,完结撒花，感谢陪伴,正面,正面,0.9666272408705094,0.9666272408705094,0.02102030394236307,0.012352455187127603,1.0,1.0,1,0,0,对象评价,未明确对象,未明确方面,正面,False,
知识区,BV1zrGi6PE9B,2027得偿所愿,正面,正面,0.5658916933729253,0.5658916933729253,0.3788565327129319,0.05525177391414283,0.0,0.0,0,0,0,无明显情感,未明确对象,未明确方面,中性,True,1.0
知识区,BV1zrGi6PE9B,上岸！一定要记得高一的不甘和奋进啊！,正面,正面,0.5256829708920819,0.5256829708920819,0.27313435890456705,0.2011826702033511,-1.0,-1.0,0,1,0,对象评价,未明确对象,未明确方面,负面,True,1.0
知识区,BV1zrGi6PE9B,完结撒花，2027金榜题名,正面,正面,0.8641157971431572,0.8641157971431572,0.1037385440721229,0.03214565878471985,0.0,0.0,0,0,0,无明显情感,未明确对象,未明确方面,中性,False,
知识区,BV1zrGi6PE9B,BGM好评！！,正面,正面,0.8539772156092058,0.8539772156092058,0.042582267600719,0.10344051679007518,1.0,1.0,1,0,0,对象评价,未明确对象,未明确方面,正面,False,
知识区,BV1zrGi6PE9B,3年感谢一数,正面,正面,0.6942375873810701,0.6942375873810701,0.2297528769892221,0.07600953562970787,1.0,1.0,1,0,0,对象评价,未明确对象,未明确方面,正面,False,
知识区,BV1zrGi6PE9B,高考上岸！！！2026金榜题名！！！,正面,正面,0.9236839573605723,0.9236839573605723,0.04205697834378679,0.0342590642956409,0.0,0.0,0,0,0,无明显情感,未明确对象,未明确方面,中性,False,
知识区,BV1zrGi6PE9B,高三必胜！,正面,正面,0.46139061756657235,0.46139061756657235,0.4577122515597072,0.08089713087372032,0.0,0.0,0,0,0,无明显情感,未明确对象,未明确方面,中性,False,
知识区,BV1zrGi6PE9B,26年高考上岸！！！,正面,正面,0.8430921505438665,0.8430921505438665,0.11315479059528932,0.043753058860844185,0.0,0.0,0,0,0,无明显情感,未明确对象,未明确方面,中性,False,
知识区,BV1zrGi6PE9B,完结撒花！！！！,正面,正面,0.8304782769615654,0.8304782769615654,0.09679965979650615,0.07272206324192847,0.0,0.0,0,0,0,无明显情感,未明确对象,未明确方面,中性,True,1.0
知识区,BV1zrGi6PE9B,2026金榜题名！！！,正面,正面,0.7653930482053821,0.7653930482053821,0.11552407679665018,0.11908287499796763,0.0,0.0,0,0,0,无明显情感,未明确对象,未明确方面,中性,False,
知识区,BV1zrGi6PE9B,2027，合工大等我,正面,正面,0.7203313151028968,0.7203313151028968,0.22591274842985046,0.05375593646725274,0.0,0.0,0,0,0,无明显情感,未明确对象,未明确方面,中性,False,
知识区,BV1zrGi6PE9B,2027高考必胜 中华女子学院,正面,正面,0.6793726758766602,0.6793726758766602,0.27761349494783294,0.04301382917550697,0.0,0.0,0,0,0,无明显情感,未明确对象,未明确方面,中性,True,1.0
知识区,BV1zrGi6PE9B,居然是onelastkiss，，eva厨狂喜。,正面,正面,0.507741604294644,0.507741604294644,0.23350931073446446,0.2587490849708916,0.0,0.0,0,0,0,无明显情感,未明确对象,未明确方面,中性,True,1.0
知识区,BV1zrGi6PE9B,上岸上岸,正面,正面,0.67760989538272,0.67760989538272,0.2643643501148347,0.05802575450244542,0.0,0.0,0,0,0,无明显情感,未明确对象,未明确方面,中性,False,
知识区,BV1zrGi6PE9B,完结撒花 金榜题名,正面,正面,0.8103737847390707,0.8103737847390707,0.1410670662222817,0.048559149038647505,0.0,0.0,0,0,0,无明显情感,未明确对象,未明确方面,中性,False,
知识区,BV1zrGi6PE9B,谢谢一数，好感动(ಥ_ಥ),正面,正面,0.968602154294055,0.968602154294055,0.011377087758296475,0.02002075794764849,2.0,2.0,2,0,0,对象评价+自身情绪,未明确对象,未明确方面,正面,False,
知识区,BV1zrGi6PE9B,2027高考圆梦！！！,正面,正面,0.8073720804961613,0.8073720804961613,0.1490843830283271,0.043543536475511714,0.0,0.0,0,0,0,无明显情感,未明确对象,未明确方面,中性,False,
知识区,BV1zrGi6PE9B,哈哈,正面,正面,0.7389356756258993,0.7389356756258993,0.20577677129393357,0.05528755308016704,1.0,1.0,1,0,0,对象评价+自身情绪,未明确对象,娱乐与趣味,正面,False,
知识区,BV1zrGi6PE9B,谢谢小猪,正面,正面,0.8862237518654597,0.8862237518654597,0.07455161228889688,0.03922463584564338,1.0,1.0,1,0,0,对象评价,未明确对象,未明确方面,正面,False,
知识区,BV1zrGi6PE9B,高考数学必胜！！！,正面,正面,0.7950958452959002,0.7950958452959002,0.09353682491893141,0.11136732978516842,0.0,0.0,0,0,0,无明显情感,课程内容,未明确方面,中性,True,1.0
知识区,BV1zrGi6PE9B,感谢我的恩师,正面,正面,0.8406744281753062,0.8406744281753062,0.07187525553331071,0.08745031629138307,1.0,1.0,1,0,0,对象评价,未明确对象,未明确方面,正面,False,
知识区,BV1zrGi6PE9B,今天周二，本周日高考,正面,正面,0.6325294917412085,0.6325294917412085,0.3155961713167903,0.051874336942001276,0.0,0.0,0,0,0,无明显情感,未明确对象,未明确方面,中性,False,
知识区,BV1zrGi6PE9B,祝我高考总分500+数学100+,正面,正面,0.4624713185587251,0.4624713185587251,0.3721809891073196,0.16534769233395524,0.0,0.0,0,0,0,无明显情感,课程内容,未明确方面,中性,False,
知识区,BV1zrGi6PE9B,祝我高考顺利,正面,正面,0.8806382432842639,0.8806382432842639,0.06281566524086235,0.05654609147487377,1.0,1.0,1,0,0,对象评价,未明确对象,未明确方面,正面,True,1.0
知识区,BV1zrGi6PE9B,2025高考700卡方,正面,正面,0.49341073053113077,0.49341073053113077,0.45920336754286883,0.047385901926000285,0.0,0.0,0,0,0,无明显情感,未明确对象,未明确方面,中性,False,
知识区,BV1zrGi6PE9B,one last kiss,正面,正面,0.4385855092377753,0.4385855092377753,0.314667835739969,0.24674665502225576,0.0,0.0,0,0,0,无明显情感,未明确对象,未明确方面,中性,False,
知识区,BV1zrGi6PE9B,感谢,正面,正面,0.9038586516934883,0.9038586516934883,0.03700049869829176,0.05914084960821985,1.0,1.0,1,0,0,对象评价,未明确对象,未明确方面,正面,False,
知识区,BV1zrGi6PE9B,2026年6月2日1：50我通关了高中数学！,正面,正面,0.6285458119491626,0.6285458119491626,0.191652366849697,0.17980182120114035,0.0,0.0,0,0,0,无明显情感,课程内容,未明确方面,中性,True,1.0
知识区,BV1zrGi6PE9B,愿2027高考顺利金榜题名！！！,正面,正面,0.9656010992520008,0.9656010992520008,0.020240539531768013,0.014158361216231248,1.0,1.0,1,0,0,对象评价,未明确对象,未明确方面,正面,False,
知识区,BV1zrGi6PE9B,完结撒花 高考上岸！！,正面,正面,0.952522584944894,0.952522584944894,0.03555001403065948,0.011927401024446551,0.0,0.0,0,0,0,无明显情感,未明确对象,未明确方面,中性,False,
知识区,BV1zrGi6PE9B,2027西南大学！,正面,正面,0.6966359535994038,0.6966359535994038,0.2894988460150575,0.013865200385538711,0.0,0.0,0,0,0,无明显情感,未明确对象,未明确方面,中性,False,
知识区,BV1zrGi6PE9B,2027高考上岸！！！！！,正面,正面,0.8297796194427547,0.8297796194427547,0.11884070574868434,0.05137967480856091,0.0,0.0,0,0,0,无明显情感,未明确对象,未明确方面,中性,False,
知识区,BV1zrGi6PE9B,2027高考500+,正面,正面,0.6095536855813327,0.6095536855813327,0.36096809944405683,0.02947821497461052,0.0,0.0,0,0,0,无明显情感,未明确对象,未明确方面,中性,False,
知识区,BV1zrGi6PE9B,2026年6月1日23时26通关高中数学,正面,正面,0.5352040036633136,0.5352040036633136,0.2920734094519223,0.17272258688476413,0.0,0.0,0,0,0,无明显情感,课程内容,未明确方面,中性,True,1.0
知识区,BV1zrGi6PE9B,2026年6月1日通关高中数学,正面,正面,0.49966727590753596,0.49966727590753596,0.3253529775952786,0.17497974649718548,0.0,0.0,0,0,0,无明显情感,课程内容,未明确方面,中性,False,
知识区,BV1zrGi6PE9B,没几天了兄弟，看完了早点睡吧，好好休息,正面,负面,0.40505214489226044,0.275480046853628,0.3194678082541114,0.40505214489226044,-1.0,-1.0,0,1,0,对象评价,未明确对象,未明确方面,负面,True,1.0
知识区,BV1zrGi6PE9B,我们终于来到一个句号,正面,正面,0.6374910980557784,0.6374910980557784,0.2881804995955284,0.07432840234869321,0.0,0.0,0,0,0,无明显情感,未明确对象,未明确方面,中性,True,1.0
知识区,BV1zrGi6PE9B,！,正面,正面,0.543090849148831,0.543090849148831,0.4301137638737035,0.026795386977465575,0.0,0.0,0,0,0,无明显情感,未明确对象,未明确方面,中性,False,
知识区,BV1zrGi6PE9B,完结了，那就2026高考666吧,正面,正面,0.9494009265786443,0.9494009265786443,0.03227298396633692,0.018326089455018832,1.0,1.0,1,0,0,对象评价,未明确对象,未明确方面,正面,False,
知识区,BV1zrGi6PE9B,星星之火，可以燎原,正面,正面,0.6563680105972305,0.6563680105972305,0.20657881145479062,0.13705317794797897,1.0,1.0,1,0,0,对象评价,未明确对象,未明确方面,正面,True,1.0
知识区,BV1zrGi6PE9B,星星之火 可以燎原,正面,中性,0.6846903842645141,0.2185737330595724,0.6846903842645141,0.09673588267591342,1.0,1.0,1,0,0,对象评价,未明确对象,未明确方面,正面,True,1.0
知识区,BV1zrGi6PE9B,好美的封面 愿我们都走花路 走人生的康庄大道,正面,正面,0.8479563432778312,0.8479563432778312,0.09927212816282208,0.05277152855934677,1.0,1.0,1,0,0,对象评价,未明确对象,未明确方面,正面,False,
知识区,BV1zrGi6PE9B,高三顺利！,正面,正面,0.7013795912250771,0.7013795912250771,0.15620717045596128,0.14241323831896163,1.0,1.0,1,0,0,对象评价,未明确对象,未明确方面,正面,False,
知识区,BV1zrGi6PE9B,光是遇见 就很美好,正面,正面,0.7721097775154373,0.7721097775154373,0.13821369174404427,0.08967653074051846,1.5,1.5,1,0,0,对象评价,未明确对象,未明确方面,正面,False,
知识区,BV1zrGi6PE9B,one last kiss绝杀,正面,正面,0.4318792750369718,0.4318792750369718,0.30779502058364144,0.26032570437938674,0.0,0.0,0,0,0,无明显情感,未明确对象,未明确方面,中性,False,
知识区,BV1zrGi6PE9B,感谢陪伴，祝好,正面,正面,0.8746923017851538,0.8746923017851538,0.056275977669864974,0.0690317205449813,1.0,1.0,1,0,0,对象评价,未明确对象,未明确方面,正面,False,
知识区,BV1zrGi6PE9B,完结撒花了,正面,正面,0.782043493926304,0.782043493926304,0.1600382429882755,0.05791826308542048,0.0,0.0,0,0,0,无明显情感,未明确对象,未明确方面,中性,False,
知识区,BV1zrGi6PE9B,完结撒花花！感谢陪伴>ᴗoಣ,正面,正面,0.973733634029572,0.973733634029572,0.017358303762717794,0.008908062207710213,1.0,1.0,1,0,0,对象评价,未明确对象,未明确方面,正面,False,
知识区,BV1zrGi6PE9B,27高考加油,正面,正面,0.9225261077467886,0.9225261077467886,0.06525620066713095,0.012217691586080492,1.0,1.0,1,0,0,对象评价,未明确对象,未明确方面,正面,False,
知识区,BV1zrGi6PE9B,完结撒花，wwww还真有点舍不得,正面,正面,0.7413378821141534,0.7413378821141534,0.18455615638641787,0.07410596149942869,0.0,0.0,0,0,0,无明显情感,未明确对象,未明确方面,中性,False,
知识区,BV1zrGi6PE9B,完结撒花 高考加油！,正面,正面,0.9879726999176582,0.9879726999176582,0.009774507382236411,0.0022527927001053777,1.0,1.0,1,0,0,对象评价,未明确对象,未明确方面,正面,False,
知识区,BV1zrGi6PE9B,愿此行，终抵群星！,正面,正面,0.6957803282121576,0.6957803282121576,0.22005018801589143,0.08416948377195094,0.0,0.0,0,0,0,无明显情感,未明确对象,未明确方面,中性,False,
知识区,BV1zrGi6PE9B,肯定乙药好啊，甲药谁敢吃啊,正面,正面,0.480608290723094,0.480608290723094,0.12125100488884615,0.3981407043880598,1.0,1.0,1,0,0,对象评价,未明确对象,未明确方面,正面,True,1.0
知识区,BV1zrGi6PE9B,完结撒花。,正面,正面,0.7764683804585191,0.7764683804585191,0.18661809379100483,0.03691352575047614,0.0,0.0,0,0,0,无明显情感,未明确对象,未明确方面,中性,False,
知识区,BV1zrGi6PE9B,27高考加油 汕大等我！！！,正面,正面,0.9644224031779829,0.9644224031779829,0.02212887370328901,0.013448723118728082,1.0,1.0,1,0,0,对象评价,未明确对象,未明确方面,正面,False,
知识区,BV1zrGi6PE9B,加油，完结撒花，我会努力的，我想拥有比不努力好的生活，我想成为我希望成为的人，谢谢老师,正面,正面,0.9780825176714089,0.9780825176714089,0.0046414903871678645,0.01727599194142324,2.0,2.0,2,0,0,对象评价,讲解者,未明确方面,正面,False,
知识区,BV1zrGi6PE9B,26年高考加油吧我想上大学,正面,正面,0.9287229738872,0.9287229738872,0.06004189332820498,0.01123513278459493,1.0,1.0,1,0,0,对象评价,未明确对象,未明确方面,正面,False,
知识区,BV1zrGi6PE9B,2026高考大捷！！！,正面,正面,0.813126413677291,0.813126413677291,0.11646044626910387,0.07041314005360513,0.0,0.0,0,0,0,无明显情感,未明确对象,未明确方面,中性,False,
知识区,BV1zrGi6PE9B,6月1号当天看的爱你爱你,正面,正面,0.5261368909043644,0.5261368909043644,0.2451285689495731,0.22873454014606245,0.0,0.0,0,0,0,无明显情感,未明确对象,未明确方面,中性,True,1.0
知识区,BV1zrGi6PE9B,高考加油自己,正面,正面,0.9259289112839667,0.9259289112839667,0.06022517270942003,0.013845916006613284,1.0,1.0,1,0,0,对象评价,未明确对象,未明确方面,正面,False,
知识区,BV1zrGi6PE9B,完结撒花完结撒花完结撒花完结撒花完结撒花完结撒花完结撒花完结撒花完结撒花,正面,正面,0.727310482075777,0.727310482075777,0.14118749147366333,0.13150202645055975,0.0,0.0,0,0,0,无明显情感,未明确对象,未明确方面,中性,False,
知识区,BV1zrGi6PE9B,完结撒花完结撒花完结撒花完结撒花完结撒花完结撒花完结撒花完结撒花完结撒花完结撒花完结撒花完结撒花完结撒花完结撒花,正面,正面,0.6485116894895087,0.6485116894895087,0.11776214259936656,0.23372616791112485,0.0,0.0,0,0,0,无明显情感,未明确对象,未明确方面,中性,False,
知识区,BV1zrGi6PE9B,加油！580^O^,正面,正面,0.9501576699361846,0.9501576699361846,0.04129759870615577,0.00854473135765979,1.0,1.0,1,0,0,对象评价,未明确对象,未明确方面,正面,False,
知识区,BV1zrGi6PE9B,祝我和饱饱高考顺利！,正面,正面,0.8928298755689325,0.8928298755689325,0.07572676103822612,0.031443363392841386,1.0,1.0,1,0,0,对象评价,未明确对象,未明确方面,正面,False,
知识区,BV1zrGi6PE9B,加油各位 高考还有370天,正面,正面,0.811259230352154,0.811259230352154,0.17474407949324772,0.013996690154598286,1.0,1.0,1,0,0,对象评价,未明确对象,未明确方面,正面,False,
知识区,BV1zrGi6PE9B,高考加油！！！,正面,正面,0.9602200937892933,0.9602200937892933,0.01991713287318895,0.019862773337517726,1.0,1.0,1,0,0,对象评价,未明确对象,未明确方面,正面,False,
知识区,BV1zrGi6PE9B,高考加油！南京大学！,正面,正面,0.9812280152342638,0.9812280152342638,0.01734056832769098,0.0014314164380451124,1.0,1.0,1,0,0,对象评价,未明确对象,未明确方面,正面,False,
知识区,BV1zrGi6PE9B,完结撒花！！！！！！！,正面,正面,0.80309754772765,0.80309754772765,0.10994921796830795,0.08695323430404202,0.0,0.0,0,0,0,无明显情感,未明确对象,未明确方面,中性,True,1.0
知识区,BV1zrGi6PE9B,上600分！！！,正面,正面,0.6384376341623954,0.6384376341623954,0.16295199506701138,0.19861037077059318,0.0,0.0,0,0,0,无明显情感,未明确对象,未明确方面,中性,False,
知识区,BV1zrGi6PE9B,27高考必胜！,正面,正面,0.7454757852320559,0.7454757852320559,0.22718726045725068,0.027336954310693447,0.0,0.0,0,0,0,无明显情感,未明确对象,未明确方面,中性,False,
知识区,BV1zrGi6PE9B,2027高考必胜，华中师范,正面,正面,0.7902455395075733,0.7902455395075733,0.16574318764804916,0.04401127284437754,0.0,0.0,0,0,0,无明显情感,未明确对象,未明确方面,中性,False,
知识区,BV1zrGi6PE9B,补完了我去,正面,负面,0.4467401429405071,0.26313798721892717,0.2901218698405658,0.4467401429405071,-1.0,-1.0,0,1,0,对象评价,未明确对象,未明确方面,负面,True,1.0
知识区,BV1zrGi6PE9B,好感动,正面,正面,0.9079704506192003,0.9079704506192003,0.008836804940253856,0.08319274444054589,1.0,1.0,1,0,0,对象评价+自身情绪,未明确对象,未明确方面,正面,False,
知识区,BV1zrGi6PE9B,南华大学等我 2026 6.1,正面,正面,0.7075660403279062,0.7075660403279062,0.22842395218677794,0.06401000748531588,0.0,0.0,0,0,0,无明显情感,未明确对象,未明确方面,中性,True,1.0
知识区,BV1zrGi6PE9B,2026高考加油！！！,正面,正面,0.9757644391358109,0.9757644391358109,0.013570312925121163,0.010665247939068001,1.0,1.0,1,0,0,对象评价,未明确对象,未明确方面,正面,False,
知识区,BV1zrGi6PE9B,2027我要上985！,正面,正面,0.7928156988659555,0.7928156988659555,0.18889021359792102,0.01829408753612356,0.0,0.0,0,0,0,无明显情感,未明确对象,未明确方面,中性,False,
知识区,BV1zrGi6PE9B,谢谢一数团队,正面,正面,0.7150488470341712,0.7150488470341712,0.214603865941384,0.07034728702444493,1.0,1.0,1,0,0,对象评价,未明确对象,未明确方面,正面,False,
知识区,BV1zrGi6PE9B,必胜的信念，2026高考加油！,正面,正面,0.9798048180494341,0.9798048180494341,0.014783939877928238,0.0054112420726377015,1.0,1.0,1,0,0,对象评价,未明确对象,未明确方面,正面,False,
知识区,BV1zrGi6PE9B,我爱你们所有；高三见,正面,正面,0.5211075071816044,0.5211075071816044,0.33752845340717347,0.1413640394112221,0.0,0.0,0,0,0,无明显情感,未明确对象,未明确方面,中性,True,1.0
知识区,BV1zrGi6PE9B,小猪好,正面,正面,0.7161166689173329,0.7161166689173329,0.13008497125121277,0.15379835983145426,0.0,0.0,0,0,0,无明显情感,未明确对象,未明确方面,中性,False,
知识区,BV1zrGi6PE9B,2027一定大捷,正面,正面,0.6095651447545366,0.6095651447545366,0.3471353393912777,0.043299515854185684,0.0,0.0,0,0,0,无明显情感,未明确对象,未明确方面,中性,False,
知识区,BV1zrGi6PE9B,好的,正面,正面,0.5670349226070547,0.5670349226070547,0.12213770938151464,0.31082736801143074,0.0,0.0,0,0,0,无明显情感,未明确对象,未明确方面,中性,True,1.0
知识区,BV1zrGi6PE9B,拜拜,正面,正面,0.7496130933842874,0.7496130933842874,0.08502556432731666,0.165361342288396,1.0,1.0,1,0,0,对象评价,未明确对象,未明确方面,正面,False,
知识区,BV1zrGi6PE9B,无限进步,正面,正面,0.48148387845105894,0.48148387845105894,0.22448667191294022,0.2940294496360008,-1.0,-1.0,0,1,0,对象评价,未明确对象,未明确方面,负面,True,1.0
知识区,BV1zrGi6PE9B,吸烟的表示欣慰,正面,正面,0.6378578904602843,0.6378578904602843,0.2530604160268402,0.10908169351287555,1.0,1.0,1,0,0,对象评价,未明确对象,未明确方面,正面,False,
知识区,BV1zrGi6PE9B,好好听课,正面,正面,0.71369565202954,0.71369565202954,0.08522762747396674,0.2010767204964932,1.0,1.0,1,0,0,对象评价,未明确对象,未明确方面,正面,False,
知识区,BV1zrGi6PE9B,最后一课加油·,正面,正面,0.6866058644539808,0.6866058644539808,0.2698778915416216,0.04351624400439756,1.0,1.0,1,0,0,对象评价,未明确对象,未明确方面,正面,True,1.0
知识区,BV1zrGi6PE9B,福州大学 等我,正面,正面,0.5698262458891165,0.5698262458891165,0.3620246395720189,0.06814911453886466,0.0,0.0,0,0,0,无明显情感,未明确对象,未明确方面,中性,False,
知识区,BV1zrGi6PE9B,重庆大学等我,正面,正面,0.5698262458891165,0.5698262458891165,0.3620246395720189,0.06814911453886466,0.0,0.0,0,0,0,无明显情感,未明确对象,未明确方面,中性,False,
知识区,BV1zrGi6PE9B,2027南京理工大学！！,正面,正面,0.8052380671062661,0.8052380671062661,0.1641556645915055,0.030606268302228432,0.0,0.0,0,0,0,无明显情感,未明确对象,未明确方面,中性,False,
知识区,BV1zrGi6PE9B,完结撒花！感谢,正面,正面,0.9769140890507976,0.9769140890507976,0.017316791455636565,0.005769119493565758,1.0,1.0,1,0,0,对象评价,未明确对象,未明确方面,正面,False,
知识区,BV1zrGi6PE9B,原来还有下一个视频，放心了，，，,正面,正面,0.7095124908021263,0.7095124908021263,0.21395235727024853,0.0765351519276252,1.0,1.0,1,0,0,对象评价,视频内容,未明确方面,正面,True,1.0
知识区,BV1zrGi6PE9B,祝26届考生全体上岸！金榜题名！,正面,正面,0.7886735109627332,0.7886735109627332,0.17807920441168013,0.03324728462558672,0.0,0.0,0,0,0,无明显情感,未明确对象,未明确方面,中性,False,
知识区,BV1zrGi6PE9B,欧耶撒花,正面,正面,0.5686549284481125,0.5686549284481125,0.3610270212540633,0.07031805029782434,0.0,0.0,0,0,0,无明显情感,未明确对象,未明确方面,中性,False,
知识区,BV1zrGi6PE9B,高考加油！！,正面,正面,0.9769322877141587,0.9769322877141587,0.01546414060223017,0.00760357168361099,1.0,1.0,1,0,0,对象评价,未明确对象,未明确方面,正面,False,
知识区,BV1zrGi6PE9B,27届高考数学125！,正面,正面,0.6842946692428177,0.6842946692428177,0.23735782585854776,0.07834750489863457,0.0,0.0,0,0,0,无明显情感,课程内容,未明确方面,中性,True,1.0
知识区,BV1zrGi6PE9B,2027安师大等我,正面,正面,0.6522039498175328,0.6522039498175328,0.2957386989251017,0.05205735125736538,0.0,0.0,0,0,0,无明显情感,未明确对象,未明确方面,中性,False,
知识区,BV1zrGi6PE9B,27高考加油！华南师范人工智能！,正面,正面,0.9531617452388041,0.9531617452388041,0.04320630631582023,0.0036319484453756793,1.0,1.0,1,0,0,对象评价,未明确对象,未明确方面,正面,False,
知识区,BV1zrGi6PE9B,上岸啊,正面,正面,0.6222683668832032,0.6222683668832032,0.1847519958208534,0.1929796372959434,0.0,0.0,0,0,0,无明显情感,未明确对象,未明确方面,中性,True,1.0
知识区,BV1zrGi6PE9B,完结撒花！2027年高考大捷！,正面,正面,0.9263437970529149,0.9263437970529149,0.0670315822124419,0.00662462073464324,0.0,0.0,0,0,0,无明显情感,未明确对象,未明确方面,中性,False,
知识区,BV1zrGi6PE9B,2027杭州电子科技大学见,正面,正面,0.5545663409254468,0.5545663409254468,0.412382213181484,0.03305144589306928,0.0,0.0,0,0,0,无明显情感,未明确对象,未明确方面,中性,False,
知识区,BV1zrGi6PE9B,感恩一路陪伴,正面,正面,0.7457422411282412,0.7457422411282412,0.07222215045816696,0.18203560841359187,1.0,1.0,1,0,0,对象评价,未明确对象,未明确方面,正面,True,1.0
知识区,BV1zrGi6PE9B,高考上岸！,正面,正面,0.8630718357920266,0.8630718357920266,0.12678383604437554,0.010144328163597817,0.0,0.0,0,0,0,无明显情感,未明确对象,未明确方面,中性,False,
知识区,BV1zrGi6PE9B,再见不了我的青春，灵魂永驻这最美的年华，感谢一数,正面,正面,0.6873770556654291,0.6873770556654291,0.09858432259568896,0.21403862173888202,1.0,1.0,1,0,0,对象评价,未明确对象,未明确方面,正面,True,1.0
知识区,BV1zrGi6PE9B,高考必胜，心想事成,正面,正面,0.7405701660199033,0.7405701660199033,0.19922887585244803,0.0602009581276487,0.0,0.0,0,0,0,无明显情感,未明确对象,未明确方面,中性,True,1.0
知识区,BV1zrGi6PE9B,完结撒花，再见了,正面,正面,0.46601277377844835,0.46601277377844835,0.2068716328700732,0.32711559335147844,0.0,0.0,0,0,0,无明显情感,未明确对象,未明确方面,中性,False,
知识区,BV1zrGi6PE9B,完结撒花 谢谢老师,正面,正面,0.96391520686635,0.96391520686635,0.02579779089968069,0.010287002233969358,1.0,1.0,1,0,0,对象评价,讲解者,未明确方面,正面,False,
知识区,BV1zrGi6PE9B,2027高考上岸！！！,正面,正面,0.8918062011230175,0.8918062011230175,0.0830316653001617,0.0251621335768209,0.0,0.0,0,0,0,无明显情感,未明确对象,未明确方面,中性,False,
知识区,BV1zrGi6PE9B,27年北师大等我！,正面,正面,0.6459138165058229,0.6459138165058229,0.31417073981552596,0.03991544367865104,0.0,0.0,0,0,0,无明显情感,未明确对象,未明确方面,中性,False,
知识区,BV1zrGi6PE9B,我希望2027数学上115好不好,正面,正面,0.5869430007636578,0.5869430007636578,0.1737397421093812,0.23931725712696109,0.0,0.0,0,0,0,无明显情感,课程内容,未明确方面,中性,True,1.0
知识区,BV1zrGi6PE9B,我明白了,正面,正面,0.6916110230446628,0.6916110230446628,0.06734889565198844,0.2410400813033487,1.0,1.0,1,0,0,对象评价+认知状态,未明确对象,理解与难度,正面,False,
知识区,BV1zrGi6PE9B,完结撒花，很高兴认识所有人,正面,正面,0.9569018446681866,0.9569018446681866,0.030312922906107778,0.012785232425705595,1.5,1.5,1,0,0,对象评价,未明确对象,未明确方面,正面,False,
知识区,BV1zrGi6PE9B,我一定会超常发挥的，高考上岸,正面,正面,0.7467639909893322,0.7467639909893322,0.1455180486846872,0.10771796032598067,0.0,0.0,0,0,0,无明显情感,未明确对象,未明确方面,中性,True,1.0
知识区,BV1zrGi6PE9B,完结撒花5月31号12点23,正面,正面,0.5006236309714314,0.5006236309714314,0.380112763145295,0.1192636058832736,0.0,0.0,0,0,0,无明显情感,未明确对象,未明确方面,中性,False,
知识区,BV1zrGi6PE9B,one last kiss 爱了爱了,正面,正面,0.9727131041354459,0.9727131041354459,0.0053011631925021195,0.02198573267205193,2.0,2.0,2,0,0,对象评价,未明确对象,未明确方面,正面,False,
知识区,BV1zrGi6PE9B,27年高考大捷!,正面,正面,0.4920311485952432,0.4920311485952432,0.4784065999405665,0.029562251464190354,0.0,0.0,0,0,0,无明显情感,未明确对象,未明确方面,中性,False,
知识区,BV1zrGi6PE9B,感谢小猪老师！感谢一数！,正面,正面,0.9796600927303699,0.9796600927303699,0.015022606823549974,0.005317300446080058,2.0,2.0,2,0,0,对象评价,讲解者,未明确方面,正面,False,
知识区,BV1zrGi6PE9B,2027年中国人民大学上岸！,正面,正面,0.8267262093471348,0.8267262093471348,0.16207695077514392,0.011196839877721338,0.0,0.0,0,0,0,无明显情感,未明确对象,未明确方面,中性,False,
知识区,BV1zrGi6PE9B,完结撒花，27届高考加油，考上好大学，高考必胜,正面,正面,0.9865188283732966,0.9865188283732966,0.007999558561720955,0.005481613064982489,1.0,1.0,1,0,0,对象评价,未明确对象,未明确方面,正面,False,
知识区,BV1zrGi6PE9B,高考加油呀！,正面,正面,0.9776065359642921,0.9776065359642921,0.018912119333056223,0.0034813447026516204,1.0,1.0,1,0,0,对象评价,未明确对象,未明确方面,正面,False,
知识区,BV1zrGi6PE9B,27年高考600+！感谢小猪老师,正面,正面,0.9298285941825166,0.9298285941825166,0.059246174440583735,0.010925231376899512,1.0,1.0,1,0,0,对象评价,讲解者,未明确方面,正面,False,
知识区,BV1zrGi6PE9B,好燃，上岸,正面,正面,0.7692672717637935,0.7692672717637935,0.1653429428409327,0.06538978539527378,0.0,0.0,0,0,0,无明显情感,未明确对象,未明确方面,中性,False,
知识区,BV1zrGi6PE9B,有何不敢！,正面,正面,0.5440374140437729,0.5440374140437729,0.42514974784539145,0.030812838110835628,0.0,0.0,0,0,0,无明显情感,未明确对象,未明确方面,中性,False,
知识区,BV1zrGi6PE9B,高中数学完结撒花，恭喜大家通关数学选修副本,正面,正面,0.9423662447023198,0.9423662447023198,0.024174184394246265,0.03345957090343395,1.0,1.0,1,0,0,对象评价,课程内容,未明确方面,正面,True,1.0
知识区,BV1zrGi6PE9B,感谢一数 你我皆是黑马 完结撒花,正面,正面,0.9447985487024033,0.9447985487024033,0.031042438241003355,0.02415901305659339,1.0,1.0,1,0,0,对象评价,未明确对象,未明确方面,正面,False,
知识区,BV1zrGi6PE9B,2027南京大学,正面,正面,0.4961001865330888,0.4961001865330888,0.46822481279613654,0.035675000670774525,0.0,0.0,0,0,0,无明显情感,未明确对象,未明确方面,中性,False,
知识区,BV1zrGi6PE9B,愿我们都能无限进步！,正面,正面,0.644716377587628,0.644716377587628,0.23993365797445912,0.11534996443791291,-1.0,-1.0,0,1,0,对象评价,未明确对象,未明确方面,负面,True,1.0
知识区,BV1zrGi6PE9B,很高兴认识你——一数,正面,正面,0.6402276657371639,0.6402276657371639,0.2559568435978093,0.10381549066502667,1.5,1.5,1,0,0,对象评价,未明确对象,未明确方面,正面,False,
知识区,BV1zrGi6PE9B,许愿高考数学120,正面,正面,0.6251088035027732,0.6251088035027732,0.23425811945112307,0.14063307704610378,0.0,0.0,0,0,0,无明显情感,课程内容,未明确方面,中性,True,1.0
知识区,BV1zrGi6PE9B,2022年真牛,正面,正面,0.783078599370831,0.783078599370831,0.18840320981885128,0.028518190810317746,1.0,1.0,1,0,0,对象评价,未明确对象,未明确方面,正面,False,
知识区,BV1zrGi6PE9B,谢谢一哥，谢谢小猪老师！,正面,正面,0.9794948291835257,0.9794948291835257,0.013953634792221408,0.006551536024252946,2.0,2.0,2,0,0,对象评价,讲解者,未明确方面,正面,False,
生活区,BV1xsVh6eEK7,事已至此，那……新年快乐？,正面,正面,0.9443230959292048,0.9443230959292048,0.03104581518365706,0.024631088887138188,1.0,1.0,1,0,0,对象评价+自身情绪,未明确对象,未明确方面,正面,True,1.0
生活区,BV1xsVh6eEK7,呃……新年快乐…？,正面,正面,0.9493041583854784,0.9493041583854784,0.03183120368892801,0.01886463792559352,1.0,1.0,1,0,0,对象评价+自身情绪,未明确对象,未明确方面,正面,True,1.0
生活区,BV1xsVh6eEK7,我，我也要说新年快乐吗？,正面,正面,0.8101603754059619,0.8101603754059619,0.05135472259161392,0.13848490200242414,1.0,1.0,1,0,0,对象评价+自身情绪,未明确对象,未明确方面,正面,True,1.0
生活区,BV1xsVh6eEK7,那还说啥了，新年快乐兄弟！,正面,正面,0.9105673014966896,0.9105673014966896,0.04690652550173171,0.042526173001578585,1.0,1.0,1,0,0,对象评价+自身情绪,未明确对象,未明确方面,正面,True,1.0
生活区,BV1xsVh6eEK7,既然气氛都到这了，那就....新年快乐,正面,正面,0.8664552779736435,0.8664552779736435,0.06219663712428715,0.07134808490206937,1.0,1.0,1,0,0,对象评价+自身情绪,未明确对象,未明确方面,正面,False,
生活区,BV1xsVh6eEK7,那……新年快乐？,正面,正面,0.946785586756062,0.946785586756062,0.026008928801411552,0.027205484442526445,1.0,1.0,1,0,0,对象评价+自身情绪,未明确对象,未明确方面,正面,True,1.0
生活区,BV1xsVh6eEK7,新年快乐,正面,正面,0.9850225806383431,0.9850225806383431,0.0064822999605180145,0.008495119401138805,1.0,1.0,1,0,0,对象评价+自身情绪,未明确对象,未明确方面,正面,False,
生活区,BV1xsVh6eEK7,新年快乐！天气热了刘德华的冰化了！,正面,正面,0.9490900214817363,0.9490900214817363,0.044065485395615014,0.006844493122648753,1.0,1.0,1,0,0,对象评价+自身情绪,未明确对象,未明确方面,正面,False,
生活区,BV1xsVh6eEK7,这会天不冷不热的，倒也行！,正面,正面,0.5120414869262275,0.5120414869262275,0.28189491406839856,0.206063599005374,0.0,0.0,0,0,0,无明显情感,未明确对象,未明确方面,中性,True,1.0
生活区,BV1xsVh6eEK7,事已至此，新年快乐,正面,正面,0.9505622480920386,0.9505622480920386,0.034752913429555485,0.014684838478405928,1.0,1.0,1,0,0,对象评价+自身情绪,未明确对象,未明确方面,正面,False,
生活区,BV1xsVh6eEK7,新年快乐。,正面,正面,0.9745084227545423,0.9745084227545423,0.02110906618724088,0.004382511058216718,1.0,1.0,1,0,0,对象评价+自身情绪,未明确对象,未明确方面,正面,False,
生活区,BV1xsVh6eEK7,额……那……新年快乐?,正面,正面,0.9206327538242413,0.9206327538242413,0.03911188793152571,0.04025535824423307,1.0,1.0,1,0,0,对象评价+自身情绪,未明确对象,未明确方面,正面,True,1.0
生活区,BV1xsVh6eEK7,呃啊？新年快乐,正面,正面,0.9281821544323862,0.9281821544323862,0.034970374638181013,0.03684747092943275,1.0,1.0,1,0,0,对象评价+自身情绪,未明确对象,未明确方面,正面,False,
生活区,BV1xsVh6eEK7,新年快乐！,正面,正面,0.9741853756090862,0.9741853756090862,0.02018527656492682,0.005629347825986856,1.0,1.0,1,0,0,对象评价+自身情绪,未明确对象,未明确方面,正面,False,
生活区,BV1xsVh6eEK7,春节快乐,正面,正面,0.9199609173091914,0.9199609173091914,0.02652928884926432,0.05350979384154437,1.0,1.0,1,0,0,对象评价+自身情绪,未明确对象,未明确方面,正面,False,
生活区,BV1xsVh6eEK7,新年快乐……新年快乐?！,正面,正面,0.9948229686845002,0.9948229686845002,0.0028293985278603773,0.0023476327876395227,2.0,2.0,2,0,0,对象评价+自身情绪,未明确对象,未明确方面,正面,False,
生活区,BV1xsVh6eEK7,好！！！,正面,正面,0.5691627920588812,0.5691627920588812,0.07540976513181771,0.355427442809301,0.0,0.0,0,0,0,无明显情感,未明确对象,未明确方面,中性,False,
生活区,BV1xsVh6eEK7,呃，事已至此，那新年快乐?,正面,正面,0.933397916940874,0.933397916940874,0.03228621093339643,0.034315872125729445,1.0,1.0,1,0,0,对象评价+自身情绪,未明确对象,未明确方面,正面,False,
生活区,BV1xsVh6eEK7,新…新年快乐…,正面,正面,0.9662234939064048,0.9662234939064048,0.02376115109820654,0.010015354995388585,1.0,1.0,1,0,0,对象评价+自身情绪,未明确对象,未明确方面,正面,False,
生活区,BV1xsVh6eEK7,？那……新年快乐！,正面,正面,0.9430165761924,0.9430165761924,0.03560552050171559,0.021377903305884318,1.0,1.0,1,0,0,对象评价+自身情绪,未明确对象,未明确方面,正面,False,
生活区,BV1xsVh6eEK7,？，那就先…春节快乐,正面,正面,0.853468029430149,0.853468029430149,0.07033824305277156,0.0761937275170794,1.0,1.0,1,0,0,对象评价+自身情绪,未明确对象,未明确方面,正面,True,1.0
生活区,BV1xsVh6eEK7,快乐！,正面,正面,0.9351134028364252,0.9351134028364252,0.050876716682247775,0.01400988048132708,1.0,1.0,1,0,0,对象评价+自身情绪,未明确对象,未明确方面,正面,False,
生活区,BV1xsVh6eEK7,新年…快乐？,正面,正面,0.956891996516689,0.956891996516689,0.023400746545211605,0.019707256938099313,1.0,1.0,1,0,0,对象评价+自身情绪,未明确对象,未明确方面,正面,True,1.0
生活区,BV1xsVh6eEK7,新年快乐呀！！,正面,正面,0.9881053399945131,0.9881053399945131,0.007495204142929845,0.004399455862556971,1.0,1.0,1,0,0,对象评价+自身情绪,未明确对象,未明确方面,正面,False,
生活区,BV1xsVh6eEK7,那好吧，那就新年快乐,正面,正面,0.9610667019139495,0.9610667019139495,0.024302047346177528,0.014631250739872937,1.0,1.0,1,0,0,对象评价+自身情绪,未明确对象,未明确方面,正面,False,
生活区,BV1xsVh6eEK7,嗯……新年快乐?,正面,正面,0.9293790003614143,0.9293790003614143,0.03660993971114577,0.03401105992743999,1.0,1.0,1,0,0,对象评价+自身情绪,未明确对象,未明确方面,正面,True,1.0
生活区,BV1xsVh6eEK7,啊？新年快乐！,正面,正面,0.9401427281095418,0.9401427281095418,0.03287189372778114,0.02698537816267705,1.0,1.0,1,0,0,对象评价+自身情绪,未明确对象,未明确方面,正面,False,
生活区,BV1xsVh6eEK7,新年快乐，新年快乐！！！！！！,正面,正面,0.993185277338097,0.993185277338097,0.003963312188752546,0.002851410473150364,2.0,2.0,2,0,0,对象评价+自身情绪,未明确对象,未明确方面,正面,False,
生活区,BV1xsVh6eEK7,新…新年快乐？,正面,正面,0.9456588916237609,0.9456588916237609,0.03380978017490864,0.020531328201330454,1.0,1.0,1,0,0,对象评价+自身情绪,未明确对象,未明确方面,正面,True,1.0
生活区,BV1xsVh6eEK7,新年快乐r,正面,正面,0.9773583419970436,0.9773583419970436,0.016203387256727472,0.006438270746228841,1.0,1.0,1,0,0,对象评价+自身情绪,未明确对象,未明确方面,正面,False,
生活区,BV1xsVh6eEK7,春节快乐 羊年到了,正面,正面,0.7735235360145486,0.7735235360145486,0.12897867765875554,0.09749778632669584,1.0,1.0,1,0,0,对象评价+自身情绪,未明确对象,未明确方面,正面,True,1.0
生活区,BV1xsVh6eEK7,新年快乐！！！！,正面,正面,0.9500815865238319,0.9500815865238319,0.028533787044750087,0.021384626431418145,1.0,1.0,1,0,0,对象评价+自身情绪,未明确对象,未明确方面,正面,False,
生活区,BV1xsVh6eEK7,额，新年快乐！,正面,正面,0.9591888576757178,0.9591888576757178,0.032171488383377515,0.008639653940904627,1.0,1.0,1,0,0,对象评价+自身情绪,未明确对象,未明确方面,正面,False,
生活区,BV1xsVh6eEK7,嗯……呃……新年快乐？,正面,正面,0.9449993628131954,0.9449993628131954,0.03621307766195262,0.018787559524852036,1.0,1.0,1,0,0,对象评价+自身情绪,未明确对象,未明确方面,正面,True,1.0
生活区,BV1xsVh6eEK7,对咯对咯,正面,中性,0.41480980753966484,0.3507388809247836,0.41480980753966484,0.23445131153555152,0.0,0.0,0,0,0,无明显情感,未明确对象,未明确方面,中性,True,1.0
生活区,BV1xsVh6eEK7,事已至此，新年快乐？,正面,正面,0.9343185823778914,0.9343185823778914,0.03753741910943323,0.028143998512675288,1.0,1.0,1,0,0,对象评价+自身情绪,未明确对象,未明确方面,正面,True,1.0
生活区,BV1xsVh6eEK7,？？那么好吧，新年快乐,正面,正面,0.8574932854967835,0.8574932854967835,0.026661263344421864,0.11584545115879465,1.0,1.0,1,0,0,对象评价+自身情绪,未明确对象,未明确方面,正面,False,
生活区,BV1xsVh6eEK7,阿……新年快乐？,正面,正面,0.9555740888812344,0.9555740888812344,0.02786939480772652,0.01655651631103912,1.0,1.0,1,0,0,对象评价+自身情绪,未明确对象,未明确方面,正面,True,1.0
生活区,BV1xsVh6eEK7,呃……气氛都到这儿了…那就新年快乐？,正面,正面,0.8687118367839918,0.8687118367839918,0.05147726864973549,0.0798108945662727,1.0,1.0,1,0,0,对象评价+自身情绪,未明确对象,未明确方面,正面,False,
生活区,BV1xsVh6eEK7,事已至此……，恭喜发财，红包拿来？,正面,正面,0.7079293523355635,0.7079293523355635,0.09394109099646455,0.19812955666797186,1.0,1.0,1,0,0,对象评价,未明确对象,未明确方面,正面,True,1.0
生活区,BV1xsVh6eEK7,呃….新年快乐？？？,正面,正面,0.7759590331081883,0.7759590331081883,0.05583052928880936,0.16821043760300242,1.0,1.0,1,0,0,对象评价+自身情绪,未明确对象,未明确方面,正面,True,1.0
生活区,BV1xsVh6eEK7,嗯好吧新年快乐,正面,正面,0.9726756205175516,0.9726756205175516,0.015883386956654935,0.01144099252579335,1.0,1.0,1,0,0,对象评价+自身情绪,未明确对象,未明确方面,正面,False,
生活区,BV1xsVh6eEK7,春节快乐！,正面,正面,0.9479242991481077,0.9479242991481077,0.038580364584564986,0.01349533626732735,1.0,1.0,1,0,0,对象评价+自身情绪,未明确对象,未明确方面,正面,False,
生活区,BV1xsVh6eEK7,事已至此…新年快乐？,正面,正面,0.9380615536115982,0.9380615536115982,0.037981693500382184,0.023956752888019697,1.0,1.0,1,0,0,对象评价+自身情绪,未明确对象,未明确方面,正面,True,1.0
生活区,BV1xsVh6eEK7,新年快乐哈哈哈,正面,正面,0.9976619092611991,0.9976619092611991,0.0013793355431186893,0.000958755195682072,2.0,2.0,2,0,0,对象评价+自身情绪,未明确对象,娱乐与趣味,正面,False,
生活区,BV1xsVh6eEK7,那难道说……新年快乐？,正面,正面,0.9547229367019682,0.9547229367019682,0.02685398323422653,0.018423080063805383,1.0,1.0,1,0,0,对象评价+自身情绪,未明确对象,理解与难度,正面,True,1.0
生活区,BV1xsVh6eEK7,行吧，新年快乐,正面,正面,0.9548149448209846,0.9548149448209846,0.029817134693596484,0.015367920485418941,1.0,1.0,1,0,0,对象评价+自身情绪,未明确对象,未明确方面,正面,False,
生活区,BV1xsVh6eEK7,？那新年快乐,正面,正面,0.9309775976957871,0.9309775976957871,0.03181850676028779,0.03720389554392504,1.0,1.0,1,0,0,对象评价+自身情绪,未明确对象,未明确方面,正面,True,1.0
生活区,BV1xsVh6eEK7,气氛都到这了！那就祝你新年快乐吧！,正面,正面,0.9419930492342559,0.9419930492342559,0.04050290953338489,0.017504041232359355,1.0,1.0,1,0,0,对象评价+自身情绪,未明确对象,未明确方面,正面,False,
生活区,BV1xsVh6eEK7,那……那那个，新年快乐？还是新年快乐吧！,正面,正面,0.9877012216379221,0.9877012216379221,0.006329644437134761,0.005969133924943059,2.0,2.0,2,0,0,对象评价+自身情绪,未明确对象,未明确方面,正面,False,
生活区,BV1xsVh6eEK7,啊……？那祝你天天开心,正面,正面,0.5769263786580361,0.5769263786580361,0.1559071341911179,0.26716648715084595,1.0,1.0,1,0,0,对象评价+自身情绪,未明确对象,未明确方面,正面,True,1.0
生活区,BV1xsVh6eEK7,？也行～春～节～快～乐,正面,正面,0.8191984459753741,0.8191984459753741,0.08531057159708291,0.09549098242754296,1.0,1.0,1,0,0,对象评价+自身情绪,未明确对象,未明确方面,正面,True,1.0
生活区,BV1xsVh6eEK7,新年快乐，开开心心的哥们儿,正面,正面,0.9954339035851886,0.9954339035851886,0.002279913939902659,0.0022861824749086943,2.0,2.0,2,0,0,对象评价+自身情绪,未明确对象,未明确方面,正面,False,
生活区,BV1xsVh6eEK7,？新年快乐？,正面,正面,0.9068604393522051,0.9068604393522051,0.038817946322060246,0.054321614325734784,1.0,1.0,1,0,0,对象评价+自身情绪,未明确对象,未明确方面,正面,False,
生活区,BV1xsVh6eEK7,哎，不是事已至此，那他喵直接新年快乐,正面,正面,0.9488190557317832,0.9488190557317832,0.0314477696659278,0.019733174602289016,1.0,1.0,1,0,0,对象评价+自身情绪,未明确对象,未明确方面,正面,False,
生活区,BV1xsVh6eEK7,额，那，那就祝你新年快乐,正面,正面,0.9632076623279162,0.9632076623279162,0.023063932164042983,0.013728405508040852,1.0,1.0,1,0,0,对象评价+自身情绪,未明确对象,未明确方面,正面,False,
生活区,BV1xsVh6eEK7,事已至此，先吃饭吧，新年快乐大家,正面,正面,0.9320425830715839,0.9320425830715839,0.055866708483898485,0.012090708444517588,1.0,1.0,1,0,0,对象评价+自身情绪,未明确对象,未明确方面,正面,False,
生活区,BV1xsVh6eEK7,行吧，行吧，春节快乐！,正面,正面,0.9187554616309584,0.9187554616309584,0.056073649043974175,0.02517088932506741,1.0,1.0,1,0,0,对象评价+自身情绪,未明确对象,未明确方面,正面,False,
生活区,BV1xsVh6eEK7,笑死了,正面,正面,0.6885121635495516,0.6885121635495516,0.13077355130654814,0.1807142851439003,1.0,1.0,1,0,0,对象评价+自身情绪,未明确对象,娱乐与趣味,正面,False,
生活区,BV1xsVh6eEK7,那新年快乐！,正面,正面,0.9690823437998005,0.9690823437998005,0.022706559625784224,0.008211096574415235,1.0,1.0,1,0,0,对象评价+自身情绪,未明确对象,未明确方面,正面,False,
生活区,BV1xsVh6eEK7,那就，新年快乐！,正面,正面,0.9704090103692844,0.9704090103692844,0.021129276440323537,0.008461713190392071,1.0,1.0,1,0,0,对象评价+自身情绪,未明确对象,未明确方面,正面,False,
生活区,BV1xsVh6eEK7,?额，新年快乐,正面,正面,0.9313084692544672,0.9313084692544672,0.03301761404237312,0.035673916703159766,1.0,1.0,1,0,0,对象评价+自身情绪,未明确对象,未明确方面,正面,True,1.0
生活区,BV1xsVh6eEK7,啊这，事已至此，那就新年快乐把！,正面,正面,0.9724874456936015,0.9724874456936015,0.014297559310469707,0.01321499499592883,1.0,1.0,1,0,0,对象评价+自身情绪,未明确对象,未明确方面,正面,False,
生活区,BV1xsVh6eEK7,啊？那就新春快乐？,正面,正面,0.768304286142415,0.768304286142415,0.06469724735452406,0.166998466503061,1.0,1.0,1,0,0,对象评价+自身情绪,未明确对象,未明确方面,正面,True,1.0
生活区,BV1xsVh6eEK7,啊？新年快乐,正面,正面,0.9296556093095882,0.9296556093095882,0.025591053088421224,0.04475333760199067,1.0,1.0,1,0,0,对象评价+自身情绪,未明确对象,未明确方面,正面,False,
生活区,BV1xsVh6eEK7,那还说啥了 新年快乐呗,正面,正面,0.8653751052907198,0.8653751052907198,0.0647929855017282,0.0698319092075521,1.0,1.0,1,0,0,对象评价+自身情绪,未明确对象,未明确方面,正面,True,1.0
生活区,BV1xsVh6eEK7,新年快乐呀！,正面,正面,0.9892125261906991,0.9892125261906991,0.008232860125194152,0.0025546136841067286,1.0,1.0,1,0,0,对象评价+自身情绪,未明确对象,未明确方面,正面,False,
生活区,BV1xsVh6eEK7,不管啦新年快乐！,正面,正面,0.9213439689467676,0.9213439689467676,0.06105450760108382,0.017601523452148427,1.0,1.0,1,0,0,对象评价+自身情绪,未明确对象,未明确方面,正面,False,
生活区,BV1xsVh6eEK7,过年好,正面,正面,0.6953097133767449,0.6953097133767449,0.07471998390127944,0.2299703027219757,0.0,0.0,0,0,0,无明显情感,未明确对象,未明确方面,中性,False,
生活区,BV1xsVh6eEK7,额。。。快乐？。。快乐快乐！,正面,正面,0.9815749827268477,0.9815749827268477,0.0070777025338388255,0.011347314739313533,3.0,3.0,3,0,0,对象评价+自身情绪,未明确对象,未明确方面,正面,False,
生活区,BV1xsVh6eEK7,过年好！,正面,正面,0.8541511174155415,0.8541511174155415,0.08208022374713472,0.06376865883732369,0.0,0.0,0,0,0,无明显情感,未明确对象,未明确方面,中性,False,
生活区,BV1xsVh6eEK7,呃....新年快乐？！...我也过个年去？,正面,正面,0.8048008503960222,0.8048008503960222,0.08773305210950788,0.10746609749446995,1.0,1.0,1,0,0,对象评价+自身情绪,未明确对象,未明确方面,正面,False,
生活区,BV1xsVh6eEK7,啊？新年快乐 吗？,正面,正面,0.7824846580256858,0.7824846580256858,0.09716182304135454,0.12035351893295977,1.0,1.0,1,0,0,对象评价+自身情绪,未明确对象,未明确方面,正面,False,
生活区,BV1xsVh6eEK7,额。。。也行。。。新年快乐！,正面,正面,0.845266603519319,0.845266603519319,0.08903324605646956,0.06570015042421135,1.0,1.0,1,0,0,对象评价+自身情绪,未明确对象,未明确方面,正面,False,
生活区,BV1xsVh6eEK7,新...新年快乐？,正面,正面,0.8992526579914789,0.8992526579914789,0.07318875375871747,0.027558588249803586,1.0,1.0,1,0,0,对象评价+自身情绪,未明确对象,未明确方面,正面,True,1.0
生活区,BV1xsVh6eEK7,事已至此，新年快乐！,正面,正面,0.9596473880017999,0.9596473880017999,0.03201520346888189,0.008337408529318203,1.0,1.0,1,0,0,对象评价+自身情绪,未明确对象,未明确方面,正面,False,
生活区,BV1xsVh6eEK7,我的妈呀春节快乐,正面,正面,0.7766304321222312,0.7766304321222312,0.042968160484096414,0.18040140739367236,1.0,1.0,1,0,0,对象评价+自身情绪,未明确对象,未明确方面,正面,False,
生活区,BV1xsVh6eEK7,好耶，新年快乐！,正面,正面,0.9796775931658189,0.9796775931658189,0.012936392981649877,0.00738601385253119,1.0,1.0,1,0,0,对象评价+自身情绪,未明确对象,未明确方面,正面,False,
生活区,BV1xsVh6eEK7,国庆快乐,正面,正面,0.9069977022179586,0.9069977022179586,0.0614246969470578,0.031577600834983614,1.0,1.0,1,0,0,对象评价+自身情绪,未明确对象,未明确方面,正面,False,
生活区,BV1xsVh6eEK7,那还说啥了？新年快乐！,正面,正面,0.8131615162158566,0.8131615162158566,0.06317966853277113,0.12365881525137223,1.0,1.0,1,0,0,对象评价+自身情绪,未明确对象,未明确方面,正面,False,
生活区,BV1xsVh6eEK7,新春快乐？,正面,正面,0.8379323375936513,0.8379323375936513,0.0846498355900299,0.07741782681631888,1.0,1.0,1,0,0,对象评价+自身情绪,未明确对象,未明确方面,正面,True,1.0
生活区,BV1xsVh6eEK7,新年快乐？？？！！！,正面,正面,0.8478175069629011,0.8478175069629011,0.027544729240351035,0.12463776379674774,1.0,1.0,1,0,0,对象评价+自身情绪,未明确对象,未明确方面,正面,True,1.0
生活区,BV1xsVh6eEK7,新年快乐?,正面,正面,0.93712584464801,0.93712584464801,0.026562845291269656,0.03631131006072037,1.0,1.0,1,0,0,对象评价+自身情绪,未明确对象,未明确方面,正面,True,1.0
生活区,BV1xsVh6eEK7,新年快乐，老己,正面,正面,0.9832921747457052,0.9832921747457052,0.010830391652181337,0.005877433602113397,1.0,1.0,1,0,0,对象评价+自身情绪,未明确对象,未明确方面,正面,False,
生活区,BV1xsVh6eEK7,这么快？那就新年快乐啦,正面,正面,0.87569862889579,0.87569862889579,0.05706437429181043,0.06723699681239968,1.0,1.0,1,0,0,对象评价+自身情绪,未明确对象,未明确方面,正面,True,1.0
生活区,BV1xsVh6eEK7,国庆快乐！哈哈,正面,正面,0.9715905910372848,0.9715905910372848,0.02527263575394158,0.0031367732087735118,2.0,2.0,2,0,0,对象评价+自身情绪,未明确对象,娱乐与趣味,正面,False,
生活区,BV1xsVh6eEK7,啊？那 额 新年快乐！,正面,正面,0.9392698265249148,0.9392698265249148,0.0353539373210783,0.02537623615400703,1.0,1.0,1,0,0,对象评价+自身情绪,未明确对象,未明确方面,正面,True,1.0
生活区,BV1xsVh6eEK7,新年快乐！（欣然接受）,正面,正面,0.9674930832668154,0.9674930832668154,0.02715593445628102,0.00535098227690354,1.0,1.0,1,0,0,对象评价+自身情绪+立场,未明确对象,未明确方面,正面,False,
生活区,BV1xsVh6eEK7,新年快乐！万事如意，身体健康！,正面,正面,0.9961364947232082,0.9961364947232082,0.0031534150940856548,0.0007100901827060313,2.0,2.0,2,0,0,对象评价+自身情绪,未明确对象,未明确方面,正面,False,
生活区,BV1xsVh6eEK7,旧年快乐,正面,正面,0.9340788921496552,0.9340788921496552,0.04392110906125461,0.02199999878909015,1.0,1.0,1,0,0,对象评价+自身情绪,未明确对象,未明确方面,正面,False,
生活区,BV1xsVh6eEK7,啊 啊？啊 新年快乐？,正面,正面,0.8305266366676604,0.8305266366676604,0.030632417812523637,0.138840945519816,1.0,1.0,1,0,0,对象评价+自身情绪,未明确对象,未明确方面,正面,True,1.0
生活区,BV1xsVh6eEK7,新年快乐？？,正面,正面,0.9038432593005642,0.9038432593005642,0.04103380409155618,0.055122936607879515,1.0,1.0,1,0,0,对象评价+自身情绪,未明确对象,未明确方面,正面,False,
生活区,BV1xsVh6eEK7,新年快乐啊啊啊啊啊,正面,正面,0.717176830462959,0.717176830462959,0.029416957947964187,0.2534062115890768,1.0,1.0,1,0,0,对象评价+自身情绪,未明确对象,未明确方面,正面,True,1.0
生活区,BV1xsVh6eEK7,新年快乐呀 各位,正面,正面,0.9739652907220301,0.9739652907220301,0.020418433451331826,0.005616275826638172,1.0,1.0,1,0,0,对象评价+自身情绪,未明确对象,未明确方面,正面,False,
生活区,BV1xsVh6eEK7,好吧…………晚年幸福,正面,正面,0.4593437761411956,0.4593437761411956,0.3256315907913661,0.2150246330674383,0.0,0.0,0,0,0,无明显情感,未明确对象,未明确方面,中性,True,1.0
生活区,BV1xsVh6eEK7,那………那就新年快乐？,正面,正面,0.9404266868941962,0.9404266868941962,0.030506102484532224,0.029067210621271662,1.0,1.0,1,0,0,对象评价+自身情绪,未明确对象,未明确方面,正面,True,1.0
生活区,BV1xsVh6eEK7,新年快乐！！,正面,正面,0.9759715038655274,0.9759715038655274,0.016701482379647508,0.007327013754824984,1.0,1.0,1,0,0,对象评价+自身情绪,未明确对象,未明确方面,正面,False,
生活区,BV1xsVh6eEK7,那～快乐？,正面,正面,0.8434790271589407,0.8434790271589407,0.07443756970536039,0.08208340313569897,1.0,1.0,1,0,0,对象评价+自身情绪,未明确对象,未明确方面,正面,True,1.0
生活区,BV1xsVh6eEK7,额，啊？哦哦哦，春节快乐！,正面,正面,0.8809737668267957,0.8809737668267957,0.051203641870152854,0.06782259130305134,1.0,1.0,1,0,0,对象评价+自身情绪,未明确对象,未明确方面,正面,False,
生活区,BV1xsVh6eEK7,那... 春节快乐？,正面,正面,0.8031446886438596,0.8031446886438596,0.12047657088760247,0.07637874046853788,1.0,1.0,1,0,0,对象评价+自身情绪,未明确对象,未明确方面,正面,True,1.0
生活区,BV1xsVh6eEK7,额……？新年快乐,正面,正面,0.9329207037776731,0.9329207037776731,0.0396112205407442,0.02746807568158274,1.0,1.0,1,0,0,对象评价+自身情绪,未明确对象,未明确方面,正面,True,1.0
生活区,BV1xsVh6eEK7,呃 春节快乐,正面,正面,0.8962854574811289,0.8962854574811289,0.0646581949113719,0.0390563476074993,1.0,1.0,1,0,0,对象评价+自身情绪,未明确对象,未明确方面,正面,False,
生活区,BV1xsVh6eEK7,呃•••••那••••新••新年快乐?,正面,正面,0.9213086466779875,0.9213086466779875,0.042226147891092025,0.03646520543092044,1.0,1.0,1,0,0,对象评价+自身情绪,未明确对象,未明确方面,正面,True,1.0
生活区,BV1xsVh6eEK7,新年快乐呀,正面,正面,0.9847412856102632,0.9847412856102632,0.005586591927123284,0.009672122462613529,1.0,1.0,1,0,0,对象评价+自身情绪,未明确对象,未明确方面,正面,False,
生活区,BV1xsVh6eEK7,新年快乐！！！,正面,正面,0.9701442395799623,0.9701442395799623,0.017974163246290857,0.011881597173746877,1.0,1.0,1,0,0,对象评价+自身情绪,未明确对象,未明确方面,正面,False,
生活区,BV1xsVh6eEK7,那那那就新年快乐?,正面,正面,0.9110943225336754,0.9110943225336754,0.04052732167940425,0.04837835578692039,1.0,1.0,1,0,0,对象评价+自身情绪,未明确对象,未明确方面,正面,True,1.0
生活区,BV1xsVh6eEK7,额，好吧，春节快乐,正面,正面,0.9347362705085077,0.9347362705085077,0.029181861000305436,0.03608186849118674,1.0,1.0,1,0,0,对象评价+自身情绪,未明确对象,未明确方面,正面,False,
生活区,BV1xsVh6eEK7,新…年、快?快乐?,正面,正面,0.7556675232961855,0.7556675232961855,0.0815887259985198,0.1627437507052947,1.0,1.0,1,0,0,对象评价+自身情绪,未明确对象,未明确方面,正面,False,
生活区,BV1xsVh6eEK7,新年快乐！每一天！,正面,正面,0.9712155913115427,0.9712155913115427,0.025682206976534564,0.003102201711922735,1.0,1.0,1,0,0,对象评价+自身情绪,未明确对象,未明确方面,正面,False,
生活区,BV1xsVh6eEK7,那，新年快乐，祝你每天都像过年一样开心,正面,正面,0.9824967766239346,0.9824967766239346,0.01165654210987924,0.005846681266186144,2.0,2.0,2,0,0,对象评价+自身情绪,未明确对象,未明确方面,正面,False,
生活区,BV1xsVh6eEK7,啊？。那新年快乐吧,正面,正面,0.9081987122980564,0.9081987122980564,0.04937759722112344,0.042423690480820224,1.0,1.0,1,0,0,对象评价+自身情绪,未明确对象,未明确方面,正面,True,1.0
生活区,BV1xsVh6eEK7,？喵？行，新年快乐！,正面,正面,0.8853814205019367,0.8853814205019367,0.043040539972175794,0.0715780395258875,1.0,1.0,1,0,0,对象评价+自身情绪,未明确对象,未明确方面,正面,False,
生活区,BV1xsVh6eEK7,那就祝你新年快乐吧,正面,正面,0.9608740951512961,0.9608740951512961,0.024618301196079505,0.01450760365262453,1.0,1.0,1,0,0,对象评价+自身情绪,未明确对象,未明确方面,正面,False,
生活区,BV1xsVh6eEK7,必须快乐。心情好，天天都是过年。,正面,正面,0.9526531097095395,0.9526531097095395,0.025819360346329687,0.02152752994413073,2.0,2.0,2,0,0,对象评价+自身情绪,未明确对象,未明确方面,正面,False,
生活区,BV1xsVh6eEK7,哈哈哈哈，不错不错,正面,正面,0.9791116627925223,0.9791116627925223,0.01139217752740365,0.00949615968007398,1.0,1.0,2,1,1,对象评价+自身情绪,未明确对象,娱乐与趣味,混合,False,
生活区,BV1xsVh6eEK7,事已至此，先吃饭吧！！！,正面,正面,0.5704926855399379,0.5704926855399379,0.2860448544183809,0.14346246004168123,0.0,0.0,0,0,0,无明显情感,未明确对象,未明确方面,中性,False,
生活区,BV1xsVh6eEK7,新年快乐？！,正面,正面,0.9696535062777497,0.9696535062777497,0.023083473777603163,0.00726301994464709,1.0,1.0,1,0,0,对象评价+自身情绪,未明确对象,未明确方面,正面,False,
生活区,BV1xsVh6eEK7,新.....新年快乐？！,正面,正面,0.9173238689750938,0.9173238689750938,0.0667336045882002,0.015942526436706045,1.0,1.0,1,0,0,对象评价+自身情绪,未明确对象,未明确方面,正面,False,
生活区,BV1xsVh6eEK7,新年快乐喵？,正面,正面,0.9438840489327291,0.9438840489327291,0.032556938188752646,0.02355901287851824,1.0,1.0,1,0,0,对象评价+自身情绪,未明确对象,未明确方面,正面,True,1.0
生活区,BV1xsVh6eEK7,额。。那就新年快乐吧！,正面,正面,0.9455856278631612,0.9455856278631612,0.03964941007156177,0.014764962065277042,1.0,1.0,1,0,0,对象评价+自身情绪,未明确对象,未明确方面,正面,False,
生活区,BV1xsVh6eEK7,起号成功,正面,正面,0.5469808226331703,0.5469808226331703,0.3802303629231822,0.07278881444364757,1.0,1.0,1,0,0,对象评价,未明确对象,未明确方面,正面,True,1.0
生活区,BV1xsVh6eEK7,嗯？也行……那就快乐吧……,正面,正面,0.8282754615345992,0.8282754615345992,0.06843949809996559,0.10328504036543523,1.0,1.0,1,0,0,对象评价+自身情绪,未明确对象,未明确方面,正面,True,1.0
生活区,BV1xsVh6eEK7,啊？那就…新年快乐！,正面,正面,0.9458434948856668,0.9458434948856668,0.028295587825470654,0.025860917288862542,1.0,1.0,1,0,0,对象评价+自身情绪,未明确对象,未明确方面,正面,True,1.0
生活区,BV1xsVh6eEK7,那……那新年快乐,正面,正面,0.9634801568634845,0.9634801568634845,0.013424752719652473,0.02309509041686292,1.0,1.0,1,0,0,对象评价+自身情绪,未明确对象,未明确方面,正面,False,
生活区,BV1xsVh6eEK7,那..新年快乐,正面,正面,0.970585221220995,0.970585221220995,0.020613987365227206,0.008800791413777874,1.0,1.0,1,0,0,对象评价+自身情绪,未明确对象,未明确方面,正面,False,
生活区,BV1xsVh6eEK7,啊？啊！新年快乐,正面,正面,0.9550877971726139,0.9550877971726139,0.01833083698425113,0.02658136584313486,1.0,1.0,1,0,0,对象评价+自身情绪,未明确对象,未明确方面,正面,False,
生活区,BV1xsVh6eEK7,那...春节快乐,正面,正面,0.8728683101674356,0.8728683101674356,0.08907854070339016,0.03805314912917414,1.0,1.0,1,0,0,对象评价+自身情绪,未明确对象,未明确方面,正面,False,
生活区,BV1xsVh6eEK7,¯꒳¯生日快乐,正面,正面,0.9105398786110351,0.9105398786110351,0.0320189723078415,0.05744114908112341,1.0,1.0,1,0,0,对象评价+自身情绪,未明确对象,未明确方面,正面,False,
生活区,BV1xsVh6eEK7,那还说啥了，新年快乐！,正面,正面,0.904713952796894,0.904713952796894,0.0474085207815734,0.04787752642153259,1.0,1.0,1,0,0,对象评价+自身情绪,未明确对象,未明确方面,正面,True,1.0
生活区,BV1xsVh6eEK7,那还说啥了，新年快乐！走一个！我要喝露露！,正面,正面,0.9408957857616368,0.9408957857616368,0.034131251092979674,0.024972963145383387,1.0,1.0,1,0,0,对象评价+自身情绪,未明确对象,未明确方面,正面,True,1.0
生活区,BV1xsVh6eEK7,啊，新年快乐，新年快乐！,正面,正面,0.9907084029856492,0.9907084029856492,0.0064830555417253015,0.002808541472625462,2.0,2.0,2,0,0,对象评价+自身情绪,未明确对象,未明确方面,正面,False,
生活区,BV1xsVh6eEK7,牛逼哥,正面,正面,0.539723907352956,0.539723907352956,0.05374931432291443,0.40652677832412965,1.0,1.0,1,0,0,对象评价,未明确对象,未明确方面,正面,False,
生活区,BV1xsVh6eEK7,呃…新…新年快乐？,正面,正面,0.9419476043744269,0.9419476043744269,0.03800766521883411,0.020044730406738896,1.0,1.0,1,0,0,对象评价+自身情绪,未明确对象,未明确方面,正面,True,1.0
