partition,bvid,title,view_count,like_count,coin_count,favorite_count,reply_count,danmaku_count,text,label,text_clean,pos_cnt,neg_cnt,word_len,exclaim_cnt,question_cnt,lexicon_score,lexicon_pos_score,lexicon_neg_score,lexicon_abs_score,sentiment_density,discourse_score,clause_positive_score,clause_negative_score,contrast_count,is_mixed_sentiment,self_emotion_flag,cognitive_negative_flag,cognitive_positive_flag,stance_positive_flag,stance_negative_flag,evaluation_flag,sentiment_type,sentiment_target,sentiment_aspect,aspect_sentiment,pred,model_confidence,prob_negative,prob_neutral,prob_positive,pred_raw_label,pred_label,manual_label,manual_override
学习区,BV1uz4y1475S,【洛必达法则】高考使用指南,6049183,276506,78550,230485,4836,23660,未来的某个数学140+的大佬给我点了赞,,未来的某个数学140的大佬给我点了赞,0,0,8,0,0,0.0,0.0,0.0,0.0,0.0,0.0,0.0,0.0,0,0,0,0,0,0,0,0,无明显情感,课程内容,未明确方面,中性,-1,0.563028585371663,0.563028585371663,0.3606128535269805,0.07635856110135636,负面,正面,,False
学习区,BV1uz4y1475S,【洛必达法则】高考使用指南,6049183,276506,78550,230485,4836,23660,此时一个超级学霸给我点了个赞,,此时一个超级学霸给我点了个赞,0,0,7,0,0,0.0,0.0,0.0,0.0,0.0,0.0,0.0,0.0,0,0,0,0,0,0,0,0,无明显情感,未明确对象,未明确方面,中性,0,0.510137320776948,0.397198561651573,0.510137320776948,0.09266411757147892,中性,正面,,False
学习区,BV1uz4y1475S,【洛必达法则】高考使用指南,6049183,276506,78550,230485,4836,23660,《零比零，气死零》（doge,,零比零，气死零doge,0,1,6,0,0,-1.0,0.0,1.0,1.0,0.16666666666666666,-1.0,0.0,1.0,0,0,0,0,0,0,0,1,对象评价,未明确对象,未明确方面,负面,0,0.6085235927803506,0.26297043878250037,0.6085235927803506,0.1285059684371491,中性,中性,,False
学习区,BV1uz4y1475S,【洛必达法则】高考使用指南,6049183,276506,78550,230485,4836,23660,但是不用一定会扣分,,但是不用一定会扣分,0,0,5,0,0,0.0,0.0,0.0,0.0,0.0,0.0,0.0,0.0,1,0,0,0,0,0,0,0,无明显情感,未明确对象,未明确方面,中性,0,0.5997021852072334,0.23939975985672113,0.5997021852072334,0.16089805493604545,中性,中性,0.0,True
学习区,BV1uz4y1475S,【洛必达法则】高考使用指南,6049183,276506,78550,230485,4836,23660,请问我会了这禁术可以当火影吗[星星眼]​,,请问我会了这禁术可以当火影吗星星眼,1,0,8,0,0,1.0,1.0,0.0,1.0,0.125,1.0,1.0,0.0,0,0,0,0,1,0,0,1,对象评价+认知状态,未明确对象,未明确方面,正面,0,0.6652444210829196,0.13185632532988123,0.6652444210829196,0.20289925358719915,中性,中性,0.0,True
学习区,BV1uz4y1475S,【洛必达法则】高考使用指南,6049183,276506,78550,230485,4836,23660,想听一数讲课了,,想听一数讲课了,0,0,4,0,0,0.0,0.0,0.0,0.0,0.0,0.0,0.0,0.0,0,0,0,0,0,0,0,0,无明显情感,未明确对象,未明确方面,中性,0,0.5729103962277662,0.217845643712939,0.5729103962277662,0.2092439600592949,中性,中性,0.0,True
学习区,BV1uz4y1475S,【洛必达法则】高考使用指南,6049183,276506,78550,230485,4836,23660,为什么他总能精确判断我的每一步？？？,,为什么他总能精确判断我的每一步？？？,0,0,9,0,3,0.0,0.0,0.0,0.0,0.0,0.0,0.0,0.0,0,0,0,0,0,0,0,0,无明显情感,未明确对象,未明确方面,中性,-1,0.931206707386281,0.931206707386281,0.06682329362216036,0.001969998991558688,负面,负面,,False
学习区,BV1uz4y1475S,【洛必达法则】高考使用指南,6049183,276506,78550,230485,4836,23660,《小玩意儿》,,小玩意儿,0,0,1,0,0,0.0,0.0,0.0,0.0,0.0,0.0,0.0,0.0,0,0,0,0,0,0,0,0,无明显情感,未明确对象,未明确方面,中性,0,0.6641811267415451,0.13348938228347546,0.6641811267415451,0.20232949097497943,中性,中性,,False
学习区,BV1uz4y1475S,【洛必达法则】高考使用指南,6049183,276506,78550,230485,4836,23660,《小笨蛋》,,小笨蛋,0,0,1,0,0,0.0,0.0,0.0,0.0,0.0,0.0,0.0,0.0,0,0,0,0,0,0,0,0,无明显情感,未明确对象,未明确方面,中性,0,0.6900392443187154,0.10250532788464395,0.6900392443187154,0.20745542779664053,中性,中性,,False
学习区,BV1uz4y1475S,【洛必达法则】高考使用指南,6049183,276506,78550,230485,4836,23660,《大聪明》,,大聪明,1,0,2,0,0,1.0,1.0,0.0,1.0,0.5,1.0,1.0,0.0,0,0,0,0,0,0,0,1,对象评价,未明确对象,未明确方面,正面,1,0.4825391158902726,0.3830175791248495,0.13444330498487803,0.4825391158902726,正面,正面,1.0,True
学习区,BV1uz4y1475S,【洛必达法则】高考使用指南,6049183,276506,78550,230485,4836,23660,《关于我翻了半天后台应用这件事》,,关于我翻了半天后台应用这件事,0,0,7,0,0,0.0,0.0,0.0,0.0,0.0,0.0,0.0,0.0,0,0,0,0,0,0,0,0,无明显情感,未明确对象,未明确方面,中性,0,0.7111915965104704,0.1622349873393308,0.7111915965104704,0.12657341615019885,中性,中性,,False
学习区,BV1uz4y1475S,【洛必达法则】高考使用指南,6049183,276506,78550,230485,4836,23660,化简后表达式:y=sin,,化简后表达式ysin,0,0,4,0,0,0.0,0.0,0.0,0.0,0.0,0.0,0.0,0.0,0,0,0,0,0,0,0,0,无明显情感,未明确对象,未明确方面,中性,0,0.5226122325636604,0.3245666621701722,0.5226122325636604,0.15282110526616732,中性,中性,,False
学习区,BV1uz4y1475S,【洛必达法则】高考使用指南,6049183,276506,78550,230485,4836,23660,是扉间发明的禁术吗,,是扉间发明的禁术吗,0,0,3,0,0,0.0,0.0,0.0,0.0,0.0,0.0,0.0,0.0,0,0,0,0,0,0,0,0,无明显情感,未明确对象,未明确方面,中性,0,0.833031250776605,0.10577971630398939,0.833031250776605,0.061189032919405605,中性,中性,,False
学习区,BV1uz4y1475S,【洛必达法则】高考使用指南,6049183,276506,78550,230485,4836,23660,《洛洛历险记》,,洛洛历险记,0,0,2,0,0,0.0,0.0,0.0,0.0,0.0,0.0,0.0,0.0,0,0,0,0,0,0,0,0,无明显情感,未明确对象,未明确方面,中性,0,0.6585046096608349,0.14118285317383877,0.6585046096608349,0.20031253716532643,中性,中性,,False
学习区,BV1uz4y1475S,【洛必达法则】高考使用指南,6049183,276506,78550,230485,4836,23660,超级喜欢小猪老师的讲课风格,,超级喜欢小猪老师的讲课风格,1,0,6,0,0,2.0,2.0,0.0,2.0,0.16666666666666666,2.0,2.0,0.0,0,0,0,0,0,0,0,1,对象评价,讲解者,未明确方面,正面,1,0.8557364800747833,0.03467708519654444,0.10958643472867227,0.8557364800747833,正面,正面,,False
学习区,BV1uz4y1475S,【洛必达法则】高考使用指南,6049183,276506,78550,230485,4836,23660,冷知识:洛必达法则不是洛必达发明出来的，是洛必达买来的,,冷知识洛必达法则不是洛必达发明出来的，是洛必达买来的,0,0,11,0,0,0.0,0.0,0.0,0.0,0.0,0.0,0.0,0.0,0,0,0,0,0,0,0,0,无明显情感,未明确对象,未明确方面,中性,-1,0.7422228630685874,0.7422228630685874,0.24778318633790325,0.009993950593509392,负面,负面,,False
学习区,BV1uz4y1475S,【洛必达法则】高考使用指南,6049183,276506,78550,230485,4836,23660,考试出现这题时我会选择旁窥侧目法,,考试出现这题时我会选择旁窥侧目法,0,0,10,0,0,0.0,0.0,0.0,0.0,0.0,0.0,0.0,0.0,0,0,0,0,0,0,0,0,无明显情感,未明确对象,未明确方面,中性,0,0.7938358088292302,0.10773658896447515,0.7938358088292302,0.0984276022062946,中性,中性,,False
学习区,BV1uz4y1475S,【洛必达法则】高考使用指南,6049183,276506,78550,230485,4836,23660,例如：狄利克雷函数,,例如狄利克雷函数,0,0,4,0,0,0.0,0.0,0.0,0.0,0.0,0.0,0.0,0.0,0,0,0,0,0,0,0,0,无明显情感,未明确对象,未明确方面,中性,0,0.9336154572377992,0.02863808422089084,0.9336154572377992,0.03774645854130999,中性,中性,,False
学习区,BV1uz4y1475S,【洛必达法则】高考使用指南,6049183,276506,78550,230485,4836,23660,那就继续洛！,,那就继续洛！,0,0,4,1,0,0.0,0.0,0.0,0.0,0.0,0.0,0.0,0.0,0,0,0,0,0,0,0,0,无明显情感,未明确对象,未明确方面,中性,1,0.5035025848653997,0.0744977409426296,0.4219996741919707,0.5035025848653997,正面,正面,,False
学习区,BV1uz4y1475S,【洛必达法则】高考使用指南,6049183,276506,78550,230485,4836,23660,《经典奶奶 》,,经典奶奶,1,0,2,0,0,1.0,1.0,0.0,1.0,0.5,1.0,1.0,0.0,0,0,0,0,0,0,0,1,对象评价,未明确对象,未明确方面,正面,1,0.7252171262247891,0.05789337069700027,0.21688950307821064,0.7252171262247891,正面,正面,1.0,True
学习区,BV1uz4y1475S,【洛必达法则】高考使用指南,6049183,276506,78550,230485,4836,23660,奶奶还会唱歌，好厉害，全能奶奶,,奶奶还会唱歌，好厉害，全能奶奶,1,0,9,0,0,1.0,1.0,0.0,1.0,0.1111111111111111,1.0,1.0,0.0,0,0,0,0,0,0,0,1,对象评价,未明确对象,未明确方面,正面,1,0.8558343196674454,0.07619387341822716,0.06797180691432748,0.8558343196674454,正面,正面,,False
学习区,BV1uz4y1475S,【洛必达法则】高考使用指南,6049183,276506,78550,230485,4836,23660,高三学子的精神状态是这样的,,高三学子的精神状态是这样的,0,0,4,0,0,0.0,0.0,0.0,0.0,0.0,0.0,0.0,0.0,0,0,0,0,0,0,0,0,无明显情感,未明确对象,未明确方面,中性,-1,0.49448247989189537,0.49448247989189537,0.3877424365870333,0.11777508352107136,负面,负面,,False
学习区,BV1uz4y1475S,【洛必达法则】高考使用指南,6049183,276506,78550,230485,4836,23660,此时高考数学145+的大佬赞了我,,此时高考数学145的大佬赞了我,0,0,6,0,0,0.0,0.0,0.0,0.0,0.0,0.0,0.0,0.0,0,0,0,0,0,0,0,0,无明显情感,课程内容,未明确方面,中性,0,0.48130110288709715,0.45615090269808195,0.48130110288709715,0.06254799441482099,中性,正面,,False
学习区,BV1uz4y1475S,【洛必达法则】高考使用指南,6049183,276506,78550,230485,4836,23660,洛啊！！！,,洛啊！！！,0,0,4,3,0,0.0,0.0,0.0,0.0,0.0,0.0,0.0,0.0,0,0,0,0,0,0,0,0,无明显情感,未明确对象,未明确方面,中性,1,0.6128618305645721,0.20526485537293268,0.18187331406249516,0.6128618305645721,正面,正面,,False
学习区,BV1uz4y1475S,【洛必达法则】高考使用指南,6049183,276506,78550,230485,4836,23660,当我拿出我的泰勒展开式，阁下又该如何应对？,,当我拿出我的泰勒展开式，阁下又该如何应对？,0,0,11,0,1,0.0,0.0,0.0,0.0,0.0,0.0,0.0,0.0,0,0,0,0,0,0,0,0,无明显情感,未明确对象,未明确方面,中性,-1,0.7322984734836587,0.7322984734836587,0.23599319027844165,0.03170833623789958,负面,负面,,False
学习区,BV1uz4y1475S,【洛必达法则】高考使用指南,6049183,276506,78550,230485,4836,23660,《 恐 怖 奶 奶 》,,恐怖奶奶,0,0,2,0,0,0.0,0.0,0.0,0.0,0.0,0.0,0.0,0.0,0,0,0,0,0,0,0,0,无明显情感,未明确对象,未明确方面,中性,0,0.548019087185151,0.08386884573532939,0.548019087185151,0.3681120670795196,中性,中性,,False
学习区,BV1uz4y1475S,【洛必达法则】高考使用指南,6049183,276506,78550,230485,4836,23660,前方可爱预警,,前方可爱预警,1,0,3,0,0,1.0,1.0,0.0,1.0,0.3333333333333333,1.0,1.0,0.0,0,0,0,0,0,0,0,1,对象评价,未明确对象,未明确方面,正面,1,0.6869838575188555,0.060434302651009617,0.2525818398301349,0.6869838575188555,正面,正面,1.0,True
学习区,BV1uz4y1475S,【洛必达法则】高考使用指南,6049183,276506,78550,230485,4836,23660,高中不能求导函数：绝对值函数在某一点不可导，数列，狄利克雷函数,,高中不能求导函数绝对值函数在某一点不可导，数列，狄利克雷函数,0,0,17,0,0,0.0,0.0,0.0,0.0,0.0,0.0,0.0,0.0,0,0,0,0,0,0,0,0,无明显情感,未明确对象,未明确方面,中性,0,0.7284523299806637,0.24489853834161243,0.7284523299806637,0.026649131677723762,中性,中性,,False
学习区,BV1uz4y1475S,【洛必达法则】高考使用指南,6049183,276506,78550,230485,4836,23660,哦，你也会成为数学大咖,,哦，你也会成为数学大咖,0,0,8,0,0,0.0,0.0,0.0,0.0,0.0,0.0,0.0,0.0,0,0,0,0,0,0,0,0,无明显情感,课程内容,未明确方面,中性,-1,0.4933459498713286,0.4933459498713286,0.36403129375126536,0.1426227563774061,负面,负面,,False
学习区,BV1uz4y1475S,【洛必达法则】高考使用指南,6049183,276506,78550,230485,4836,23660,一数的极限值,,一数的极限值,0,0,2,0,0,0.0,0.0,0.0,0.0,0.0,0.0,0.0,0.0,0,0,0,0,0,0,0,0,无明显情感,未明确对象,未明确方面,中性,0,0.6737905309477328,0.10569637656886205,0.6737905309477328,0.22051309248340517,中性,中性,,False
学习区,BV1uz4y1475S,【洛必达法则】高考使用指南,6049183,276506,78550,230485,4836,23660,0/0=1,,001,0,0,1,0,0,0.0,0.0,0.0,0.0,0.0,0.0,0.0,0.0,0,0,0,0,0,0,0,0,无明显情感,未明确对象,未明确方面,中性,0,0.738814184347191,0.093814329181178,0.738814184347191,0.1673714864716309,中性,中性,,False
学习区,BV1uz4y1475S,【洛必达法则】高考使用指南,6049183,276506,78550,230485,4836,23660,You'd better,,Youdbetter,0,0,1,0,0,0.0,0.0,0.0,0.0,0.0,0.0,0.0,0.0,0,0,0,0,0,0,0,0,无明显情感,未明确对象,未明确方面,中性,0,0.6641811267415451,0.13348938228347546,0.6641811267415451,0.20232949097497943,中性,中性,,False
学习区,BV1uz4y1475S,【洛必达法则】高考使用指南,6049183,276506,78550,230485,4836,23660,这节课就是讲洛必达法则，大家不要再刷什么别的方法也能用了,,这节课就是讲洛必达法则，大家不要再刷什么别的方法也能用了,1,0,16,0,0,1.0,1.0,0.0,1.0,0.0625,1.0,1.0,0.0,0,0,0,0,0,0,0,1,对象评价,课程内容,未明确方面,正面,0,0.41726703770284684,0.3630126927276338,0.41726703770284684,0.21972026956951918,中性,中性,0.0,True
学习区,BV1uz4y1475S,【洛必达法则】高考使用指南,6049183,276506,78550,230485,4836,23660,导出来了(各种意义上),,导出来了各种意义上,0,0,4,0,0,0.0,0.0,0.0,0.0,0.0,0.0,0.0,0.0,0,0,0,0,0,0,0,0,无明显情感,未明确对象,未明确方面,中性,0,0.7107189430270289,0.0894941264516544,0.7107189430270289,0.19978693052131663,中性,中性,,False
学习区,BV1uz4y1475S,【洛必达法则】高考使用指南,6049183,276506,78550,230485,4836,23660,路漫漫其修远兮 吾将上下而求导,,路漫漫其修远兮吾将上下而求导,0,0,6,0,0,0.0,0.0,0.0,0.0,0.0,0.0,0.0,0.0,0,0,0,0,0,0,0,0,无明显情感,未明确对象,未明确方面,中性,0,0.5708571885702001,0.37665641704492575,0.5708571885702001,0.05248639438487431,中性,中性,,False
学习区,BV1uz4y1475S,【洛必达法则】高考使用指南,6049183,276506,78550,230485,4836,23660,当年高考证明题我一页密密麻麻的伪证赚了12分,,当年高考证明题我一页密密麻麻的伪证赚了12分,0,0,9,0,0,0.0,0.0,0.0,0.0,0.0,0.0,0.0,0.0,0,0,0,0,0,0,0,0,无明显情感,未明确对象,未明确方面,中性,0,0.7349508203324733,0.15504539864083544,0.7349508203324733,0.11000378102669121,中性,中性,,False
学习区,BV1uz4y1475S,【洛必达法则】高考使用指南,6049183,276506,78550,230485,4836,23660,《洛神赋》,,洛神赋,0,0,1,0,0,0.0,0.0,0.0,0.0,0.0,0.0,0.0,0.0,0,0,0,0,0,0,0,0,无明显情感,未明确对象,未明确方面,中性,0,0.7163123236108592,0.10558024088314821,0.7163123236108592,0.1781074355059925,中性,中性,,False
学习区,BV1uz4y1475S,【洛必达法则】高考使用指南,6049183,276506,78550,230485,4836,23660,啊～啊～啊～,,啊啊啊,0,0,1,0,0,0.0,0.0,0.0,0.0,0.0,0.0,0.0,0.0,0,0,0,0,0,0,0,0,无明显情感,未明确对象,未明确方面,中性,0,0.761400138378175,0.06751008696803412,0.761400138378175,0.17108977465379088,中性,中性,,False
学习区,BV1uz4y1475S,【洛必达法则】高考使用指南,6049183,276506,78550,230485,4836,23660,《大猪小猪洛玉盘》,,大猪小猪洛玉盘,0,0,4,0,0,0.0,0.0,0.0,0.0,0.0,0.0,0.0,0.0,0,0,0,0,0,0,0,0,无明显情感,未明确对象,未明确方面,中性,1,0.5966849251260036,0.06639444779785897,0.33692062707613746,0.5966849251260036,正面,正面,,False
学习区,BV1uz4y1475S,【洛必达法则】高考使用指南,6049183,276506,78550,230485,4836,23660,我觉得这题也可以看增长速度吧,,我觉得这题也可以看增长速度吧,1,0,6,0,0,1.0,1.0,0.0,1.0,0.16666666666666666,1.0,1.0,0.0,0,0,0,0,0,0,0,1,对象评价,未明确对象,节奏与效率,正面,0,0.5644812996670804,0.06970365730315886,0.5644812996670804,0.3658150430297608,中性,中性,0.0,True
学习区,BV1uz4y1475S,【洛必达法则】高考使用指南,6049183,276506,78550,230485,4836,23660,ok考试结束,,ok考试结束,0,0,3,0,0,0.0,0.0,0.0,0.0,0.0,0.0,0.0,0.0,0,0,0,0,0,0,0,0,无明显情感,未明确对象,未明确方面,中性,0,0.6525424904832393,0.14924331021065323,0.6525424904832393,0.19821419930610756,中性,中性,,False
学习区,BV1uz4y1475S,【洛必达法则】高考使用指南,6049183,276506,78550,230485,4836,23660,我中考压轴求导还没给我扣分,,我中考压轴求导还没给我扣分,0,0,7,0,0,0.0,0.0,0.0,0.0,0.0,0.0,0.0,0.0,0,0,0,0,0,0,0,0,无明显情感,未明确对象,未明确方面,中性,0,0.46401595517224375,0.45380109590442735,0.46401595517224375,0.08218294892332886,中性,中性,,False
学习区,BV1uz4y1475S,【洛必达法则】高考使用指南,6049183,276506,78550,230485,4836,23660,洛神:你可以更改任何不能洛的函数，使他可以洛,,洛神你可以更改任何不能洛的函数，使他可以洛,2,0,11,0,0,2.0,2.0,0.0,2.0,0.18181818181818182,2.0,2.0,0.0,0,0,0,0,0,0,0,1,对象评价,未明确对象,未明确方面,正面,1,0.836701667716757,0.018158577190357024,0.14513975509288599,0.836701667716757,正面,正面,1.0,True
学习区,BV1uz4y1475S,【洛必达法则】高考使用指南,6049183,276506,78550,230485,4836,23660,是因为二代发明的柱间不让用（bushi）,,是因为二代发明的柱间不让用bushi,0,0,7,0,0,0.0,0.0,0.0,0.0,0.0,0.0,0.0,0.0,0,0,0,0,0,0,0,0,无明显情感,未明确对象,未明确方面,中性,0,0.8568621578441814,0.08226448106258101,0.8568621578441814,0.060873361093237634,中性,中性,,False
学习区,BV1uz4y1475S,【洛必达法则】高考使用指南,6049183,276506,78550,230485,4836,23660,《洛神》,,洛神,0,0,1,0,0,0.0,0.0,0.0,0.0,0.0,0.0,0.0,0.0,0,0,0,0,0,0,0,0,无明显情感,未明确对象,未明确方面,中性,0,0.6848890928826641,0.10089974779124951,0.6848890928826641,0.2142111593260863,中性,中性,,False
学习区,BV1uz4y1475S,【洛必达法则】高考使用指南,6049183,276506,78550,230485,4836,23660,《大聪明宝贝儿》,,大聪明宝贝儿,1,0,3,0,0,1.0,1.0,0.0,1.0,0.3333333333333333,1.0,1.0,0.0,0,0,0,0,0,0,0,1,对象评价,未明确对象,未明确方面,正面,1,0.7267497763416346,0.1604509627865654,0.1127992608718,0.7267497763416346,正面,正面,1.0,True
学习区,BV1uz4y1475S,【洛必达法则】高考使用指南,6049183,276506,78550,230485,4836,23660,神奇の小猪,,神奇小猪,0,0,2,0,0,0.0,0.0,0.0,0.0,0.0,0.0,0.0,0.0,0,0,0,0,0,0,0,0,无明显情感,未明确对象,未明确方面,中性,1,0.5945464010684993,0.09854410225008021,0.3069094966814205,0.5945464010684993,正面,正面,1.0,True
学习区,BV1uz4y1475S,【洛必达法则】高考使用指南,6049183,276506,78550,230485,4836,23660,突如其来的神曲,,突如其来的神曲,0,0,2,0,0,0.0,0.0,0.0,0.0,0.0,0.0,0.0,0.0,0,0,0,0,0,0,0,0,无明显情感,未明确对象,未明确方面,中性,0,0.6873211611281487,0.1977047881671421,0.6873211611281487,0.11497405070470915,中性,中性,,False
学习区,BV1uz4y1475S,【洛必达法则】高考使用指南,6049183,276506,78550,230485,4836,23660,去了～～～～～,,去了,0,0,1,0,0,0.0,0.0,0.0,0.0,0.0,0.0,0.0,0.0,0,0,0,0,0,0,0,0,无明显情感,未明确对象,未明确方面,中性,0,0.5301293054948548,0.27925005214565396,0.5301293054948548,0.19062064235949125,中性,中性,,False
学习区,BV1uz4y1475S,【洛必达法则】高考使用指南,6049183,276506,78550,230485,4836,23660,由微积分中的两个重要极限，易得lim x→0 (sinx)/x=1，秒杀,,由微积分中的两个重要极限，易得limx0sinxx1，秒杀,0,0,11,0,0,0.0,0.0,0.0,0.0,0.0,0.0,0.0,0.0,0,0,0,0,0,0,0,0,无明显情感,未明确对象,未明确方面,中性,0,0.6046938170920324,0.3025705104027005,0.6046938170920324,0.0927356725052671,中性,中性,,False
学习区,BV1uz4y1475S,【洛必达法则】高考使用指南,6049183,276506,78550,230485,4836,23660,啊啊啊啊tan45°＝1，，社死了社死了↓,,啊啊啊啊tan451，，社死了社死了,0,0,6,0,0,0.0,0.0,0.0,0.0,0.0,0.0,0.0,0.0,0,0,0,0,0,0,0,0,无明显情感,未明确对象,未明确方面,中性,-1,0.526552086078621,0.526552086078621,0.3345488667987101,0.1388990471226688,负面,负面,,False
学习区,BV1uz4y1475S,【洛必达法则】高考使用指南,6049183,276506,78550,230485,4836,23660,《希望大家能跟上奶奶》,,希望大家能跟上奶奶,0,0,5,0,0,0.0,0.0,0.0,0.0,0.0,0.0,0.0,0.0,0,0,0,0,0,0,0,0,无明显情感,未明确对象,未明确方面,中性,0,0.5519907543773563,0.06091985012781683,0.5519907543773563,0.3870893954948269,中性,中性,,False
学习区,BV1uz4y1475S,【洛必达法则】高考使用指南,6049183,276506,78550,230485,4836,23660,此处的神曲表达了这个导数之麻烦,,此处的神曲表达了这个导数之麻烦,0,1,7,0,0,-1.0,0.0,1.0,1.0,0.14285714285714285,-1.0,0.0,1.0,0,0,1,0,0,0,0,1,对象评价+自身情绪,未明确对象,未明确方面,负面,-1,0.5811137128476855,0.5811137128476855,0.37442298062355756,0.044463306528757005,负面,负面,,False
学习区,BV1uz4y1475S,【洛必达法则】高考使用指南,6049183,276506,78550,230485,4836,23660,数之呼吸，全集中！,,数之呼吸，全集中！,0,0,6,1,0,0.0,0.0,0.0,0.0,0.0,0.0,0.0,0.0,0,0,0,0,0,0,0,0,无明显情感,未明确对象,未明确方面,中性,0,0.47230963497599915,0.15677196635427684,0.47230963497599915,0.370918398669724,中性,中性,,False
学习区,BV1uz4y1475S,【洛必达法则】高考使用指南,6049183,276506,78550,230485,4836,23660,很喜欢小猪粉丝的一句话：啊？,,很喜欢小猪粉丝的一句话啊？,1,0,7,0,1,1.0,1.0,0.0,1.0,0.14285714285714285,1.0,1.0,0.0,0,0,0,0,0,0,0,1,对象评价,未明确对象,未明确方面,正面,1,0.5974501502348213,0.3569560737032328,0.04559377606194595,0.5974501502348213,正面,正面,1.0,True
学习区,BV1uz4y1475S,【洛必达法则】高考使用指南,6049183,276506,78550,230485,4836,23660,有些同学不要好高骛远，你先学完导数在看，效率会高很多,,有些同学不要好高骛远，你先学完导数在看，效率会高很多,0,0,14,0,0,0.0,0.0,0.0,0.0,0.0,0.0,0.0,0.0,0,0,0,0,0,0,0,0,无明显情感,未明确对象,节奏与效率,中性,-1,0.5645789477258134,0.5645789477258134,0.3004522121059249,0.13496884016826174,负面,负面,,False
学习区,BV1uz4y1475S,【洛必达法则】高考使用指南,6049183,276506,78550,230485,4836,23660,e的-x次方不是趋近于0吗,,e的x次方不是趋近于0吗,0,0,7,0,0,0.0,0.0,0.0,0.0,0.0,0.0,0.0,0.0,0,0,0,0,0,0,0,0,无明显情感,未明确对象,未明确方面,中性,0,0.7301744792796858,0.19606745279312054,0.7301744792796858,0.07375806792719361,中性,中性,,False
学习区,BV1uz4y1475S,【洛必达法则】高考使用指南,6049183,276506,78550,230485,4836,23660,刚刚那个题不说不用洛必达就能看出增速快慢，其实洛完一次之后答案也已经很明显了,,刚刚那个题不说不用洛必达就能看出增速快慢，其实洛完一次之后答案也已经很明显了,0,0,22,0,0,0.0,0.0,0.0,0.0,0.0,0.0,0.0,0.0,0,0,0,0,0,0,0,0,无明显情感,未明确对象,未明确方面,中性,-1,0.9729904123573891,0.9729904123573891,0.020540364741974855,0.006469222900636026,负面,负面,,False
学习区,BV1uz4y1475S,【洛必达法则】高考使用指南,6049183,276506,78550,230485,4836,23660,端点效应在高考十课导数大题里面有哦,,端点效应在高考十课导数大题里面有哦,0,0,11,0,0,0.0,0.0,0.0,0.0,0.0,0.0,0.0,0.0,0,0,0,0,0,0,0,0,无明显情感,未明确对象,未明确方面,中性,-1,0.7653506260928916,0.7653506260928916,0.18042793960429396,0.054221434302814335,负面,负面,,False
学习区,BV1uz4y1475S,【洛必达法则】高考使用指南,6049183,276506,78550,230485,4836,23660,洛必达：洛一定要达到能解为止,,洛必达洛一定要达到能解为止,0,0,8,0,0,0.0,0.0,0.0,0.0,0.0,0.0,0.0,0.0,0,0,0,0,0,0,0,0,无明显情感,未明确对象,未明确方面,中性,0,0.5155909266866842,0.34131041078486746,0.5155909266866842,0.14309866252844838,中性,中性,,False
学习区,BV1uz4y1475S,【洛必达法则】高考使用指南,6049183,276506,78550,230485,4836,23660,对“∞”取倒数，下放做分母，可得0/0,,对取倒数，下放做分母，可得00,0,0,9,0,0,0.0,0.0,0.0,0.0,0.0,0.0,0.0,0.0,0,0,0,0,0,0,0,0,无明显情感,未明确对象,未明确方面,中性,0,0.5210572195490585,0.30582142737815304,0.5210572195490585,0.17312135307278845,中性,中性,,False
学习区,BV1uz4y1475S,【洛必达法则】高考使用指南,6049183,276506,78550,230485,4836,23660,形式电荷,,形式电荷,0,0,2,0,0,0.0,0.0,0.0,0.0,0.0,0.0,0.0,0.0,0,0,0,0,0,0,0,0,无明显情感,未明确对象,未明确方面,中性,0,0.6585046096608349,0.14118285317383877,0.6585046096608349,0.20031253716532643,中性,中性,,False
学习区,BV1uz4y1475S,【洛必达法则】高考使用指南,6049183,276506,78550,230485,4836,23660,泰勒公式比大小杀疯了,,泰勒公式比大小杀疯了,0,0,6,0,0,0.0,0.0,0.0,0.0,0.0,0.0,0.0,0.0,0,0,0,0,0,0,0,0,无明显情感,课程内容,未明确方面,中性,0,0.7062903787421245,0.09932167559697941,0.7062903787421245,0.1943879456608961,中性,中性,,False
学习区,BV1uz4y1475S,【洛必达法则】高考使用指南,6049183,276506,78550,230485,4836,23660,众所周知，洛是一个动词,,众所周知，洛是一个动词,0,0,4,0,0,0.0,0.0,0.0,0.0,0.0,0.0,0.0,0.0,0,0,0,0,0,0,0,0,无明显情感,未明确对象,未明确方面,中性,0,0.48216940955725623,0.3795256601350686,0.48216940955725623,0.13830493030767524,中性,中性,,False
学习区,BV1uz4y1475S,【洛必达法则】高考使用指南,6049183,276506,78550,230485,4836,23660,高四驾到，通通闪开,,高四驾到，通通闪开,0,0,5,0,0,0.0,0.0,0.0,0.0,0.0,0.0,0.0,0.0,0,0,0,0,0,0,0,0,无明显情感,未明确对象,未明确方面,中性,-1,0.4623966314366325,0.4623966314366325,0.33553296149082396,0.20207040707254353,负面,负面,,False
学习区,BV1uz4y1475S,【洛必达法则】高考使用指南,6049183,276506,78550,230485,4836,23660,一数函数去不到,,一数函数去不到,0,0,4,0,0,0.0,0.0,0.0,0.0,0.0,0.0,0.0,0.0,0,0,0,0,0,0,0,0,无明显情感,未明确对象,未明确方面,中性,0,0.7639151757626402,0.14751605423728892,0.7639151757626402,0.08856877000007089,中性,中性,,False
学习区,BV1uz4y1475S,【洛必达法则】高考使用指南,6049183,276506,78550,230485,4836,23660,《有亿锭附加条件》,,有亿锭附加条件,0,0,3,0,0,0.0,0.0,0.0,0.0,0.0,0.0,0.0,0.0,0,0,0,0,0,0,0,0,无明显情感,未明确对象,未明确方面,中性,-1,0.7320456937847674,0.7320456937847674,0.2222578159731942,0.04569649024203838,负面,负面,,False
学习区,BV1uz4y1475S,【洛必达法则】高考使用指南,6049183,276506,78550,230485,4836,23660,是用X无限趋近于1而求出1/2的，而x又可以等于1，所以右边是闭区间,,是用X无限趋近于1而求出12的，而x又可以等于1，所以右边是闭区间,1,0,21,0,0,1.0,1.0,0.0,1.0,0.047619047619047616,1.0,1.0,0.0,0,0,0,0,0,0,0,1,对象评价,未明确对象,未明确方面,正面,0,0.7696892474377842,0.11214885899999508,0.7696892474377842,0.1181618935622208,中性,中性,0.0,True
学习区,BV1uz4y1475S,【洛必达法则】高考使用指南,6049183,276506,78550,230485,4836,23660,《奶奶の小曲》,,奶奶小曲,0,0,2,0,0,0.0,0.0,0.0,0.0,0.0,0.0,0.0,0.0,0,0,0,0,0,0,0,0,无明显情感,未明确对象,未明确方面,中性,0,0.548019087185151,0.08386884573532939,0.548019087185151,0.3681120670795196,中性,中性,,False
学习区,BV1uz4y1475S,【洛必达法则】高考使用指南,6049183,276506,78550,230485,4836,23660,"""怎么老是一边做作业一边听歌 ？""       “你没看电影里主角做大事的时候都有背景音乐吗”",,怎么老是一边做作业一边听歌？你没看电影里主角做大事的时候都有背景音乐吗,0,0,18,0,1,0.0,0.0,0.0,0.0,0.0,0.0,0.0,0.0,0,0,0,0,0,0,0,0,无明显情感,课程内容,未明确方面,中性,-1,0.9188790367825278,0.9188790367825278,0.07561124085718007,0.0055097223602921285,负面,负面,,False
学习区,BV1uz4y1475S,【洛必达法则】高考使用指南,6049183,276506,78550,230485,4836,23660,《 绝 世 洛 门 》,,绝世洛门,0,0,2,0,0,0.0,0.0,0.0,0.0,0.0,0.0,0.0,0.0,0,0,0,0,0,0,0,0,无明显情感,未明确对象,未明确方面,中性,0,0.6585046096608349,0.14118285317383877,0.6585046096608349,0.20031253716532643,中性,中性,,False
学习区,BV1uz4y1475S,【洛必达法则】高考使用指南,6049183,276506,78550,230485,4836,23660,洛仑磁力不做功秒了,,洛仑磁力不做功秒了,0,0,5,0,0,0.0,0.0,0.0,0.0,0.0,0.0,0.0,0.0,0,0,0,0,0,0,0,0,无明显情感,未明确对象,未明确方面,中性,-1,0.4754427827515014,0.4754427827515014,0.40059273768989645,0.12396447955860221,负面,负面,,False
学习区,BV1uz4y1475S,【洛必达法则】高考使用指南,6049183,276506,78550,230485,4836,23660,注：x=1时不等式两边均为0，此时a可以取任意值成立，无意义，不讨论,,注x1时不等式两边均为0，此时a可以取任意值成立，无意义，不讨论,1,0,22,0,0,1.0,1.0,0.0,1.0,0.045454545454545456,1.0,1.0,0.0,0,0,0,0,0,0,0,1,对象评价,未明确对象,未明确方面,正面,0,0.39298683097426096,0.33899759739939134,0.39298683097426096,0.26801557162634776,中性,中性,0.0,True
学习区,BV1uz4y1475S,【洛必达法则】高考使用指南,6049183,276506,78550,230485,4836,23660,大聪明宝贝,,大聪明宝贝,1,0,3,0,0,1.0,1.0,0.0,1.0,0.3333333333333333,1.0,1.0,0.0,0,0,0,0,0,0,0,1,对象评价,未明确对象,未明确方面,正面,1,0.7152237926539159,0.16255948704039364,0.12221672030569039,0.7152237926539159,正面,正面,1.0,True
学习区,BV1uz4y1475S,【洛必达法则】高考使用指南,6049183,276506,78550,230485,4836,23660,高一看的津津有味，但是看不懂,,高一看的津津有味，但是看不懂,1,1,6,0,0,-0.55,1.0,1.55,0.55,0.3333333333333333,-0.55,1.0,1.55,1,1,0,1,0,0,0,1,对象评价+认知状态,未明确对象,理解与难度,混合,-1,0.7565107270860946,0.7565107270860946,0.11695141852756168,0.12653785438634374,负面,负面,-1.0,True
学习区,BV1uz4y1475S,【洛必达法则】高考使用指南,6049183,276506,78550,230485,4836,23660,导的很开心，谢谢up,,导的很开心，谢谢up,2,0,6,0,0,2.0,2.0,0.0,2.0,0.3333333333333333,2.0,2.0,0.0,0,0,1,0,0,0,0,1,对象评价+自身情绪,讲解者,未明确方面,正面,1,0.9656730965502616,0.017124295710710394,0.017202607739027907,0.9656730965502616,正面,正面,,False
学习区,BV1uz4y1475S,【洛必达法则】高考使用指南,6049183,276506,78550,230485,4836,23660,《简单的恒成立问题》,,简单的恒成立问题,1,1,4,0,0,0.0,1.0,1.0,0.0,0.5,0.0,1.0,1.0,0,1,0,0,0,0,0,1,对象评价,未明确对象,理解与难度,混合,-1,0.7895486560158684,0.7895486560158684,0.059970876027205536,0.15048046795692596,负面,负面,-1.0,True
学习区,BV1uz4y1475S,【洛必达法则】高考使用指南,6049183,276506,78550,230485,4836,23660,懂了，被禁是因为由扉间研发doge,,懂了，被禁是因为由扉间研发doge,1,0,9,0,0,1.0,1.0,0.0,1.0,0.1111111111111111,1.0,1.0,0.0,0,0,0,0,1,0,0,1,对象评价+认知状态,未明确对象,理解与难度,正面,1,0.6340797489792473,0.17461313696878875,0.19130711405196382,0.6340797489792473,正面,正面,1.0,True
学习区,BV1uz4y1475S,【洛必达法则】高考使用指南,6049183,276506,78550,230485,4836,23660,高考前一天，女娲补天,,高考前一天，女娲补天,0,0,4,0,0,0.0,0.0,0.0,0.0,0.0,0.0,0.0,0.0,0,0,0,0,0,0,0,0,无明显情感,未明确对象,未明确方面,中性,0,0.7039279456456434,0.14268625989172676,0.7039279456456434,0.15338579446262987,中性,中性,,False
学习区,BV1uz4y1475S,【洛必达法则】高考使用指南,6049183,276506,78550,230485,4836,23660,洛洛洛！我直接托马斯回旋洛,,洛洛洛！我直接托马斯回旋洛,0,0,6,1,0,0.0,0.0,0.0,0.0,0.0,0.0,0.0,0.0,0,0,0,0,0,0,0,0,无明显情感,未明确对象,未明确方面,中性,0,0.7604371851062997,0.042328532694904275,0.7604371851062997,0.19723428219879616,中性,中性,,False
学习区,BV1uz4y1475S,【洛必达法则】高考使用指南,6049183,276506,78550,230485,4836,23660,《遇事不决洛必达，葛军让你洛不达》,,遇事不决洛必达，葛军让你洛不达,0,0,7,0,0,0.0,0.0,0.0,0.0,0.0,0.0,0.0,0.0,0,0,0,0,0,0,0,0,无明显情感,未明确对象,未明确方面,中性,-1,0.6851827871489427,0.6851827871489427,0.2654120312224579,0.049405181628599464,负面,负面,,False
学习区,BV1uz4y1475S,【洛必达法则】高考使用指南,6049183,276506,78550,230485,4836,23660,《洛 神 降 临》,,洛神降临,0,0,2,0,0,0.0,0.0,0.0,0.0,0.0,0.0,0.0,0.0,0,0,0,0,0,0,0,0,无明显情感,未明确对象,未明确方面,中性,0,0.680514817201268,0.10694743144063887,0.680514817201268,0.21253775135809305,中性,中性,,False
学习区,BV1uz4y1475S,【洛必达法则】高考使用指南,6049183,276506,78550,230485,4836,23660,《好！》,,好！,0,0,2,1,0,0.0,0.0,0.0,0.0,0.0,0.0,0.0,0.0,0,0,0,0,0,0,0,0,无明显情感,未明确对象,未明确方面,中性,1,0.7632400096555824,0.08897001210664567,0.14778997823777199,0.7632400096555824,正面,正面,1.0,True
学习区,BV1uz4y1475S,【洛必达法则】高考使用指南,6049183,276506,78550,230485,4836,23660,上下分别求导，不是整体求导,,上下分别求导，不是整体求导,0,0,7,0,0,0.0,0.0,0.0,0.0,0.0,0.0,0.0,0.0,0,0,0,0,0,0,0,0,无明显情感,未明确对象,未明确方面,中性,-1,0.6096273387712344,0.6096273387712344,0.3438027403516886,0.04656992087707677,负面,负面,,False
学习区,BV1uz4y1475S,【洛必达法则】高考使用指南,6049183,276506,78550,230485,4836,23660,导出来的（doge）,,导出来的doge,0,0,2,0,0,0.0,0.0,0.0,0.0,0.0,0.0,0.0,0.0,0,0,0,0,0,0,0,0,无明显情感,未明确对象,未明确方面,中性,0,0.7598106205760901,0.09449645030174106,0.7598106205760901,0.14569292912216897,中性,中性,,False
学习区,BV1uz4y1475S,【洛必达法则】高考使用指南,6049183,276506,78550,230485,4836,23660,拿不到分和扣一点分我还是分的清的,,拿不到分和扣一点分我还是分的清的,0,0,8,0,0,0.0,0.0,0.0,0.0,0.0,0.0,0.0,0.0,0,0,0,0,0,0,0,0,无明显情感,未明确对象,未明确方面,中性,-1,0.6290689738158961,0.6290689738158961,0.31473342936087273,0.05619759682323117,负面,负面,,False
学习区,BV1uz4y1475S,【洛必达法则】高考使用指南,6049183,276506,78550,230485,4836,23660,小猪的超级奶奶,,小猪的超级奶奶,0,0,3,0,0,0.0,0.0,0.0,0.0,0.0,0.0,0.0,0.0,0,0,0,0,0,0,0,0,无明显情感,未明确对象,未明确方面,中性,0,0.477323889615207,0.13202472079627828,0.477323889615207,0.39065138958851464,中性,中性,,False
学习区,BV1uz4y1475S,【洛必达法则】高考使用指南,6049183,276506,78550,230485,4836,23660,咱奶奶数学挺好啊,,咱奶奶数学挺好啊,1,0,5,0,0,1.0,1.0,0.0,1.0,0.2,1.0,1.0,0.0,0,0,0,0,0,0,0,1,对象评价,课程内容,未明确方面,正面,1,0.7044580494647088,0.24999860949865868,0.04554334103663245,0.7044580494647088,正面,正面,1.0,True
学习区,BV1uz4y1475S,【洛必达法则】高考使用指南,6049183,276506,78550,230485,4836,23660,见《高等数学 第七版 上册》第三章第二节,,见高等数学第七版上册第三章第二节,0,0,6,0,0,0.0,0.0,0.0,0.0,0.0,0.0,0.0,0.0,0,0,0,0,0,0,0,0,无明显情感,课程内容,未明确方面,中性,-1,0.5245852563085093,0.5245852563085093,0.38140057719908366,0.09401416649240697,负面,负面,,False
学习区,BV1uz4y1475S,【洛必达法则】高考使用指南,6049183,276506,78550,230485,4836,23660,这小曲儿，我还以为我连错别人蓝牙了呢,,这小曲儿，我还以为我连错别人蓝牙了呢,0,0,7,0,0,0.0,0.0,0.0,0.0,0.0,0.0,0.0,0.0,0,0,0,0,0,0,0,0,无明显情感,未明确对象,未明确方面,中性,-1,0.5679177267143698,0.5679177267143698,0.29340442683713086,0.13867784644849934,负面,负面,,False
学习区,BV1uz4y1475S,【洛必达法则】高考使用指南,6049183,276506,78550,230485,4836,23660,《神奇奶猪》（doge）,,神奇奶猪doge,0,0,3,0,0,0.0,0.0,0.0,0.0,0.0,0.0,0.0,0.0,0,0,0,0,0,0,0,0,无明显情感,未明确对象,未明确方面,中性,0,0.582909289875168,0.09366819606360638,0.582909289875168,0.3234225140612256,中性,中性,,False
学习区,BV1uz4y1475S,【洛必达法则】高考使用指南,6049183,276506,78550,230485,4836,23660,此时你打开了弹幕,,此时你打开了弹幕,0,0,3,0,0,0.0,0.0,0.0,0.0,0.0,0.0,0.0,0.0,0,0,0,0,0,0,0,0,无明显情感,未明确对象,未明确方面,中性,0,0.5642883464116268,0.12752387368389856,0.5642883464116268,0.3081877799044745,中性,中性,,False
学习区,BV1uz4y1475S,【洛必达法则】高考使用指南,6049183,276506,78550,230485,4836,23660,经典瞪眼法,,经典瞪眼法,1,0,3,0,0,1.0,1.0,0.0,1.0,0.3333333333333333,1.0,1.0,0.0,0,0,0,0,0,0,0,1,对象评价,未明确对象,未明确方面,正面,0,0.5765195009965992,0.07505295731240764,0.5765195009965992,0.34842754169099316,中性,中性,0.0,True
学习区,BV1uz4y1475S,【洛必达法则】高考使用指南,6049183,276506,78550,230485,4836,23660,奶奶：嘘，低调做人,,奶奶嘘，低调做人,0,0,5,0,0,0.0,0.0,0.0,0.0,0.0,0.0,0.0,0.0,0,0,0,0,0,0,0,0,无明显情感,未明确对象,未明确方面,中性,0,0.4568020382737539,0.16187561353683144,0.4568020382737539,0.3813223481894148,中性,中性,,False
学习区,BV1uz4y1475S,【洛必达法则】高考使用指南,6049183,276506,78550,230485,4836,23660,让城市的孩子走进大山，让大山的孩子走进深山,,让城市的孩子走进大山，让大山的孩子走进深山,0,0,11,0,0,0.0,0.0,0.0,0.0,0.0,0.0,0.0,0.0,0,0,0,0,0,0,0,0,无明显情感,未明确对象,未明确方面,中性,0,0.466024402758703,0.36581322363428703,0.466024402758703,0.16816237360701003,中性,中性,,False
学习区,BV1uz4y1475S,【洛必达法则】高考使用指南,6049183,276506,78550,230485,4836,23660,卡西欧，起洞！,,卡西欧，起洞！,0,0,4,1,0,0.0,0.0,0.0,0.0,0.0,0.0,0.0,0.0,0,0,0,0,0,0,0,0,无明显情感,未明确对象,未明确方面,中性,0,0.4809374229590699,0.1402827556064021,0.4809374229590699,0.37877982143452804,中性,中性,,False
学习区,BV1uz4y1475S,【洛必达法则】高考使用指南,6049183,276506,78550,230485,4836,23660,甚至卡点,,甚至卡点,0,0,2,0,0,0.0,0.0,0.0,0.0,0.0,0.0,0.0,0.0,0,0,0,0,0,0,0,0,无明显情感,未明确对象,未明确方面,中性,0,0.6055908741212935,0.14165349397706617,0.6055908741212935,0.2527556319016403,中性,中性,,False
学习区,BV1uz4y1475S,【洛必达法则】高考使用指南,6049183,276506,78550,230485,4836,23660,未来某个数学140+的大佬给我点了个赞！！！,,未来某个数学140的大佬给我点了个赞！！！,0,0,12,3,0,0.0,0.0,0.0,0.0,0.0,0.0,0.0,0.0,0,0,0,0,0,0,0,0,无明显情感,课程内容,未明确方面,中性,-1,0.7098735055717571,0.7098735055717571,0.155870838159945,0.1342556562682977,负面,正面,,False
学习区,BV1uz4y1475S,【洛必达法则】高考使用指南,6049183,276506,78550,230485,4836,23660,彩龙偃月刀☜ඞo——————————◙▆▅▆▆▇▇◤,,彩龙偃月刀o,0,0,4,0,0,0.0,0.0,0.0,0.0,0.0,0.0,0.0,0.0,0,0,0,0,0,0,0,0,无明显情感,未明确对象,未明确方面,中性,0,0.6462878438700694,0.15767941730141277,0.6462878438700694,0.19603273882851782,中性,中性,,False
学习区,BV1uz4y1475S,【洛必达法则】高考使用指南,6049183,276506,78550,230485,4836,23660,哎呦题抄错了，中间应该是减号（老师好可爱啊）,,哎呦题抄错了，中间应该是减号老师好可爱啊,1,1,12,0,0,0.0,1.0,1.0,0.0,0.16666666666666666,0.0,1.0,1.0,0,1,0,0,0,0,0,1,对象评价,讲解者,未明确方面,混合,1,0.611616199894252,0.3054733327872302,0.08291046731851778,0.611616199894252,正面,正面,1.0,True
学习区,BV1uz4y1475S,【洛必达法则】高考使用指南,6049183,276506,78550,230485,4836,23660,我也不想喜欢他啊，可是他喊我小笨蛋诶～,,我也不想喜欢他啊，可是他喊我小笨蛋诶,1,0,8,0,0,1.0,1.0,0.0,1.0,0.125,1.0,1.0,0.0,1,0,0,0,0,0,0,1,对象评价,未明确对象,未明确方面,正面,1,0.7356196758389448,0.17343665512077566,0.09094366904027947,0.7356196758389448,正面,正面,,False
学习区,BV1uz4y1475S,【洛必达法则】高考使用指南,6049183,276506,78550,230485,4836,23660,甚至有踩点迹象我哭死,,甚至有踩点迹象我哭死,0,0,6,0,0,0.0,0.0,0.0,0.0,0.0,0.0,0.0,0.0,0,0,1,0,0,0,0,0,自身情绪,未明确对象,未明确方面,中性,-1,0.4887048229641769,0.4887048229641769,0.40313187638054326,0.10816330065527989,负面,负面,,False
学习区,BV1uz4y1475S,【洛必达法则】高考使用指南,6049183,276506,78550,230485,4836,23660,希望大家能跟上奶奶的节奏,,希望大家能跟上奶奶的节奏,0,0,6,0,0,0.0,0.0,0.0,0.0,0.0,0.0,0.0,0.0,0,0,0,0,0,0,0,0,无明显情感,未明确对象,节奏与效率,中性,0,0.5769755243283247,0.07110441259682601,0.5769755243283247,0.3519200630748493,中性,中性,,False
学习区,BV1uz4y1475S,【洛必达法则】高考使用指南,6049183,276506,78550,230485,4836,23660,爷爷：你奶奶是我教的,,爷爷你奶奶是我教的,0,0,3,0,0,0.0,0.0,0.0,0.0,0.0,0.0,0.0,0.0,0,0,0,0,0,0,0,0,无明显情感,未明确对象,未明确方面,中性,0,0.5419716215233575,0.15959378271266897,0.5419716215233575,0.2984345957639734,中性,中性,,False
学习区,BV1uz4y1475S,【洛必达法则】高考使用指南,6049183,276506,78550,230485,4836,23660,这个同构不是一般都要记,,这个同构不是一般都要记,0,0,7,0,0,0.0,0.0,0.0,0.0,0.0,0.0,0.0,0.0,0,0,0,0,0,0,0,0,无明显情感,未明确对象,未明确方面,中性,-1,0.45710399640538885,0.45710399640538885,0.4475946142121434,0.09530138938246772,负面,负面,,False
学习区,BV1uz4y1475S,【洛必达法则】高考使用指南,6049183,276506,78550,230485,4836,23660,高级中学课本：甲种本：《微积分初步》有讲，应该是左边,,高级中学课本甲种本微积分初步有讲，应该是左边,1,0,11,0,0,1.0,1.0,0.0,1.0,0.09090909090909091,1.0,1.0,0.0,0,0,0,0,0,0,0,1,对象评价,未明确对象,未明确方面,正面,0,0.5056271131317359,0.2716571496888538,0.5056271131317359,0.22271573717941037,中性,中性,0.0,True
学习区,BV1uz4y1475S,【洛必达法则】高考使用指南,6049183,276506,78550,230485,4836,23660,洛天依,,洛天依,0,0,2,0,0,0.0,0.0,0.0,0.0,0.0,0.0,0.0,0.0,0,0,0,0,0,0,0,0,无明显情感,未明确对象,未明确方面,中性,0,0.6888795807902128,0.10419689787950039,0.6888795807902128,0.20692352133028688,中性,中性,,False
学习区,BV1uz4y1475S,【洛必达法则】高考使用指南,6049183,276506,78550,230485,4836,23660,对“0”取倒数，下放做分母，可得∞/∞,,对0取倒数，下放做分母，可得,0,0,11,0,0,0.0,0.0,0.0,0.0,0.0,0.0,0.0,0.0,0,0,0,0,0,0,0,0,无明显情感,未明确对象,未明确方面,中性,-1,0.4056761475568389,0.4056761475568389,0.38941449395859473,0.20490935848456643,负面,负面,,False
学习区,BV1uz4y1475S,【洛必达法则】高考使用指南,6049183,276506,78550,230485,4836,23660,接着奏乐接着洛！,,接着奏乐接着洛！,0,0,5,1,0,0.0,0.0,0.0,0.0,0.0,0.0,0.0,0.0,0,0,0,0,0,0,0,0,无明显情感,未明确对象,未明确方面,中性,0,0.5576691783568855,0.06335879196703187,0.5576691783568855,0.3789720296760826,中性,中性,,False
学习区,BV1uz4y1475S,【洛必达法则】高考使用指南,6049183,276506,78550,230485,4836,23660,左右斜视法秒了（doge）,,左右斜视法秒了doge,0,0,4,0,0,0.0,0.0,0.0,0.0,0.0,0.0,0.0,0.0,0,0,0,0,0,0,0,0,无明显情感,未明确对象,未明确方面,中性,0,0.6610756776400245,0.12190208741945338,0.6610756776400245,0.21702223494052209,中性,中性,,False
学习区,BV1uz4y1475S,【洛必达法则】高考使用指南,6049183,276506,78550,230485,4836,23660,导数大公主（doge）,,导数大公主doge,0,0,4,0,0,0.0,0.0,0.0,0.0,0.0,0.0,0.0,0.0,0,0,0,0,0,0,0,0,无明显情感,未明确对象,未明确方面,中性,0,0.6105087438377617,0.14073628073653355,0.6105087438377617,0.2487549754257047,中性,中性,,False
学习区,BV1uz4y1475S,【洛必达法则】高考使用指南,6049183,276506,78550,230485,4836,23660,数灭之刃,,数灭之刃,0,0,2,0,0,0.0,0.0,0.0,0.0,0.0,0.0,0.0,0.0,0,0,0,0,0,0,0,0,无明显情感,未明确对象,未明确方面,中性,0,0.6585046096608349,0.14118285317383877,0.6585046096608349,0.20031253716532643,中性,中性,,False
学习区,BV1uz4y1475S,【洛必达法则】高考使用指南,6049183,276506,78550,230485,4836,23660,《翻译：不学完蛋》,,翻译不学完蛋,1,0,4,0,0,1.0,1.0,0.0,1.0,0.25,1.0,1.0,0.0,0,0,0,0,0,0,0,1,对象评价,未明确对象,未明确方面,正面,-1,0.8289416560203561,0.8289416560203561,0.09806828421549249,0.07299005976415149,负面,负面,-1.0,True
学习区,BV1uz4y1475S,【洛必达法则】高考使用指南,6049183,276506,78550,230485,4836,23660,导数界的十二金钗！！！！,,导数界的十二金钗！！！！,0,0,7,4,0,0.0,0.0,0.0,0.0,0.0,0.0,0.0,0.0,0,0,0,0,0,0,0,0,无明显情感,未明确对象,未明确方面,中性,-1,0.41555091077298284,0.41555091077298284,0.2515553532121464,0.33289373601487066,负面,负面,,False
学习区,BV1uz4y1475S,【洛必达法则】高考使用指南,6049183,276506,78550,230485,4836,23660,亿点指只给答案分doge,,亿点指只给答案分doge,0,0,7,0,0,0.0,0.0,0.0,0.0,0.0,0.0,0.0,0.0,0,0,0,0,0,0,0,0,无明显情感,未明确对象,未明确方面,中性,0,0.5785421706179987,0.16001629407298532,0.5785421706179987,0.2614415353090159,中性,中性,,False
学习区,BV1uz4y1475S,【洛必达法则】高考使用指南,6049183,276506,78550,230485,4836,23660,提醒：二次洛必达时一定要先判断上下是否仍满足0/0或无穷/无穷,,提醒二次洛必达时一定要先判断上下是否仍满足00或无穷无穷,0,1,16,0,0,-1.0,0.0,1.0,1.0,0.0625,-1.0,0.0,1.0,0,0,0,0,0,0,0,1,对象评价,未明确对象,未明确方面,负面,0,0.7414555844637257,0.23588327827819416,0.7414555844637257,0.022661137258079972,中性,中性,0.0,True
学习区,BV1uz4y1475S,【洛必达法则】高考使用指南,6049183,276506,78550,230485,4836,23660,歌名：《忐忑》歌手：龚琳娜,,歌名忐忑歌手龚琳娜,0,0,5,0,0,0.0,0.0,0.0,0.0,0.0,0.0,0.0,0.0,0,0,0,0,0,0,0,0,无明显情感,未明确对象,未明确方面,中性,0,0.7768897875062923,0.10311173177100988,0.7768897875062923,0.11999848072269778,中性,中性,,False
学习区,BV1uz4y1475S,【洛必达法则】高考使用指南,6049183,276506,78550,230485,4836,23660,经典的错误（sinx/x使用洛必达法则为循环论证，因为sinx的导数推导用到该极限）,,经典的错误sinxx使用洛必达法则为循环论证，因为sinx的导数推导用到该极限,1,1,16,0,0,0.0,1.0,1.0,0.0,0.125,0.0,1.0,1.0,0,1,0,0,0,0,0,1,对象评价,未明确对象,未明确方面,混合,0,0.5816976624272541,0.3879143462646732,0.5816976624272541,0.03038799130807283,中性,中性,0.0,True
学习区,BV1uz4y1475S,【洛必达法则】高考使用指南,6049183,276506,78550,230485,4836,23660,洛到极限,,洛到极限,0,0,2,0,0,0.0,0.0,0.0,0.0,0.0,0.0,0.0,0.0,0,0,0,0,0,0,0,0,无明显情感,未明确对象,未明确方面,中性,0,0.6652206259896297,0.08055295476580682,0.6652206259896297,0.2542264192445635,中性,中性,,False
学习区,BV1uz4y1475S,【洛必达法则】高考使用指南,6049183,276506,78550,230485,4836,23660,洛开二度,,洛开二度,0,0,2,0,0,0.0,0.0,0.0,0.0,0.0,0.0,0.0,0.0,0,0,0,0,0,0,0,0,无明显情感,未明确对象,未明确方面,中性,0,0.6585046096608349,0.14118285317383877,0.6585046096608349,0.20031253716532643,中性,中性,,False
学习区,BV1uz4y1475S,【洛必达法则】高考使用指南,6049183,276506,78550,230485,4836,23660,《我的清北奶奶》,,我的清北奶奶,0,0,2,0,0,0.0,0.0,0.0,0.0,0.0,0.0,0.0,0.0,0,0,0,0,0,0,0,0,无明显情感,未明确对象,未明确方面,中性,0,0.5989541170250741,0.12686344962373286,0.5989541170250741,0.2741824333511931,中性,中性,,False
学习区,BV1uz4y1475S,【洛必达法则】高考使用指南,6049183,276506,78550,230485,4836,23660,完了，我脑袋想到那个了～(￣▽￣～)~,,完了，我脑袋想到那个了,0,1,5,0,0,-1.0,0.0,1.0,1.0,0.2,-1.0,0.0,1.0,0,0,0,0,0,0,0,1,对象评价,未明确对象,未明确方面,负面,-1,0.6240199972917636,0.6240199972917636,0.23950963254804514,0.13647037016019142,负面,正面,1.0,True
学习区,BV1uz4y1475S,【洛必达法则】高考使用指南,6049183,276506,78550,230485,4836,23660,当然是拿出casio，table一下啦,,当然是拿出casio，table一下啦,0,0,6,0,0,0.0,0.0,0.0,0.0,0.0,0.0,0.0,0.0,0,0,0,0,0,0,0,0,无明显情感,未明确对象,未明确方面,中性,0,0.6986682673334035,0.1725159912990373,0.6986682673334035,0.12881574136755933,中性,中性,,False
学习区,BV1uz4y1475S,【洛必达法则】高考使用指南,6049183,276506,78550,230485,4836,23660,149也挺好,,149也挺好,1,0,4,0,0,1.0,1.0,0.0,1.0,0.25,1.0,1.0,0.0,0,0,0,0,0,0,0,1,对象评价,未明确对象,未明确方面,正面,1,0.8868038952532078,0.06863427346485525,0.04456183128193706,0.8868038952532078,正面,正面,,False
学习区,BV1uz4y1475S,【洛必达法则】高考使用指南,6049183,276506,78550,230485,4836,23660,我算一下f(0.0000000000000001)还是有一丢丢用的,,我算一下f0.0000000000000001还是有一丢丢用的,0,0,8,0,0,0.0,0.0,0.0,0.0,0.0,0.0,0.0,0.0,0,0,0,0,0,0,0,0,无明显情感,未明确对象,未明确方面,中性,0,0.6766314983185913,0.24299298240837364,0.6766314983185913,0.08037551927303521,中性,中性,,False
学习区,BV1uz4y1475S,【洛必达法则】高考使用指南,6049183,276506,78550,230485,4836,23660,不管是谁讲，都是我们的好老师，感谢小猪哥哥和一数哥哥~,,不管是谁讲，都是我们的好老师，感谢小猪哥哥和一数哥哥,1,0,13,0,0,1.0,1.0,0.0,1.0,0.07692307692307693,1.0,1.0,0.0,0,0,0,0,0,0,0,1,对象评价,讲解者,未明确方面,正面,1,0.8440900484175304,0.10141455583544565,0.05449539574702406,0.8440900484175304,正面,正面,,False
学习区,BV1uz4y1475S,【洛必达法则】高考使用指南,6049183,276506,78550,230485,4836,23660,我奶奶是大学教授,,我奶奶是大学教授,0,0,2,0,0,0.0,0.0,0.0,0.0,0.0,0.0,0.0,0.0,0,0,0,0,0,0,0,0,无明显情感,未明确对象,未明确方面,中性,0,0.5610905177220007,0.17243115727120942,0.5610905177220007,0.2664783250067899,中性,中性,,False
学习区,BV1uz4y1475S,【洛必达法则】高考使用指南,6049183,276506,78550,230485,4836,23660,开始洛神判定,,开始洛神判定,0,0,3,0,0,0.0,0.0,0.0,0.0,0.0,0.0,0.0,0.0,0,0,0,0,0,0,0,0,无明显情感,未明确对象,未明确方面,中性,0,0.8186995049809097,0.054268401700411126,0.8186995049809097,0.12703209331867904,中性,中性,,False
学习区,BV1uz4y1475S,【洛必达法则】高考使用指南,6049183,276506,78550,230485,4836,23660,考试恒成立我会选择斜眼偷瞄法,,考试恒成立我会选择斜眼偷瞄法,0,0,8,0,0,0.0,0.0,0.0,0.0,0.0,0.0,0.0,0.0,0,0,0,0,0,0,0,0,无明显情感,未明确对象,未明确方面,中性,0,0.5068254728726874,0.36523039028399173,0.5068254728726874,0.12794413684332084,中性,中性,,False
学习区,BV1uz4y1475S,【洛必达法则】高考使用指南,6049183,276506,78550,230485,4836,23660,洛克王国,,洛克王国,0,0,2,0,0,0.0,0.0,0.0,0.0,0.0,0.0,0.0,0.0,0,0,0,0,0,0,0,0,无明显情感,未明确对象,未明确方面,中性,0,0.6585046096608349,0.14118285317383877,0.6585046096608349,0.20031253716532643,中性,中性,,False
学习区,BV1uz4y1475S,【洛必达法则】高考使用指南,6049183,276506,78550,230485,4836,23660,嗨嗨，指数函数增性大于幂函数,,嗨嗨，指数函数增性大于幂函数,0,0,7,0,0,0.0,0.0,0.0,0.0,0.0,0.0,0.0,0.0,0,0,0,0,0,0,0,0,无明显情感,未明确对象,未明确方面,中性,0,0.7313378771207176,0.1907349053409651,0.7313378771207176,0.07792721753831726,中性,中性,,False
学习区,BV1uz4y1475S,【洛必达法则】高考使用指南,6049183,276506,78550,230485,4836,23660,洛琪希！,,洛琪希！,0,0,3,1,0,0.0,0.0,0.0,0.0,0.0,0.0,0.0,0.0,0,0,0,0,0,0,0,0,无明显情感,未明确对象,未明确方面,中性,0,0.5997746699199505,0.05169762921059101,0.5997746699199505,0.3485277008694585,中性,中性,,False
学习区,BV1uz4y1475S,【洛必达法则】高考使用指南,6049183,276506,78550,230485,4836,23660,洛克王国(doge),,洛克王国doge,0,0,3,0,0,0.0,0.0,0.0,0.0,0.0,0.0,0.0,0.0,0,0,0,0,0,0,0,0,无明显情感,未明确对象,未明确方面,中性,0,0.6858654136697128,0.09079122076580262,0.6858654136697128,0.2233433655644845,中性,中性,,False
学习区,BV1uz4y1475S,【洛必达法则】高考使用指南,6049183,276506,78550,230485,4836,23660,此时即将被自己crush表白的同学给我点了一个赞,,此时即将被自己crush表白的同学给我点了一个赞,0,0,10,0,0,0.0,0.0,0.0,0.0,0.0,0.0,0.0,0.0,0,0,0,0,0,0,0,0,无明显情感,未明确对象,未明确方面,中性,-1,0.5942304160142043,0.5942304160142043,0.29900346337299066,0.10676612061280492,负面,正面,,False
学习区,BV1uz4y1475S,【洛必达法则】高考使用指南,6049183,276506,78550,230485,4836,23660,妈妈问我不是在学习吗？,,妈妈问我不是在学习吗？,0,0,6,0,1,0.0,0.0,0.0,0.0,0.0,0.0,0.0,0.0,0,0,0,0,0,0,0,0,无明显情感,未明确对象,未明确方面,中性,-1,0.6325013935929682,0.6325013935929682,0.3525510358493646,0.014947570557667125,负面,负面,,False
学习区,BV1uz4y1475S,【洛必达法则】高考使用指南,6049183,276506,78550,230485,4836,23660,我去求导，我一导去看单调性,,我去求导，我一导去看单调性,0,0,8,0,0,0.0,0.0,0.0,0.0,0.0,0.0,0.0,0.0,0,0,0,0,0,0,0,0,无明显情感,未明确对象,未明确方面,中性,0,0.6097410632827817,0.2578703488641225,0.6097410632827817,0.13238858785309582,中性,中性,,False
学习区,BV1uz4y1475S,【洛必达法则】高考使用指南,6049183,276506,78550,230485,4836,23660,《洛韦达法则》,,洛韦达法则,0,0,3,0,0,0.0,0.0,0.0,0.0,0.0,0.0,0.0,0.0,0,0,0,0,0,0,0,0,无明显情感,未明确对象,未明确方面,中性,0,0.8202447738073463,0.08426239252146317,0.8202447738073463,0.09549283367119046,中性,中性,,False
学习区,BV1uz4y1475S,【洛必达法则】高考使用指南,6049183,276506,78550,230485,4836,23660,注意：这里是极限值是1/2，函数值是不存在，极限值≠函数值,,注意这里是极限值是12，函数值是不存在，极限值函数值,0,0,13,0,0,0.0,0.0,0.0,0.0,0.0,0.0,0.0,0.0,0,0,0,0,0,0,0,0,无明显情感,未明确对象,未明确方面,中性,0,0.7198918102730671,0.2513689782661144,0.7198918102730671,0.02873921146081857,中性,中性,,False
学习区,BV1uz4y1475S,【洛必达法则】高考使用指南,6049183,276506,78550,230485,4836,23660,我该怎么给我妈解释我真的在学习,,我该怎么给我妈解释我真的在学习,0,0,7,0,0,0.0,0.0,0.0,0.0,0.0,0.0,0.0,0.0,0,0,0,0,0,0,0,0,无明显情感,未明确对象,未明确方面,中性,0,0.563202991511245,0.36726299190370676,0.563202991511245,0.06953401658504818,中性,中性,,False
学习区,BV1uz4y1475S,【洛必达法则】高考使用指南,6049183,276506,78550,230485,4836,23660,0/0=1(bushi,,001bushi,0,0,1,0,0,0.0,0.0,0.0,0.0,0.0,0.0,0.0,0.0,0,0,0,0,0,0,0,0,无明显情感,未明确对象,未明确方面,中性,0,0.738814184347191,0.093814329181178,0.738814184347191,0.1673714864716309,中性,中性,,False
学习区,BV1uz4y1475S,【洛必达法则】高考使用指南,6049183,276506,78550,230485,4836,23660,数学世家（doge）,,数学世家doge,0,0,3,0,0,0.0,0.0,0.0,0.0,0.0,0.0,0.0,0.0,0,0,0,0,0,0,0,0,无明显情感,课程内容,未明确方面,中性,0,0.48956999858828243,0.38069420687783034,0.48956999858828243,0.1297357945338873,中性,中性,,False
学习区,BV1uz4y1475S,【洛必达法则】高考使用指南,6049183,276506,78550,230485,4836,23660,约分得y＝sin（）,,约分得ysin,0,0,3,0,0,0.0,0.0,0.0,0.0,0.0,0.0,0.0,0.0,0,0,0,0,0,0,0,0,无明显情感,未明确对象,未明确方面,中性,0,0.6017905059022362,0.23439014320406046,0.6017905059022362,0.16381935089370336,中性,中性,,False
学习区,BV1uz4y1475S,【洛必达法则】高考使用指南,6049183,276506,78550,230485,4836,23660,致敬传奇数学大师姜萍,,致敬传奇数学大师姜萍,1,0,5,0,0,1.0,1.0,0.0,1.0,0.2,1.0,1.0,0.0,0,0,0,0,0,0,0,1,对象评价,课程内容,未明确方面,正面,-1,0.7584757998635993,0.7584757998635993,0.09339292011706074,0.14813128001934006,负面,负面,-1.0,True
学习区,BV1uz4y1475S,【洛必达法则】高考使用指南,6049183,276506,78550,230485,4836,23660,小鸡函数,,小鸡函数,0,0,2,0,0,0.0,0.0,0.0,0.0,0.0,0.0,0.0,0.0,0,0,0,0,0,0,0,0,无明显情感,未明确对象,未明确方面,中性,0,0.9367661275949006,0.02525115356698339,0.9367661275949006,0.03798271883811602,中性,中性,,False
学习区,BV1uz4y1475S,【洛必达法则】高考使用指南,6049183,276506,78550,230485,4836,23660,洛！,,洛！,0,0,2,1,0,0.0,0.0,0.0,0.0,0.0,0.0,0.0,0.0,0,0,0,0,0,0,0,0,无明显情感,未明确对象,未明确方面,中性,0,0.5630347603197631,0.05269587588288718,0.5630347603197631,0.3842693637973497,中性,中性,,False
学习区,BV1uz4y1475S,【洛必达法则】高考使用指南,6049183,276506,78550,230485,4836,23660,好（咬牙切齿）,,好咬牙切齿,0,0,2,0,0,0.0,0.0,0.0,0.0,0.0,0.0,0.0,0.0,0,0,0,0,0,0,0,0,无明显情感,未明确对象,未明确方面,中性,1,0.7087625617565729,0.21013746918094497,0.08109996906248203,0.7087625617565729,正面,正面,,False
学习区,BV1uz4y1475S,【洛必达法则】高考使用指南,6049183,276506,78550,230485,4836,23660,闪电旋风劈秒了,,闪电旋风劈秒了,0,0,4,0,0,0.0,0.0,0.0,0.0,0.0,0.0,0.0,0.0,0,0,0,0,0,0,0,0,无明显情感,未明确对象,未明确方面,中性,0,0.566950886807799,0.16707101767870797,0.566950886807799,0.26597809551349305,中性,中性,,False
学习区,BV1uz4y1475S,【洛必达法则】高考使用指南,6049183,276506,78550,230485,4836,23660,这个有点过度追求洛必达了，可以参变分离的，后面是一个常数比含参的式子,,这个有点过度追求洛必达了，可以参变分离的，后面是一个常数比含参的式子,1,0,14,0,0,1.0,1.0,0.0,1.0,0.07142857142857142,1.0,1.0,0.0,0,0,0,0,0,0,0,1,对象评价,未明确对象,未明确方面,正面,-1,0.8376069699623278,0.8376069699623278,0.10187027589927394,0.060522754138398374,负面,负面,-1.0,True
学习区,BV1uz4y1475S,【洛必达法则】高考使用指南,6049183,276506,78550,230485,4836,23660,洛门不倒，你我共存！,,洛门不倒，你我共存！,0,0,6,1,0,0.0,0.0,0.0,0.0,0.0,0.0,0.0,0.0,0,0,0,0,0,0,0,0,无明显情感,未明确对象,未明确方面,中性,0,0.43890089088384726,0.39434092890786937,0.43890089088384726,0.1667581802082833,中性,中性,,False
学习区,BV1uz4y1475S,【洛必达法则】高考使用指南,6049183,276506,78550,230485,4836,23660,左顾右盼秒杀法,,左顾右盼秒杀法,0,0,3,0,0,0.0,0.0,0.0,0.0,0.0,0.0,0.0,0.0,0,0,0,0,0,0,0,0,无明显情感,未明确对象,未明确方面,中性,0,0.6525424904832393,0.14924331021065323,0.6525424904832393,0.19821419930610756,中性,中性,,False
学习区,BV1uz4y1475S,【洛必达法则】高考使用指南,6049183,276506,78550,230485,4836,23660,高二表示使劲听能懂,,高二表示使劲听能懂,0,0,5,0,0,0.0,0.0,0.0,0.0,0.0,0.0,0.0,0.0,0,0,0,0,0,0,0,0,无明显情感,未明确对象,未明确方面,中性,0,0.6005401592863585,0.11467330493204964,0.6005401592863585,0.2847865357815919,中性,中性,,False
学习区,BV1uz4y1475S,【洛必达法则】高考使用指南,6049183,276506,78550,230485,4836,23660,洛，必达,,洛，必达,0,0,3,0,0,0.0,0.0,0.0,0.0,0.0,0.0,0.0,0.0,0,0,0,0,0,0,0,0,无明显情感,未明确对象,未明确方面,中性,0,0.6187351414519289,0.12910527234957733,0.6187351414519289,0.2521595861984938,中性,中性,,False
学习区,BV1uz4y1475S,【洛必达法则】高考使用指南,6049183,276506,78550,230485,4836,23660,所以构造一个直角三角形，下面的一边是x，上面一边sinx，令x趋于0，会得到一个直角三角形,,所以构造一个直角三角形，下面的一边是x，上面一边sinx，令x趋于0，会得到一个直角三角形,0,0,20,0,0,0.0,0.0,0.0,0.0,0.0,0.0,0.0,0.0,0,0,0,0,0,0,0,0,无明显情感,未明确对象,未明确方面,中性,-1,0.6277667703941158,0.6277667703941158,0.3261441728878279,0.04608905671805637,负面,负面,,False
学习区,BV1uz4y1475S,【洛必达法则】高考使用指南,6049183,276506,78550,230485,4836,23660,导数六公主,,导数六公主,0,0,3,0,0,0.0,0.0,0.0,0.0,0.0,0.0,0.0,0.0,0,0,0,0,0,0,0,0,无明显情感,未明确对象,未明确方面,中性,0,0.5415042612425432,0.22100325740490498,0.5415042612425432,0.23749248135255166,中性,中性,,False
学习区,BV1uz4y1475S,【洛必达法则】高考使用指南,6049183,276506,78550,230485,4836,23660,吾当场起立,,吾当场起立,0,0,3,0,0,0.0,0.0,0.0,0.0,0.0,0.0,0.0,0.0,0,0,0,0,0,0,0,0,无明显情感,未明确对象,未明确方面,中性,0,0.6525424904832393,0.14924331021065323,0.6525424904832393,0.19821419930610756,中性,中性,,False
学习区,BV1uz4y1475S,【洛必达法则】高考使用指南,6049183,276506,78550,230485,4836,23660,雷氏数学解释为0,,雷氏数学解释为0,0,0,5,0,0,0.0,0.0,0.0,0.0,0.0,0.0,0.0,0.0,0,0,0,0,0,0,0,0,无明显情感,课程内容,未明确方面,中性,-1,0.4997973803576839,0.4997973803576839,0.43302490886901196,0.0671777107733041,负面,负面,,False
学习区,BV1uz4y1475S,【洛必达法则】高考使用指南,6049183,276506,78550,230485,4836,23660,不存在那就继续洛！洛不下去那就看错条件继续洛！（即答）,,不存在那就继续洛！洛不下去那就看错条件继续洛！即答,0,0,16,2,0,0.0,0.0,0.0,0.0,0.0,0.0,0.0,0.0,0,0,0,0,0,0,0,0,无明显情感,未明确对象,未明确方面,中性,0,0.40493167359070203,0.20382840047286857,0.40493167359070203,0.39123992593642937,中性,中性,,False
学习区,BV1uz4y1475S,【洛必达法则】高考使用指南,6049183,276506,78550,230485,4836,23660,准出生听懂了！（doge）,,准出生听懂了！doge,1,0,5,1,0,1.0,1.0,0.0,1.0,0.2,1.0,1.0,0.0,0,0,0,0,1,0,0,1,对象评价+认知状态,未明确对象,理解与难度,正面,1,0.8501208180176408,0.057561967410638626,0.0923172145717205,0.8501208180176408,正面,正面,,False
学习区,BV1uz4y1475S,【洛必达法则】高考使用指南,6049183,276506,78550,230485,4836,23660,本质上就是通过导数把曲线函数放大成直线，然后通过斜率求出来函数值的比值,,本质上就是通过导数把曲线函数放大成直线，然后通过斜率求出来函数值的比值,3,0,20,0,0,3.0,3.0,0.0,3.0,0.15,3.0,3.0,0.0,0,0,0,0,0,0,0,1,对象评价,未明确对象,未明确方面,正面,1,0.9039325207385474,0.010666842431040421,0.08540063683041223,0.9039325207385474,正面,正面,,False
学习区,BV1uz4y1475S,【洛必达法则】高考使用指南,6049183,276506,78550,230485,4836,23660,《神奇奶奶》,,神奇奶奶,0,0,2,0,0,0.0,0.0,0.0,0.0,0.0,0.0,0.0,0.0,0,0,0,0,0,0,0,0,无明显情感,未明确对象,未明确方面,中性,0,0.4885068955788543,0.07825893647957423,0.4885068955788543,0.4332341679415716,中性,中性,,False
学习区,BV1uz4y1475S,【洛必达法则】高考使用指南,6049183,276506,78550,230485,4836,23660,桑椹胚期看懂了,,桑椹胚期看懂了,1,0,4,0,0,1.0,1.0,0.0,1.0,0.25,1.0,1.0,0.0,0,0,0,0,1,0,0,1,对象评价+认知状态,未明确对象,理解与难度,正面,1,0.9063358423803118,0.03244348103963263,0.06122067658005555,0.9063358423803118,正面,正面,1.0,True
学习区,BV1uz4y1475S,【洛必达法则】高考使用指南,6049183,276506,78550,230485,4836,23660,《疯狂的老奶奶》,,疯狂的老奶奶,0,0,2,0,0,0.0,0.0,0.0,0.0,0.0,0.0,0.0,0.0,0,0,0,0,0,0,0,0,无明显情感,未明确对象,未明确方面,中性,0,0.5663488335935983,0.17699833153001882,0.5663488335935983,0.25665283487638296,中性,中性,,False
学习区,BV1uz4y1475S,【洛必达法则】高考使用指南,6049183,276506,78550,230485,4836,23660,《我奶奶都知道》,,我奶奶都知道,0,0,3,0,0,0.0,0.0,0.0,0.0,0.0,0.0,0.0,0.0,0,0,0,0,0,0,0,0,无明显情感,未明确对象,未明确方面,中性,0,0.48793030285285716,0.29016942203079704,0.48793030285285716,0.22190027511634572,中性,中性,,False
学习区,BV1uz4y1475S,【洛必达法则】高考使用指南,6049183,276506,78550,230485,4836,23660,他喊我“宝贝儿”哎,,他喊我宝贝儿哎,0,0,3,0,0,0.0,0.0,0.0,0.0,0.0,0.0,0.0,0.0,0,0,0,0,0,0,0,0,无明显情感,未明确对象,未明确方面,中性,1,0.5844662604204021,0.0998531089258829,0.31568063065371516,0.5844662604204021,正面,正面,1.0,True
学习区,BV1uz4y1475S,【洛必达法则】高考使用指南,6049183,276506,78550,230485,4836,23660,洛必达可以算x等于0是函数值为1，就是第一个了,,洛必达可以算x等于0是函数值为1，就是第一个了,1,0,12,0,0,1.0,1.0,0.0,1.0,0.08333333333333333,1.0,1.0,0.0,0,0,0,0,0,0,0,1,对象评价,未明确对象,未明确方面,正面,0,0.7123447762038779,0.15532036689642467,0.7123447762038779,0.1323348568996973,中性,中性,0.0,True
学习区,BV1uz4y1475S,【洛必达法则】高考使用指南,6049183,276506,78550,230485,4836,23660,右下角瞩目→,,右下角瞩目,0,0,2,0,0,0.0,0.0,0.0,0.0,0.0,0.0,0.0,0.0,0,0,0,0,0,0,0,0,无明显情感,未明确对象,未明确方面,中性,0,0.6585046096608349,0.14118285317383877,0.6585046096608349,0.20031253716532643,中性,中性,,False
学习区,BV1uz4y1475S,【洛必达法则】高考使用指南,6049183,276506,78550,230485,4836,23660,《暗戳戳的》,,暗戳戳的,0,0,2,0,0,0.0,0.0,0.0,0.0,0.0,0.0,0.0,0.0,0,0,0,0,0,0,0,0,无明显情感,未明确对象,未明确方面,中性,0,0.7314651477326451,0.11958850231453573,0.7314651477326451,0.1489463499528191,中性,中性,0.0,True
学习区,BV1uz4y1475S,【洛必达法则】高考使用指南,6049183,276506,78550,230485,4836,23660,谁懂我在诊所看，到处找是哪个老年人手机铃声响了,,谁懂我在诊所看，到处找是哪个老年人手机铃声响了,0,0,13,0,0,0.0,0.0,0.0,0.0,0.0,0.0,0.0,0.0,0,0,0,0,0,0,0,0,无明显情感,未明确对象,未明确方面,中性,0,0.6314488493471265,0.28534135544602346,0.6314488493471265,0.08320979520684998,中性,中性,,False
学习区,BV1uz4y1475S,【洛必达法则】高考使用指南,6049183,276506,78550,230485,4836,23660,不敢明着洛，只有暗地里洛。。。,,不敢明着洛，只有暗地里洛。。。,0,0,10,0,0,0.0,0.0,0.0,0.0,0.0,0.0,0.0,0.0,0,0,0,0,0,0,0,0,无明显情感,未明确对象,未明确方面,中性,0,0.6186491747138938,0.1382777333858971,0.6186491747138938,0.243073091900209,中性,中性,,False
学习区,BV1uz4y1475S,【洛必达法则】高考使用指南,6049183,276506,78550,230485,4836,23660,用洛必达的话，得先对函数求导看单调性，之后再用，我们老师说了用的话可能扣2分左右，但有些情况就得用洛必达，别的方法太麻烦,,用洛必达的话，得先对函数求导看单调性，之后再用，我们老师说了用的话可能扣2分左右，但有些情况就得用洛必达，别的方法太麻烦,0,1,39,0,0,-1.0,0.0,1.0,1.0,0.02564102564102564,-1.0,0.0,1.0,0,0,1,0,0,0,0,1,对象评价+自身情绪,讲解者+课程内容,未明确方面,负面,-1,0.9436061877278714,0.9436061877278714,0.0522882814385935,0.004105530833534998,负面,负面,,False
学习区,BV1uz4y1475S,【洛必达法则】高考使用指南,6049183,276506,78550,230485,4836,23660,求求你了再骂两句,,求求你了再骂两句,0,0,4,0,0,0.0,0.0,0.0,0.0,0.0,0.0,0.0,0.0,0,0,0,0,0,0,0,0,无明显情感,未明确对象,未明确方面,中性,0,0.6605707278534958,0.18480090414819567,0.6605707278534958,0.15462836799830848,中性,中性,,False
学习区,BV1uz4y1475S,【洛必达法则】高考使用指南,6049183,276506,78550,230485,4836,23660,硝   苯     氮,,硝苯氮,0,0,2,0,0,0.0,0.0,0.0,0.0,0.0,0.0,0.0,0.0,0,0,0,0,0,0,0,0,无明显情感,未明确对象,未明确方面,中性,0,0.6585046096608349,0.14118285317383877,0.6585046096608349,0.20031253716532643,中性,中性,,False
学习区,BV1uz4y1475S,【洛必达法则】高考使用指南,6049183,276506,78550,230485,4836,23660,神奇野猪,,神奇野猪,0,0,2,0,0,0.0,0.0,0.0,0.0,0.0,0.0,0.0,0.0,0,0,0,0,0,0,0,0,无明显情感,未明确对象,未明确方面,中性,0,0.5516298645526688,0.1306146348973508,0.5516298645526688,0.3177555005499804,中性,中性,,False
学习区,BV1uz4y1475S,【洛必达法则】高考使用指南,6049183,276506,78550,230485,4836,23660,此处是因为该函数无线趋近2且永远大于2，所以比它小的a可以取得二分之一,,此处是因为该函数无线趋近2且永远大于2，所以比它小的a可以取得二分之一,1,0,19,0,0,1.0,1.0,0.0,1.0,0.05263157894736842,1.0,1.0,0.0,0,0,0,0,0,0,0,1,对象评价,未明确对象,未明确方面,正面,0,0.8721088250504582,0.032961451277987094,0.8721088250504582,0.09492972367155472,中性,中性,0.0,True
学习区,BV1uz4y1475S,【洛必达法则】高考使用指南,6049183,276506,78550,230485,4836,23660,《挺好玩的》,,挺好玩的,1,0,1,0,0,1.0,1.0,0.0,1.0,1.0,1.0,1.0,0.0,0,0,0,0,0,0,0,1,对象评价,未明确对象,未明确方面,正面,1,0.7737086399296024,0.18724400688687415,0.03904735318352345,0.7737086399296024,正面,正面,1.0,True
学习区,BV1uz4y1475S,【洛必达法则】高考使用指南,6049183,276506,78550,230485,4836,23660,洛门永存！！！,,洛门永存！！！,0,0,5,3,0,0.0,0.0,0.0,0.0,0.0,0.0,0.0,0.0,0,0,0,0,0,0,0,0,无明显情感,未明确对象,未明确方面,中性,1,0.3948345414283093,0.3213808304446681,0.28378462812702265,0.3948345414283093,正面,正面,1.0,True
学习区,BV1uz4y1475S,【洛必达法则】高考使用指南,6049183,276506,78550,230485,4836,23660,先进技术代表——分参,,先进技术代表分参,0,0,4,0,0,0.0,0.0,0.0,0.0,0.0,0.0,0.0,0.0,0,0,0,0,0,0,0,0,无明显情感,未明确对象,未明确方面,中性,0,0.5399672052603955,0.37508525883152255,0.5399672052603955,0.08494753590808188,中性,中性,,False
学习区,BV1uz4y1475S,【洛必达法则】高考使用指南,6049183,276506,78550,230485,4836,23660,未来的某个数学130+的大佬给我点了赞,,未来的某个数学130的大佬给我点了赞,0,0,8,0,0,0.0,0.0,0.0,0.0,0.0,0.0,0.0,0.0,0,0,0,0,0,0,0,0,无明显情感,课程内容,未明确方面,中性,-1,0.553900330284939,0.553900330284939,0.38870264285885975,0.057397026856201266,负面,正面,,False
学习区,BV1uz4y1475S,【洛必达法则】高考使用指南,6049183,276506,78550,230485,4836,23660,小八噶（,,小八噶,0,0,1,0,0,0.0,0.0,0.0,0.0,0.0,0.0,0.0,0.0,0,0,0,0,0,0,0,0,无明显情感,未明确对象,未明确方面,中性,0,0.6641811267415451,0.13348938228347546,0.6641811267415451,0.20232949097497943,中性,中性,,False
学习区,BV1uz4y1475S,【洛必达法则】高考使用指南,6049183,276506,78550,230485,4836,23660,路易斯电子式是吧,,路易斯电子式是吧,0,0,2,0,0,0.0,0.0,0.0,0.0,0.0,0.0,0.0,0.0,0,0,0,0,0,0,0,0,无明显情感,未明确对象,未明确方面,中性,0,0.7712078188746095,0.12368417497363784,0.7712078188746095,0.10510800615175256,中性,中性,,False
学习区,BV1uz4y1475S,【洛必达法则】高考使用指南,6049183,276506,78550,230485,4836,23660,右,,右,0,0,1,0,0,0.0,0.0,0.0,0.0,0.0,0.0,0.0,0.0,0,0,0,0,0,0,0,0,无明显情感,未明确对象,未明确方面,中性,0,0.6641811267415451,0.13348938228347546,0.6641811267415451,0.20232949097497943,中性,中性,,False
学习区,BV1uz4y1475S,【洛必达法则】高考使用指南,6049183,276506,78550,230485,4836,23660,神奇奶奶，既能求导又能配乐,,神奇奶奶，既能求导又能配乐,0,0,9,0,0,0.0,0.0,0.0,0.0,0.0,0.0,0.0,0.0,0,0,0,0,0,0,0,0,无明显情感,视频内容,视听体验,中性,0,0.45273801256196233,0.3165106927274179,0.45273801256196233,0.23075129471061978,中性,中性,,False
学习区,BV1uz4y1475S,【洛必达法则】高考使用指南,6049183,276506,78550,230485,4836,23660,我去耳机党吓死了,,我去耳机党吓死了,0,1,4,0,0,-1.0,0.0,1.0,1.0,0.25,-1.0,0.0,1.0,0,0,0,0,0,0,0,1,对象评价,未明确对象,未明确方面,负面,-1,0.8449415980444385,0.8449415980444385,0.12782115719007134,0.027237244765490297,负面,负面,,False
学习区,BV1uz4y1475S,【洛必达法则】高考使用指南,6049183,276506,78550,230485,4836,23660,等于1！！（大喊）,,等于1！！大喊,0,0,5,2,0,0.0,0.0,0.0,0.0,0.0,0.0,0.0,0.0,0,0,0,0,0,0,0,0,无明显情感,未明确对象,未明确方面,中性,0,0.6655573338693838,0.12518669511141195,0.6655573338693838,0.20925597101920426,中性,中性,,False
学习区,BV1uz4y1475S,【洛必达法则】高考使用指南,6049183,276506,78550,230485,4836,23660,跳过法秒了,,跳过法秒了,0,0,3,0,0,0.0,0.0,0.0,0.0,0.0,0.0,0.0,0.0,0,0,0,0,0,0,0,0,无明显情感,未明确对象,未明确方面,中性,0,0.5727194573259871,0.15821027116421743,0.5727194573259871,0.2690702715097955,中性,中性,,False
学习区,BV1uz4y1475S,【洛必达法则】高考使用指南,6049183,276506,78550,230485,4836,23660,我同学说上下X可以消掉 想笑,,我同学说上下X可以消掉想笑,1,0,8,0,0,1.0,1.0,0.0,1.0,0.125,1.0,1.0,0.0,0,0,0,0,0,0,0,1,对象评价,未明确对象,未明确方面,正面,-1,0.7078168341701265,0.7078168341701265,0.18161108834887127,0.11057207748100208,负面,负面,-1.0,True
学习区,BV1uz4y1475S,【洛必达法则】高考使用指南,6049183,276506,78550,230485,4836,23660,《未击穿敌人装甲》,,未击穿敌人装甲,0,0,4,0,0,0.0,0.0,0.0,0.0,0.0,0.0,0.0,0.0,0,0,0,0,0,0,0,0,无明显情感,未明确对象,未明确方面,中性,0,0.6462878438700694,0.15767941730141277,0.6462878438700694,0.19603273882851782,中性,中性,,False
学习区,BV1uz4y1475S,【洛必达法则】高考使用指南,6049183,276506,78550,230485,4836,23660,哦，我的哥哥姐姐小宝贝们，奇哥语录,,哦，我的哥哥姐姐小宝贝们，奇哥语录,0,0,9,0,0,0.0,0.0,0.0,0.0,0.0,0.0,0.0,0.0,0,0,0,0,0,0,0,0,无明显情感,未明确对象,未明确方面,中性,1,0.5094394220157191,0.1629081358554399,0.327652442128841,0.5094394220157191,正面,正面,,False
学习区,BV1uz4y1475S,【洛必达法则】高考使用指南,6049183,276506,78550,230485,4836,23660,妈妈头探进来问我不是在学习吗,,妈妈头探进来问我不是在学习吗,0,0,7,0,0,0.0,0.0,0.0,0.0,0.0,0.0,0.0,0.0,0,0,0,0,0,0,0,0,无明显情感,未明确对象,未明确方面,中性,0,0.5818222504615663,0.3875883621612473,0.5818222504615663,0.03058938737718627,中性,中性,,False
学习区,BV1uz4y1475S,【洛必达法则】高考使用指南,6049183,276506,78550,230485,4836,23660,好，那么好,,好，那么好,0,0,4,0,0,0.0,0.0,0.0,0.0,0.0,0.0,0.0,0.0,0,0,0,0,0,0,0,0,无明显情感,未明确对象,未明确方面,中性,1,0.4576229784960452,0.35507898838031,0.18729803312364474,0.4576229784960452,正面,正面,,False
学习区,BV1uz4y1475S,【洛必达法则】高考使用指南,6049183,276506,78550,230485,4836,23660,那就在求一次看拐点,,那就在求一次看拐点,0,0,6,0,0,0.0,0.0,0.0,0.0,0.0,0.0,0.0,0.0,0,0,0,0,0,0,0,0,无明显情感,未明确对象,未明确方面,中性,0,0.6865602554454779,0.1847074084963504,0.6865602554454779,0.12873233605817158,中性,中性,,False
学习区,BV1uz4y1475S,【洛必达法则】高考使用指南,6049183,276506,78550,230485,4836,23660,香蕉君（看不到我）,,香蕉君看不到我,0,0,3,0,0,0.0,0.0,0.0,0.0,0.0,0.0,0.0,0.0,0,0,0,0,0,0,0,0,无明显情感,未明确对象,未明确方面,中性,-1,0.5828008256980496,0.5828008256980496,0.35809503719727837,0.05910413710467208,负面,负面,,False
学习区,BV1uz4y1475S,【洛必达法则】高考使用指南,6049183,276506,78550,230485,4836,23660,只能在选择题和填空题中直接用，大题还是要用障眼法,,只能在选择题和填空题中直接用，大题还是要用障眼法,0,0,14,0,0,0.0,0.0,0.0,0.0,0.0,0.0,0.0,0.0,0,0,0,0,0,0,0,0,无明显情感,未明确对象,未明确方面,中性,0,0.678028142807827,0.24752000394743653,0.678028142807827,0.07445185324473642,中性,中性,,False
学习区,BV1uz4y1475S,【洛必达法则】高考使用指南,6049183,276506,78550,230485,4836,23660,洛门,,洛门,0,0,1,0,0,0.0,0.0,0.0,0.0,0.0,0.0,0.0,0.0,0,0,0,0,0,0,0,0,无明显情感,未明确对象,未明确方面,中性,0,0.6641811267415451,0.13348938228347546,0.6641811267415451,0.20232949097497943,中性,中性,,False
学习区,BV1uz4y1475S,【洛必达法则】高考使用指南,6049183,276506,78550,230485,4836,23660,我奶在我旁边睡觉，我以为是她突然唱起来了,,我奶在我旁边睡觉，我以为是她突然唱起来了,0,0,8,0,0,0.0,0.0,0.0,0.0,0.0,0.0,0.0,0.0,0,0,0,0,0,0,0,0,无明显情感,未明确对象,未明确方面,中性,0,0.6269870285923672,0.24454795250311911,0.6269870285923672,0.12846501890451376,中性,中性,,False
学习区,BV1uz4y1475S,【洛必达法则】高考使用指南,6049183,276506,78550,230485,4836,23660,数之呼吸,,数之呼吸,0,0,2,0,0,0.0,0.0,0.0,0.0,0.0,0.0,0.0,0.0,0,0,0,0,0,0,0,0,无明显情感,未明确对象,未明确方面,中性,0,0.6585046096608349,0.14118285317383877,0.6585046096608349,0.20031253716532643,中性,中性,,False
学习区,BV1uz4y1475S,【洛必达法则】高考使用指南,6049183,276506,78550,230485,4836,23660,《 脉 冲 函 数 》,,脉冲函数,0,0,2,0,0,0.0,0.0,0.0,0.0,0.0,0.0,0.0,0.0,0,0,0,0,0,0,0,0,无明显情感,未明确对象,未明确方面,中性,0,0.9367661275949006,0.02525115356698339,0.9367661275949006,0.03798271883811602,中性,中性,,False
学习区,BV1uz4y1475S,【洛必达法则】高考使用指南,6049183,276506,78550,230485,4836,23660,遇事不决，高等数学,,遇事不决，高等数学,0,0,4,0,0,0.0,0.0,0.0,0.0,0.0,0.0,0.0,0.0,0,0,0,0,0,0,0,0,无明显情感,课程内容,未明确方面,中性,-1,0.810995182205472,0.810995182205472,0.12671905152727536,0.06228576626725259,负面,负面,,False
学习区,BV1uz4y1475S,【洛必达法则】高考使用指南,6049183,276506,78550,230485,4836,23660,《遇事不决，洛必达数学》《遇事不决，洛必达数学》《遇事不决，洛必达数学》,,遇事不决，洛必达数学遇事不决，洛必达数学遇事不决，洛必达数学,0,0,15,0,0,0.0,0.0,0.0,0.0,0.0,0.0,0.0,0.0,0,0,0,0,0,0,0,0,无明显情感,课程内容,未明确方面,中性,-1,0.9187245602142303,0.9187245602142303,0.0728496578470036,0.008425781938766261,负面,负面,,False
学习区,BV1uz4y1475S,【洛必达法则】高考使用指南,6049183,276506,78550,230485,4836,23660,点赞数学提分,,点赞数学提分,1,0,3,0,0,1.0,1.0,0.0,1.0,0.3333333333333333,1.0,1.0,0.0,0,0,0,0,0,0,0,1,对象评价,课程内容,未明确方面,正面,-1,0.5447503693477692,0.5447503693477692,0.12107798661133062,0.3341716440409003,负面,正面,1.0,True
学习区,BV1uz4y1475S,【洛必达法则】高考使用指南,6049183,276506,78550,230485,4836,23660,教大家一点，零做除数时可以把分数值看做无穷大，省了不少事,,教大家一点，零做除数时可以把分数值看做无穷大，省了不少事,1,0,17,0,0,1.0,1.0,0.0,1.0,0.058823529411764705,1.0,1.0,0.0,0,0,0,0,0,0,0,1,对象评价,未明确对象,未明确方面,正面,0,0.4705529408970321,0.11047294717728628,0.4705529408970321,0.4189741119256816,中性,正面,1.0,True
学习区,BV1uz4y1475S,【洛必达法则】高考使用指南,6049183,276506,78550,230485,4836,23660,《关于本来在认真看题目，忍不住笑了这件事》,,关于本来在认真看题目，忍不住笑了这件事,1,0,11,0,0,1.0,1.0,0.0,1.0,0.09090909090909091,1.0,1.0,0.0,0,0,0,0,0,0,0,1,对象评价,课程内容,未明确方面,正面,1,0.5945178564686159,0.1582268793405037,0.24725526419088042,0.5945178564686159,正面,正面,1.0,True
学习区,BV1uz4y1475S,【洛必达法则】高考使用指南,6049183,276506,78550,230485,4836,23660,此时高考数学140+的赞了我,,此时高考数学140的赞了我,0,0,5,0,0,0.0,0.0,0.0,0.0,0.0,0.0,0.0,0.0,0,0,0,0,0,0,0,0,无明显情感,课程内容,未明确方面,中性,0,0.4971409360338541,0.4259009151044505,0.4971409360338541,0.07695814886169526,中性,正面,,False
学习区,BV1uz4y1475S,【洛必达法则】高考使用指南,6049183,276506,78550,230485,4836,23660,三角贸易法直接秒杀,,三角贸易法直接秒杀,0,0,4,0,0,0.0,0.0,0.0,0.0,0.0,0.0,0.0,0.0,0,0,0,0,0,0,0,0,无明显情感,未明确对象,未明确方面,中性,0,0.8113609357787827,0.06034446224915054,0.8113609357787827,0.12829460197206682,中性,中性,,False
学习区,BV1uz4y1475S,【洛必达法则】高考使用指南,6049183,276506,78550,230485,4836,23660,小猪的奶奶曾经与奥尼尔的奶奶同台竞技过,,小猪的奶奶曾经与奥尼尔的奶奶同台竞技过,0,0,9,0,0,0.0,0.0,0.0,0.0,0.0,0.0,0.0,0.0,0,0,0,0,0,0,0,0,无明显情感,未明确对象,未明确方面,中性,1,0.43611532132401853,0.200411661488323,0.36347301718765834,0.43611532132401853,正面,正面,,False
学习区,BV1uz4y1475S,【洛必达法则】高考使用指南,6049183,276506,78550,230485,4836,23660,二阶导！,,二阶导！,0,0,3,1,0,0.0,0.0,0.0,0.0,0.0,0.0,0.0,0.0,0,0,0,0,0,0,0,0,无明显情感,未明确对象,未明确方面,中性,0,0.5997746699199505,0.05169762921059101,0.5997746699199505,0.3485277008694585,中性,中性,,False
学习区,BV1uz4y1475S,【洛必达法则】高考使用指南,6049183,276506,78550,230485,4836,23660,朵莉亚：再来一次,,朵莉亚再来一次,0,0,4,0,0,0.0,0.0,0.0,0.0,0.0,0.0,0.0,0.0,0,0,0,0,0,0,0,0,无明显情感,未明确对象,未明确方面,中性,0,0.7975423254564045,0.09027151821003897,0.7975423254564045,0.11218615633355648,中性,中性,,False
学习区,BV1uz4y1475S,【洛必达法则】高考使用指南,6049183,276506,78550,230485,4836,23660,小猪妙妙屋,,小猪妙妙屋,0,0,2,0,0,0.0,0.0,0.0,0.0,0.0,0.0,0.0,0.0,0,0,0,0,0,0,0,0,无明显情感,未明确对象,未明确方面,中性,1,0.543398820403387,0.11784412855471457,0.3387570510418984,0.543398820403387,正面,正面,1.0,True
学习区,BV1uz4y1475S,【洛必达法则】高考使用指南,6049183,276506,78550,230485,4836,23660,桑椹胚懂了,,桑椹胚懂了,1,0,2,0,0,1.0,1.0,0.0,1.0,0.5,1.0,1.0,0.0,0,0,0,0,1,0,0,1,对象评价+认知状态,未明确对象,理解与难度,正面,1,0.8606607634038268,0.07209201669245516,0.06724721990371806,0.8606607634038268,正面,正面,1.0,True
学习区,BV1uz4y1475S,【洛必达法则】高考使用指南,6049183,276506,78550,230485,4836,23660,洛琪希！洛琪希！洛琪希！,,洛琪希！洛琪希！洛琪希！,0,0,9,3,0,0.0,0.0,0.0,0.0,0.0,0.0,0.0,0.0,0,0,0,0,0,0,0,0,无明显情感,未明确对象,未明确方面,中性,0,0.5221254694364879,0.07333968528036987,0.5221254694364879,0.40453484528314226,中性,中性,,False
学习区,BV1uz4y1475S,【洛必达法则】高考使用指南,6049183,276506,78550,230485,4836,23660,不用找了，到2024年了一数还是没有更新端点效应,,不用找了，到2024年了一数还是没有更新端点效应,0,0,12,0,0,0.0,0.0,0.0,0.0,0.0,0.0,0.0,0.0,0,0,0,0,0,0,0,0,无明显情感,未明确对象,未明确方面,中性,-1,0.8429280722528982,0.8429280722528982,0.11354165779070854,0.04353026995639327,负面,负面,,False
学习区,BV1uz4y1475S,【洛必达法则】高考使用指南,6049183,276506,78550,230485,4836,23660,“做”以待“必”（洛必达）,,做以待必洛必达,0,0,4,0,0,0.0,0.0,0.0,0.0,0.0,0.0,0.0,0.0,0,0,0,0,0,0,0,0,无明显情感,未明确对象,未明确方面,中性,0,0.556962673150992,0.40253494439483156,0.556962673150992,0.0405023824541764,中性,中性,,False
学习区,BV1uz4y1475S,【洛必达法则】高考使用指南,6049183,276506,78550,230485,4836,23660,六大神变,,六大神变,0,0,2,0,0,0.0,0.0,0.0,0.0,0.0,0.0,0.0,0.0,0,0,0,0,0,0,0,0,无明显情感,未明确对象,未明确方面,中性,0,0.6585046096608349,0.14118285317383877,0.6585046096608349,0.20031253716532643,中性,中性,,False
学习区,BV1uz4y1475S,【洛必达法则】高考使用指南,6049183,276506,78550,230485,4836,23660,忙猜选B,,忙猜选B,0,0,3,0,0,0.0,0.0,0.0,0.0,0.0,0.0,0.0,0.0,0,0,0,0,0,0,0,0,无明显情感,未明确对象,未明确方面,中性,0,0.5556051509985426,0.1088623389389603,0.5556051509985426,0.335532510062497,中性,中性,,False
学习区,BV1uz4y1475S,【洛必达法则】高考使用指南,6049183,276506,78550,230485,4836,23660,我有一技把0代进去,,我有一技把0代进去,0,0,6,0,0,0.0,0.0,0.0,0.0,0.0,0.0,0.0,0.0,0,0,0,0,0,0,0,0,无明显情感,未明确对象,未明确方面,中性,0,0.49487317828897515,0.40125573938327685,0.49487317828897515,0.10387108232774801,中性,中性,,False
学习区,BV1uz4y1475S,【洛必达法则】高考使用指南,6049183,276506,78550,230485,4836,23660,甄姬洛必红,,甄姬洛必红,0,0,2,0,0,0.0,0.0,0.0,0.0,0.0,0.0,0.0,0.0,0,0,0,0,0,0,0,0,无明显情感,未明确对象,未明确方面,中性,0,0.629660966191568,0.25014975765318775,0.629660966191568,0.1201892761552443,中性,中性,,False
学习区,BV1uz4y1475S,【洛必达法则】高考使用指南,6049183,276506,78550,230485,4836,23660,此刻你打开了弹幕,,此刻你打开了弹幕,0,0,3,0,0,0.0,0.0,0.0,0.0,0.0,0.0,0.0,0.0,0,0,0,0,0,0,0,0,无明显情感,未明确对象,未明确方面,中性,0,0.5642883464116268,0.12752387368389856,0.5642883464116268,0.3081877799044745,中性,中性,,False
学习区,BV1uz4y1475S,【洛必达法则】高考使用指南,6049183,276506,78550,230485,4836,23660,笑点：发问号的都是同一个人,,笑点发问号的都是同一个人,0,0,6,0,0,0.0,0.0,0.0,0.0,0.0,0.0,0.0,0.0,0,0,0,0,0,0,0,0,无明显情感,未明确对象,未明确方面,中性,0,0.629872405255503,0.2461352070315681,0.629872405255503,0.12399238771292889,中性,中性,,False
学习区,BV1uz4y1475S,【洛必达法则】高考使用指南,6049183,276506,78550,230485,4836,23660,呜呜，我得坚持好好学数学，他可喊我小笨蛋了,,呜呜，我得坚持好好学数学，他可喊我小笨蛋了,0,0,10,0,0,0.0,0.0,0.0,0.0,0.0,0.0,0.0,0.0,0,0,0,0,0,0,0,0,无明显情感,课程内容,未明确方面,中性,-1,0.6406289817614488,0.6406289817614488,0.17743658580159233,0.1819344324369588,负面,负面,,False
学习区,BV1uz4y1475S,【洛必达法则】高考使用指南,6049183,276506,78550,230485,4836,23660,这里两次求导不一样，是因为洛必达法则是将上下看成两个人函数分别求导，而第一次求导导的是一个整体,,这里两次求导不一样，是因为洛必达法则是将上下看成两个人函数分别求导，而第一次求导导的是一个整体,0,0,23,0,0,0.0,0.0,0.0,0.0,0.0,0.0,0.0,0.0,0,0,0,0,0,0,0,0,无明显情感,未明确对象,未明确方面,中性,-1,0.5195896640072222,0.5195896640072222,0.47410938616283876,0.00630094982993905,负面,中性,,False
学习区,BV1uz4y1475S,【洛必达法则】高考使用指南,6049183,276506,78550,230485,4836,23660,有点儿意思,,有点儿意思,0,0,2,0,0,0.0,0.0,0.0,0.0,0.0,0.0,0.0,0.0,0,0,0,0,0,0,0,0,无明显情感,未明确对象,未明确方面,中性,0,0.8334244215064642,0.05997725814690212,0.8334244215064642,0.10659832034663362,中性,中性,,False
学习区,BV1uz4y1475S,【洛必达法则】高考使用指南,6049183,276506,78550,230485,4836,23660,注意右下角→,,注意右下角,0,0,2,0,0,0.0,0.0,0.0,0.0,0.0,0.0,0.0,0.0,0,0,0,0,0,0,0,0,无明显情感,未明确对象,未明确方面,中性,0,0.6585046096608349,0.14118285317383877,0.6585046096608349,0.20031253716532643,中性,中性,,False
学习区,BV1uz4y1475S,【洛必达法则】高考使用指南,6049183,276506,78550,230485,4836,23660,姥姥：没爱了.,,姥姥没爱了.,0,1,3,0,0,-1.0,0.0,1.0,1.0,0.3333333333333333,-1.0,0.0,1.0,0,0,0,0,0,0,0,1,对象评价,未明确对象,未明确方面,负面,-1,0.8588218109157862,0.8588218109157862,0.0945083692001685,0.046669819884045345,负面,负面,-1.0,True
学习区,BV1uz4y1475S,【洛必达法则】高考使用指南,6049183,276506,78550,230485,4836,23660,我问Deepseek,,我问Deepseek,0,0,2,0,0,0.0,0.0,0.0,0.0,0.0,0.0,0.0,0.0,0,0,0,0,0,0,0,0,无明显情感,未明确对象,未明确方面,中性,0,0.6270558388272701,0.16622805517432038,0.6270558388272701,0.20671610599840942,中性,中性,,False
学习区,BV1uz4y1475S,【洛必达法则】高考使用指南,6049183,276506,78550,230485,4836,23660,吓吾一跳,,吓吾一跳,0,0,4,0,0,0.0,0.0,0.0,0.0,0.0,0.0,0.0,0.0,0,0,0,0,0,0,0,0,无明显情感,未明确对象,未明确方面,中性,0,0.7283103216510148,0.11917559769799589,0.7283103216510148,0.15251408065098926,中性,中性,,False
学习区,BV1uz4y1475S,【洛必达法则】高考使用指南,6049183,276506,78550,230485,4836,23660,可是他叫我小笨蛋欸,,可是他叫我小笨蛋欸,0,0,4,0,0,0.0,0.0,0.0,0.0,0.0,0.0,0.0,0.0,1,0,0,0,0,0,0,0,无明显情感,未明确对象,未明确方面,中性,1,0.4448168260210083,0.16782733512624531,0.3873558388527464,0.4448168260210083,正面,正面,1.0,True
学习区,BV1uz4y1475S,【洛必达法则】高考使用指南,6049183,276506,78550,230485,4836,23660,黑曜石奶奶,,黑曜石奶奶,0,0,2,0,0,0.0,0.0,0.0,0.0,0.0,0.0,0.0,0.0,0,0,0,0,0,0,0,0,无明显情感,未明确对象,未明确方面,中性,0,0.548019087185151,0.08386884573532939,0.548019087185151,0.3681120670795196,中性,中性,,False
学习区,BV1uz4y1475S,【洛必达法则】高考使用指南,6049183,276506,78550,230485,4836,23660,谢～谢～时代峰峻,,谢谢时代峰峻,1,0,3,0,0,1.0,1.0,0.0,1.0,0.3333333333333333,1.0,1.0,0.0,0,0,0,0,0,0,0,1,对象评价,未明确对象,未明确方面,正面,1,0.7836071710907887,0.05333312806144492,0.16305970084776641,0.7836071710907887,正面,正面,,False
学习区,BV1uz4y1475S,【洛必达法则】高考使用指南,6049183,276506,78550,230485,4836,23660,我是神奇奶奶,,我是神奇奶奶,0,0,2,0,0,0.0,0.0,0.0,0.0,0.0,0.0,0.0,0.0,0,0,0,0,0,0,0,0,无明显情感,未明确对象,未明确方面,中性,0,0.5987793668013207,0.27770729729004,0.5987793668013207,0.12351333590863929,中性,中性,,False
学习区,BV1uz4y1475S,【洛必达法则】高考使用指南,6049183,276506,78550,230485,4836,23660,梅开二度,,梅开二度,0,0,1,0,0,0.0,0.0,0.0,0.0,0.0,0.0,0.0,0.0,0,0,0,0,0,0,0,0,无明显情感,未明确对象,未明确方面,中性,0,0.6641811267415451,0.13348938228347546,0.6641811267415451,0.20232949097497943,中性,中性,,False
学习区,BV1uz4y1475S,【洛必达法则】高考使用指南,6049183,276506,78550,230485,4836,23660,刚满月听懂了,,刚满月听懂了,1,0,3,0,0,1.0,1.0,0.0,1.0,0.3333333333333333,1.0,1.0,0.0,0,0,0,0,1,0,0,1,对象评价+认知状态,未明确对象,理解与难度,正面,1,0.781385607568917,0.16868969389232433,0.049924698538758853,0.781385607568917,正面,正面,1.0,True
学习区,BV1uz4y1475S,【洛必达法则】高考使用指南,6049183,276506,78550,230485,4836,23660,被f（x）＝｜x｜狠狠坑过，高中课本不会告诉你那个尖不能求导,,被fxx狠狠坑过，高中课本不会告诉你那个尖不能求导,0,1,13,0,0,-1.0,0.0,1.0,1.0,0.07692307692307693,-1.0,0.0,1.0,0,0,0,0,0,0,0,1,对象评价,未明确对象,未明确方面,负面,-1,0.7023019995793215,0.7023019995793215,0.25998434572369894,0.037713654696979584,负面,负面,,False
学习区,BV1uz4y1475S,【洛必达法则】高考使用指南,6049183,276506,78550,230485,4836,23660,乘法:前导后不导x后导前不导，分数:分子导分母不导－分母导分子不导/分母方,,乘法前导后不导x后导前不导，分数分子导分母不导分母导分子不导分母方,0,0,19,0,0,0.0,0.0,0.0,0.0,0.0,0.0,0.0,0.0,0,0,0,0,0,0,0,0,无明显情感,未明确对象,未明确方面,中性,0,0.5528353250097653,0.36131326763486765,0.5528353250097653,0.08585140735536703,中性,中性,,False
学习区,BV1uz4y1475S,【洛必达法则】高考使用指南,6049183,276506,78550,230485,4836,23660,e的-X次方趋近于0！！！！！！！！！！！！！！！！！！！！！！！！,,e的X次方趋近于0！！！！！！！！！！！！！！！！！！！！！！！！,0,0,30,24,0,0.0,0.0,0.0,0.0,0.0,0.0,0.0,0.0,0,0,0,0,0,0,0,0,无明显情感,未明确对象,未明确方面,中性,1,0.5901622428223725,0.3648428973215715,0.04499485985605604,0.5901622428223725,正面,正面,,False
学习区,BV1uz4y1475S,【洛必达法则】高考使用指南,6049183,276506,78550,230485,4836,23660,实在不懂的，把x换成-x代进去看，根据奇偶函数的性质就知道了,,实在不懂的，把x换成x代进去看，根据奇偶函数的性质就知道了,0,0,18,0,0,0.0,0.0,0.0,0.0,0.0,0.0,0.0,0.0,0,0,0,0,0,0,0,0,无明显情感,未明确对象,未明确方面,中性,-1,0.6426421312296849,0.6426421312296849,0.2651477404682771,0.09221012830203787,负面,负面,,False
学习区,BV1uz4y1475S,【洛必达法则】高考使用指南,6049183,276506,78550,230485,4836,23660,“遇到事情不能坐以待毙！”,,遇到事情不能坐以待毙！,0,0,5,1,0,0.0,0.0,0.0,0.0,0.0,0.0,0.0,0.0,0,0,0,0,0,0,0,0,无明显情感,未明确对象,未明确方面,中性,0,0.49464257609616963,0.10095755553438417,0.49464257609616963,0.4043998683694462,中性,中性,,False
学习区,BV1uz4y1475S,【洛必达法则】高考使用指南,6049183,276506,78550,230485,4836,23660,可爱捏,,可爱捏,1,0,2,0,0,1.0,1.0,0.0,1.0,0.5,1.0,1.0,0.0,0,0,0,0,0,0,0,1,对象评价,未明确对象,未明确方面,正面,1,0.8817141664594982,0.047865614643232315,0.07042021889726961,0.8817141664594982,正面,正面,,False
学习区,BV1uz4y1475S,【洛必达法则】高考使用指南,6049183,276506,78550,230485,4836,23660,这道是提醒我了,,这道是提醒我了,0,0,2,0,0,0.0,0.0,0.0,0.0,0.0,0.0,0.0,0.0,0,0,0,0,0,0,0,0,无明显情感,未明确对象,未明确方面,中性,0,0.5766325233364654,0.3051839263749567,0.5766325233364654,0.11818355028857791,中性,中性,,False
学习区,BV1uz4y1475S,【洛必达法则】高考使用指南,6049183,276506,78550,230485,4836,23660,火星人打卡,,火星人打卡,0,0,2,0,0,0.0,0.0,0.0,0.0,0.0,0.0,0.0,0.0,0,0,0,0,0,0,0,0,无明显情感,未明确对象,未明确方面,中性,0,0.7783838125543223,0.02777335835076322,0.7783838125543223,0.19384282909491457,中性,中性,,False
学习区,BV1uz4y1475S,【洛必达法则】高考使用指南,6049183,276506,78550,230485,4836,23660,洛不死就往死里洛哈哈哈,,洛不死就往死里洛哈哈哈,1,0,5,0,0,1.0,1.0,0.0,1.0,0.2,1.0,1.0,0.0,0,0,1,0,0,0,0,1,对象评价+自身情绪,未明确对象,娱乐与趣味,正面,1,0.9078236305381376,0.026725296226318737,0.06545107323554367,0.9078236305381376,正面,正面,,False
学习区,BV1uz4y1475S,【洛必达法则】高考使用指南,6049183,276506,78550,230485,4836,23660,《小别致，真东西》,,小别致，真东西,0,0,5,0,0,0.0,0.0,0.0,0.0,0.0,0.0,0.0,0.0,0,0,0,0,0,0,0,0,无明显情感,未明确对象,未明确方面,中性,0,0.5629085082001185,0.18187162111619032,0.5629085082001185,0.2552198706836913,中性,中性,,False
学习区,BV1uz4y1475S,【洛必达法则】高考使用指南,6049183,276506,78550,230485,4836,23660,洛门永存,,洛门永存,0,0,2,0,0,0.0,0.0,0.0,0.0,0.0,0.0,0.0,0.0,0,0,0,0,0,0,0,0,无明显情感,未明确对象,未明确方面,中性,0,0.6585046096608349,0.14118285317383877,0.6585046096608349,0.20031253716532643,中性,中性,,False
学习区,BV1uz4y1475S,【洛必达法则】高考使用指南,6049183,276506,78550,230485,4836,23660,啊啊～哦～啊啊～诶（被洗脑了）,,啊啊哦啊啊诶被洗脑了,0,0,4,0,0,0.0,0.0,0.0,0.0,0.0,0.0,0.0,0.0,0,0,0,0,0,0,0,0,无明显情感,未明确对象,未明确方面,中性,0,0.4712695506178702,0.3493899791631627,0.4712695506178702,0.17934047021896696,中性,中性,,False
学习区,BV1uz4y1475S,【洛必达法则】高考使用指南,6049183,276506,78550,230485,4836,23660,e^(-x)咋会是正无穷？？？,,ex咋会是正无穷？？？,0,0,7,0,3,0.0,0.0,0.0,0.0,0.0,0.0,0.0,0.0,0,0,0,0,0,0,0,0,无明显情感,未明确对象,未明确方面,中性,-1,0.6949157531998124,0.6949157531998124,0.3012190409812544,0.003865205818933355,负面,负面,,False
学习区,BV1uz4y1475S,【洛必达法则】高考使用指南,6049183,276506,78550,230485,4836,23660,成都的吗,,成都的吗,0,0,1,0,0,0.0,0.0,0.0,0.0,0.0,0.0,0.0,0.0,0,0,0,0,0,0,0,0,无明显情感,未明确对象,未明确方面,中性,0,0.8418692335557487,0.08724426901137412,0.8418692335557487,0.07088649743287721,中性,中性,,False
学习区,BV1uz4y1475S,【洛必达法则】高考使用指南,6049183,276506,78550,230485,4836,23660,小猪老师太有生活了,,小猪老师太有生活了,0,0,4,0,0,0.0,0.0,0.0,0.0,0.0,0.0,0.0,0.0,0,0,0,0,0,0,0,0,无明显情感,讲解者,未明确方面,中性,1,0.5683394509881865,0.10180588741870689,0.32985466159310667,0.5683394509881865,正面,正面,,False
学习区,BV1uz4y1475S,【洛必达法则】高考使用指南,6049183,276506,78550,230485,4836,23660,《关于小猪的素材库到底装些了啥》,,关于小猪的素材库到底装些了啥,0,0,6,0,0,0.0,0.0,0.0,0.0,0.0,0.0,0.0,0.0,0,0,0,0,0,0,0,0,无明显情感,未明确对象,未明确方面,中性,-1,0.374348355080766,0.374348355080766,0.26014024803963254,0.3655113968796015,负面,负面,,False
学习区,BV1uz4y1475S,【洛必达法则】高考使用指南,6049183,276506,78550,230485,4836,23660,展示容错率,,展示容错率,0,0,3,0,0,0.0,0.0,0.0,0.0,0.0,0.0,0.0,0.0,0,0,0,0,0,0,0,0,无明显情感,未明确对象,未明确方面,中性,0,0.6525424904832393,0.14924331021065323,0.6525424904832393,0.19821419930610756,中性,中性,,False
学习区,BV1uz4y1475S,【洛必达法则】高考使用指南,6049183,276506,78550,230485,4836,23660,阿呀，骇死我力,,阿呀，骇死我力,0,0,4,0,0,0.0,0.0,0.0,0.0,0.0,0.0,0.0,0.0,0,0,0,0,0,0,0,0,无明显情感,未明确对象,未明确方面,中性,-1,0.7713650797620415,0.7713650797620415,0.0916812651321787,0.13695365510577973,负面,负面,,False
学习区,BV1uz4y1475S,【洛必达法则】高考使用指南,6049183,276506,78550,230485,4836,23660,秒了 谢谢老师太牛啦啦啦,,秒了谢谢老师太牛啦啦啦,1,0,7,0,0,1.0,1.0,0.0,1.0,0.14285714285714285,1.0,1.0,0.0,0,0,0,0,0,0,0,1,对象评价,讲解者,未明确方面,正面,1,0.8405944318477577,0.031294055490865086,0.12811151266137719,0.8405944318477577,正面,正面,,False
学习区,BV1uz4y1475S,【洛必达法则】高考使用指南,6049183,276506,78550,230485,4836,23660,谢谢老师,,谢谢老师,1,0,2,0,0,1.0,1.0,0.0,1.0,0.5,1.0,1.0,0.0,0,0,0,0,0,0,0,1,对象评价,讲解者,未明确方面,正面,1,0.8646317957376237,0.035917095451978444,0.0994511088103978,0.8646317957376237,正面,正面,,False
学习区,BV1uz4y1475S,【洛必达法则】高考使用指南,6049183,276506,78550,230485,4836,23660,洛：我听到了张狂的回响!,,洛我听到了张狂的回响!,0,0,5,1,0,0.0,0.0,0.0,0.0,0.0,0.0,0.0,0.0,0,0,0,0,0,0,0,0,无明显情感,未明确对象,未明确方面,中性,0,0.49250655600324295,0.239849208214547,0.49250655600324295,0.26764423578221,中性,中性,,False
学习区,BV1uz4y1475S,【洛必达法则】高考使用指南,6049183,276506,78550,230485,4836,23660,有没有人懂这里的音乐 很像祭祀的那种,,有没有人懂这里的音乐很像祭祀的那种,0,0,9,0,0,0.0,0.0,0.0,0.0,0.0,0.0,0.0,0.0,0,0,0,0,0,0,0,0,无明显情感,未明确对象,未明确方面,中性,0,0.4593893506330607,0.44065657902206856,0.4593893506330607,0.09995407034487074,中性,中性,,False
学习区,BV1uz4y1475S,【洛必达法则】高考使用指南,6049183,276506,78550,230485,4836,23660,戒社，被搞,,戒社，被搞,0,0,4,0,0,0.0,0.0,0.0,0.0,0.0,0.0,0.0,0.0,0,0,0,0,0,0,0,0,无明显情感,未明确对象,未明确方面,中性,0,0.593495773369859,0.22884352994854545,0.593495773369859,0.17766069668159548,中性,中性,,False
学习区,BV1uz4y1475S,【洛必达法则】高考使用指南,6049183,276506,78550,230485,4836,23660,呼，咱俩都辛苦了,,呼，咱俩都辛苦了,1,0,5,0,0,1.0,1.0,0.0,1.0,0.2,1.0,1.0,0.0,0,0,0,0,0,0,0,1,对象评价,未明确对象,未明确方面,正面,1,0.4890367254389527,0.30482614385814916,0.2061371307028981,0.4890367254389527,正面,中性,0.0,True
学习区,BV1uz4y1475S,【洛必达法则】高考使用指南,6049183,276506,78550,230485,4836,23660,再看看你后面呢,,再看看你后面呢,0,0,3,0,0,0.0,0.0,0.0,0.0,0.0,0.0,0.0,0.0,0,0,0,0,0,0,0,0,无明显情感,未明确对象,未明确方面,中性,0,0.593414958468971,0.2918061047660721,0.593414958468971,0.114778936764957,中性,中性,,False
学习区,BV1uz4y1475S,【洛必达法则】高考使用指南,6049183,276506,78550,230485,4836,23660,商鞅变法秒了（,,商鞅变法秒了,0,0,3,0,0,0.0,0.0,0.0,0.0,0.0,0.0,0.0,0.0,0,0,0,0,0,0,0,0,无明显情感,未明确对象,未明确方面,中性,0,0.5727194573259871,0.15821027116421743,0.5727194573259871,0.2690702715097955,中性,中性,,False
学习区,BV1uz4y1475S,【洛必达法则】高考使用指南,6049183,276506,78550,230485,4836,23660,26年的高考生，希望6月24成绩出来，能开心,,26年的高考生，希望6月24成绩出来，能开心,1,0,14,0,0,1.0,1.0,0.0,1.0,0.07142857142857142,1.0,1.0,0.0,0,0,1,0,0,0,0,1,对象评价+自身情绪,未明确对象,未明确方面,正面,1,0.633176103450668,0.11750250164487103,0.24932139490446104,0.633176103450668,正面,正面,1.0,True
学习区,BV1uz4y1475S,【洛必达法则】高考使用指南,6049183,276506,78550,230485,4836,23660,〖这小玩意还挺难求〗,,这小玩意还挺难求,0,0,4,0,0,0.0,0.0,0.0,0.0,0.0,0.0,0.0,0.0,0,0,0,0,0,0,0,0,无明显情感,未明确对象,理解与难度,中性,0,0.5564292096524892,0.14612701578792286,0.5564292096524892,0.2974437745595879,中性,中性,,False
学习区,BV1uz4y1475S,【洛必达法则】高考使用指南,6049183,276506,78550,230485,4836,23660,注，扣了总比没分好,,注，扣了总比没分好,0,0,6,0,0,0.0,0.0,0.0,0.0,0.0,0.0,0.0,0.0,0,0,0,0,0,0,0,0,无明显情感,未明确对象,未明确方面,中性,1,0.4439191344452845,0.3483557822995777,0.20772508325513786,0.4439191344452845,正面,正面,,False
学习区,BV1uz4y1475S,【洛必达法则】高考使用指南,6049183,276506,78550,230485,4836,23660,在考场上，即使我算出来了，我也一定会质疑自己是不是算错了，然后再算一遍,,在考场上，即使我算出来了，我也一定会质疑自己是不是算错了，然后再算一遍,0,1,19,0,0,-1.0,0.0,1.0,1.0,0.05263157894736842,-1.0,0.0,1.0,1,0,0,0,0,0,1,1,对象评价+立场,未明确对象,未明确方面,负面,-1,0.8268267473485755,0.8268267473485755,0.15756310011688401,0.015610152534540494,负面,负面,,False
学习区,BV1uz4y1475S,【洛必达法则】高考使用指南,6049183,276506,78550,230485,4836,23660,《人家出题人也没想过你用洛必达啊》,,人家出题人也没想过你用洛必达啊,0,0,8,0,0,0.0,0.0,0.0,0.0,0.0,0.0,0.0,0.0,0,0,0,0,0,0,0,0,无明显情感,未明确对象,未明确方面,中性,-1,0.8443000840635644,0.8443000840635644,0.13182301252701767,0.02387690340941797,负面,负面,,False
学习区,BV1uz4y1475S,【洛必达法则】高考使用指南,6049183,276506,78550,230485,4836,23660,25年7月27号的兄弟们出来,,25年7月27号的兄弟们出来,0,0,9,0,0,0.0,0.0,0.0,0.0,0.0,0.0,0.0,0.0,0,0,0,0,0,0,0,0,无明显情感,未明确对象,未明确方面,中性,0,0.4886981888144671,0.3329231581237072,0.4886981888144671,0.1783786530618258,中性,中性,0.0,True
学习区,BV1uz4y1475S,【洛必达法则】高考使用指南,6049183,276506,78550,230485,4836,23660,只要洛不死，就往死里洛,,只要洛不死，就往死里洛,0,0,6,0,0,0.0,0.0,0.0,0.0,0.0,0.0,0.0,0.0,0,0,0,0,0,0,0,0,无明显情感,未明确对象,未明确方面,中性,1,0.5442792754642141,0.1331953193463387,0.3225254051894473,0.5442792754642141,正面,正面,,False
学习区,BV1uz4y1475S,【洛必达法则】高考使用指南,6049183,276506,78550,230485,4836,23660,妈妈…我真的在学习…,,妈妈我真的在学习,0,0,3,0,0,0.0,0.0,0.0,0.0,0.0,0.0,0.0,0.0,0,0,0,0,0,0,0,0,无明显情感,未明确对象,未明确方面,中性,0,0.77534580166349,0.16071021676518768,0.77534580166349,0.06394398157132224,中性,中性,,False
学习区,BV1uz4y1475S,【洛必达法则】高考使用指南,6049183,276506,78550,230485,4836,23660,未来的某位140数学大佬给我点了赞,,未来的某位140数学大佬给我点了赞,0,0,8,0,0,0.0,0.0,0.0,0.0,0.0,0.0,0.0,0.0,0,0,0,0,0,0,0,0,无明显情感,课程内容,未明确方面,中性,-1,0.5521918559833595,0.5521918559833595,0.37188872843967113,0.07591941557696942,负面,正面,,False
学习区,BV1uz4y1475S,【洛必达法则】高考使用指南,6049183,276506,78550,230485,4836,23660,这个时候我打开了弹幕,,这个时候我打开了弹幕,0,0,4,0,0,0.0,0.0,0.0,0.0,0.0,0.0,0.0,0.0,0,0,0,0,0,0,0,0,无明显情感,未明确对象,未明确方面,中性,0,0.6866953640453619,0.1436688031626171,0.6866953640453619,0.16963583279202082,中性,中性,,False
学习区,BV1uz4y1475S,【洛必达法则】高考使用指南,6049183,276506,78550,230485,4836,23660,半夜在学校偷拿手机听课吓死我了,,半夜在学校偷拿手机听课吓死我了,0,1,7,0,0,-1.0,0.0,1.0,1.0,0.14285714285714285,-1.0,0.0,1.0,0,0,0,0,0,0,0,1,对象评价,未明确对象,未明确方面,负面,-1,0.8980242001592003,0.8980242001592003,0.07870297265284791,0.023272827187951872,负面,负面,-1.0,True
学习区,BV1uz4y1475S,【洛必达法则】高考使用指南,6049183,276506,78550,230485,4836,23660,距离2024年普通高等学校招生全国统一考试还有21天,,距离2024年普通高等学校招生全国统一考试还有21天,0,0,12,0,0,0.0,0.0,0.0,0.0,0.0,0.0,0.0,0.0,0,0,0,0,0,0,0,0,无明显情感,未明确对象,未明确方面,中性,0,0.5838268009791112,0.2367860217764911,0.5838268009791112,0.1793871772443978,中性,中性,,False
学习区,BV1uz4y1475S,【洛必达法则】高考使用指南,6049183,276506,78550,230485,4836,23660,六脉神剑,,六脉神剑,0,0,2,0,0,0.0,0.0,0.0,0.0,0.0,0.0,0.0,0.0,0,0,0,0,0,0,0,0,无明显情感,未明确对象,未明确方面,中性,0,0.6585046096608349,0.14118285317383877,0.6585046096608349,0.20031253716532643,中性,中性,,False
学习区,BV1uz4y1475S,【洛必达法则】高考使用指南,6049183,276506,78550,230485,4836,23660,人话:分母不为零,,人话分母不为零,0,0,5,0,0,0.0,0.0,0.0,0.0,0.0,0.0,0.0,0.0,0,0,0,0,0,0,0,0,无明显情感,未明确对象,未明确方面,中性,0,0.674225233480576,0.1259792963035826,0.674225233480576,0.1997954702158415,中性,中性,,False
学习区,BV1uz4y1475S,【洛必达法则】高考使用指南,6049183,276506,78550,230485,4836,23660,惊我一雷,,惊我一雷,0,0,2,0,0,0.0,0.0,0.0,0.0,0.0,0.0,0.0,0.0,0,0,0,0,0,0,0,0,无明显情感,未明确对象,未明确方面,中性,0,0.6185264794612042,0.27922776954574446,0.6185264794612042,0.10224575099305123,中性,中性,,False
学习区,BV1uz4y1475S,【洛必达法则】高考使用指南,6049183,276506,78550,230485,4836,23660,发明天才的人真是个洛比达！,,发明天才的人真是个洛比达！,0,0,7,1,0,0.0,0.0,0.0,0.0,0.0,0.0,0.0,0.0,0,0,0,0,0,0,0,0,无明显情感,未明确对象,未明确方面,中性,0,0.6206127087876963,0.07207894036033131,0.6206127087876963,0.3073083508519724,中性,中性,,False
学习区,BV1uz4y1475S,【洛必达法则】高考使用指南,6049183,276506,78550,230485,4836,23660,函数变成热情的小哈,,函数变成热情的小哈,0,0,4,0,0,0.0,0.0,0.0,0.0,0.0,0.0,0.0,0.0,0,0,0,0,0,0,0,0,无明显情感,未明确对象,未明确方面,中性,0,0.7643041722629895,0.14556891723546403,0.7643041722629895,0.09012691050154661,中性,中性,,False
学习区,BV1uz4y1475S,【洛必达法则】高考使用指南,6049183,276506,78550,230485,4836,23660,此时的你打开了弹幕,,此时的你打开了弹幕,0,0,3,0,0,0.0,0.0,0.0,0.0,0.0,0.0,0.0,0.0,0,0,0,0,0,0,0,0,无明显情感,未明确对象,未明确方面,中性,0,0.5352998474307884,0.15821870131650934,0.5352998474307884,0.30648145125270215,中性,中性,,False
学习区,BV1uz4y1475S,【洛必达法则】高考使用指南,6049183,276506,78550,230485,4836,23660,《叛逆期》,,叛逆期,0,0,2,0,0,0.0,0.0,0.0,0.0,0.0,0.0,0.0,0.0,0,0,0,0,0,0,0,0,无明显情感,未明确对象,未明确方面,中性,0,0.66127301470575,0.1279079783721717,0.66127301470575,0.2108190069220783,中性,中性,,False
学习区,BV1uz4y1475S,【洛必达法则】高考使用指南,6049183,276506,78550,230485,4836,23660,华风夏韵，韵洛水天依,,华风夏韵，韵洛水天依,0,0,5,0,0,0.0,0.0,0.0,0.0,0.0,0.0,0.0,0.0,0,0,0,0,0,0,0,0,无明显情感,未明确对象,未明确方面,中性,-1,0.4623966314366325,0.4623966314366325,0.33553296149082396,0.20207040707254353,负面,负面,,False
学习区,BV1uz4y1475S,【洛必达法则】高考使用指南,6049183,276506,78550,230485,4836,23660,战戟8000,,战戟8000,0,0,2,0,0,0.0,0.0,0.0,0.0,0.0,0.0,0.0,0.0,0,0,0,0,0,0,0,0,无明显情感,未明确对象,未明确方面,中性,0,0.7327459685604394,0.09833167931431613,0.7327459685604394,0.16892235212524456,中性,中性,,False
学习区,BV1uz4y1475S,【洛必达法则】高考使用指南,6049183,276506,78550,230485,4836,23660,禁术大师———千手扉间,,禁术大师千手扉间,0,0,4,0,0,0.0,0.0,0.0,0.0,0.0,0.0,0.0,0.0,0,0,0,0,0,0,0,0,无明显情感,未明确对象,未明确方面,中性,0,0.47969629073279346,0.37686110041187626,0.47969629073279346,0.14344260885533022,中性,中性,,False
学习区,BV1uz4y1475S,【洛必达法则】高考使用指南,6049183,276506,78550,230485,4836,23660,江苏不给用！！老师说，这种题分离参数就废了。。。,,江苏不给用！！老师说，这种题分离参数就废了。。。,0,0,18,2,0,0.0,0.0,0.0,0.0,0.0,0.0,0.0,0.0,0,0,0,0,0,0,0,0,无明显情感,讲解者,未明确方面,中性,-1,0.8718157237322709,0.8718157237322709,0.0812194636463677,0.0469648126213614,负面,负面,-1.0,True
学习区,BV1uz4y1475S,【洛必达法则】高考使用指南,6049183,276506,78550,230485,4836,23660,不洛没有分洛了扣几分我还是分的清的,,不洛没有分洛了扣几分我还是分的清的,0,0,8,0,0,0.0,0.0,0.0,0.0,0.0,0.0,0.0,0.0,0,0,0,0,0,0,0,0,无明显情感,未明确对象,未明确方面,中性,-1,0.7467016992198215,0.7467016992198215,0.20890704659173437,0.044391254188444106,负面,负面,,False
学习区,BV1uz4y1475S,【洛必达法则】高考使用指南,6049183,276506,78550,230485,4836,23660,《普林斯顿微积分读本》真好用（本人高一,,普林斯顿微积分读本真好用本人高一,1,0,7,0,0,1.0,1.0,0.0,1.0,0.14285714285714285,1.0,1.0,0.0,0,0,0,0,0,0,0,1,对象评价,未明确对象,未明确方面,正面,0,0.5008191268207957,0.10454762526481207,0.5008191268207957,0.3946332479143922,中性,中性,0.0,True
学习区,BV1uz4y1475S,【洛必达法则】高考使用指南,6049183,276506,78550,230485,4836,23660,不是哥们，你还有第2种啊？,,不是哥们，你还有第2种啊？,0,0,8,0,1,0.0,0.0,0.0,0.0,0.0,0.0,0.0,0.0,0,0,0,0,0,0,0,0,无明显情感,未明确对象,未明确方面,中性,-1,0.9041098725233969,0.9041098725233969,0.07491153426170509,0.020978593214897926,负面,负面,,False
学习区,BV1uz4y1475S,【洛必达法则】高考使用指南,6049183,276506,78550,230485,4836,23660,我的神奇姥姥呢,,我的神奇姥姥呢,0,0,2,0,0,0.0,0.0,0.0,0.0,0.0,0.0,0.0,0.0,0,0,0,0,0,0,0,0,无明显情感,未明确对象,未明确方面,中性,0,0.4243079643408376,0.40580553967073696,0.4243079643408376,0.16988649598842548,中性,中性,,False
学习区,BV1uz4y1475S,【洛必达法则】高考使用指南,6049183,276506,78550,230485,4836,23660,吓哭,,吓哭,0,0,1,0,0,0.0,0.0,0.0,0.0,0.0,0.0,0.0,0.0,0,0,0,0,0,0,0,0,无明显情感,未明确对象,未明确方面,中性,0,0.6641811267415451,0.13348938228347546,0.6641811267415451,0.20232949097497943,中性,中性,,False
学习区,BV1uz4y1475S,【洛必达法则】高考使用指南,6049183,276506,78550,230485,4836,23660,下次再放这歌，我摇人了！,,下次再放这歌，我摇人了！,0,0,6,1,0,0.0,0.0,0.0,0.0,0.0,0.0,0.0,0.0,0,0,0,0,0,0,0,0,无明显情感,未明确对象,未明确方面,中性,0,0.5111912067626675,0.09960884075812523,0.5111912067626675,0.3891999524792073,中性,中性,,False
学习区,BV1uz4y1475S,【洛必达法则】高考使用指南,6049183,276506,78550,230485,4836,23660,没仔细听课↓,,没仔细听课,0,0,3,0,0,0.0,0.0,0.0,0.0,0.0,0.0,0.0,0.0,0,0,0,0,0,0,0,0,无明显情感,未明确对象,未明确方面,中性,-1,0.46806188992566017,0.46806188992566017,0.410054898743052,0.12188321133128767,负面,负面,,False
学习区,BV1uz4y1475S,【洛必达法则】高考使用指南,6049183,276506,78550,230485,4836,23660,欲洛则不达,,欲洛则不达,0,0,2,0,0,0.0,0.0,0.0,0.0,0.0,0.0,0.0,0.0,0,0,0,0,0,0,0,0,无明显情感,未明确对象,未明确方面,中性,0,0.6585046096608349,0.14118285317383877,0.6585046096608349,0.20031253716532643,中性,中性,,False
学习区,BV1uz4y1475S,【洛必达法则】高考使用指南,6049183,276506,78550,230485,4836,23660,准初三报道,,准初三报道,0,0,3,0,0,0.0,0.0,0.0,0.0,0.0,0.0,0.0,0.0,0,0,0,0,0,0,0,0,无明显情感,未明确对象,未明确方面,中性,0,0.6525424904832393,0.14924331021065323,0.6525424904832393,0.19821419930610756,中性,中性,,False
学习区,BV1uz4y1475S,【洛必达法则】高考使用指南,6049183,276506,78550,230485,4836,23660,骇死我咧,,骇死我咧,0,0,2,0,0,0.0,0.0,0.0,0.0,0.0,0.0,0.0,0.0,0,0,0,0,0,0,0,0,无明显情感,未明确对象,未明确方面,中性,-1,0.876701116509773,0.876701116509773,0.09286759926937088,0.03043128422085605,负面,负面,,False
学习区,BV1uz4y1475S,【洛必达法则】高考使用指南,6049183,276506,78550,230485,4836,23660,四年级听懂了,,四年级听懂了,1,0,2,0,0,1.0,1.0,0.0,1.0,0.5,1.0,1.0,0.0,0,0,0,0,1,0,0,1,对象评价+认知状态,未明确对象,理解与难度,正面,1,0.7815152700250193,0.18150210805899303,0.036982621915987654,0.7815152700250193,正面,正面,,False
学习区,BV1uz4y1475S,【洛必达法则】高考使用指南,6049183,276506,78550,230485,4836,23660,上海学生：计算器打表,,上海学生计算器打表,0,0,4,0,0,0.0,0.0,0.0,0.0,0.0,0.0,0.0,0.0,0,0,0,0,0,0,0,0,无明显情感,未明确对象,未明确方面,中性,0,0.6501733381548503,0.17874348205350837,0.6501733381548503,0.17108317979164123,中性,中性,,False
学习区,BV1uz4y1475S,【洛必达法则】高考使用指南,6049183,276506,78550,230485,4836,23660,图画错了，你这是指数的,,图画错了，你这是指数的,0,1,4,0,0,-1.0,0.0,1.0,1.0,0.25,-1.0,0.0,1.0,0,0,0,0,0,0,0,1,对象评价,未明确对象,未明确方面,负面,-1,0.9113683479477855,0.9113683479477855,0.06575806462665651,0.022873587425558017,负面,负面,-1.0,True
学习区,BV1uz4y1475S,【洛必达法则】高考使用指南,6049183,276506,78550,230485,4836,23660,唐比弹幕,,唐比弹幕,0,0,2,0,0,0.0,0.0,0.0,0.0,0.0,0.0,0.0,0.0,0,0,0,0,0,0,0,0,无明显情感,未明确对象,未明确方面,中性,0,0.6458140091032646,0.04724522527005369,0.6458140091032646,0.3069407656266816,中性,中性,,False
学习区,BV1uz4y1475S,【洛必达法则】高考使用指南,6049183,276506,78550,230485,4836,23660,华风夏韵，洛水天依（转圈）（举起扇子）（放出冰雾）,,华风夏韵，洛水天依转圈举起扇子放出冰雾,0,0,9,0,0,0.0,0.0,0.0,0.0,0.0,0.0,0.0,0.0,0,0,0,0,0,0,0,0,无明显情感,未明确对象,未明确方面,中性,-1,0.5274536937309927,0.5274536937309927,0.2955650634998268,0.17698124276918042,负面,负面,,False
学习区,BV1uz4y1475S,【洛必达法则】高考使用指南,6049183,276506,78550,230485,4836,23660,看不懂的过两年看就懂了,,看不懂的过两年看就懂了,1,1,6,0,0,1.4,2.4,1.0,1.4,0.3333333333333333,1.4,2.4,1.0,0,1,0,1,1,0,0,1,对象评价+认知状态,未明确对象,理解与难度,混合,1,0.6316988817076219,0.24461019682768212,0.1236909214646959,0.6316988817076219,正面,正面,1.0,True
学习区,BV1uz4y1475S,【洛必达法则】高考使用指南,6049183,276506,78550,230485,4836,23660,飘摇兮若流风之回雪,,飘摇兮若流风之回雪,0,0,6,0,0,0.0,0.0,0.0,0.0,0.0,0.0,0.0,0.0,0,0,0,0,0,0,0,0,无明显情感,未明确对象,未明确方面,中性,0,0.6556554303348322,0.14018320681398908,0.6556554303348322,0.20416136285117875,中性,中性,,False
学习区,BV1uz4y1475S,【洛必达法则】高考使用指南,6049183,276506,78550,230485,4836,23660,都什么年代了还比武功，比武器啊，计算器啊,,都什么年代了还比武功，比武器啊，计算器啊,0,0,11,0,0,0.0,0.0,0.0,0.0,0.0,0.0,0.0,0.0,0,0,0,0,0,0,0,0,无明显情感,未明确对象,未明确方面,中性,0,0.5173667008156819,0.42826037967229974,0.5173667008156819,0.05437291951201833,中性,中性,,False
学习区,BV1uz4y1475S,【洛必达法则】高考使用指南,6049183,276506,78550,230485,4836,23660,节目效果,,节目效果,0,0,2,0,0,0.0,0.0,0.0,0.0,0.0,0.0,0.0,0.0,0,0,0,0,0,0,0,0,无明显情感,未明确对象,娱乐与趣味,中性,0,0.6585046096608349,0.14118285317383877,0.6585046096608349,0.20031253716532643,中性,中性,,False
学习区,BV1uz4y1475S,【洛必达法则】高考使用指南,6049183,276506,78550,230485,4836,23660,这参数分离出来之后不应该直接放弃这个思路吗，硬求啊，天呐,,这参数分离出来之后不应该直接放弃这个思路吗，硬求啊，天呐,0,0,13,0,0,0.0,0.0,0.0,0.0,0.0,0.0,0.0,0.0,0,0,0,0,0,0,0,0,无明显情感,未明确对象,讲解质量,中性,-1,0.5182186963089592,0.5182186963089592,0.43686694038436497,0.04491436330667576,负面,负面,,False
学习区,BV1uz4y1475S,【洛必达法则】高考使用指南,6049183,276506,78550,230485,4836,23660,给我，洛！！！,,给我，洛！！！,0,0,6,3,0,0.0,0.0,0.0,0.0,0.0,0.0,0.0,0.0,0,0,0,0,0,0,0,0,无明显情感,未明确对象,未明确方面,中性,1,0.40791631192381145,0.3133698688899251,0.2787138191862634,0.40791631192381145,正面,正面,,False
学习区,BV1uz4y1475S,【洛必达法则】高考使用指南,6049183,276506,78550,230485,4836,23660,洛天洛天依依,,洛天洛天依依,0,0,2,0,0,0.0,0.0,0.0,0.0,0.0,0.0,0.0,0.0,0,0,0,0,0,0,0,0,无明显情感,未明确对象,未明确方面,中性,0,0.6585046096608349,0.14118285317383877,0.6585046096608349,0.20031253716532643,中性,中性,,False
学习区,BV1uz4y1475S,【洛必达法则】高考使用指南,6049183,276506,78550,230485,4836,23660,谢谢老师！,,谢谢老师！,1,0,3,1,0,1.0,1.0,0.0,1.0,0.3333333333333333,1.0,1.0,0.0,0,0,0,0,0,0,0,1,对象评价,讲解者,未明确方面,正面,1,0.8837191726755245,0.016717587254431038,0.09956324007004444,0.8837191726755245,正面,正面,,False
学习区,BV1uz4y1475S,【洛必达法则】高考使用指南,6049183,276506,78550,230485,4836,23660,洛神第2技：当你看不懂Linux的时候，你可以假装看不见，继续洛,,洛神第2技当你看不懂Linux的时候，你可以假装看不见，继续洛,1,1,14,0,0,0.0,1.0,1.0,0.0,0.14285714285714285,0.0,1.0,1.0,0,1,0,1,0,0,0,1,对象评价+认知状态,未明确对象,理解与难度,混合,0,0.5990201582441449,0.1470110621004712,0.5990201582441449,0.2539687796553838,中性,中性,0.0,True
学习区,BV1uz4y1475S,【洛必达法则】高考使用指南,6049183,276506,78550,230485,4836,23660,考前别求错人了，洛必达法则是约翰伯努利发现的（杰哥教的）,,考前别求错人了，洛必达法则是约翰伯努利发现的杰哥教的,0,0,10,0,0,0.0,0.0,0.0,0.0,0.0,0.0,0.0,0.0,0,0,0,0,0,0,0,0,无明显情感,未明确对象,未明确方面,中性,-1,0.6834283873631912,0.6834283873631912,0.300518849025556,0.016052763611252744,负面,负面,,False
学习区,BV1uz4y1475S,【洛必达法则】高考使用指南,6049183,276506,78550,230485,4836,23660,如果求导都不会的话也没必要看洛必达了吧╮(╯▽╰)╭,,如果求导都不会的话也没必要看洛必达了吧,0,1,10,0,0,-1.0,0.0,1.0,1.0,0.1,-1.0,0.0,1.0,0,0,0,0,0,0,0,1,对象评价,未明确对象,未明确方面,负面,-1,0.65425344790118,0.65425344790118,0.32791044627931204,0.017836105819507866,负面,负面,,False
学习区,BV1uz4y1475S,【洛必达法则】高考使用指南,6049183,276506,78550,230485,4836,23660,一股强劲的音乐响起,,一股强劲的音乐响起,0,0,4,0,0,0.0,0.0,0.0,0.0,0.0,0.0,0.0,0.0,0,0,0,0,0,0,0,0,无明显情感,未明确对象,未明确方面,中性,0,0.5227986383220038,0.2833615006953987,0.5227986383220038,0.19383986098259762,中性,中性,,False
学习区,BV1uz4y1475S,【洛必达法则】高考使用指南,6049183,276506,78550,230485,4836,23660,念啥咒语呢咋就出来了？,,念啥咒语呢咋就出来了？,0,0,7,0,1,0.0,0.0,0.0,0.0,0.0,0.0,0.0,0.0,0,0,0,0,0,0,0,0,无明显情感,未明确对象,未明确方面,中性,-1,0.6779834662594562,0.6779834662594562,0.2924900841679208,0.02952644957262294,负面,负面,,False
学习区,BV1uz4y1475S,【洛必达法则】高考使用指南,6049183,276506,78550,230485,4836,23660,我瞬间就精神了,,我瞬间就精神了,0,0,3,0,0,0.0,0.0,0.0,0.0,0.0,0.0,0.0,0.0,0,0,0,0,0,0,0,0,无明显情感,未明确对象,未明确方面,中性,-1,0.46661268487956076,0.46661268487956076,0.3750267198691947,0.1583605952512446,负面,负面,,False
学习区,BV1uz4y1475S,【洛必达法则】高考使用指南,6049183,276506,78550,230485,4836,23660,魏尔斯特拉斯函数,,魏尔斯特拉斯函数,0,0,3,0,0,0.0,0.0,0.0,0.0,0.0,0.0,0.0,0.0,0,0,0,0,0,0,0,0,无明显情感,未明确对象,未明确方面,中性,0,0.9352406988033748,0.026892822423479106,0.9352406988033748,0.03786647877314607,中性,中性,,False
学习区,BV1uz4y1475S,【洛必达法则】高考使用指南,6049183,276506,78550,230485,4836,23660,在物理课里讲过，X→0，sinX→X,,在物理课里讲过，X0，sinXX,0,0,9,0,0,0.0,0.0,0.0,0.0,0.0,0.0,0.0,0.0,0,0,0,0,0,0,0,0,无明显情感,未明确对象,未明确方面,中性,-1,0.7555523257851404,0.7555523257851404,0.1812917885644449,0.06315588565041474,负面,负面,,False
学习区,BV1uz4y1475S,【洛必达法则】高考使用指南,6049183,276506,78550,230485,4836,23660,大一限定返场,,大一限定返场,0,0,3,0,0,0.0,0.0,0.0,0.0,0.0,0.0,0.0,0.0,0,0,0,0,0,0,0,0,无明显情感,未明确对象,未明确方面,中性,0,0.5761405874845517,0.1868132106265366,0.5761405874845517,0.23704620188891176,中性,中性,,False
学习区,BV1uz4y1475S,【洛必达法则】高考使用指南,6049183,276506,78550,230485,4836,23660,准大一前来补课,,准大一前来补课,0,0,3,0,0,0.0,0.0,0.0,0.0,0.0,0.0,0.0,0.0,0,0,0,0,0,0,0,0,无明显情感,未明确对象,未明确方面,中性,0,0.6525424904832393,0.14924331021065323,0.6525424904832393,0.19821419930610756,中性,中性,,False
学习区,BV1uz4y1475S,【洛必达法则】高考使用指南,6049183,276506,78550,230485,4836,23660,高中应该没有不可导函数,,高中应该没有不可导函数,0,0,6,0,0,0.0,0.0,0.0,0.0,0.0,0.0,0.0,0.0,0,0,0,0,0,0,0,0,无明显情感,未明确对象,未明确方面,中性,0,0.7638354301147362,0.18935768203586448,0.7638354301147362,0.046806887849399306,中性,中性,,False
学习区,BV1uz4y1475S,【洛必达法则】高考使用指南,6049183,276506,78550,230485,4836,23660,无所谓了，我直接洛,,无所谓了，我直接洛,0,0,4,0,0,0.0,0.0,0.0,0.0,0.0,0.0,0.0,0.0,0,0,0,0,0,0,0,0,无明显情感,未明确对象,未明确方面,中性,0,0.5290382625587494,0.2019112090440336,0.5290382625587494,0.26905052839721705,中性,中性,0.0,True
学习区,BV1uz4y1475S,【洛必达法则】高考使用指南,6049183,276506,78550,230485,4836,23660,Amazing.,,Amazing.,0,0,2,0,0,0.0,0.0,0.0,0.0,0.0,0.0,0.0,0.0,0,0,0,0,0,0,0,0,无明显情感,未明确对象,未明确方面,中性,0,0.542193274314243,0.21207606658383987,0.542193274314243,0.24573065910191708,中性,中性,,False
学习区,BV1uz4y1475S,【洛必达法则】高考使用指南,6049183,276506,78550,230485,4836,23660,大一的我又来了,,大一的我又来了,0,0,3,0,0,0.0,0.0,0.0,0.0,0.0,0.0,0.0,0.0,0,0,0,0,0,0,0,0,无明显情感,未明确对象,未明确方面,中性,0,0.8892017423551761,0.05495907681585265,0.8892017423551761,0.055839180828971116,中性,中性,,False
学习区,BV1uz4y1475S,【洛必达法则】高考使用指南,6049183,276506,78550,230485,4836,23660,三明治定理,,三明治定理,0,0,2,0,0,0.0,0.0,0.0,0.0,0.0,0.0,0.0,0.0,0,0,0,0,0,0,0,0,无明显情感,未明确对象,未明确方面,中性,0,0.6585046096608349,0.14118285317383877,0.6585046096608349,0.20031253716532643,中性,中性,,False
学习区,BV1uz4y1475S,【洛必达法则】高考使用指南,6049183,276506,78550,230485,4836,23660,以我的理解洛必达本质上就是比较上下两个函数的增长率的（高中学渣轻喷）,,以我的理解洛必达本质上就是比较上下两个函数的增长率的高中学渣轻喷,1,0,15,0,0,1.0,1.0,0.0,1.0,0.06666666666666667,1.0,1.0,0.0,0,0,0,0,0,0,0,1,对象评价,未明确对象,未明确方面,正面,0,0.6129211460596627,0.25242978868215804,0.6129211460596627,0.13464906525817932,中性,中性,0.0,True
学习区,BV1uz4y1475S,【洛必达法则】高考使用指南,6049183,276506,78550,230485,4836,23660,提醒我了,,提醒我了,0,0,1,0,0,0.0,0.0,0.0,0.0,0.0,0.0,0.0,0.0,0,0,0,0,0,0,0,0,无明显情感,未明确对象,未明确方面,中性,0,0.5461495835200966,0.3086331067078216,0.5461495835200966,0.14521730977208178,中性,中性,,False
学习区,BV1uz4y1475S,【洛必达法则】高考使用指南,6049183,276506,78550,230485,4836,23660,出来了！,,出来了！,0,0,2,1,0,0.0,0.0,0.0,0.0,0.0,0.0,0.0,0.0,0,0,0,0,0,0,0,0,无明显情感,未明确对象,未明确方面,中性,0,0.7802733877948842,0.041866435843208684,0.7802733877948842,0.177860176361907,中性,中性,,False
学习区,BV1uz4y1475S,【洛必达法则】高考使用指南,6049183,276506,78550,230485,4836,23660,只要洛不死就往死里洛，对吗？有点意思。,,只要洛不死就往死里洛，对吗？有点意思。,0,0,10,0,1,0.0,0.0,0.0,0.0,0.0,0.0,0.0,0.0,0,0,0,0,0,0,0,0,无明显情感,未明确对象,未明确方面,中性,0,0.4983454766143315,0.37484670861805386,0.4983454766143315,0.12680781476761477,中性,中性,,False
学习区,BV1uz4y1475S,【洛必达法则】高考使用指南,6049183,276506,78550,230485,4836,23660,6                                    6,,66,0,0,1,0,0,0.0,0.0,0.0,0.0,0.0,0.0,0.0,0.0,0,0,0,0,0,0,0,0,无明显情感,未明确对象,未明确方面,中性,0,0.6816581125487642,0.07776903543376282,0.6816581125487642,0.24057285201747303,中性,中性,,False
学习区,BV1uz4y1475S,【洛必达法则】高考使用指南,6049183,276506,78550,230485,4836,23660,《斜眼法》,,斜眼法,0,0,2,0,0,0.0,0.0,0.0,0.0,0.0,0.0,0.0,0.0,0,0,0,0,0,0,0,0,无明显情感,未明确对象,未明确方面,中性,0,0.6585046096608349,0.14118285317383877,0.6585046096608349,0.20031253716532643,中性,中性,,False
学习区,BV1uz4y1475S,【洛必达法则】高考使用指南,6049183,276506,78550,230485,4836,23660,这里,,这里,0,0,1,0,0,0.0,0.0,0.0,0.0,0.0,0.0,0.0,0.0,0,0,0,0,0,0,0,0,无明显情感,未明确对象,未明确方面,中性,0,0.639566395379648,0.2998559975543064,0.639566395379648,0.060577607066045466,中性,中性,,False
学习区,BV1uz4y1475S,【洛必达法则】高考使用指南,6049183,276506,78550,230485,4836,23660,神奇姥姥：好听吗？,,神奇姥姥好听吗？,1,0,4,0,1,1.0,1.0,0.0,1.0,0.25,1.0,1.0,0.0,0,0,0,0,0,0,0,1,对象评价,未明确对象,未明确方面,正面,1,0.4369674848605081,0.29715131625828733,0.26588119888120454,0.4369674848605081,正面,正面,1.0,True
学习区,BV1uz4y1475S,【洛必达法则】高考使用指南,6049183,276506,78550,230485,4836,23660,《忐忑》,,忐忑,0,0,1,0,0,0.0,0.0,0.0,0.0,0.0,0.0,0.0,0.0,0,0,0,0,0,0,0,0,无明显情感,未明确对象,未明确方面,中性,0,0.7950117239854048,0.081483642228378,0.7950117239854048,0.12350463378621719,中性,中性,,False
学习区,BV1uz4y1475S,【洛必达法则】高考使用指南,6049183,276506,78550,230485,4836,23660,嗯~马达马达,,嗯马达马达,0,0,3,0,0,0.0,0.0,0.0,0.0,0.0,0.0,0.0,0.0,0,0,0,0,0,0,0,0,无明显情感,未明确对象,未明确方面,中性,0,0.6525424904832393,0.14924331021065323,0.6525424904832393,0.19821419930610756,中性,中性,,False
学习区,BV1uz4y1475S,【洛必达法则】高考使用指南,6049183,276506,78550,230485,4836,23660,还挺卡点,,还挺卡点,0,0,3,0,0,0.0,0.0,0.0,0.0,0.0,0.0,0.0,0.0,0,0,0,0,0,0,0,0,无明显情感,未明确对象,未明确方面,中性,0,0.60400831976101,0.15047508467288864,0.60400831976101,0.24551659556610128,中性,中性,,False
学习区,BV1uz4y1475S,【洛必达法则】高考使用指南,6049183,276506,78550,230485,4836,23660,弗洛洛,,弗洛洛,0,0,2,0,0,0.0,0.0,0.0,0.0,0.0,0.0,0.0,0.0,0,0,0,0,0,0,0,0,无明显情感,未明确对象,未明确方面,中性,0,0.6316404545305946,0.05797025309025051,0.6316404545305946,0.31038929237915497,中性,中性,,False
学习区,BV1uz4y1475S,【洛必达法则】高考使用指南,6049183,276506,78550,230485,4836,23660,加油,,加油,1,0,1,0,0,1.0,1.0,0.0,1.0,1.0,1.0,1.0,0.0,0,0,0,0,0,0,0,1,对象评价,未明确对象,未明确方面,正面,1,0.9428173809482836,0.041273252590387624,0.01590936646132868,0.9428173809482836,正面,正面,1.0,True
学习区,BV1uz4y1475S,【洛必达法则】高考使用指南,6049183,276506,78550,230485,4836,23660,如果是我这个求导，已经把我吓倒了,,如果是我这个求导，已经把我吓倒了,0,0,7,0,0,0.0,0.0,0.0,0.0,0.0,0.0,0.0,0.0,0,0,0,0,0,0,0,0,无明显情感,未明确对象,未明确方面,中性,0,0.46183297359580383,0.2961850804148374,0.46183297359580383,0.24198194598935874,中性,中性,,False
学习区,BV1uz4y1475S,【洛必达法则】高考使用指南,6049183,276506,78550,230485,4836,23660,洛琪希,,洛琪希,0,0,2,0,0,0.0,0.0,0.0,0.0,0.0,0.0,0.0,0.0,0,0,0,0,0,0,0,0,无明显情感,未明确对象,未明确方面,中性,0,0.6585046096608349,0.14118285317383877,0.6585046096608349,0.20031253716532643,中性,中性,,False
学习区,BV1uz4y1475S,【洛必达法则】高考使用指南,6049183,276506,78550,230485,4836,23660,但是比我做不出来一分没有的好,,但是比我做不出来一分没有的好,0,0,8,0,0,0.0,0.0,0.0,0.0,0.0,0.0,0.0,0.0,1,0,0,0,0,0,0,0,无明显情感,未明确对象,未明确方面,中性,-1,0.5943664614015491,0.5943664614015491,0.30694961167106916,0.09868392692738169,负面,负面,,False
学习区,BV1uz4y1475S,【洛必达法则】高考使用指南,6049183,276506,78550,230485,4836,23660,上面是一个类三次函数,,上面是一个类三次函数,0,0,4,0,0,0.0,0.0,0.0,0.0,0.0,0.0,0.0,0.0,0,0,0,0,0,0,0,0,无明显情感,未明确对象,未明确方面,中性,0,0.8359964122639587,0.07153814160452414,0.8359964122639587,0.09246544613151718,中性,中性,,False
学习区,BV1uz4y1475S,【洛必达法则】高考使用指南,6049183,276506,78550,230485,4836,23660,我不行了，哪个天才说的《王安石变法》，笑死我了哈哈哈哈哈哈哈,,我不行了，哪个天才说的王安石变法，笑死我了哈哈哈哈哈哈哈,3,1,12,0,0,2.0,3.0,1.0,2.0,0.3333333333333333,2.0,3.0,1.0,0,1,1,0,0,0,0,1,对象评价+自身情绪,未明确对象,娱乐与趣味,混合,1,0.9469346016745358,0.0466292571531794,0.00643614117228483,0.9469346016745358,正面,正面,,False
学习区,BV1uz4y1475S,【洛必达法则】高考使用指南,6049183,276506,78550,230485,4836,23660,这个老师真的好可爱,,这个老师真的好可爱,2,0,4,0,0,2.4,2.4,0.0,2.4,0.5,2.4,2.4,0.0,0,0,0,0,0,0,0,1,对象评价,讲解者,未明确方面,正面,1,0.9849201535505417,0.004626550851496979,0.01045329559796123,0.9849201535505417,正面,正面,,False
学习区,BV1uz4y1475S,【洛必达法则】高考使用指南,6049183,276506,78550,230485,4836,23660,洛必达不歪玩到数学关服,,洛必达不歪玩到数学关服,0,0,7,0,0,0.0,0.0,0.0,0.0,0.0,0.0,0.0,0.0,0,0,0,0,0,0,0,0,无明显情感,课程内容,未明确方面,中性,-1,0.9105936888221393,0.9105936888221393,0.08387610568398203,0.005530205493878792,负面,负面,,False
学习区,BV1uz4y1475S,【洛必达法则】高考使用指南,6049183,276506,78550,230485,4836,23660,姥姥是不是不会求导,,姥姥是不是不会求导,0,1,4,0,0,-1.0,0.0,1.0,1.0,0.25,-1.0,0.0,1.0,0,0,0,0,0,0,0,1,对象评价,未明确对象,未明确方面,负面,-1,0.7892335005937111,0.7892335005937111,0.19251129780197415,0.01825520160431472,负面,负面,,False
学习区,BV1uz4y1475S,【洛必达法则】高考使用指南,6049183,276506,78550,230485,4836,23660,隐零点？,,隐零点？,0,0,3,0,1,0.0,0.0,0.0,0.0,0.0,0.0,0.0,0.0,0,0,0,0,0,0,0,0,无明显情感,未明确对象,未明确方面,中性,-1,0.5350327343451675,0.5350327343451675,0.40283281497238527,0.062134450682447204,负面,负面,,False
学习区,BV1uz4y1475S,【洛必达法则】高考使用指南,6049183,276506,78550,230485,4836,23660,魔术技巧～,,魔术技巧,0,0,2,0,0,0.0,0.0,0.0,0.0,0.0,0.0,0.0,0.0,0,0,0,0,0,0,0,0,无明显情感,未明确对象,未明确方面,中性,0,0.6585046096608349,0.14118285317383877,0.6585046096608349,0.20031253716532643,中性,中性,,False
学习区,BV1uz4y1475S,【洛必达法则】高考使用指南,6049183,276506,78550,230485,4836,23660,那一天的小猪，洛起来呀。。,,那一天的小猪，洛起来呀。。,0,0,7,0,0,0.0,0.0,0.0,0.0,0.0,0.0,0.0,0.0,0,0,0,0,0,0,0,0,无明显情感,未明确对象,未明确方面,中性,0,0.4751259906201151,0.09371485571642987,0.4751259906201151,0.43115915366345503,中性,中性,,False
学习区,BV1uz4y1475S,【洛必达法则】高考使用指南,6049183,276506,78550,230485,4836,23660,以为耳机外放了。。。,,以为耳机外放了。。。,0,0,6,0,0,0.0,0.0,0.0,0.0,0.0,0.0,0.0,0.0,0,0,0,0,0,0,0,0,无明显情感,未明确对象,未明确方面,中性,0,0.5481203478527209,0.29037498156543123,0.5481203478527209,0.1615046705818479,中性,中性,,False
学习区,BV1uz4y1475S,【洛必达法则】高考使用指南,6049183,276506,78550,230485,4836,23660,这首歌叫《忐忑》,,这首歌叫忐忑,0,0,3,0,0,0.0,0.0,0.0,0.0,0.0,0.0,0.0,0.0,0,0,0,0,0,0,0,0,无明显情感,未明确对象,未明确方面,中性,0,0.678833682061964,0.1642567390384689,0.678833682061964,0.15690957889956714,中性,中性,0.0,True
学习区,BV1uz4y1475S,【洛必达法则】高考使用指南,6049183,276506,78550,230485,4836,23660,宋浩：高中学的全部是初等函数,,宋浩高中学的全部是初等函数,0,0,5,0,0,0.0,0.0,0.0,0.0,0.0,0.0,0.0,0.0,0,0,0,0,0,0,0,0,无明显情感,未明确对象,未明确方面,中性,0,0.9384050487993347,0.03547452567406055,0.9384050487993347,0.026120425526604586,中性,中性,,False
学习区,BV1uz4y1475S,【洛必达法则】高考使用指南,6049183,276506,78550,230485,4836,23660,替代方法：现证一遍洛必达法则,,替代方法现证一遍洛必达法则,0,0,6,0,0,0.0,0.0,0.0,0.0,0.0,0.0,0.0,0.0,0,0,0,0,0,0,0,0,无明显情感,课程内容,未明确方面,中性,0,0.6231489452410554,0.35246834580453523,0.6231489452410554,0.024382708954409346,中性,中性,,False
学习区,BV1uz4y1475S,【洛必达法则】高考使用指南,6049183,276506,78550,230485,4836,23660,骆建佑,,骆建佑,0,0,1,0,0,0.0,0.0,0.0,0.0,0.0,0.0,0.0,0.0,0,0,0,0,0,0,0,0,无明显情感,未明确对象,未明确方面,中性,0,0.6641811267415451,0.13348938228347546,0.6641811267415451,0.20232949097497943,中性,中性,,False
学习区,BV1uz4y1475S,【洛必达法则】高考使用指南,6049183,276506,78550,230485,4836,23660,天下苦此题久矣！！！！！！,,天下苦此题久矣！！！！！！,0,0,10,6,0,0.0,0.0,0.0,0.0,0.0,0.0,0.0,0.0,0,0,0,0,0,0,0,0,无明显情感,未明确对象,未明确方面,中性,1,0.3688228323045738,0.34769590037078785,0.2834812673246383,0.3688228323045738,正面,正面,,False
学习区,BV1uz4y1475S,【洛必达法则】高考使用指南,6049183,276506,78550,230485,4836,23660,′◣◥◣◥DRANGR◣◥◣◥高能预警◣◥◣◥DRANGR◣◥◣◥◣◥◣◥DRANGR◣◥◣◥高能预警◣◥◣◥DRANGR◣◥◣◥◣◥◣◥DRANGR◣◥◣◥高能预警◣◥◣◥DRANGR◣◥◣◥′◣◥,,DRANGR高能预警DRANGRDRANGR高能预警DRANGRDRANGR高能预警DRANGR,3,0,10,0,0,3.0,3.0,0.0,3.0,0.3,3.0,3.0,0.0,0,0,0,0,0,0,0,1,对象评价,未明确对象,未明确方面,正面,1,0.8820663595498257,0.014132425757985477,0.10380121469218889,0.8820663595498257,正面,正面,,False
学习区,BV1uz4y1475S,【洛必达法则】高考使用指南,6049183,276506,78550,230485,4836,23660,《小猪之洛神赋》,,小猪之洛神赋,0,0,3,0,0,0.0,0.0,0.0,0.0,0.0,0.0,0.0,0.0,0,0,0,0,0,0,0,0,无明显情感,未明确对象,未明确方面,中性,0,0.49796949135290647,0.10190393481146295,0.49796949135290647,0.4001265738356306,中性,中性,0.0,True
学习区,BV1uz4y1475S,【洛必达法则】高考使用指南,6049183,276506,78550,230485,4836,23660,.                                                                                                  .,,..,0,0,1,0,0,0.0,0.0,0.0,0.0,0.0,0.0,0.0,0.0,0,0,0,0,0,0,0,0,无明显情感,未明确对象,未明确方面,中性,0,0.6450424229652736,0.11249010323059189,0.6450424229652736,0.2424674738041346,中性,中性,,False
学习区,BV1uz4y1475S,【洛必达法则】高考使用指南,6049183,276506,78550,230485,4836,23660,可以咯！！！,,可以咯！！！,1,0,5,3,0,1.0,1.0,0.0,1.0,0.2,1.0,1.0,0.0,0,0,0,0,0,0,0,1,对象评价,未明确对象,未明确方面,正面,1,0.7096171027393281,0.14803349792014145,0.14234939934053045,0.7096171027393281,正面,正面,1.0,True
学习区,BV1uz4y1475S,【洛必达法则】高考使用指南,6049183,276506,78550,230485,4836,23660,西安高级中学,,西安高级中学,1,0,2,0,0,1.0,1.0,0.0,1.0,0.5,1.0,1.0,0.0,0,0,0,0,0,0,0,1,对象评价,未明确对象,未明确方面,正面,0,0.4218290763362021,0.2231474167416404,0.4218290763362021,0.35502350692215756,中性,中性,0.0,True
学习区,BV1uz4y1475S,【洛必达法则】高考使用指南,6049183,276506,78550,230485,4836,23660,神秘小笨蛋,,神秘小笨蛋,0,0,2,0,0,0.0,0.0,0.0,0.0,0.0,0.0,0.0,0.0,0,0,0,0,0,0,0,0,无明显情感,未明确对象,未明确方面,中性,0,0.6855524712777891,0.10863663152991888,0.6855524712777891,0.20581089719229212,中性,中性,,False
学习区,BV1uz4y1475S,【洛必达法则】高考使用指南,6049183,276506,78550,230485,4836,23660,太好了没学过求导的高一牲果断放收藏夹并退出视频,,太好了没学过求导的高一牲果断放收藏夹并退出视频,2,0,11,0,0,2.0,2.0,0.0,2.0,0.18181818181818182,2.0,2.0,0.0,0,0,0,0,0,0,0,1,对象评价,视频内容,实用与收获,正面,1,0.8125693167975749,0.05911940022593586,0.12831128297648922,0.8125693167975749,正面,正面,,False
学习区,BV1uz4y1475S,【洛必达法则】高考使用指南,6049183,276506,78550,230485,4836,23660,洛必达～,,洛必达,0,0,1,0,0,0.0,0.0,0.0,0.0,0.0,0.0,0.0,0.0,0,0,0,0,0,0,0,0,无明显情感,未明确对象,未明确方面,中性,0,0.4832111331521963,0.4787211676180018,0.4832111331521963,0.03806769922980186,中性,中性,,False
学习区,BV1uz4y1475S,【洛必达法则】高考使用指南,6049183,276506,78550,230485,4836,23660,你打开了弹幕,,你打开了弹幕,0,0,2,0,0,0.0,0.0,0.0,0.0,0.0,0.0,0.0,0.0,0,0,0,0,0,0,0,0,无明显情感,未明确对象,未明确方面,中性,0,0.5685736861361907,0.12045205934019709,0.5685736861361907,0.31097425452361216,中性,中性,,False
学习区,BV1uz4y1475S,【洛必达法则】高考使用指南,6049183,276506,78550,230485,4836,23660,神奇老奶,,神奇老奶,0,0,2,0,0,0.0,0.0,0.0,0.0,0.0,0.0,0.0,0.0,0,0,0,0,0,0,0,0,无明显情感,未明确对象,未明确方面,中性,0,0.5516298645526688,0.1306146348973508,0.5516298645526688,0.3177555005499804,中性,中性,,False
学习区,BV1uz4y1475S,【洛必达法则】高考使用指南,6049183,276506,78550,230485,4836,23660,2次怎么和三次消的,,2次怎么和三次消的,0,0,5,0,0,0.0,0.0,0.0,0.0,0.0,0.0,0.0,0.0,0,0,0,0,0,0,0,0,无明显情感,未明确对象,未明确方面,中性,0,0.485417977898027,0.39095125907188055,0.485417977898027,0.12363076303009234,中性,中性,,False
学习区,BV1uz4y1475S,【洛必达法则】高考使用指南,6049183,276506,78550,230485,4836,23660,距离2025年全国高考还有两天,,距离2025年全国高考还有两天,0,0,7,0,0,0.0,0.0,0.0,0.0,0.0,0.0,0.0,0.0,0,0,0,0,0,0,0,0,无明显情感,未明确对象,未明确方面,中性,0,0.5984274363691054,0.152650374654354,0.5984274363691054,0.24892218897654045,中性,中性,,False
学习区,BV1uz4y1475S,【洛必达法则】高考使用指南,6049183,276506,78550,230485,4836,23660,我也在图书馆。。还以为谁的手机响了。。,,我也在图书馆。。还以为谁的手机响了。。,0,0,12,0,0,0.0,0.0,0.0,0.0,0.0,0.0,0.0,0.0,0,0,0,0,0,0,0,0,无明显情感,未明确对象,未明确方面,中性,0,0.456723461773161,0.45552136596368653,0.456723461773161,0.08775517226315238,中性,中性,,False
学习区,BV1uz4y1475S,【洛必达法则】高考使用指南,6049183,276506,78550,230485,4836,23660,无限趋近于无穷就相当于无限趋近于零的倒数呗,,无限趋近于无穷就相当于无限趋近于零的倒数呗,0,0,11,0,0,0.0,0.0,0.0,0.0,0.0,0.0,0.0,0.0,0,0,0,0,0,0,0,0,无明显情感,未明确对象,未明确方面,中性,0,0.6951591794465141,0.12095180876929251,0.6951591794465141,0.18388901178419342,中性,中性,,False
学习区,BV1uz4y1475S,【洛必达法则】高考使用指南,6049183,276506,78550,230485,4836,23660,我是魏嘉诚,,我是魏嘉诚,0,0,1,0,0,0.0,0.0,0.0,0.0,0.0,0.0,0.0,0.0,0,0,0,0,0,0,0,0,无明显情感,未明确对象,未明确方面,中性,0,0.5141519452972254,0.4618596173933792,0.5141519452972254,0.023988437309395406,中性,中性,,False
学习区,BV1uz4y1475S,【洛必达法则】高考使用指南,6049183,276506,78550,230485,4836,23660,但是，为什么呢,,但是，为什么呢,0,0,3,0,0,0.0,0.0,0.0,0.0,0.0,0.0,0.0,0.0,1,0,0,0,0,0,0,0,无明显情感,未明确对象,未明确方面,中性,0,0.6768554324855829,0.268631746608505,0.6768554324855829,0.05451282090591212,中性,中性,0.0,True
学习区,BV1uz4y1475S,【洛必达法则】高考使用指南,6049183,276506,78550,230485,4836,23660,啊♂～～～,,啊,0,0,0,0,0,0.0,0.0,0.0,0.0,0.0,0.0,0.0,0.0,0,0,0,0,0,0,0,0,无明显情感,未明确对象,未明确方面,中性,-1,0.6628130070566632,0.6628130070566632,0.19109386496732744,0.14609312797600932,负面,负面,,False
学习区,BV1uz4y1475S,【洛必达法则】高考使用指南,6049183,276506,78550,230485,4836,23660,gx取不到1/2，所以gx大于1/2，所以a可以等于1/2,,gx取不到12，所以gx大于12，所以a可以等于12,1,0,15,0,0,1.0,1.0,0.0,1.0,0.06666666666666667,1.0,1.0,0.0,0,0,0,0,0,0,0,1,对象评价,未明确对象,未明确方面,正面,0,0.778780373132925,0.05212645645168516,0.778780373132925,0.16909317041538982,中性,中性,0.0,True
学习区,BV1uz4y1475S,【洛必达法则】高考使用指南,6049183,276506,78550,230485,4836,23660,什么丝动静,,什么丝动静,0,0,3,0,0,0.0,0.0,0.0,0.0,0.0,0.0,0.0,0.0,0,0,0,0,0,0,0,0,无明显情感,未明确对象,未明确方面,中性,0,0.8744239674247666,0.0776036189078351,0.8744239674247666,0.04797241366739837,中性,中性,,False
学习区,BV1uz4y1475S,【洛必达法则】高考使用指南,6049183,276506,78550,230485,4836,23660,其实也可以用端点效应这题,,其实也可以用端点效应这题,1,0,7,0,0,1.0,1.0,0.0,1.0,0.14285714285714285,1.0,1.0,0.0,0,0,0,0,0,0,0,1,对象评价,未明确对象,未明确方面,正面,1,0.4189260272308689,0.24688873475521392,0.3341852380139171,0.4189260272308689,正面,正面,1.0,True
学习区,BV1uz4y1475S,【洛必达法则】高考使用指南,6049183,276506,78550,230485,4836,23660,刚看完端点效应，是什么感受？,,刚看完端点效应，是什么感受？,0,0,8,0,1,0.0,0.0,0.0,0.0,0.0,0.0,0.0,0.0,0,0,0,0,0,0,0,0,无明显情感,未明确对象,未明确方面,中性,-1,0.9195682552305023,0.9195682552305023,0.06419524113258937,0.016236503636908334,负面,负面,,False
学习区,BV1uz4y1475S,【洛必达法则】高考使用指南,6049183,276506,78550,230485,4836,23660,怎么会有极限这不存在的情况,,怎么会有极限这不存在的情况,0,0,7,0,0,0.0,0.0,0.0,0.0,0.0,0.0,0.0,0.0,0,0,0,0,0,0,0,0,无明显情感,未明确对象,未明确方面,中性,-1,0.6388986429595356,0.6388986429595356,0.26830776453599636,0.09279359250446804,负面,负面,,False
学习区,BV1uz4y1475S,【洛必达法则】高考使用指南,6049183,276506,78550,230485,4836,23660,囊胚期的我听懂了,,囊胚期的我听懂了,1,0,3,0,0,1.0,1.0,0.0,1.0,0.3333333333333333,1.0,1.0,0.0,0,0,0,0,1,0,0,1,对象评价+认知状态,未明确对象,理解与难度,正面,1,0.7243971510858848,0.203226136460517,0.07237671245359822,0.7243971510858848,正面,正面,,False
学习区,BV1uz4y1475S,【洛必达法则】高考使用指南,6049183,276506,78550,230485,4836,23660,《啊~导~啊~导~给他代给他代给他代给他代噢》,,啊导啊导给他代给他代给他代给他代噢,0,0,10,0,0,0.0,0.0,0.0,0.0,0.0,0.0,0.0,0.0,0,0,0,0,0,0,0,0,无明显情感,未明确对象,未明确方面,中性,-1,0.5197235644429665,0.5197235644429665,0.3323928482264564,0.1478835873305771,负面,负面,,False
学习区,BV1uz4y1475S,【洛必达法则】高考使用指南,6049183,276506,78550,230485,4836,23660,自带BGM,,自带BGM,0,0,2,0,0,0.0,0.0,0.0,0.0,0.0,0.0,0.0,0.0,0,0,0,0,0,0,0,0,无明显情感,未明确对象,未明确方面,中性,0,0.5701650302658982,0.127001533184149,0.5701650302658982,0.3028334365499529,中性,中性,,False
学习区,BV1uz4y1475S,【洛必达法则】高考使用指南,6049183,276506,78550,230485,4836,23660,小别致长的挺东西,,小别致长的挺东西,0,0,5,0,0,0.0,0.0,0.0,0.0,0.0,0.0,0.0,0.0,0,0,0,0,0,0,0,0,无明显情感,未明确对象,未明确方面,中性,0,0.7020525320612476,0.09326183865664837,0.7020525320612476,0.20468562928210401,中性,中性,,False
学习区,BV1uz4y1475S,【洛必达法则】高考使用指南,6049183,276506,78550,230485,4836,23660,还以为是2mx呢，原来是linX,,还以为是2mx呢，原来是linX,0,0,6,0,0,0.0,0.0,0.0,0.0,0.0,0.0,0.0,0.0,0,0,0,0,0,0,0,0,无明显情感,未明确对象,未明确方面,中性,0,0.6205614002669014,0.3036616615940419,0.6205614002669014,0.07577693813905671,中性,中性,,False
学习区,BV1uz4y1475S,【洛必达法则】高考使用指南,6049183,276506,78550,230485,4836,23660,洛！都可以洛！！！,,洛！都可以洛！！！,1,0,8,4,0,1.0,1.0,0.0,1.0,0.125,1.0,1.0,0.0,0,0,0,0,0,0,0,1,对象评价,未明确对象,未明确方面,正面,1,0.7777362075256838,0.10318666154484302,0.11907713092947325,0.7777362075256838,正面,正面,1.0,True
学习区,BV1uz4y1475S,【洛必达法则】高考使用指南,6049183,276506,78550,230485,4836,23660,<(ºOº)>,,O,0,0,1,0,0,0.0,0.0,0.0,0.0,0.0,0.0,0.0,0.0,0,0,0,0,0,0,0,0,无明显情感,未明确对象,未明确方面,中性,0,0.6641811267415451,0.13348938228347546,0.6641811267415451,0.20232949097497943,中性,中性,,False
学习区,BV1uz4y1475S,【洛必达法则】高考使用指南,6049183,276506,78550,230485,4836,23660,洛不死就往死里洛,,洛不死就往死里洛,0,0,4,0,0,0.0,0.0,0.0,0.0,0.0,0.0,0.0,0.0,0,0,0,0,0,0,0,0,无明显情感,未明确对象,未明确方面,中性,1,0.42893746604332167,0.2493320974458932,0.32173043651078514,0.42893746604332167,正面,正面,,False
学习区,BV1uz4y1475S,【洛必达法则】高考使用指南,6049183,276506,78550,230485,4836,23660,友情提示：家长或兄弟在旁边听课的同学4秒后建议将音量调小一小会（doge）,,友情提示家长或兄弟在旁边听课的同学4秒后建议将音量调小一小会doge,0,0,19,0,0,0.0,0.0,0.0,0.0,0.0,0.0,0.0,0.0,0,0,0,0,0,0,0,0,无明显情感,未明确对象,未明确方面,中性,-1,0.6030855592311449,0.6030855592311449,0.26759573267900133,0.1293187080898537,负面,负面,,False
学习区,BV1uz4y1475S,【洛必达法则】高考使用指南,6049183,276506,78550,230485,4836,23660,现在是2026年五月二十六号19：04，祝各位高考考生金榜题名，前程似锦,,现在是2026年五月二十六号1904，祝各位高考考生金榜题名，前程似锦,0,0,15,0,0,0.0,0.0,0.0,0.0,0.0,0.0,0.0,0.0,0,0,0,0,0,0,0,0,无明显情感,未明确对象,未明确方面,中性,0,0.8132397610413221,0.09573994377408021,0.8132397610413221,0.0910202951845976,中性,中性,,False
学习区,BV1uz4y1475S,【洛必达法则】高考使用指南,6049183,276506,78550,230485,4836,23660,夏洛,,夏洛,0,0,1,0,0,0.0,0.0,0.0,0.0,0.0,0.0,0.0,0.0,0,0,0,0,0,0,0,0,无明显情感,未明确对象,未明确方面,中性,0,0.6641811267415451,0.13348938228347546,0.6641811267415451,0.20232949097497943,中性,中性,,False
学习区,BV1uz4y1475S,【洛必达法则】高考使用指南,6049183,276506,78550,230485,4836,23660,可以端点效应吗？,,可以端点效应吗？,1,0,4,0,1,1.0,1.0,0.0,1.0,0.25,1.0,1.0,0.0,0,0,0,0,0,0,0,1,对象评价,未明确对象,未明确方面,正面,-1,0.7704214916346604,0.7704214916346604,0.09852410409421956,0.13105440427111997,负面,负面,-1.0,True
学习区,BV1uz4y1475S,【洛必达法则】高考使用指南,6049183,276506,78550,230485,4836,23660,姥姥失宠,,姥姥失宠,0,0,2,0,0,0.0,0.0,0.0,0.0,0.0,0.0,0.0,0.0,0,0,0,0,0,0,0,0,无明显情感,未明确对象,未明确方面,中性,-1,0.42101887221154377,0.42101887221154377,0.36265510719944816,0.21632602058900813,负面,负面,,False
学习区,BV1uz4y1475S,【洛必达法则】高考使用指南,6049183,276506,78550,230485,4836,23660,吓死了以为谁突然连我耳机了,,吓死了以为谁突然连我耳机了,0,1,6,0,0,-1.0,0.0,1.0,1.0,0.16666666666666666,-1.0,0.0,1.0,0,0,0,0,0,0,0,1,对象评价,未明确对象,未明确方面,负面,-1,0.7430355121883508,0.7430355121883508,0.23516346789638026,0.021801019915268963,负面,负面,,False
学习区,BV1uz4y1475S,【洛必达法则】高考使用指南,6049183,276506,78550,230485,4836,23660,那一天的必达洛不～出来～,,那一天的必达洛不出来,0,0,5,0,0,0.0,0.0,0.0,0.0,0.0,0.0,0.0,0.0,0,0,0,0,0,0,0,0,无明显情感,未明确对象,未明确方面,中性,0,0.5397947481948095,0.22359213845389003,0.5397947481948095,0.23661311335130034,中性,中性,,False
学习区,BV1uz4y1475S,【洛必达法则】高考使用指南,6049183,276506,78550,230485,4836,23660,《小猪日常装唐》,,小猪日常装唐,0,0,3,0,0,0.0,0.0,0.0,0.0,0.0,0.0,0.0,0.0,0,0,0,0,0,0,0,0,无明显情感,未明确对象,未明确方面,中性,1,0.5128563892251056,0.10640921087667812,0.3807343998982164,0.5128563892251056,正面,正面,,False
学习区,BV1uz4y1475S,【洛必达法则】高考使用指南,6049183,276506,78550,230485,4836,23660,战歌，起！,,战歌，起！,0,0,4,1,0,0.0,0.0,0.0,0.0,0.0,0.0,0.0,0.0,0,0,0,0,0,0,0,0,无明显情感,未明确对象,未明确方面,中性,0,0.4809374229590699,0.1402827556064021,0.4809374229590699,0.37877982143452804,中性,中性,,False
学习区,BV1uz4y1475S,【洛必达法则】高考使用指南,6049183,276506,78550,230485,4836,23660,《 天籁 》,,天籁,0,0,1,0,0,0.0,0.0,0.0,0.0,0.0,0.0,0.0,0.0,0,0,0,0,0,0,0,0,无明显情感,未明确对象,未明确方面,中性,0,0.6641811267415451,0.13348938228347546,0.6641811267415451,0.20232949097497943,中性,中性,,False
学习区,BV1uz4y1475S,【洛必达法则】高考使用指南,6049183,276506,78550,230485,4836,23660,《 正片开始 》,,正片开始,0,0,2,0,0,0.0,0.0,0.0,0.0,0.0,0.0,0.0,0.0,0,0,0,0,0,0,0,0,无明显情感,未明确对象,未明确方面,中性,0,0.8633920980458578,0.041818523130923164,0.8633920980458578,0.094789378823219,中性,中性,,False
学习区,BV1uz4y1475S,【洛必达法则】高考使用指南,6049183,276506,78550,230485,4836,23660,《 瞎洛特烦恼 》,,瞎洛特烦恼,0,0,3,0,0,0.0,0.0,0.0,0.0,0.0,0.0,0.0,0.0,0,0,1,0,0,0,0,0,自身情绪,未明确对象,未明确方面,中性,0,0.6525424904832393,0.14924331021065323,0.6525424904832393,0.19821419930610756,中性,负面,,False
学习区,BV1uz4y1475S,【洛必达法则】高考使用指南,6049183,276506,78550,230485,4836,23660,洛！穿！,,洛！穿！,0,0,4,2,0,0.0,0.0,0.0,0.0,0.0,0.0,0.0,0.0,0,0,0,0,0,0,0,0,无明显情感,未明确对象,未明确方面,中性,0,0.5213483203665488,0.05064248541227061,0.5213483203665488,0.42800919422118067,中性,中性,,False
学习区,BV1uz4y1475S,【洛必达法则】高考使用指南,6049183,276506,78550,230485,4836,23660,666，直接洛穿了,,666，直接洛穿了,1,0,4,0,0,1.0,1.0,0.0,1.0,0.25,1.0,1.0,0.0,0,0,0,0,0,0,0,1,对象评价,未明确对象,未明确方面,正面,1,0.6973151981758845,0.0596957677807363,0.24298903404337913,0.6973151981758845,正面,正面,,False
学习区,BV1uz4y1475S,【洛必达法则】高考使用指南,6049183,276506,78550,230485,4836,23660,高考洛爽了怎么办,,高考洛爽了怎么办,0,0,3,0,0,0.0,0.0,0.0,0.0,0.0,0.0,0.0,0.0,0,0,1,0,0,0,0,0,自身情绪,未明确对象,未明确方面,中性,0,0.7988241638622435,0.08856379201524346,0.7988241638622435,0.11261204412251302,中性,正面,,False
学习区,BV1uz4y1475S,【洛必达法则】高考使用指南,6049183,276506,78550,230485,4836,23660,666，这小猪又开始装唐阴我,,666，这小猪又开始装唐阴我,1,0,7,0,0,1.0,1.0,0.0,1.0,0.14285714285714285,1.0,1.0,0.0,0,0,0,0,0,0,0,1,对象评价,未明确对象,未明确方面,正面,1,0.7576920046995956,0.09635441140603622,0.14595358389436822,0.7576920046995956,正面,正面,,False
学习区,BV1uz4y1475S,【洛必达法则】高考使用指南,6049183,276506,78550,230485,4836,23660,奶奶高考多少分,,奶奶高考多少分,0,0,4,0,0,0.0,0.0,0.0,0.0,0.0,0.0,0.0,0.0,0,0,0,0,0,0,0,0,无明显情感,未明确对象,未明确方面,中性,0,0.6955731121292709,0.06869736487385743,0.6955731121292709,0.23572952299687167,中性,中性,,False
学习区,BV1uz4y1475S,【洛必达法则】高考使用指南,6049183,276506,78550,230485,4836,23660,高能预警,,高能预警,1,0,2,0,0,1.0,1.0,0.0,1.0,0.5,1.0,1.0,0.0,0,0,0,0,0,0,0,1,对象评价,未明确对象,未明确方面,正面,0,0.5827635406955886,0.09919302251537775,0.5827635406955886,0.3180434367890338,中性,中性,0.0,True
学习区,BV1uz4y1475S,【洛必达法则】高考使用指南,6049183,276506,78550,230485,4836,23660,就这样一直洛着洛着洛着洛着～,,就这样一直洛着洛着洛着洛着,0,0,7,0,0,0.0,0.0,0.0,0.0,0.0,0.0,0.0,0.0,0,0,0,0,0,0,0,0,无明显情感,未明确对象,未明确方面,中性,-1,0.6236641357144147,0.6236641357144147,0.17448528762001775,0.20185057666556752,负面,负面,,False
学习区,BV1uz4y1475S,【洛必达法则】高考使用指南,6049183,276506,78550,230485,4836,23660,张子墨打卡,,张子墨打卡,0,0,3,0,0,0.0,0.0,0.0,0.0,0.0,0.0,0.0,0.0,0,0,0,0,0,0,0,0,无明显情感,未明确对象,未明确方面,中性,0,0.7771591131114175,0.029580634694967495,0.7771591131114175,0.19326025219361515,中性,中性,,False
学习区,BV1uz4y1475S,【洛必达法则】高考使用指南,6049183,276506,78550,230485,4836,23660,任意,,任意,0,0,1,0,0,0.0,0.0,0.0,0.0,0.0,0.0,0.0,0.0,0,0,0,0,0,0,0,0,无明显情感,未明确对象,未明确方面,中性,0,0.6641811267415451,0.13348938228347546,0.6641811267415451,0.20232949097497943,中性,中性,,False
学习区,BV1uz4y1475S,【洛必达法则】高考使用指南,6049183,276506,78550,230485,4836,23660,b,,b,0,0,1,0,0,0.0,0.0,0.0,0.0,0.0,0.0,0.0,0.0,0,0,0,0,0,0,0,0,无明显情感,未明确对象,未明确方面,中性,0,0.5624860751214997,0.09684947904048005,0.5624860751214997,0.3406644458380203,中性,中性,,False
学习区,BV1uz4y1475S,【洛必达法则】高考使用指南,6049183,276506,78550,230485,4836,23660,？？？？？啥音,,？？？？？啥音,0,0,7,0,5,0.0,0.0,0.0,0.0,0.0,0.0,0.0,0.0,0,0,0,0,0,0,0,0,无明显情感,未明确对象,未明确方面,中性,-1,0.9969248417654674,0.9969248417654674,0.002999547835659641,7.56103988728622e-05,负面,负面,,False
学习区,BV1uz4y1475S,【洛必达法则】高考使用指南,6049183,276506,78550,230485,4836,23660,洛漫漫其修远兮，吾将上下而求导！,,洛漫漫其修远兮，吾将上下而求导！,0,0,11,1,0,0.0,0.0,0.0,0.0,0.0,0.0,0.0,0.0,0,0,0,0,0,0,0,0,无明显情感,未明确对象,未明确方面,中性,0,0.5438532864417833,0.3364081157542305,0.5438532864417833,0.11973859780398607,中性,中性,,False
学习区,BV1uz4y1475S,【洛必达法则】高考使用指南,6049183,276506,78550,230485,4836,23660,洛之力，十段！,,洛之力，十段！,0,0,4,1,0,0.0,0.0,0.0,0.0,0.0,0.0,0.0,0.0,0,0,0,0,0,0,0,0,无明显情感,未明确对象,未明确方面,中性,0,0.4809374229590699,0.1402827556064021,0.4809374229590699,0.37877982143452804,中性,中性,,False
学习区,BV1uz4y1475S,【洛必达法则】高考使用指南,6049183,276506,78550,230485,4836,23660,不尔，哪里装了？这题洛必达秒了！你不知道洛必达吗？哈~大学知识，很简单的,,不尔，哪里装了？这题洛必达秒了！你不知道洛必达吗？哈大学知识，很简单的,1,0,19,1,2,1.5,1.5,0.0,1.5,0.05263157894736842,1.5,1.5,0.0,0,0,0,0,0,0,0,1,对象评价,未明确对象,理解与难度,正面,-1,0.9658804443602607,0.9658804443602607,0.024117667184219024,0.010001888455520304,负面,负面,,False
学习区,BV1uz4y1475S,【洛必达法则】高考使用指南,6049183,276506,78550,230485,4836,23660,扣一点点分和只能得一点点分，我还是分得清的。,,扣一点点分和只能得一点点分，我还是分得清的。,0,0,11,0,0,0.0,0.0,0.0,0.0,0.0,0.0,0.0,0.0,0,0,0,0,0,0,0,0,无明显情感,未明确对象,未明确方面,中性,-1,0.4300785791605257,0.4300785791605257,0.4132824104847938,0.1566390103546804,负面,负面,,False
学习区,BV1uz4y1475S,【洛必达法则】高考使用指南,6049183,276506,78550,230485,4836,23660,好神圣的音乐,,好神圣的音乐,0,0,3,0,0,0.0,0.0,0.0,0.0,0.0,0.0,0.0,0.0,0,0,0,0,0,0,0,0,无明显情感,未明确对象,未明确方面,中性,1,0.5704034300874576,0.312588872888985,0.11700769702355725,0.5704034300874576,正面,正面,,False
学习区,BV1uz4y1475S,【洛必达法则】高考使用指南,6049183,276506,78550,230485,4836,23660,天阶斗技,,天阶斗技,0,0,2,0,0,0.0,0.0,0.0,0.0,0.0,0.0,0.0,0.0,0,0,0,0,0,0,0,0,无明显情感,未明确对象,未明确方面,中性,0,0.6585046096608349,0.14118285317383877,0.6585046096608349,0.20031253716532643,中性,中性,,False
学习区,BV1uz4y1475S,【洛必达法则】高考使用指南,6049183,276506,78550,230485,4836,23660,为什么这里的x等于无穷大带进去f(X)是无穷小啊,,为什么这里的x等于无穷大带进去fX是无穷小啊,0,0,8,0,0,0.0,0.0,0.0,0.0,0.0,0.0,0.0,0.0,0,0,0,0,0,0,0,0,无明显情感,未明确对象,未明确方面,中性,0,0.6859973947499416,0.26780674657953374,0.6859973947499416,0.04619585867052471,中性,中性,,False
学习区,BV1uz4y1475S,【洛必达法则】高考使用指南,6049183,276506,78550,230485,4836,23660,王权富贵,,王权富贵,0,0,2,0,0,0.0,0.0,0.0,0.0,0.0,0.0,0.0,0.0,0,0,0,0,0,0,0,0,无明显情感,未明确对象,未明确方面,中性,0,0.6585046096608349,0.14118285317383877,0.6585046096608349,0.20031253716532643,中性,中性,,False
学习区,BV1uz4y1475S,【洛必达法则】高考使用指南,6049183,276506,78550,230485,4836,23660,“ 扣一点”,,扣一点,0,0,2,0,0,0.0,0.0,0.0,0.0,0.0,0.0,0.0,0.0,0,0,0,0,0,0,0,0,无明显情感,未明确对象,未明确方面,中性,0,0.6969676067316255,0.20975835508118082,0.6969676067316255,0.09327403818719351,中性,中性,,False
学习区,BV1uz4y1475S,【洛必达法则】高考使用指南,6049183,276506,78550,230485,4836,23660,对赞了我的人数学必上130十说:(数学)他也许在最后的地点，在你的身边，在你的梦魇，如果看见他请别害怕[星星眼][星星眼][呲牙],,对赞了我的人数学必上130十说数学他也许在最后的地点，在你的身边，在你的梦魇，如果看见他请别害怕星星眼星星眼呲牙,1,0,28,0,0,1.0,1.0,0.0,1.0,0.03571428571428571,1.0,1.0,0.0,0,0,0,0,0,0,0,1,对象评价,课程内容,未明确方面,正面,-1,0.6487998670458115,0.6487998670458115,0.11956932401341766,0.23163080894077076,负面,正面,,False
学习区,BV1uz4y1475S,【洛必达法则】高考使用指南,6049183,276506,78550,230485,4836,23660,直接去搜双曲正弦函数就好了,,直接去搜双曲正弦函数就好了,0,0,8,0,0,0.0,0.0,0.0,0.0,0.0,0.0,0.0,0.0,0,0,0,0,0,0,0,0,无明显情感,未明确对象,未明确方面,中性,0,0.6275743048244112,0.1103055300276354,0.6275743048244112,0.2621201651479534,中性,中性,,False
学习区,BV1uz4y1475S,【洛必达法则】高考使用指南,6049183,276506,78550,230485,4836,23660,非常明显的双曲正弦函数,,非常明显的双曲正弦函数,0,0,4,0,0,0.0,0.0,0.0,0.0,0.0,0.0,0.0,0.0,0,0,0,0,0,0,0,0,无明显情感,未明确对象,未明确方面,中性,0,0.8667325105972591,0.05304186816429787,0.8667325105972591,0.08022562123844307,中性,中性,,False
学习区,BV1uz4y1475S,【洛必达法则】高考使用指南,6049183,276506,78550,230485,4836,23660,《坐椅待币》小猪明示投币,,坐椅待币小猪明示投币,1,0,5,0,0,1.0,1.0,0.0,1.0,0.2,1.0,1.0,0.0,0,0,0,0,0,0,0,1,对象评价,未明确对象,未明确方面,正面,1,0.8561361275255069,0.051252211191329576,0.09261166128316352,0.8561361275255069,正面,正面,1.0,True
学习区,BV1uz4y1475S,【洛必达法则】高考使用指南,6049183,276506,78550,230485,4836,23660,华夏风韵，洛水天依,,华夏风韵，洛水天依,0,0,5,0,0,0.0,0.0,0.0,0.0,0.0,0.0,0.0,0.0,0,0,0,0,0,0,0,0,无明显情感,未明确对象,未明确方面,中性,-1,0.4623966314366325,0.4623966314366325,0.33553296149082396,0.20207040707254353,负面,负面,,False
学习区,BV1uz4y1475S,【洛必达法则】高考使用指南,6049183,276506,78550,230485,4836,23660,桑葚胚看懂了,,桑葚胚看懂了,1,0,3,0,0,1.0,1.0,0.0,1.0,0.3333333333333333,1.0,1.0,0.0,0,0,0,0,1,0,0,1,对象评价+认知状态,未明确对象,理解与难度,正面,1,0.9016816731177184,0.0519154393000305,0.046402887582250994,0.9016816731177184,正面,正面,1.0,True
学习区,BV1uz4y1475S,【洛必达法则】高考使用指南,6049183,276506,78550,230485,4836,23660,好玩在哪,,好玩在哪,1,0,3,0,0,1.0,1.0,0.0,1.0,0.3333333333333333,1.0,1.0,0.0,0,0,0,0,0,0,0,1,对象评价,未明确对象,未明确方面,正面,-1,0.7231980138269217,0.7231980138269217,0.15366976805442617,0.12313221811865203,负面,负面,-1.0,True
学习区,BV1uz4y1475S,【洛必达法则】高考使用指南,6049183,276506,78550,230485,4836,23660,咕咕咕后悔你好好,,咕咕咕后悔你好好,0,0,4,0,0,0.0,0.0,0.0,0.0,0.0,0.0,0.0,0.0,0,0,0,0,0,0,0,0,无明显情感,未明确对象,未明确方面,中性,0,0.49631833364274935,0.22228122804559772,0.49631833364274935,0.28140043831165285,中性,中性,,False
学习区,BV1uz4y1475S,【洛必达法则】高考使用指南,6049183,276506,78550,230485,4836,23660,你怎么知道我是从导数那节跳过来的,,你怎么知道我是从导数那节跳过来的,0,0,6,0,0,0.0,0.0,0.0,0.0,0.0,0.0,0.0,0.0,0,0,0,0,0,0,0,0,无明显情感,未明确对象,未明确方面,中性,-1,0.8251262996589518,0.8251262996589518,0.13854595769114456,0.03632774264990361,负面,负面,,False
学习区,BV1uz4y1475S,【洛必达法则】高考使用指南,6049183,276506,78550,230485,4836,23660,这边听不懂可以去学一下高二。,,这边听不懂可以去学一下高二。,0,2,6,0,0,-2.0,0.0,2.0,2.0,0.3333333333333333,-2.0,0.0,2.0,0,0,0,1,0,0,0,1,对象评价+认知状态,未明确对象,理解与难度,负面,0,0.9081145695492436,0.06230363968659441,0.9081145695492436,0.029581790764161977,中性,负面,,False
学习区,BV1uz4y1475S,【洛必达法则】高考使用指南,6049183,276506,78550,230485,4836,23660,洛,,洛,0,0,1,0,0,0.0,0.0,0.0,0.0,0.0,0.0,0.0,0.0,0,0,0,0,0,0,0,0,无明显情感,未明确对象,未明确方面,中性,0,0.6336564953094637,0.05451627930953967,0.6336564953094637,0.31182722538099666,中性,中性,,False
学习区,BV1uz4y1475S,【洛必达法则】高考使用指南,6049183,276506,78550,230485,4836,23660,amazing!,,amazing!,0,0,2,1,0,0.0,0.0,0.0,0.0,0.0,0.0,0.0,0.0,0,0,0,0,0,0,0,0,无明显情感,未明确对象,未明确方面,中性,0,0.6196675543728076,0.12235768629418116,0.6196675543728076,0.2579747593330113,中性,中性,,False
学习区,BV1uz4y1475S,【洛必达法则】高考使用指南,6049183,276506,78550,230485,4836,23660,霞！,,霞！,0,0,2,1,0,0.0,0.0,0.0,0.0,0.0,0.0,0.0,0.0,0,0,0,0,0,0,0,0,无明显情感,未明确对象,未明确方面,中性,0,0.6014191404432303,0.04859558453785338,0.6014191404432303,0.3499852750189163,中性,中性,,False
学习区,BV1uz4y1475S,【洛必达法则】高考使用指南,6049183,276506,78550,230485,4836,23660,吓老子一跳。。。,,吓老子一跳。。。,0,0,6,0,0,0.0,0.0,0.0,0.0,0.0,0.0,0.0,0.0,0,0,0,0,0,0,0,0,无明显情感,未明确对象,未明确方面,中性,0,0.6499687778314033,0.16111893444261885,0.6499687778314033,0.18891228772597787,中性,中性,,False
学习区,BV1uz4y1475S,【洛必达法则】高考使用指南,6049183,276506,78550,230485,4836,23660,洛水天依,,洛水天依,0,0,2,0,0,0.0,0.0,0.0,0.0,0.0,0.0,0.0,0.0,0,0,0,0,0,0,0,0,无明显情感,未明确对象,未明确方面,中性,0,0.6585046096608349,0.14118285317383877,0.6585046096608349,0.20031253716532643,中性,中性,,False
学习区,BV1uz4y1475S,【洛必达法则】高考使用指南,6049183,276506,78550,230485,4836,23660,大半夜吓我一跳,,大半夜吓我一跳,0,0,4,0,0,0.0,0.0,0.0,0.0,0.0,0.0,0.0,0.0,0,0,0,0,0,0,0,0,无明显情感,未明确对象,未明确方面,中性,0,0.5773904141744203,0.19072433015491203,0.5773904141744203,0.2318852556706677,中性,中性,,False
学习区,BV1uz4y1475S,【洛必达法则】高考使用指南,6049183,276506,78550,230485,4836,23660,唯有一洛,,唯有一洛,0,0,2,0,0,0.0,0.0,0.0,0.0,0.0,0.0,0.0,0.0,0,0,0,0,0,0,0,0,无明显情感,未明确对象,未明确方面,中性,0,0.6585046096608349,0.14118285317383877,0.6585046096608349,0.20031253716532643,中性,中性,,False
学习区,BV1uz4y1475S,【洛必达法则】高考使用指南,6049183,276506,78550,230485,4836,23660,我洛！,,我洛！,0,0,2,1,0,0.0,0.0,0.0,0.0,0.0,0.0,0.0,0.0,0,0,0,0,0,0,0,0,无明显情感,未明确对象,未明确方面,中性,0,0.6014191404432303,0.04859558453785338,0.6014191404432303,0.3499852750189163,中性,中性,,False
学习区,BV1uz4y1475S,【洛必达法则】高考使用指南,6049183,276506,78550,230485,4836,23660,其实我觉得他不用落了，就是在他算完第一步的时候正无穷大比正无穷大，然后根据纸指数爆炸大于命数，然后再大于对数，所以说你可以得出大正无穷比小正无穷等于正无穷，所以说选b,,其实我觉得他不用落了，就是在他算完第一步的时候正无穷大比正无穷大，然后根据纸指数爆炸大于命数，然后再大于对数，所以说你可以得出大正无穷比小正无穷等于正无穷，所以说选b,1,0,45,0,0,1.0,1.0,0.0,1.0,0.022222222222222223,1.0,1.0,0.0,0,0,0,0,0,0,0,1,对象评价,未明确对象,未明确方面,正面,0,0.6161102269419556,0.24636167389748376,0.6161102269419556,0.13752809916056066,中性,中性,0.0,True
学习区,BV1uz4y1475S,【洛必达法则】高考使用指南,6049183,276506,78550,230485,4836,23660,哦~~~,,哦,0,0,1,0,0,0.0,0.0,0.0,0.0,0.0,0.0,0.0,0.0,0,0,0,0,0,0,0,0,无明显情感,未明确对象,未明确方面,中性,0,0.6976134483379424,0.10927304631979766,0.6976134483379424,0.19311350534225985,中性,中性,,False
学习区,BV1uz4y1475S,【洛必达法则】高考使用指南,6049183,276506,78550,230485,4836,23660,暴力计算,,暴力计算,0,0,2,0,0,0.0,0.0,0.0,0.0,0.0,0.0,0.0,0.0,0,0,0,0,0,0,0,0,无明显情感,未明确对象,未明确方面,中性,0,0.6642403907236412,0.16047243918755313,0.6642403907236412,0.17528717008880576,中性,中性,,False
学习区,BV1uz4y1475S,【洛必达法则】高考使用指南,6049183,276506,78550,230485,4836,23660,666,,666,1,0,1,0,0,1.0,1.0,0.0,1.0,1.0,1.0,1.0,0.0,0,0,0,0,0,0,0,1,对象评价,未明确对象,未明确方面,正面,1,0.8620753933089902,0.07238606976980684,0.06553853692120293,0.8620753933089902,正面,正面,,False
学习区,BV1uz4y1475S,【洛必达法则】高考使用指南,6049183,276506,78550,230485,4836,23660,高斯函数可以求导嘛,,高斯函数可以求导嘛,1,0,5,0,0,1.0,1.0,0.0,1.0,0.2,1.0,1.0,0.0,0,0,0,0,0,0,0,1,对象评价,未明确对象,未明确方面,正面,0,0.768532581056083,0.07718052954580633,0.768532581056083,0.15428688939811053,中性,中性,0.0,True
学习区,BV1uz4y1475S,【洛必达法则】高考使用指南,6049183,276506,78550,230485,4836,23660,这高一会考吗？咋一点听不懂，求导咋算的？,,这高一会考吗？咋一点听不懂，求导咋算的？,0,1,10,0,2,-1.0,0.0,1.0,1.0,0.1,-1.0,0.0,1.0,0,0,0,1,0,0,0,1,对象评价+认知状态,未明确对象,理解与难度,负面,-1,0.8606812115569324,0.8606812115569324,0.1368722054716609,0.002446582971406762,负面,负面,,False
学习区,BV1uz4y1475S,【洛必达法则】高考使用指南,6049183,276506,78550,230485,4836,23660,梅开二度   《哦～～～》,,梅开二度哦,0,0,2,0,0,0.0,0.0,0.0,0.0,0.0,0.0,0.0,0.0,0,0,0,0,0,0,0,0,无明显情感,未明确对象,未明确方面,中性,0,0.6927523528125363,0.1157548397068081,0.6927523528125363,0.1914928074806557,中性,中性,,False
学习区,BV1uz4y1475S,【洛必达法则】高考使用指南,6049183,276506,78550,230485,4836,23660,《洛神赋》！！！！！！！！！,,洛神赋！！！！！！！！！,0,0,10,9,0,0.0,0.0,0.0,0.0,0.0,0.0,0.0,0.0,0,0,0,0,0,0,0,0,无明显情感,未明确对象,未明确方面,中性,1,0.4523785753140716,0.30302500739211025,0.24459641729381817,0.4523785753140716,正面,正面,,False
学习区,BV1uz4y1475S,【洛必达法则】高考使用指南,6049183,276506,78550,230485,4836,23660,那就可以咯！！！！！！！！！！！！！！！,,那就可以咯！！！！！！！！！！！！！！！,1,0,18,15,0,1.0,1.0,0.0,1.0,0.05555555555555555,1.0,1.0,0.0,0,0,0,0,0,0,0,1,对象评价,未明确对象,未明确方面,正面,1,0.8748360959331822,0.09432674265840131,0.030837161408416375,0.8748360959331822,正面,正面,1.0,True
学习区,BV1uz4y1475S,【洛必达法则】高考使用指南,6049183,276506,78550,230485,4836,23660,接着洛，洛到出题人他家里去！,,接着洛，洛到出题人他家里去！,0,0,9,1,0,0.0,0.0,0.0,0.0,0.0,0.0,0.0,0.0,0,0,0,0,0,0,0,0,无明显情感,未明确对象,未明确方面,中性,1,0.5042056662193691,0.06251689452177824,0.43327743925885265,0.5042056662193691,正面,正面,,False
学习区,BV1uz4y1475S,【洛必达法则】高考使用指南,6049183,276506,78550,230485,4836,23660,有没有可能是《洛洛洛洛洛》,,有没有可能是洛洛洛洛洛,0,0,3,0,0,0.0,0.0,0.0,0.0,0.0,0.0,0.0,0.0,0,0,0,0,0,0,0,0,无明显情感,未明确对象,未明确方面,中性,0,0.5203011598757635,0.41512147056917664,0.5203011598757635,0.06457736955505988,中性,中性,,False
学习区,BV1uz4y1475S,【洛必达法则】高考使用指南,6049183,276506,78550,230485,4836,23660,注意右下角！！！！！！！！！！！！！,,注意右下角！！！！！！！！！！！！！,0,0,15,13,0,0.0,0.0,0.0,0.0,0.0,0.0,0.0,0.0,0,0,0,0,0,0,0,0,无明显情感,未明确对象,未明确方面,中性,1,0.5107255474239827,0.34036007711707805,0.14891437545893926,0.5107255474239827,正面,正面,,False
学习区,BV1uz4y1475S,【洛必达法则】高考使用指南,6049183,276506,78550,230485,4836,23660,前方高能！！！！！,,前方高能！！！！！,1,0,7,5,0,1.0,1.0,0.0,1.0,0.14285714285714285,1.0,1.0,0.0,0,0,0,0,0,0,0,1,对象评价,未明确对象,未明确方面,正面,0,0.4589279913650478,0.11866381664227753,0.4589279913650478,0.4224081919926747,中性,中性,0.0,True
学习区,BV1uz4y1475S,【洛必达法则】高考使用指南,6049183,276506,78550,230485,4836,23660,我太难受了！！！！这个趋近于一直在针对我。。。。,,我太难受了！！！！这个趋近于一直在针对我。。。。,0,1,15,4,0,-1.0,0.0,1.0,1.0,0.06666666666666667,-1.0,0.0,1.0,0,0,1,0,0,0,0,1,对象评价+自身情绪,未明确对象,理解与难度,负面,-1,0.4545588295749748,0.4545588295749748,0.43449015577321315,0.1109510146518121,负面,负面,,False
学习区,BV1uz4y1475S,【洛必达法则】高考使用指南,6049183,276506,78550,230485,4836,23660,左,,左,0,0,1,0,0,0.0,0.0,0.0,0.0,0.0,0.0,0.0,0.0,0,0,0,0,0,0,0,0,无明显情感,未明确对象,未明确方面,中性,0,0.6641811267415451,0.13348938228347546,0.6641811267415451,0.20232949097497943,中性,中性,,False
学习区,BV1uz4y1475S,【洛必达法则】高考使用指南,6049183,276506,78550,230485,4836,23660,有个问题，那怎么确定在是1/1的时候，它是在下部分，而不是在上部分呢？为什么不是在趋近于零是在x的上部分，而是在x的下部分,,有个问题，那怎么确定在是11的时候，它是在下部分，而不是在上部分呢？为什么不是在趋近于零是在x的上部分，而是在x的下部分,0,1,34,0,1,-1.0,0.0,1.0,1.0,0.029411764705882353,-1.0,0.0,1.0,0,0,0,0,0,0,0,1,对象评价,未明确对象,未明确方面,负面,-1,0.969384231879014,0.969384231879014,0.029802886954322007,0.0008128811666639002,负面,负面,,False
学习区,BV1uz4y1475S,【洛必达法则】高考使用指南,6049183,276506,78550,230485,4836,23660,有物化地的吗,,有物化地的吗,0,0,3,0,0,0.0,0.0,0.0,0.0,0.0,0.0,0.0,0.0,0,0,0,0,0,0,0,0,无明显情感,未明确对象,未明确方面,中性,0,0.5973590815475857,0.32366193200409593,0.5973590815475857,0.07897898644831843,中性,中性,,False
学习区,BV1uz4y1475S,【洛必达法则】高考使用指南,6049183,276506,78550,230485,4836,23660,高考可以直接用吗？,,高考可以直接用吗？,1,0,5,0,1,1.0,1.0,0.0,1.0,0.2,1.0,1.0,0.0,0,0,0,0,0,0,0,1,对象评价,未明确对象,未明确方面,正面,0,0.7038756240761933,0.09956985569379939,0.7038756240761933,0.19655452023000722,中性,中性,0.0,True
学习区,BV1uz4y1475S,【洛必达法则】高考使用指南,6049183,276506,78550,230485,4836,23660,阿玛特拉斯,,阿玛特拉斯,0,0,2,0,0,0.0,0.0,0.0,0.0,0.0,0.0,0.0,0.0,0,0,0,0,0,0,0,0,无明显情感,未明确对象,未明确方面,中性,0,0.6585046096608349,0.14118285317383877,0.6585046096608349,0.20031253716532643,中性,中性,,False
学习区,BV1uz4y1475S,【洛必达法则】高考使用指南,6049183,276506,78550,230485,4836,23660,吓哭了,,吓哭了,0,1,1,0,0,-1.0,0.0,1.0,1.0,1.0,-1.0,0.0,1.0,0,0,0,0,0,0,0,1,对象评价,未明确对象,未明确方面,负面,-1,0.7771911503673081,0.7771911503673081,0.13411803258562388,0.08869081704706784,负面,中性,0.0,True
学习区,BV1uz4y1475S,【洛必达法则】高考使用指南,6049183,276506,78550,230485,4836,23660,巜警告一次》,,巜警告一次,0,0,3,0,0,0.0,0.0,0.0,0.0,0.0,0.0,0.0,0.0,0,0,0,0,0,0,0,0,无明显情感,未明确对象,未明确方面,中性,0,0.6525424904832393,0.14924331021065323,0.6525424904832393,0.19821419930610756,中性,中性,,False
学习区,BV1uz4y1475S,【洛必达法则】高考使用指南,6049183,276506,78550,230485,4836,23660,《警告一次》,,警告一次,0,0,2,0,0,0.0,0.0,0.0,0.0,0.0,0.0,0.0,0.0,0,0,0,0,0,0,0,0,无明显情感,未明确对象,未明确方面,中性,0,0.6585046096608349,0.14118285317383877,0.6585046096608349,0.20031253716532643,中性,中性,,False
学习区,BV1uz4y1475S,【洛必达法则】高考使用指南,6049183,276506,78550,230485,4836,23660,还有112天高考,,还有112天高考,0,0,4,0,0,0.0,0.0,0.0,0.0,0.0,0.0,0.0,0.0,0,0,0,0,0,0,0,0,无明显情感,未明确对象,未明确方面,中性,0,0.5935475670587499,0.1281035508823268,0.5935475670587499,0.2783488820589233,中性,中性,,False
学习区,BV1uz4y1475S,【洛必达法则】高考使用指南,6049183,276506,78550,230485,4836,23660,1  0,,10,0,0,1,0,0,0.0,0.0,0.0,0.0,0.0,0.0,0.0,0.0,0,0,0,0,0,0,0,0,无明显情感,未明确对象,未明确方面,中性,0,0.7003877834255683,0.10204030044530313,0.7003877834255683,0.19757191612912844,中性,中性,,False
学习区,BV1uz4y1475S,【洛必达法则】高考使用指南,6049183,276506,78550,230485,4836,23660,无限接近还是去不到啊？,,无限接近还是去不到啊？,0,0,6,0,1,0.0,0.0,0.0,0.0,0.0,0.0,0.0,0.0,0,0,0,0,0,0,0,0,无明显情感,未明确对象,未明确方面,中性,-1,0.8819155624600807,0.8819155624600807,0.09342043643298949,0.02466400110692974,负面,负面,,False
学习区,BV1uz4y1475S,【洛必达法则】高考使用指南,6049183,276506,78550,230485,4836,23660,这小别致真东西   O(∩_∩)O,,这小别致真东西OO,0,0,5,0,0,0.0,0.0,0.0,0.0,0.0,0.0,0.0,0.0,0,0,0,0,0,0,0,0,无明显情感,未明确对象,未明确方面,中性,0,0.6310673932917514,0.1602339314844096,0.6310673932917514,0.20869867522383914,中性,中性,,False
学习区,BV1uz4y1475S,【洛必达法则】高考使用指南,6049183,276506,78550,230485,4836,23660,端点效应秒了,,端点效应秒了,0,0,3,0,0,0.0,0.0,0.0,0.0,0.0,0.0,0.0,0.0,0,0,0,0,0,0,0,0,无明显情感,未明确对象,未明确方面,中性,-1,0.6515084274523364,0.6515084274523364,0.16842652843968395,0.18006504410797955,负面,负面,,False
学习区,BV1uz4y1475S,【洛必达法则】高考使用指南,6049183,276506,78550,230485,4836,23660,从高中数学必修一A版中把Y等于sinX的泰勒展开挖了出来，a,,从高中数学必修一A版中把Y等于sinX的泰勒展开挖了出来，a,0,0,15,0,0,0.0,0.0,0.0,0.0,0.0,0.0,0.0,0.0,0,0,0,0,0,0,0,0,无明显情感,课程内容,未明确方面,中性,-1,0.7585232300371281,0.7585232300371281,0.20143664647899426,0.04004012348387765,负面,负面,,False
学习区,BV1uz4y1475S,【洛必达法则】高考使用指南,6049183,276506,78550,230485,4836,23660,「数神道」第八阶----洛必达法则,,数神道第八阶洛必达法则,0,0,6,0,0,0.0,0.0,0.0,0.0,0.0,0.0,0.0,0.0,0,0,0,0,0,0,0,0,无明显情感,未明确对象,未明确方面,中性,0,0.6845790097656992,0.2956874942423618,0.6845790097656992,0.019733495991938996,中性,中性,,False
学习区,BV1uz4y1475S,【洛必达法则】高考使用指南,6049183,276506,78550,230485,4836,23660,坐以待毙,,坐以待毙,0,0,1,0,0,0.0,0.0,0.0,0.0,0.0,0.0,0.0,0.0,0,0,0,0,0,0,0,0,无明显情感,未明确对象,未明确方面,中性,0,0.6641811267415451,0.13348938228347546,0.6641811267415451,0.20232949097497943,中性,中性,,False
学习区,BV1uz4y1475S,【洛必达法则】高考使用指南,6049183,276506,78550,230485,4836,23660,其实你取100的话指数函数的爆炸型增长肯定是趋近于正无穷的,,其实你取100的话指数函数的爆炸型增长肯定是趋近于正无穷的,1,0,13,0,0,1.0,1.0,0.0,1.0,0.07692307692307693,1.0,1.0,0.0,0,0,0,0,0,0,0,1,对象评价,未明确对象,未明确方面,正面,0,0.6645367805618153,0.10965652941855085,0.6645367805618153,0.2258066900196339,中性,中性,0.0,True
学习区,BV1uz4y1475S,【洛必达法则】高考使用指南,6049183,276506,78550,230485,4836,23660,雷霆配乐,,雷霆配乐,0,0,2,0,0,0.0,0.0,0.0,0.0,0.0,0.0,0.0,0.0,0,0,0,0,0,0,0,0,无明显情感,视频内容,视听体验,中性,0,0.6585046096608349,0.14118285317383877,0.6585046096608349,0.20031253716532643,中性,中性,,False
学习区,BV1uz4y1475S,【洛必达法则】高考使用指南,6049183,276506,78550,230485,4836,23660,lim啥意思？,,lim啥意思？,0,0,3,0,1,0.0,0.0,0.0,0.0,0.0,0.0,0.0,0.0,0,0,0,0,0,0,0,0,无明显情感,未明确对象,未明确方面,中性,0,0.5083933431742076,0.4376383001759027,0.5083933431742076,0.05396835664988974,中性,中性,,False
学习区,BV1uz4y1475S,【洛必达法则】高考使用指南,6049183,276506,78550,230485,4836,23660,b哥专用,,b哥专用,0,0,3,0,0,0.0,0.0,0.0,0.0,0.0,0.0,0.0,0.0,0,0,0,0,0,0,0,0,无明显情感,未明确对象,未明确方面,中性,0,0.5087542380283342,0.23842868298546413,0.5087542380283342,0.25281707898620176,中性,中性,,False
学习区,BV1uz4y1475S,【洛必达法则】高考使用指南,6049183,276506,78550,230485,4836,23660,恭喜获得技能:[等效]！！！,,恭喜获得技能等效！！！,1,0,7,3,0,1.0,1.0,0.0,1.0,0.14285714285714285,1.0,1.0,0.0,0,0,0,0,0,0,0,1,对象评价,未明确对象,未明确方面,正面,1,0.7677793621306878,0.14845861851528902,0.0837620193540232,0.7677793621306878,正面,正面,1.0,True
学习区,BV1uz4y1475S,【洛必达法则】高考使用指南,6049183,276506,78550,230485,4836,23660,《洛の二阶导》,,洛二阶导,0,0,3,0,0,0.0,0.0,0.0,0.0,0.0,0.0,0.0,0.0,0,0,0,0,0,0,0,0,无明显情感,未明确对象,未明确方面,中性,0,0.6294848645991131,0.061628769066937504,0.6294848645991131,0.30888636633394945,中性,中性,,False
学习区,BV1uz4y1475S,【洛必达法则】高考使用指南,6049183,276506,78550,230485,4836,23660,合着分式的无限值(不管最大还是最小)相等？,,合着分式的无限值不管最大还是最小相等？,0,0,10,0,1,0.0,0.0,0.0,0.0,0.0,0.0,0.0,0.0,0,0,0,0,0,0,0,0,无明显情感,未明确对象,未明确方面,中性,-1,0.7891435426319156,0.7891435426319156,0.1888959279271516,0.02196052944093297,负面,负面,,False
学习区,BV1uz4y1475S,【洛必达法则】高考使用指南,6049183,276506,78550,230485,4836,23660,脑白金，年轻态健康品。,,脑白金，年轻态健康品。,1,0,7,0,0,1.0,1.0,0.0,1.0,0.14285714285714285,1.0,1.0,0.0,0,0,0,0,0,0,0,1,对象评价,未明确对象,未明确方面,正面,1,0.6872781658330896,0.11631625149730426,0.19640558266960617,0.6872781658330896,正面,中性,0.0,True
学习区,BV1uz4y1475S,【洛必达法则】高考使用指南,6049183,276506,78550,230485,4836,23660,我就静静看着你啊啊啊哦,,我就静静看着你啊啊啊哦,0,0,5,0,0,0.0,0.0,0.0,0.0,0.0,0.0,0.0,0.0,0,0,0,0,0,0,0,0,无明显情感,未明确对象,未明确方面,中性,0,0.5900789604749785,0.19713926173919247,0.5900789604749785,0.21278177778582896,中性,中性,,False
学习区,BV1uz4y1475S,【洛必达法则】高考使用指南,6049183,276506,78550,230485,4836,23660,看成lnx/（1/x），套用洛必达变为（1/x）/（-1/x²）即-x即0,,看成lnx1x，套用洛必达变为1x1x即x即0,0,0,11,0,0,0.0,0.0,0.0,0.0,0.0,0.0,0.0,0.0,0,0,0,0,0,0,0,0,无明显情感,未明确对象,未明确方面,中性,-1,0.6492916018966604,0.6492916018966604,0.3243130525898276,0.02639534551351205,负面,负面,,False
学习区,BV1uz4y1475S,【洛必达法则】高考使用指南,6049183,276506,78550,230485,4836,23660,没事，洛必达法则在大学生期末考中不会扣过程分嘿嘿,,没事，洛必达法则在大学生期末考中不会扣过程分嘿嘿,0,1,13,0,0,-1.0,0.0,1.0,1.0,0.07692307692307693,-1.0,0.0,1.0,0,0,0,0,0,0,0,1,对象评价,未明确对象,未明确方面,负面,-1,0.4997042685559118,0.4997042685559118,0.48941584485557876,0.01087988658850948,负面,负面,,False
学习区,BV1uz4y1475S,【洛必达法则】高考使用指南,6049183,276506,78550,230485,4836,23660,请收下我的膝盖,,请收下我的膝盖,0,0,3,0,0,0.0,0.0,0.0,0.0,0.0,0.0,0.0,0.0,0,0,0,0,0,0,0,0,无明显情感,未明确对象,未明确方面,中性,0,0.62188232770924,0.2248639893360137,0.62188232770924,0.15325368295474634,中性,中性,,False
学习区,BV1uz4y1475S,【洛必达法则】高考使用指南,6049183,276506,78550,230485,4836,23660,分母不为0,,分母不为0,0,0,3,0,0,0.0,0.0,0.0,0.0,0.0,0.0,0.0,0.0,0,0,0,0,0,0,0,0,无明显情感,未明确对象,未明确方面,中性,0,0.6897800349699875,0.13940499286574676,0.6897800349699875,0.17081497216426564,中性,中性,,False
学习区,BV1uz4y1475S,【洛必达法则】高考使用指南,6049183,276506,78550,230485,4836,23660,帕斯卡：你说得对↓,,帕斯卡你说得对,1,0,2,0,0,1.0,1.0,0.0,1.0,0.5,1.0,1.0,0.0,0,0,0,0,0,0,0,1,对象评价,未明确对象,未明确方面,正面,1,0.6241086333950894,0.21550727323583466,0.16038409336907591,0.6241086333950894,正面,正面,,False
学习区,BV1uz4y1475S,【洛必达法则】高考使用指南,6049183,276506,78550,230485,4836,23660,还是石头人玩家,,还是石头人玩家,0,0,4,0,0,0.0,0.0,0.0,0.0,0.0,0.0,0.0,0.0,0,0,0,0,0,0,0,0,无明显情感,未明确对象,未明确方面,中性,0,0.6814691314603659,0.1520166811908519,0.6814691314603659,0.1665141873487822,中性,中性,,False
学习区,BV1uz4y1475S,【洛必达法则】高考使用指南,6049183,276506,78550,230485,4836,23660,禾伙人打卡,,禾伙人打卡,0,0,2,0,0,0.0,0.0,0.0,0.0,0.0,0.0,0.0,0.0,0,0,0,0,0,0,0,0,无明显情感,未明确对象,未明确方面,中性,0,0.7783838125543223,0.02777335835076322,0.7783838125543223,0.19384282909491457,中性,中性,,False
学习区,BV1uz4y1475S,【洛必达法则】高考使用指南,6049183,276506,78550,230485,4836,23660,大学生飞过,,大学生飞过,0,0,2,0,0,0.0,0.0,0.0,0.0,0.0,0.0,0.0,0.0,0,0,0,0,0,0,0,0,无明显情感,未明确对象,未明确方面,中性,0,0.5383154434199818,0.18776689342276923,0.5383154434199818,0.2739176631572489,中性,中性,,False
学习区,BV1uz4y1475S,【洛必达法则】高考使用指南,6049183,276506,78550,230485,4836,23660,一年级听懂了,,一年级听懂了,1,0,2,0,0,1.0,1.0,0.0,1.0,0.5,1.0,1.0,0.0,0,0,0,0,1,0,0,1,对象评价+认知状态,未明确对象,理解与难度,正面,1,0.7815152700250193,0.18150210805899303,0.036982621915987654,0.7815152700250193,正面,正面,,False
学习区,BV1uz4y1475S,【洛必达法则】高考使用指南,6049183,276506,78550,230485,4836,23660,姐姐,,姐姐,0,0,1,0,0,0.0,0.0,0.0,0.0,0.0,0.0,0.0,0.0,0,0,0,0,0,0,0,0,无明显情感,未明确对象,未明确方面,中性,0,0.6247311718523993,0.11885614034855067,0.6247311718523993,0.2564126877990501,中性,中性,,False
学习区,BV1uz4y1475S,【洛必达法则】高考使用指南,6049183,276506,78550,230485,4836,23660,蓝粉色举起来！,,蓝粉色举起来！,0,0,5,1,0,0.0,0.0,0.0,0.0,0.0,0.0,0.0,0.0,0,0,0,0,0,0,0,0,无明显情感,未明确对象,未明确方面,中性,0,0.7002090874289332,0.03965294140410549,0.7002090874289332,0.2601379711669613,中性,中性,,False
学习区,BV1uz4y1475S,【洛必达法则】高考使用指南,6049183,276506,78550,230485,4836,23660,我目前为止见到X的分母，出现这种分数形式，他就会有渐进线。,,我目前为止见到X的分母，出现这种分数形式，他就会有渐进线。,0,0,16,0,0,0.0,0.0,0.0,0.0,0.0,0.0,0.0,0.0,0,0,0,0,0,0,0,0,无明显情感,未明确对象,未明确方面,中性,-1,0.6620738204406161,0.6620738204406161,0.19920810848576892,0.1387180710736149,负面,负面,,False
学习区,BV1uz4y1475S,【洛必达法则】高考使用指南,6049183,276506,78550,230485,4836,23660,大一高数进入,,大一高数进入,0,0,2,0,0,0.0,0.0,0.0,0.0,0.0,0.0,0.0,0.0,0,0,0,0,0,0,0,0,无明显情感,未明确对象,未明确方面,中性,0,0.6585046096608349,0.14118285317383877,0.6585046096608349,0.20031253716532643,中性,中性,,False
学习区,BV1uz4y1475S,【洛必达法则】高考使用指南,6049183,276506,78550,230485,4836,23660,不可否认的是，这题洛必达其实算麻烦了,,不可否认的是，这题洛必达其实算麻烦了,0,1,7,0,0,-1.0,0.0,1.0,1.0,0.14285714285714285,-1.0,0.0,1.0,0,0,1,0,0,0,0,1,对象评价+自身情绪,未明确对象,未明确方面,负面,-1,0.6890326365684681,0.6890326365684681,0.3024076236849168,0.008559739746615124,负面,负面,,False
学习区,BV1uz4y1475S,【洛必达法则】高考使用指南,6049183,276506,78550,230485,4836,23660,丁达尔效应秒了,,丁达尔效应秒了,0,0,3,0,0,0.0,0.0,0.0,0.0,0.0,0.0,0.0,0.0,0,0,0,0,0,0,0,0,无明显情感,未明确对象,未明确方面,中性,1,0.4204816694318465,0.27601098204907376,0.3035073485190798,0.4204816694318465,正面,正面,1.0,True
学习区,BV1uz4y1475S,【洛必达法则】高考使用指南,6049183,276506,78550,230485,4836,23660,前面的你分式上的分子说反了是母导子不导-子导母不导..,,前面的你分式上的分子说反了是母导子不导子导母不导..,0,0,11,0,0,0.0,0.0,0.0,0.0,0.0,0.0,0.0,0.0,0,0,0,0,0,0,0,0,无明显情感,未明确对象,未明确方面,中性,-1,0.47096305425591534,0.47096305425591534,0.3086109316616749,0.22042601408240983,负面,负面,,False
学习区,BV1uz4y1475S,【洛必达法则】高考使用指南,6049183,276506,78550,230485,4836,23660,[前方高能],,前方高能,1,0,2,0,0,1.0,1.0,0.0,1.0,0.5,1.0,1.0,0.0,0,0,0,0,0,0,0,1,对象评价,未明确对象,未明确方面,正面,0,0.8071909546722592,0.06386542074493343,0.8071909546722592,0.12894362458280734,中性,中性,0.0,True
学习区,BV1uz4y1475S,【洛必达法则】高考使用指南,6049183,276506,78550,230485,4836,23660,赶紧打开弹幕,,赶紧打开弹幕,0,0,3,0,0,0.0,0.0,0.0,0.0,0.0,0.0,0.0,0.0,0,0,0,0,0,0,0,0,无明显情感,未明确对象,未明确方面,中性,0,0.6440663901970961,0.050262494807481156,0.6440663901970961,0.3056711149954227,中性,中性,,False
学习区,BV1uz4y1475S,【洛必达法则】高考使用指南,6049183,276506,78550,230485,4836,23660,xlnx 没有必要用洛,,xlnx没有必要用洛,0,0,4,0,0,0.0,0.0,0.0,0.0,0.0,0.0,0.0,0.0,0,0,0,0,0,0,0,0,无明显情感,未明确对象,未明确方面,中性,-1,0.5487863261072258,0.5487863261072258,0.3979401856232214,0.05327348826955277,负面,负面,,False
学习区,BV1uz4y1475S,【洛必达法则】高考使用指南,6049183,276506,78550,230485,4836,23660,带0.01,,带0.01,0,0,2,0,0,0.0,0.0,0.0,0.0,0.0,0.0,0.0,0.0,0,0,0,0,0,0,0,0,无明显情感,未明确对象,未明确方面,中性,0,0.690353857136868,0.15962112839630732,0.690353857136868,0.1500250144668247,中性,中性,,False
学习区,BV1uz4y1475S,【洛必达法则】高考使用指南,6049183,276506,78550,230485,4836,23660,A,,A,0,0,1,0,0,0.0,0.0,0.0,0.0,0.0,0.0,0.0,0.0,0,0,0,0,0,0,0,0,无明显情感,未明确对象,未明确方面,中性,0,0.7658875808646918,0.09021378104030563,0.7658875808646918,0.14389863809500258,中性,中性,,False
学习区,BV1uz4y1475S,【洛必达法则】高考使用指南,6049183,276506,78550,230485,4836,23660,大一嗯老师好久不见,,大一嗯老师好久不见,0,0,4,0,0,0.0,0.0,0.0,0.0,0.0,0.0,0.0,0.0,0,0,0,0,0,0,0,0,无明显情感,讲解者,未明确方面,中性,1,0.46331300992629904,0.10737980620253942,0.42930718387116146,0.46331300992629904,正面,中性,,False
学习区,BV1uz4y1475S,【洛必达法则】高考使用指南,6049183,276506,78550,230485,4836,23660,van？？？,,van？？？,0,0,4,0,3,0.0,0.0,0.0,0.0,0.0,0.0,0.0,0.0,0,0,0,0,0,0,0,0,无明显情感,未明确对象,未明确方面,中性,-1,0.9477534346731366,0.9477534346731366,0.04856937620025599,0.0036771891266074185,负面,负面,,False
学习区,BV1uz4y1475S,【洛必达法则】高考使用指南,6049183,276506,78550,230485,4836,23660,甜菜！,,甜菜！,0,0,2,1,0,0.0,0.0,0.0,0.0,0.0,0.0,0.0,0.0,0,0,0,0,0,0,0,0,无明显情感,未明确对象,未明确方面,中性,0,0.6014191404432303,0.04859558453785338,0.6014191404432303,0.3499852750189163,中性,中性,,False
学习区,BV1uz4y1475S,【洛必达法则】高考使用指南,6049183,276506,78550,230485,4836,23660,前面的洛天依的可算是找到了（）,,前面的洛天依的可算是找到了,0,0,6,0,0,0.0,0.0,0.0,0.0,0.0,0.0,0.0,0.0,0,0,0,0,0,0,0,0,无明显情感,未明确对象,未明确方面,中性,1,0.3771216240964657,0.32092920215037246,0.3019491737531618,0.3771216240964657,正面,正面,1.0,True
学习区,BV1uz4y1475S,【洛必达法则】高考使用指南,6049183,276506,78550,230485,4836,23660,继续洛！！！洛他就完了！！！！,,继续洛！！！洛他就完了！！！！,0,1,12,7,0,-1.0,0.0,1.0,1.0,0.08333333333333333,-1.0,0.0,1.0,0,0,0,0,0,0,0,1,对象评价,未明确对象,未明确方面,负面,1,0.5653084760657893,0.16027904718756264,0.2744124767466481,0.5653084760657893,正面,正面,1.0,True
学习区,BV1uz4y1475S,【洛必达法则】高考使用指南,6049183,276506,78550,230485,4836,23660,只要絡不死,,只要絡不死,0,0,2,0,0,0.0,0.0,0.0,0.0,0.0,0.0,0.0,0.0,0,0,0,0,0,0,0,0,无明显情感,未明确对象,未明确方面,中性,0,0.5084256431486752,0.07343841898186257,0.5084256431486752,0.4181359378694622,中性,中性,,False
学习区,BV1uz4y1475S,【洛必达法则】高考使用指南,6049183,276506,78550,230485,4836,23660,其实我觉得我高三就是听早了，脑子反应不过来，现在大一听懂了,,其实我觉得我高三就是听早了，脑子反应不过来，现在大一听懂了,1,0,15,0,0,1.0,1.0,0.0,1.0,0.06666666666666667,1.0,1.0,0.0,1,0,0,0,1,0,0,1,对象评价+认知状态,未明确对象,理解与难度,正面,-1,0.8481925045007982,0.8481925045007982,0.03168147092266394,0.12012602457653794,负面,负面,-1.0,True
学习区,BV1uz4y1475S,【洛必达法则】高考使用指南,6049183,276506,78550,230485,4836,23660,？,,？,0,0,1,0,1,0.0,0.0,0.0,0.0,0.0,0.0,0.0,0.0,0,0,0,0,0,0,0,0,无明显情感,未明确对象,未明确方面,中性,-1,0.5026855283824632,0.5026855283824632,0.43069194972243574,0.066622521895101,负面,负面,,False
学习区,BV1uz4y1475S,【洛必达法则】高考使用指南,6049183,276506,78550,230485,4836,23660,奇偶性不会判断考什么高考,,奇偶性不会判断考什么高考,0,1,6,0,0,-1.0,0.0,1.0,1.0,0.16666666666666666,-1.0,0.0,1.0,0,0,0,0,0,0,0,1,对象评价,未明确对象,未明确方面,负面,0,0.8823945953817367,0.0915445709975899,0.8823945953817367,0.02606083362067351,中性,负面,,False
学习区,BV1uz4y1475S,【洛必达法则】高考使用指南,6049183,276506,78550,230485,4836,23660,大一爱看,,大一爱看,0,0,2,0,0,0.0,0.0,0.0,0.0,0.0,0.0,0.0,0.0,0,0,0,0,0,0,0,0,无明显情感,未明确对象,未明确方面,中性,0,0.5827543516805621,0.17713390479734029,0.5827543516805621,0.2401117435220977,中性,中性,,False
学习区,BV1uz4y1475S,【洛必达法则】高考使用指南,6049183,276506,78550,230485,4836,23660,0.000000001。。。。。,,0.000000001。。。。。,0,0,6,0,0,0.0,0.0,0.0,0.0,0.0,0.0,0.0,0.0,0,0,0,0,0,0,0,0,无明显情感,未明确对象,未明确方面,中性,0,0.7138194416073534,0.11622093069278082,0.7138194416073534,0.16995962769986572,中性,中性,,False
学习区,BV1uz4y1475S,【洛必达法则】高考使用指南,6049183,276506,78550,230485,4836,23660,好怕爸妈问我是不是在学习,,好怕爸妈问我是不是在学习,0,0,6,0,0,0.0,0.0,0.0,0.0,0.0,0.0,0.0,0.0,0,0,0,0,0,0,0,0,无明显情感,未明确对象,未明确方面,中性,-1,0.49692964743997003,0.49692964743997003,0.4801227785489645,0.022947574011065536,负面,中性,,False
学习区,BV1uz4y1475S,【洛必达法则】高考使用指南,6049183,276506,78550,230485,4836,23660,就一个零点也能看出来,,就一个零点也能看出来,0,0,6,0,0,0.0,0.0,0.0,0.0,0.0,0.0,0.0,0.0,0,0,0,0,0,0,0,0,无明显情感,未明确对象,未明确方面,中性,0,0.6403959066501541,0.18272949735423547,0.6403959066501541,0.1768745959956105,中性,中性,,False
学习区,BV1uz4y1475S,【洛必达法则】高考使用指南,6049183,276506,78550,230485,4836,23660,我在图书馆给吓一跳,,我在图书馆给吓一跳,0,0,4,0,0,0.0,0.0,0.0,0.0,0.0,0.0,0.0,0.0,0,0,1,0,0,0,0,0,自身情绪,未明确对象,未明确方面,中性,0,0.656091584422032,0.23424383389142409,0.656091584422032,0.10966458168654401,中性,负面,,False
学习区,BV1uz4y1475S,【洛必达法则】高考使用指南,6049183,276506,78550,230485,4836,23660,开洛,,开洛,0,0,1,0,0,0.0,0.0,0.0,0.0,0.0,0.0,0.0,0.0,0,0,0,0,0,0,0,0,无明显情感,未明确对象,未明确方面,中性,0,0.6641811267415451,0.13348938228347546,0.6641811267415451,0.20232949097497943,中性,中性,,False
学习区,BV1uz4y1475S,【洛必达法则】高考使用指南,6049183,276506,78550,230485,4836,23660,666核弹打蚊子,,666核弹打蚊子,1,0,4,0,0,1.0,1.0,0.0,1.0,0.25,1.0,1.0,0.0,0,0,0,0,0,0,0,1,对象评价,未明确对象,未明确方面,正面,1,0.7420167614075657,0.04062087260990189,0.21736236598253247,0.7420167614075657,正面,正面,,False
学习区,BV1uz4y1475S,【洛必达法则】高考使用指南,6049183,276506,78550,230485,4836,23660,用等价无穷小,,用等价无穷小,0,0,3,0,0,0.0,0.0,0.0,0.0,0.0,0.0,0.0,0.0,0,0,0,0,0,0,0,0,无明显情感,未明确对象,未明确方面,中性,0,0.8656548238700095,0.05768294699136971,0.8656548238700095,0.07666222913862093,中性,中性,,False
学习区,BV1uz4y1475S,【洛必达法则】高考使用指南,6049183,276506,78550,230485,4836,23660,细节往左,,细节往左,0,0,3,0,0,0.0,0.0,0.0,0.0,0.0,0.0,0.0,0.0,0,0,0,0,0,0,0,0,无明显情感,未明确对象,未明确方面,中性,0,0.8221590329967119,0.07211936065531248,0.8221590329967119,0.10572160634797566,中性,中性,,False
学习区,BV1uz4y1475S,【洛必达法则】高考使用指南,6049183,276506,78550,230485,4836,23660,那我把洛必达法则推一遍不就行了,,那我把洛必达法则推一遍不就行了,0,0,7,0,0,0.0,0.0,0.0,0.0,0.0,0.0,0.0,0.0,0,0,0,0,0,0,0,0,无明显情感,未明确对象,未明确方面,中性,-1,0.5695090778862107,0.5695090778862107,0.41242821569691845,0.018062706416870893,负面,负面,,False
学习区,BV1uz4y1475S,【洛必达法则】高考使用指南,6049183,276506,78550,230485,4836,23660,咩的小曲给我听爽了,,咩的小曲给我听爽了,0,0,5,0,0,0.0,0.0,0.0,0.0,0.0,0.0,0.0,0.0,0,0,1,0,0,0,0,0,自身情绪,未明确对象,未明确方面,中性,0,0.4897341465952232,0.33876558051138084,0.4897341465952232,0.17150027289339603,中性,正面,,False
学习区,BV1uz4y1475S,【洛必达法则】高考使用指南,6049183,276506,78550,230485,4836,23660,代数,,代数,0,0,1,0,0,0.0,0.0,0.0,0.0,0.0,0.0,0.0,0.0,0,0,0,0,0,0,0,0,无明显情感,未明确对象,未明确方面,中性,0,0.6641811267415451,0.13348938228347546,0.6641811267415451,0.20232949097497943,中性,中性,,False
学习区,BV1uz4y1475S,【洛必达法则】高考使用指南,6049183,276506,78550,230485,4836,23660,左边，x趋于0时，极限为1,,左边，x趋于0时，极限为1,0,0,10,0,0,0.0,0.0,0.0,0.0,0.0,0.0,0.0,0.0,0,0,0,0,0,0,0,0,无明显情感,未明确对象,未明确方面,中性,0,0.6060452666883888,0.23450861733143516,0.6060452666883888,0.15944611598017613,中性,中性,,False
学习区,BV1uz4y1475S,【洛必达法则】高考使用指南,6049183,276506,78550,230485,4836,23660,欢迎回来,,欢迎回来,0,0,2,0,0,0.0,0.0,0.0,0.0,0.0,0.0,0.0,0.0,0,0,0,0,0,0,0,0,无明显情感,未明确对象,未明确方面,中性,0,0.584794363236814,0.27405405817445466,0.584794363236814,0.14115157858873134,中性,中性,,False
学习区,BV1uz4y1475S,【洛必达法则】高考使用指南,6049183,276506,78550,230485,4836,23660,上了大学好崩溃┭┮﹏┭┮ 好怀念小猪老师,,上了大学好崩溃好怀念小猪老师,0,1,7,0,0,-1.0,0.0,1.0,1.0,0.14285714285714285,-1.0,0.0,1.0,0,0,1,0,0,0,0,1,对象评价+自身情绪,讲解者,未明确方面,负面,1,0.5328795125839484,0.19881554594528103,0.26830494147077066,0.5328795125839484,正面,负面,,False
学习区,BV1uz4y1475S,【洛必达法则】高考使用指南,6049183,276506,78550,230485,4836,23660,这题端点效应也很快的,,这题端点效应也很快的,0,0,5,0,0,0.0,0.0,0.0,0.0,0.0,0.0,0.0,0.0,0,0,0,0,0,0,0,0,无明显情感,未明确对象,未明确方面,中性,-1,0.6881180484683618,0.6881180484683618,0.20543498349599237,0.1064469680356459,负面,负面,,False
学习区,BV1uz4y1475S,【洛必达法则】高考使用指南,6049183,276506,78550,230485,4836,23660,大一来了,,大一来了,0,0,2,0,0,0.0,0.0,0.0,0.0,0.0,0.0,0.0,0.0,0,0,0,0,0,0,0,0,无明显情感,未明确对象,未明确方面,中性,0,0.8541926684237049,0.06690779825542764,0.8541926684237049,0.0788995333208676,中性,中性,,False
学习区,BV1uz4y1475S,【洛必达法则】高考使用指南,6049183,276506,78550,230485,4836,23660,大一来看了,,大一来看了,0,0,2,0,0,0.0,0.0,0.0,0.0,0.0,0.0,0.0,0.0,0,0,0,0,0,0,0,0,无明显情感,未明确对象,未明确方面,中性,0,0.5589420156827115,0.21443767205386174,0.5589420156827115,0.2266203122634268,中性,中性,,False
学习区,BV1uz4y1475S,【洛必达法则】高考使用指南,6049183,276506,78550,230485,4836,23660,终于停了,,终于停了,0,0,2,0,0,0.0,0.0,0.0,0.0,0.0,0.0,0.0,0.0,0,0,0,0,0,0,0,0,无明显情感,未明确对象,未明确方面,中性,1,0.5491313112119088,0.13978096541396076,0.31108772337413043,0.5491313112119088,正面,正面,,False
学习区,BV1uz4y1475S,【洛必达法则】高考使用指南,6049183,276506,78550,230485,4836,23660,狄利克雷,,狄利克雷,0,0,2,0,0,0.0,0.0,0.0,0.0,0.0,0.0,0.0,0.0,0,0,0,0,0,0,0,0,无明显情感,未明确对象,未明确方面,中性,0,0.6585046096608349,0.14118285317383877,0.6585046096608349,0.20031253716532643,中性,中性,,False
学习区,BV1uz4y1475S,【洛必达法则】高考使用指南,6049183,276506,78550,230485,4836,23660,这题可以用奇函数乘偶等于奇，然后带一求正负,,这题可以用奇函数乘偶等于奇，然后带一求正负,1,0,12,0,0,1.0,1.0,0.0,1.0,0.08333333333333333,1.0,1.0,0.0,0,0,0,0,0,0,0,1,对象评价,未明确对象,未明确方面,正面,0,0.8647174284226808,0.021058196383971474,0.8647174284226808,0.11422437519334756,中性,中性,0.0,True
学习区,BV1uz4y1475S,【洛必达法则】高考使用指南,6049183,276506,78550,230485,4836,23660,大学生来学了,,大学生来学了,0,0,2,0,0,0.0,0.0,0.0,0.0,0.0,0.0,0.0,0.0,0,0,0,0,0,0,0,0,无明显情感,未明确对象,未明确方面,中性,0,0.4260445625042213,0.3534342034400241,0.4260445625042213,0.22052123405575452,中性,中性,,False
学习区,BV1uz4y1475S,【洛必达法则】高考使用指南,6049183,276506,78550,230485,4836,23660,洛希极限秒了,,洛希极限秒了,0,0,3,0,0,0.0,0.0,0.0,0.0,0.0,0.0,0.0,0.0,0,0,0,0,0,0,0,0,无明显情感,未明确对象,未明确方面,中性,0,0.5925201070863909,0.09764790493585594,0.5925201070863909,0.30983198797775313,中性,中性,,False
学习区,BV1uz4y1475S,【洛必达法则】高考使用指南,6049183,276506,78550,230485,4836,23660,这不是普通的洛，这是洛必达的洛,,这不是普通的洛，这是洛必达的洛,0,0,7,0,0,0.0,0.0,0.0,0.0,0.0,0.0,0.0,0.0,0,0,0,0,0,0,0,0,无明显情感,未明确对象,未明确方面,中性,-1,0.6221346431136163,0.6221346431136163,0.3138330491721164,0.06403230771426728,负面,负面,,False
学习区,BV1uz4y1475S,【洛必达法则】高考使用指南,6049183,276506,78550,230485,4836,23660,这倒是提醒我了,,这倒是提醒我了,0,0,2,0,0,0.0,0.0,0.0,0.0,0.0,0.0,0.0,0.0,0,0,0,0,0,0,0,0,无明显情感,未明确对象,未明确方面,中性,0,0.5766325233364654,0.3051839263749567,0.5766325233364654,0.11818355028857791,中性,中性,,False
学习区,BV1uz4y1475S,【洛必达法则】高考使用指南,6049183,276506,78550,230485,4836,23660,看趋势,,看趋势,0,0,2,0,0,0.0,0.0,0.0,0.0,0.0,0.0,0.0,0.0,0,0,0,0,0,0,0,0,无明显情感,未明确对象,未明确方面,中性,0,0.7642354089714914,0.052653599233103816,0.7642354089714914,0.18311099179540466,中性,中性,,False
学习区,BV1uz4y1475S,【洛必达法则】高考使用指南,6049183,276506,78550,230485,4836,23660,泰勒展开,,泰勒展开,0,0,2,0,0,0.0,0.0,0.0,0.0,0.0,0.0,0.0,0.0,0,0,0,0,0,0,0,0,无明显情感,未明确对象,未明确方面,中性,0,0.6585046096608349,0.14118285317383877,0.6585046096608349,0.20031253716532643,中性,中性,,False
学习区,BV1uz4y1475S,【洛必达法则】高考使用指南,6049183,276506,78550,230485,4836,23660,那就接着洛！,,那就接着洛！,0,0,4,1,0,0.0,0.0,0.0,0.0,0.0,0.0,0.0,0.0,0,0,0,0,0,0,0,0,无明显情感,未明确对象,未明确方面,中性,0,0.491380133333205,0.10035603122121199,0.491380133333205,0.40826383544558303,中性,中性,,False
学习区,BV1uz4y1475S,【洛必达法则】高考使用指南,6049183,276506,78550,230485,4836,23660,为啥？原理是啥？还是死记住？,,为啥？原理是啥？还是死记住？,0,0,9,0,3,0.0,0.0,0.0,0.0,0.0,0.0,0.0,0.0,0,0,0,0,0,0,0,0,无明显情感,未明确对象,未明确方面,中性,-1,0.9888395159654088,0.9888395159654088,0.01055568539823208,0.000604798636359087,负面,负面,,False
学习区,BV1uz4y1475S,【洛必达法则】高考使用指南,6049183,276506,78550,230485,4836,23660,如果洛不出来，那就抄错题目继续洛,,如果洛不出来，那就抄错题目继续洛,0,0,11,0,0,0.0,0.0,0.0,0.0,0.0,0.0,0.0,0.0,0,0,0,0,0,0,0,0,无明显情感,课程内容,未明确方面,中性,1,0.5976796343244298,0.17010313932971036,0.23221722634585978,0.5976796343244298,正面,正面,1.0,True
学习区,BV1uz4y1475S,【洛必达法则】高考使用指南,6049183,276506,78550,230485,4836,23660,我真服了，国庆前的考试就出了这道题,,我真服了，国庆前的考试就出了这道题,1,0,8,0,0,1.4,1.4,0.0,1.4,0.125,1.4,1.4,0.0,0,0,0,0,0,0,0,1,对象评价,未明确对象,未明确方面,正面,-1,0.7934469531373427,0.7934469531373427,0.07074711373143862,0.13580593313121872,负面,负面,-1.0,True
学习区,BV1uz4y1475S,【洛必达法则】高考使用指南,6049183,276506,78550,230485,4836,23660,洛呀（中气十足）,,洛呀中气十足,0,0,3,0,0,0.0,0.0,0.0,0.0,0.0,0.0,0.0,0.0,0,0,0,0,0,0,0,0,无明显情感,未明确对象,未明确方面,中性,0,0.6525424904832393,0.14924331021065323,0.6525424904832393,0.19821419930610756,中性,中性,,False
学习区,BV1uz4y1475S,【洛必达法则】高考使用指南,6049183,276506,78550,230485,4836,23660,直接洛！,,直接洛！,0,0,3,1,0,0.0,0.0,0.0,0.0,0.0,0.0,0.0,0.0,0,0,0,0,0,0,0,0,无明显情感,未明确对象,未明确方面,中性,0,0.7500668576831977,0.03335307516804775,0.7500668576831977,0.21658006714875452,中性,中性,,False
学习区,BV1uz4y1475S,【洛必达法则】高考使用指南,6049183,276506,78550,230485,4836,23660,高三的过来听懵了,,高三的过来听懵了,0,1,4,0,0,-1.0,0.0,1.0,1.0,0.25,-1.0,0.0,1.0,0,0,0,1,0,0,0,1,对象评价+认知状态,未明确对象,未明确方面,负面,-1,0.8347527468265848,0.8347527468265848,0.1281695239462954,0.037077729227119764,负面,负面,-1.0,True
学习区,BV1uz4y1475S,【洛必达法则】高考使用指南,6049183,276506,78550,230485,4836,23660,兄弟们，指数增长是最快的，其实可以直接看出来选B,,兄弟们，指数增长是最快的，其实可以直接看出来选B,1,0,14,0,0,1.0,1.0,0.0,1.0,0.07142857142857142,1.0,1.0,0.0,0,0,0,0,0,0,0,1,对象评价,未明确对象,未明确方面,正面,1,0.4303441789614675,0.3417732687983347,0.2278825522401977,0.4303441789614675,正面,正面,1.0,True
学习区,BV1uz4y1475S,【洛必达法则】高考使用指南,6049183,276506,78550,230485,4836,23660,用到隐零点好算,,用到隐零点好算,0,0,4,0,0,0.0,0.0,0.0,0.0,0.0,0.0,0.0,0.0,0,0,0,0,0,0,0,0,无明显情感,未明确对象,未明确方面,中性,0,0.7061974032675088,0.12434387022845812,0.7061974032675088,0.16945872650403304,中性,中性,,False
学习区,BV1uz4y1475S,【洛必达法则】高考使用指南,6049183,276506,78550,230485,4836,23660,大一的回来看这个视频了,,大一的回来看这个视频了,0,0,5,0,0,0.0,0.0,0.0,0.0,0.0,0.0,0.0,0.0,0,0,0,0,0,0,0,0,无明显情感,视频内容,未明确方面,中性,0,0.5295418583685759,0.22371367714601056,0.5295418583685759,0.2467444644854135,中性,中性,,False
学习区,BV1uz4y1475S,【洛必达法则】高考使用指南,6049183,276506,78550,230485,4836,23660,大一补习,,大一补习,0,0,2,0,0,0.0,0.0,0.0,0.0,0.0,0.0,0.0,0.0,0,0,0,0,0,0,0,0,无明显情感,未明确对象,未明确方面,中性,0,0.5827543516805621,0.17713390479734029,0.5827543516805621,0.2401117435220977,中性,中性,,False
学习区,BV1uz4y1475S,【洛必达法则】高考使用指南,6049183,276506,78550,230485,4836,23660,我就是那个大聪明,,我就是那个大聪明,1,0,4,0,0,1.0,1.0,0.0,1.0,0.25,1.0,1.0,0.0,0,0,0,0,0,0,0,1,对象评价,未明确对象,未明确方面,正面,-1,0.5718534688828101,0.5718534688828101,0.16911505454370374,0.25903147657348613,负面,负面,-1.0,True
学习区,BV1uz4y1475S,【洛必达法则】高考使用指南,6049183,276506,78550,230485,4836,23660,远眺洛神赋，近拾落花情,,远眺洛神赋，近拾落花情,0,0,6,0,0,0.0,0.0,0.0,0.0,0.0,0.0,0.0,0.0,0,0,0,0,0,0,0,0,无明显情感,未明确对象,未明确方面,中性,-1,0.4196670943688943,0.4196670943688943,0.38926241398825145,0.19107049164285417,负面,负面,,False
学习区,BV1uz4y1475S,【洛必达法则】高考使用指南,6049183,276506,78550,230485,4836,23660,好奇怪这是在上课嘛。,,好奇怪这是在上课嘛。,0,0,6,0,0,0.0,0.0,0.0,0.0,0.0,0.0,0.0,0.0,0,0,0,0,0,0,0,0,无明显情感,未明确对象,未明确方面,中性,-1,0.6538607960855127,0.6538607960855127,0.23767239345313082,0.10846681046135649,负面,负面,,False
学习区,BV1uz4y1475S,【洛必达法则】高考使用指南,6049183,276506,78550,230485,4836,23660,Nokia,,Nokia,0,0,1,0,0,0.0,0.0,0.0,0.0,0.0,0.0,0.0,0.0,0,0,0,0,0,0,0,0,无明显情感,未明确对象,未明确方面,中性,0,0.6641811267415451,0.13348938228347546,0.6641811267415451,0.20232949097497943,中性,中性,,False
学习区,BV1uz4y1475S,【洛必达法则】高考使用指南,6049183,276506,78550,230485,4836,23660,单摆里讲过,,单摆里讲过,0,0,4,0,0,0.0,0.0,0.0,0.0,0.0,0.0,0.0,0.0,0,0,0,0,0,0,0,0,无明显情感,未明确对象,未明确方面,中性,0,0.3698789640140861,0.3692466916939862,0.3698789640140861,0.26087434429192763,中性,中性,,False
学习区,BV1uz4y1475S,【洛必达法则】高考使用指南,6049183,276506,78550,230485,4836,23660,直接岛,,直接岛,0,0,2,0,0,0.0,0.0,0.0,0.0,0.0,0.0,0.0,0.0,0,0,0,0,0,0,0,0,无明显情感,未明确对象,未明确方面,中性,0,0.817036793006511,0.0533997295435786,0.817036793006511,0.12956347744991037,中性,中性,,False
学习区,BV1uz4y1475S,【洛必达法则】高考使用指南,6049183,276506,78550,230485,4836,23660,太神奇了,,太神奇了,0,0,2,0,0,0.0,0.0,0.0,0.0,0.0,0.0,0.0,0.0,0,0,0,0,0,0,0,0,无明显情感,未明确对象,未明确方面,中性,0,0.4993829449375951,0.15579208302990386,0.4993829449375951,0.34482497203250106,中性,中性,,False
学习区,BV1uz4y1475S,【洛必达法则】高考使用指南,6049183,276506,78550,230485,4836,23660,其实可以看两个函数斜率，X=0是斜率相等，且值等于零,,其实可以看两个函数斜率，X0是斜率相等，且值等于零,1,0,13,0,0,1.0,1.0,0.0,1.0,0.07692307692307693,1.0,1.0,0.0,0,0,0,0,0,0,0,1,对象评价,未明确对象,未明确方面,正面,0,0.4675013031883931,0.15072008905805342,0.4675013031883931,0.38177860775355354,中性,正面,1.0,True
学习区,BV1uz4y1475S,【洛必达法则】高考使用指南,6049183,276506,78550,230485,4836,23660,请问1+1怎么变形,,请问11怎么变形,0,0,4,0,0,0.0,0.0,0.0,0.0,0.0,0.0,0.0,0.0,0,0,0,0,0,0,0,0,无明显情感,未明确对象,未明确方面,中性,0,0.6729070550484312,0.19704279722720086,0.6729070550484312,0.13005014772436804,中性,中性,0.0,True
学习区,BV1uz4y1475S,【洛必达法则】高考使用指南,6049183,276506,78550,230485,4836,23660,能常过去是因为正负性不变,,能常过去是因为正负性不变,1,0,6,0,0,1.0,1.0,0.0,1.0,0.16666666666666666,1.0,1.0,0.0,0,0,0,0,0,0,0,1,对象评价,未明确对象,未明确方面,正面,0,0.6364032667945586,0.06119336235497758,0.6364032667945586,0.3024033708504637,中性,中性,0.0,True
学习区,BV1uz4y1475S,【洛必达法则】高考使用指南,6049183,276506,78550,230485,4836,23660,洛不爽就洛爽去！！！！！！！！！！,,洛不爽就洛爽去！！！！！！！！！！,0,1,14,10,0,-1.0,0.0,1.0,1.0,0.07142857142857142,-1.0,0.0,1.0,0,0,1,0,0,0,0,1,对象评价+自身情绪,未明确对象,未明确方面,负面,-1,0.4583897981318032,0.4583897981318032,0.24884191959661203,0.29276828227158475,负面,中性,0.0,True
学习区,BV1uz4y1475S,【洛必达法则】高考使用指南,6049183,276506,78550,230485,4836,23660,端点效应不就秒了吗,,端点效应不就秒了吗,0,0,5,0,0,0.0,0.0,0.0,0.0,0.0,0.0,0.0,0.0,0,0,0,0,0,0,0,0,无明显情感,未明确对象,未明确方面,中性,-1,0.8240160993141668,0.8240160993141668,0.10954742814919888,0.06643647253663443,负面,负面,,False
学习区,BV1uz4y1475S,【洛必达法则】高考使用指南,6049183,276506,78550,230485,4836,23660,人民万岁,,人民万岁,0,0,2,0,0,0.0,0.0,0.0,0.0,0.0,0.0,0.0,0.0,0,0,0,0,0,0,0,0,无明显情感,未明确对象,未明确方面,中性,0,0.6585046096608349,0.14118285317383877,0.6585046096608349,0.20031253716532643,中性,中性,,False
学习区,BV1uz4y1475S,【洛必达法则】高考使用指南,6049183,276506,78550,230485,4836,23660,"根据sinX在区间[0,π/2]变化的快慢直接左边秒了",,"根据sinX在区间0,2变化的快慢直接左边秒了",0,0,12,0,0,0.0,0.0,0.0,0.0,0.0,0.0,0.0,0.0,0,0,0,0,0,0,0,0,无明显情感,未明确对象,未明确方面,中性,0,0.6481847607780481,0.29568149726817383,0.6481847607780481,0.056133741953778044,中性,中性,,False
学习区,BV1uz4y1475S,【洛必达法则】高考使用指南,6049183,276506,78550,230485,4836,23660,冒险家随身携带洛必达法则，在高考时可以缩小洛必达法则，由于冒险家爱惜书本，在使用洛必达法则时不产生消耗,,冒险家随身携带洛必达法则，在高考时可以缩小洛必达法则，由于冒险家爱惜书本，在使用洛必达法则时不产生消耗,2,0,26,0,0,2.0,2.0,0.0,2.0,0.07692307692307693,2.0,2.0,0.0,0,0,0,0,0,0,0,1,对象评价,未明确对象,未明确方面,正面,-1,0.5418375631460751,0.5418375631460751,0.2979934983949966,0.16016893845892816,负面,中性,0.0,True
学习区,BV1uz4y1475S,【洛必达法则】高考使用指南,6049183,276506,78550,230485,4836,23660,我以为哪里来的音乐。。。,,我以为哪里来的音乐。。。,0,0,7,0,0,0.0,0.0,0.0,0.0,0.0,0.0,0.0,0.0,0,0,0,0,0,0,0,0,无明显情感,未明确对象,未明确方面,中性,0,0.7046127258529812,0.20502447262086526,0.7046127258529812,0.0903628015261536,中性,中性,,False
学习区,BV1uz4y1475S,【洛必达法则】高考使用指南,6049183,276506,78550,230485,4836,23660,好洛,,好洛,0,0,1,0,0,0.0,0.0,0.0,0.0,0.0,0.0,0.0,0.0,0,0,0,0,0,0,0,0,无明显情感,未明确对象,未明确方面,中性,0,0.6641811267415451,0.13348938228347546,0.6641811267415451,0.20232949097497943,中性,中性,,False
学习区,BV1uz4y1475S,【洛必达法则】高考使用指南,6049183,276506,78550,230485,4836,23660,limx→0sinx→x,,limx0sinxx,0,0,1,0,0,0.0,0.0,0.0,0.0,0.0,0.0,0.0,0.0,0,0,0,0,0,0,0,0,无明显情感,未明确对象,未明确方面,中性,0,0.6831198596168833,0.20112616759003576,0.6831198596168833,0.11575397279308085,中性,中性,,False
学习区,BV1uz4y1475S,【洛必达法则】高考使用指南,6049183,276506,78550,230485,4836,23660,前方高能预警,,前方高能预警,1,0,3,0,0,1.0,1.0,0.0,1.0,0.3333333333333333,1.0,1.0,0.0,0,0,0,0,0,0,0,1,对象评价,未明确对象,未明确方面,正面,0,0.8462966707210398,0.04632610150950746,0.8462966707210398,0.10737722776945283,中性,中性,0.0,True
学习区,BV1uz4y1475S,【洛必达法则】高考使用指南,6049183,276506,78550,230485,4836,23660,2025准高一听的十分带劲(＾3＾♪,,2025准高一听的十分带劲3,0,0,7,0,0,0.0,0.0,0.0,0.0,0.0,0.0,0.0,0.0,0,0,0,0,0,0,0,0,无明显情感,未明确对象,未明确方面,中性,0,0.4774760007620158,0.33142873996562705,0.4774760007620158,0.1910952592723572,中性,中性,,False
学习区,BV1uz4y1475S,【洛必达法则】高考使用指南,6049183,276506,78550,230485,4836,23660,《啊啊啊啊啊啊啊啊啊啊啊啊啊啊啊啊》....................谁在高超？,,啊啊啊啊啊啊啊啊啊啊啊啊啊啊啊啊....................谁在高超？,0,0,10,0,1,0.0,0.0,0.0,0.0,0.0,0.0,0.0,0.0,0,0,0,0,0,0,0,0,无明显情感,未明确对象,未明确方面,中性,-1,0.5054265652584182,0.5054265652584182,0.43398763205498614,0.060585802686595615,负面,负面,,False
学习区,BV1uz4y1475S,【洛必达法则】高考使用指南,6049183,276506,78550,230485,4836,23660,神奇姥姥：我要唱歌,,神奇姥姥我要唱歌,0,0,4,0,0,0.0,0.0,0.0,0.0,0.0,0.0,0.0,0.0,0,0,0,0,0,0,0,0,无明显情感,未明确对象,未明确方面,中性,0,0.3829376673773577,0.32355244881502515,0.3829376673773577,0.2935098838076172,中性,中性,,False
学习区,BV1uz4y1475S,【洛必达法则】高考使用指南,6049183,276506,78550,230485,4836,23660,孙天祎打卡,,孙天祎打卡,0,0,3,0,0,0.0,0.0,0.0,0.0,0.0,0.0,0.0,0.0,0,0,0,0,0,0,0,0,无明显情感,未明确对象,未明确方面,中性,0,0.7771591131114175,0.029580634694967495,0.7771591131114175,0.19326025219361515,中性,中性,,False
学习区,BV1uz4y1475S,【洛必达法则】高考使用指南,6049183,276506,78550,230485,4836,23660,面壁者洛必达，我是您的破壁人神奇小猪,,面壁者洛必达，我是您的破壁人神奇小猪,0,0,9,0,0,0.0,0.0,0.0,0.0,0.0,0.0,0.0,0.0,0,0,0,0,0,0,0,0,无明显情感,未明确对象,未明确方面,中性,-1,0.6850101598658727,0.6850101598658727,0.25614137761153377,0.05884846252259365,负面,负面,,False
学习区,BV1uz4y1475S,【洛必达法则】高考使用指南,6049183,276506,78550,230485,4836,23660,同学们，注意中间是减号！！！！！！！！！,,同学们，注意中间是减号！！！！！！！！！,0,0,15,9,0,0.0,0.0,0.0,0.0,0.0,0.0,0.0,0.0,0,0,0,0,0,0,0,0,无明显情感,未明确对象,未明确方面,中性,-1,0.5569296639778099,0.5569296639778099,0.14281353749529213,0.3002567985268979,负面,负面,,False
学习区,BV1uz4y1475S,【洛必达法则】高考使用指南,6049183,276506,78550,230485,4836,23660,每次都偷偷用然后再伪证,,每次都偷偷用然后再伪证,0,0,7,0,0,0.0,0.0,0.0,0.0,0.0,0.0,0.0,0.0,0,0,0,0,0,0,0,0,无明显情感,未明确对象,未明确方面,中性,0,0.822542126374071,0.08470933410718919,0.822542126374071,0.09274853951873979,中性,中性,,False
学习区,BV1uz4y1475S,【洛必达法则】高考使用指南,6049183,276506,78550,230485,4836,23660,只有被导数折磨过的人才会理解这个法则用起来有多爽,,只有被导数折磨过的人才会理解这个法则用起来有多爽,0,1,13,0,0,-1.0,0.0,1.0,1.0,0.07692307692307693,-1.0,0.0,1.0,0,0,1,0,0,0,0,1,对象评价+自身情绪,未明确对象,未明确方面,负面,0,0.5540852083239904,0.4074015797884255,0.5540852083239904,0.038513211887584,中性,负面,,False
学习区,BV1uz4y1475S,【洛必达法则】高考使用指南,6049183,276506,78550,230485,4836,23660,高二强基班的我都听不懂,,高二强基班的我都听不懂,0,1,4,0,0,-1.0,0.0,1.0,1.0,0.25,-1.0,0.0,1.0,0,0,0,1,0,0,0,1,对象评价+认知状态,未明确对象,理解与难度,负面,0,0.6600230079624801,0.19884234288678623,0.6600230079624801,0.1411346491507335,中性,负面,,False
学习区,BV1uz4y1475S,【洛必达法则】高考使用指南,6049183,276506,78550,230485,4836,23660,2025年8月22日 16:34:282025年8月22日 16:34:29,,2025年8月22日1634282025年8月22日163429,0,0,13,0,0,0.0,0.0,0.0,0.0,0.0,0.0,0.0,0.0,0,0,0,0,0,0,0,0,无明显情感,未明确对象,未明确方面,中性,0,0.7554202150129672,0.10930752392243145,0.7554202150129672,0.1352722610646014,中性,中性,,False
学习区,BV1uz4y1475S,【洛必达法则】高考使用指南,6049183,276506,78550,230485,4836,23660,[ohh],,ohh,1,0,1,0,0,1.2,1.2,0.0,1.2,1.0,1.2,1.2,0.0,0,0,0,0,0,0,0,1,对象评价,未明确对象,未明确方面,正面,1,0.7406135643783034,0.17598250810310373,0.08340392751859296,0.7406135643783034,正面,正面,,False
学习区,BV1uz4y1475S,【洛必达法则】高考使用指南,6049183,276506,78550,230485,4836,23660,这道题在小猪之前的视频做过吧？,,这道题在小猪之前的视频做过吧？,0,0,7,0,1,0.0,0.0,0.0,0.0,0.0,0.0,0.0,0.0,0,0,0,0,0,0,0,0,无明显情感,视频内容,未明确方面,中性,-1,0.4846327225037657,0.4846327225037657,0.3753575389566593,0.140009738539575,负面,中性,,False
学习区,BV1uz4y1475S,【洛必达法则】高考使用指南,6049183,276506,78550,230485,4836,23660,准初二听这个对吗,,准初二听这个对吗,0,0,5,0,0,0.0,0.0,0.0,0.0,0.0,0.0,0.0,0.0,0,0,0,0,0,0,0,0,无明显情感,未明确对象,未明确方面,中性,0,0.49908535360036843,0.4090871773261124,0.49908535360036843,0.09182746907351926,中性,中性,,False
学习区,BV1uz4y1475S,【洛必达法则】高考使用指南,6049183,276506,78550,230485,4836,23660,其实也可以不用洛必达，本来指数增长速率就比幂函数快,,其实也可以不用洛必达，本来指数增长速率就比幂函数快,1,0,14,0,0,1.0,1.0,0.0,1.0,0.07142857142857142,1.0,1.0,0.0,0,0,0,0,0,0,0,1,对象评价,未明确对象,未明确方面,正面,-1,0.7804469835263793,0.7804469835263793,0.13291171744073288,0.08664129903288774,负面,负面,-1.0,True
学习区,BV1uz4y1475S,【洛必达法则】高考使用指南,6049183,276506,78550,230485,4836,23660,[ohhh],,ohhh,1,0,1,0,0,1.2,1.2,0.0,1.2,1.0,1.2,1.2,0.0,0,0,0,0,0,0,0,1,对象评价,未明确对象,未明确方面,正面,1,0.7406135643783034,0.17598250810310373,0.08340392751859296,0.7406135643783034,正面,正面,,False
学习区,BV1uz4y1475S,【洛必达法则】高考使用指南,6049183,276506,78550,230485,4836,23660,鬼灭之数,,鬼灭之数,0,0,2,0,0,0.0,0.0,0.0,0.0,0.0,0.0,0.0,0.0,0,0,0,0,0,0,0,0,无明显情感,未明确对象,未明确方面,中性,0,0.6585046096608349,0.14118285317383877,0.6585046096608349,0.20031253716532643,中性,中性,,False
学习区,BV1uz4y1475S,【洛必达法则】高考使用指南,6049183,276506,78550,230485,4836,23660,啊！我看弹幕！,,啊！我看弹幕！,0,0,4,2,0,0.0,0.0,0.0,0.0,0.0,0.0,0.0,0.0,0,0,0,0,0,0,0,0,无明显情感,未明确对象,未明确方面,中性,1,0.6039240882459693,0.05701125010902585,0.3390646616450049,0.6039240882459693,正面,正面,,False
学习区,BV1uz4y1475S,【洛必达法则】高考使用指南,6049183,276506,78550,230485,4836,23660,我看弹幕,,我看弹幕,0,0,2,0,0,0.0,0.0,0.0,0.0,0.0,0.0,0.0,0.0,0,0,0,0,0,0,0,0,无明显情感,未明确对象,未明确方面,中性,0,0.7515824852040385,0.05357673871540388,0.7515824852040385,0.1948407760805576,中性,中性,,False
学习区,BV1uz4y1475S,【洛必达法则】高考使用指南,6049183,276506,78550,230485,4836,23660,刚学完端点效应,,刚学完端点效应,0,0,4,0,0,0.0,0.0,0.0,0.0,0.0,0.0,0.0,0.0,0,0,0,0,0,0,0,0,无明显情感,未明确对象,未明确方面,中性,-1,0.7537199468413297,0.7537199468413297,0.13710273605976933,0.10917731709890094,负面,负面,,False
学习区,BV1uz4y1475S,【洛必达法则】高考使用指南,6049183,276506,78550,230485,4836,23660,小猪：小笨蛋；我数学老登：你脑子进盐酸了,,小猪小笨蛋我数学老登你脑子进盐酸了,0,0,7,0,0,0.0,0.0,0.0,0.0,0.0,0.0,0.0,0.0,0,0,0,0,0,0,0,0,无明显情感,课程内容,未明确方面,中性,-1,0.6337707630556962,0.6337707630556962,0.23404508691738113,0.13218415002692258,负面,负面,,False
学习区,BV1uz4y1475S,【洛必达法则】高考使用指南,6049183,276506,78550,230485,4836,23660,神奇小猪：小笨蛋；我数学老师：你脑子进盐酸了,,神奇小猪小笨蛋我数学老师你脑子进盐酸了,0,0,7,0,0,0.0,0.0,0.0,0.0,0.0,0.0,0.0,0.0,0,0,0,0,0,0,0,0,无明显情感,讲解者+课程内容,未明确方面,中性,-1,0.47012609649078874,0.47012609649078874,0.2825886556062803,0.24728524790293102,负面,负面,,False
学习区,BV1uz4y1475S,【洛必达法则】高考使用指南,6049183,276506,78550,230485,4836,23660,哇奶奶还会求导还是太全面了,,哇奶奶还会求导还是太全面了,1,0,7,0,0,1.8,1.8,0.0,1.8,0.14285714285714285,1.8,1.8,0.0,0,0,0,0,0,0,0,1,对象评价,未明确对象,未明确方面,正面,1,0.6501418779430124,0.0868549447761146,0.26300317728087297,0.6501418779430124,正面,正面,1.0,True
学习区,BV1uz4y1475S,【洛必达法则】高考使用指南,6049183,276506,78550,230485,4836,23660,一个小量近似直接选左边,,一个小量近似直接选左边,0,0,5,0,0,0.0,0.0,0.0,0.0,0.0,0.0,0.0,0.0,0,0,0,0,0,0,0,0,无明显情感,未明确对象,未明确方面,中性,0,0.8181543120033025,0.07867519681248965,0.8181543120033025,0.10317049118420776,中性,中性,,False
学习区,BV1uz4y1475S,【洛必达法则】高考使用指南,6049183,276506,78550,230485,4836,23660,一数娶不到（doge,,一数娶不到doge,0,0,4,0,0,0.0,0.0,0.0,0.0,0.0,0.0,0.0,0.0,0,0,0,0,0,0,0,0,无明显情感,未明确对象,未明确方面,中性,0,0.6083250826962914,0.17786579164259736,0.6083250826962914,0.21380912566111127,中性,中性,,False
学习区,BV1uz4y1475S,【洛必达法则】高考使用指南,6049183,276506,78550,230485,4836,23660,初二怎么了？没石砾，臭乐子,,初二怎么了？没石砾，臭乐子,0,0,7,0,1,0.0,0.0,0.0,0.0,0.0,0.0,0.0,0.0,0,0,0,0,0,0,0,0,无明显情感,未明确对象,未明确方面,中性,-1,0.902871099573032,0.902871099573032,0.07642598925995636,0.020702911167011697,负面,负面,,False
学习区,BV1uz4y1475S,【洛必达法则】高考使用指南,6049183,276506,78550,230485,4836,23660,一句话惹毛上面的红字，高中还不会，没石砾（我初二doge,,一句话惹毛上面的红字，高中还不会，没石砾我初二doge,0,1,14,0,0,-1.0,0.0,1.0,1.0,0.07142857142857142,-1.0,0.0,1.0,0,0,0,0,0,0,0,1,对象评价,未明确对象,未明确方面,负面,0,0.5167177207946068,0.3464861658378932,0.5167177207946068,0.13679611336750017,中性,负面,,False
学习区,BV1uz4y1475S,【洛必达法则】高考使用指南,6049183,276506,78550,230485,4836,23660,忐忑哦……666,,忐忑哦666,1,0,3,0,0,1.0,1.0,0.0,1.0,0.3333333333333333,1.0,1.0,0.0,0,0,0,0,0,0,0,1,对象评价,未明确对象,未明确方面,正面,1,0.6722596172930146,0.040557786846704955,0.2871825958602804,0.6722596172930146,正面,正面,,False
学习区,BV1uz4y1475S,【洛必达法则】高考使用指南,6049183,276506,78550,230485,4836,23660,完结撒花,,完结撒花,0,0,2,0,0,0.0,0.0,0.0,0.0,0.0,0.0,0.0,0.0,0,0,0,0,0,0,0,0,无明显情感,未明确对象,未明确方面,中性,0,0.6585046096608349,0.14118285317383877,0.6585046096608349,0.20031253716532643,中性,中性,,False
学习区,BV1uz4y1475S,【洛必达法则】高考使用指南,6049183,276506,78550,230485,4836,23660,我一“导”,,我一导,0,0,1,0,0,0.0,0.0,0.0,0.0,0.0,0.0,0.0,0.0,0,0,0,0,0,0,0,0,无明显情感,未明确对象,未明确方面,中性,0,0.6294316989566958,0.26637040995735306,0.6294316989566958,0.10419789108595105,中性,中性,,False
学习区,BV1uz4y1475S,【洛必达法则】高考使用指南,6049183,276506,78550,230485,4836,23660,什么是大便？是餐便分离的一遍又一遍,,什么是大便？是餐便分离的一遍又一遍,0,0,9,0,1,0.0,0.0,0.0,0.0,0.0,0.0,0.0,0.0,0,0,0,0,0,0,0,0,无明显情感,未明确对象,未明确方面,中性,0,0.6167802741429708,0.35799187108199004,0.6167802741429708,0.025227854775039176,中性,中性,,False
学习区,BV1uz4y1475S,【洛必达法则】高考使用指南,6049183,276506,78550,230485,4836,23660,初二生表示听不懂。。。。。,,初二生表示听不懂。。。。。,0,1,9,0,0,-1.0,0.0,1.0,1.0,0.1111111111111111,-1.0,0.0,1.0,0,0,0,1,0,0,0,1,对象评价+认知状态,未明确对象,理解与难度,负面,0,0.7555332666543327,0.1588203217499056,0.7555332666543327,0.08564641159576157,中性,负面,,False
学习区,BV1uz4y1475S,【洛必达法则】高考使用指南,6049183,276506,78550,230485,4836,23660,吓得我赶紧打开弹幕,,吓得我赶紧打开弹幕,0,0,5,0,0,0.0,0.0,0.0,0.0,0.0,0.0,0.0,0.0,0,0,0,0,0,0,0,0,无明显情感,未明确对象,未明确方面,中性,0,0.605449278830101,0.10128805831353623,0.605449278830101,0.2932626628563628,中性,中性,,False
学习区,BV1uz4y1475S,【洛必达法则】高考使用指南,6049183,276506,78550,230485,4836,23660,可导,,可导,0,0,1,0,0,0.0,0.0,0.0,0.0,0.0,0.0,0.0,0.0,0,0,0,0,0,0,0,0,无明显情感,未明确对象,未明确方面,中性,0,0.6641811267415451,0.13348938228347546,0.6641811267415451,0.20232949097497943,中性,中性,,False
学习区,BV1uz4y1475S,【洛必达法则】高考使用指南,6049183,276506,78550,230485,4836,23660,"x=0,sinx=0,0/0",,"x0,sinx0,00",0,0,5,0,0,0.0,0.0,0.0,0.0,0.0,0.0,0.0,0.0,0,0,0,0,0,0,0,0,无明显情感,未明确对象,未明确方面,中性,0,0.8024050015742534,0.1289613536554359,0.8024050015742534,0.06863364477031055,中性,中性,,False
学习区,BV1uz4y1475S,【洛必达法则】高考使用指南,6049183,276506,78550,230485,4836,23660,zuobian de,,zuobiande,0,0,1,0,0,0.0,0.0,0.0,0.0,0.0,0.0,0.0,0.0,0,0,0,0,0,0,0,0,无明显情感,未明确对象,未明确方面,中性,0,0.6966722655910911,0.11693079552028474,0.6966722655910911,0.18639693888862421,中性,中性,,False
学习区,BV1uz4y1475S,【洛必达法则】高考使用指南,6049183,276506,78550,230485,4836,23660,洛不完接着洛,,洛不完接着洛,0,0,3,0,0,0.0,0.0,0.0,0.0,0.0,0.0,0.0,0.0,0,0,0,0,0,0,0,0,无明显情感,未明确对象,未明确方面,中性,0,0.5356065202728953,0.04459763015199644,0.5356065202728953,0.4197958495751082,中性,中性,,False
学习区,BV1uz4y1475S,【洛必达法则】高考使用指南,6049183,276506,78550,230485,4836,23660,吓我一跳,,吓我一跳,0,0,3,0,0,0.0,0.0,0.0,0.0,0.0,0.0,0.0,0.0,0,0,0,0,0,0,0,0,无明显情感,未明确对象,未明确方面,中性,0,0.7197606111913017,0.1607857161428136,0.7197606111913017,0.11945367266588452,中性,中性,,False
学习区,BV1uz4y1475S,【洛必达法则】高考使用指南,6049183,276506,78550,230485,4836,23660,太有实力了,,太有实力了,0,0,2,0,0,0.0,0.0,0.0,0.0,0.0,0.0,0.0,0.0,0,0,0,0,0,0,0,0,无明显情感,未明确对象,未明确方面,中性,0,0.5148379795461404,0.25382841789905625,0.5148379795461404,0.23133360255480329,中性,中性,,False
学习区,BV1uz4y1475S,【洛必达法则】高考使用指南,6049183,276506,78550,230485,4836,23660,给我哄成胚胎了,,给我哄成胚胎了,0,0,4,0,0,0.0,0.0,0.0,0.0,0.0,0.0,0.0,0.0,0,0,0,0,0,0,0,0,无明显情感,未明确对象,未明确方面,中性,0,0.67859265291858,0.15622339478525585,0.67859265291858,0.16518395229616425,中性,中性,0.0,True
学习区,BV1uz4y1475S,【洛必达法则】高考使用指南,6049183,276506,78550,230485,4836,23660,成武二中,,成武二中,0,0,2,0,0,0.0,0.0,0.0,0.0,0.0,0.0,0.0,0.0,0,0,0,0,0,0,0,0,无明显情感,未明确对象,未明确方面,中性,0,0.6585046096608349,0.14118285317383877,0.6585046096608349,0.20031253716532643,中性,中性,,False
学习区,BV1uz4y1475S,【洛必达法则】高考使用指南,6049183,276506,78550,230485,4836,23660,偃月刀☜ඞo——————————◙▆▅▆▆▇▇◤,,偃月刀o,0,0,3,0,0,0.0,0.0,0.0,0.0,0.0,0.0,0.0,0.0,0,0,0,0,0,0,0,0,无明显情感,未明确对象,未明确方面,中性,0,0.6525424904832393,0.14924331021065323,0.6525424904832393,0.19821419930610756,中性,中性,,False
学习区,BV1uz4y1475S,【洛必达法则】高考使用指南,6049183,276506,78550,230485,4836,23660,谁懂半夜还带耳机 吓死我了,,谁懂半夜还带耳机吓死我了,0,1,7,0,0,-1.0,0.0,1.0,1.0,0.14285714285714285,-1.0,0.0,1.0,0,0,0,0,0,0,0,1,对象评价,未明确对象,未明确方面,负面,-1,0.9308772108423012,0.9308772108423012,0.04932175761158159,0.019801031546117016,负面,负面,-1.0,True
学习区,BV1uz4y1475S,【洛必达法则】高考使用指南,6049183,276506,78550,230485,4836,23660,洛必达法则,,洛必达法则,0,0,2,0,0,0.0,0.0,0.0,0.0,0.0,0.0,0.0,0.0,0,0,0,0,0,0,0,0,无明显情感,未明确对象,未明确方面,中性,0,0.6956093735908958,0.2824733551186067,0.6956093735908958,0.02191727129049761,中性,中性,,False
学习区,BV1uz4y1475S,【洛必达法则】高考使用指南,6049183,276506,78550,230485,4836,23660,准高一表示轻松拿捏,,准高一表示轻松拿捏,1,0,5,0,0,1.0,1.0,0.0,1.0,0.2,1.0,1.0,0.0,0,0,0,0,0,0,0,1,对象评价,未明确对象,未明确方面,正面,0,0.5050716656567036,0.1277047663328923,0.5050716656567036,0.3672235680104041,中性,中性,0.0,True
学习区,BV1uz4y1475S,【洛必达法则】高考使用指南,6049183,276506,78550,230485,4836,23660,左边,,左边,0,0,1,0,0,0.0,0.0,0.0,0.0,0.0,0.0,0.0,0.0,0,0,0,0,0,0,0,0,无明显情感,未明确对象,未明确方面,中性,0,0.6641811267415451,0.13348938228347546,0.6641811267415451,0.20232949097497943,中性,中性,,False
学习区,BV1uz4y1475S,【洛必达法则】高考使用指南,6049183,276506,78550,230485,4836,23660,很好奇为什么我一数的课无论什么时候都会有人看,,很好奇为什么我一数的课无论什么时候都会有人看,1,0,12,0,0,1.0,1.0,0.0,1.0,0.08333333333333333,1.0,1.0,0.0,0,0,0,0,0,0,0,1,对象评价,未明确对象,未明确方面,正面,0,0.4339118259085936,0.24855993741459526,0.4339118259085936,0.3175282366768112,中性,正面,1.0,True
学习区,BV1uz4y1475S,【洛必达法则】高考使用指南,6049183,276506,78550,230485,4836,23660,那如果这是大题阁下又该如何应对,,那如果这是大题阁下又该如何应对,0,0,8,0,0,0.0,0.0,0.0,0.0,0.0,0.0,0.0,0.0,0,0,0,0,0,0,0,0,无明显情感,未明确对象,未明确方面,中性,0,0.6865969462945867,0.14461972037076526,0.6865969462945867,0.168783333334648,中性,中性,,False
学习区,BV1uz4y1475S,【洛必达法则】高考使用指南,6049183,276506,78550,230485,4836,23660,代露娃！！！陈星旭！！！,,代露娃！！！陈星旭！！！,0,0,9,6,0,0.0,0.0,0.0,0.0,0.0,0.0,0.0,0.0,0,0,0,0,0,0,0,0,无明显情感,未明确对象,未明确方面,中性,1,0.4412088483446771,0.35025584904514556,0.20853530261017716,0.4412088483446771,正面,正面,,False
学习区,BV1uz4y1475S,【洛必达法则】高考使用指南,6049183,276506,78550,230485,4836,23660,还是能直接看出只有一个零点的,,还是能直接看出只有一个零点的,0,0,6,0,0,0.0,0.0,0.0,0.0,0.0,0.0,0.0,0.0,0,0,0,0,0,0,0,0,无明显情感,未明确对象,未明确方面,中性,0,0.6394237698822322,0.251640726386349,0.6394237698822322,0.10893550373141875,中性,中性,,False
学习区,BV1uz4y1475S,【洛必达法则】高考使用指南,6049183,276506,78550,230485,4836,23660,若不是就11。,,若不是就11。,0,0,5,0,0,0.0,0.0,0.0,0.0,0.0,0.0,0.0,0.0,0,0,0,0,0,0,0,0,无明显情感,未明确对象,未明确方面,中性,0,0.4343471859706803,0.42625765785683667,0.4343471859706803,0.13939515617248308,中性,中性,,False
学习区,BV1uz4y1475S,【洛必达法则】高考使用指南,6049183,276506,78550,230485,4836,23660,粉龙偃月刀☜ඞo——————————◙▆▅▆▆▇▇◤,,粉龙偃月刀o,0,0,4,0,0,0.0,0.0,0.0,0.0,0.0,0.0,0.0,0.0,0,0,0,0,0,0,0,0,无明显情感,未明确对象,未明确方面,中性,0,0.6462878438700694,0.15767941730141277,0.6462878438700694,0.19603273882851782,中性,中性,,False
学习区,BV1uz4y1475S,【洛必达法则】高考使用指南,6049183,276506,78550,230485,4836,23660,留一个搬位，你猜给谁,,留一个搬位，你猜给谁,0,0,6,0,0,0.0,0.0,0.0,0.0,0.0,0.0,0.0,0.0,0,0,0,0,0,0,0,0,无明显情感,未明确对象,未明确方面,中性,0,0.562019526694671,0.292126287885822,0.562019526694671,0.14585418541950693,中性,中性,,False
学习区,BV1uz4y1475S,【洛必达法则】高考使用指南,6049183,276506,78550,230485,4836,23660,扣一点分和不得分你选哪个,,扣一点分和不得分你选哪个,0,0,7,0,0,0.0,0.0,0.0,0.0,0.0,0.0,0.0,0.0,0,0,0,0,0,0,0,0,无明显情感,未明确对象,未明确方面,中性,0,0.6074762268184708,0.3351681783366758,0.6074762268184708,0.05735559484485343,中性,中性,,False
学习区,BV1uz4y1475S,【洛必达法则】高考使用指南,6049183,276506,78550,230485,4836,23660,泰勒展开(bushi),,泰勒展开bushi,0,0,3,0,0,0.0,0.0,0.0,0.0,0.0,0.0,0.0,0.0,0,0,0,0,0,0,0,0,无明显情感,未明确对象,未明确方面,中性,0,0.6525424904832393,0.14924331021065323,0.6525424904832393,0.19821419930610756,中性,中性,,False
学习区,BV1uz4y1475S,【洛必达法则】高考使用指南,6049183,276506,78550,230485,4836,23660,当分子，分母同时趋近于无穷或0时就可以直接用,,当分子，分母同时趋近于无穷或0时就可以直接用,1,0,15,0,0,1.0,1.0,0.0,1.0,0.06666666666666667,1.0,1.0,0.0,0,0,0,0,0,0,0,1,对象评价,未明确对象,未明确方面,正面,1,0.541024982989719,0.04484825473597454,0.41412676227430645,0.541024982989719,正面,正面,1.0,True
学习区,BV1uz4y1475S,【洛必达法则】高考使用指南,6049183,276506,78550,230485,4836,23660,可不可以必要性探路,,可不可以必要性探路,0,1,3,0,0,-1.0,0.0,1.0,1.0,0.3333333333333333,-1.0,0.0,1.0,0,0,0,0,0,0,0,1,对象评价,未明确对象,未明确方面,负面,0,0.7097090491810473,0.22638762805768714,0.7097090491810473,0.06390332276126547,中性,中性,0.0,True
学习区,BV1uz4y1475S,【洛必达法则】高考使用指南,6049183,276506,78550,230485,4836,23660,《免责声明》,,免责声明,0,0,2,0,0,0.0,0.0,0.0,0.0,0.0,0.0,0.0,0.0,0,0,0,0,0,0,0,0,无明显情感,未明确对象,未明确方面,中性,0,0.6585046096608349,0.14118285317383877,0.6585046096608349,0.20031253716532643,中性,中性,,False
学习区,BV1uz4y1475S,【洛必达法则】高考使用指南,6049183,276506,78550,230485,4836,23660,瘰,,瘰,0,0,1,0,0,0.0,0.0,0.0,0.0,0.0,0.0,0.0,0.0,0,0,0,0,0,0,0,0,无明显情感,未明确对象,未明确方面,中性,0,0.6641811267415451,0.13348938228347546,0.6641811267415451,0.20232949097497943,中性,中性,,False
学习区,BV1uz4y1475S,【洛必达法则】高考使用指南,6049183,276506,78550,230485,4836,23660,小二，上酒！！！！,,小二，上酒！！！！,0,0,8,4,0,0.0,0.0,0.0,0.0,0.0,0.0,0.0,0.0,0,0,0,0,0,0,0,0,无明显情感,未明确对象,未明确方面,中性,-1,0.3771303668373177,0.3771303668373177,0.25306344328071406,0.36980618988196823,负面,正面,1.0,True
学习区,BV1uz4y1475S,【洛必达法则】高考使用指南,6049183,276506,78550,230485,4836,23660,[前方高能] [前方高能] [前方高能] [前方高能] [前方高能] [前方高能] [前方高能] [前方高能] [前方高能] [前方高能],,前方高能前方高能前方高能前方高能前方高能前方高能前方高能前方高能前方高能前方高能,10,0,20,0,0,10.0,10.0,0.0,10.0,0.5,10.0,10.0,0.0,0,0,0,0,0,0,0,1,对象评价,未明确对象,未明确方面,正面,1,0.9999942564538096,5.046071179284799e-07,5.2389390723785435e-06,0.9999942564538096,正面,正面,,False
学习区,BV1uz4y1475S,【洛必达法则】高考使用指南,6049183,276506,78550,230485,4836,23660,咂瓦鲁多,,咂瓦鲁多,0,0,1,0,0,0.0,0.0,0.0,0.0,0.0,0.0,0.0,0.0,0,0,0,0,0,0,0,0,无明显情感,未明确对象,未明确方面,中性,0,0.6641811267415451,0.13348938228347546,0.6641811267415451,0.20232949097497943,中性,中性,,False
学习区,BV1uz4y1475S,【洛必达法则】高考使用指南,6049183,276506,78550,230485,4836,23660,为什么要这样求导啊,,为什么要这样求导啊,0,0,4,0,0,0.0,0.0,0.0,0.0,0.0,0.0,0.0,0.0,0,0,0,0,0,0,0,0,无明显情感,未明确对象,未明确方面,中性,-1,0.6200496952386341,0.6200496952386341,0.32723008191354047,0.052720222847825376,负面,负面,,False
学习区,BV1uz4y1475S,【洛必达法则】高考使用指南,6049183,276506,78550,230485,4836,23660,↑哥们今天才7月26啊-_-||,,哥们今天才7月26啊,0,0,6,0,0,0.0,0.0,0.0,0.0,0.0,0.0,0.0,0.0,0,0,0,0,0,0,0,0,无明显情感,未明确对象,未明确方面,中性,0,0.47263663985002924,0.3708892240006024,0.47263663985002924,0.1564741361493683,中性,中性,,False
学习区,BV1uz4y1475S,【洛必达法则】高考使用指南,6049183,276506,78550,230485,4836,23660,这题用端点效应更简单,,这题用端点效应更简单,1,0,6,0,0,1.0,1.0,0.0,1.0,0.16666666666666666,1.0,1.0,0.0,0,0,0,0,0,0,0,1,对象评价,未明确对象,理解与难度,正面,1,0.6454033940825982,0.19349176300366208,0.16110484291373972,0.6454033940825982,正面,正面,1.0,True
学习区,BV1uz4y1475S,【洛必达法则】高考使用指南,6049183,276506,78550,230485,4836,23660,？？？《doge》,,？？？doge,0,0,4,0,3,0.0,0.0,0.0,0.0,0.0,0.0,0.0,0.0,0,0,0,0,0,0,0,0,无明显情感,未明确对象,未明确方面,中性,-1,0.9000229603374507,0.9000229603374507,0.09307565480301508,0.006901384859534334,负面,负面,,False
学习区,BV1uz4y1475S,【洛必达法则】高考使用指南,6049183,276506,78550,230485,4836,23660,销魂,,销魂,0,0,1,0,0,0.0,0.0,0.0,0.0,0.0,0.0,0.0,0.0,0,0,0,0,0,0,0,0,无明显情感,未明确对象,未明确方面,中性,0,0.6641811267415451,0.13348938228347546,0.6641811267415451,0.20232949097497943,中性,中性,,False
学习区,BV1uz4y1475S,【洛必达法则】高考使用指南,6049183,276506,78550,230485,4836,23660,洛门......开！！！！！！！,,洛门......开！！！！！！！,0,0,10,7,0,0.0,0.0,0.0,0.0,0.0,0.0,0.0,0.0,0,0,0,0,0,0,0,0,无明显情感,未明确对象,未明确方面,中性,1,0.48159748676978675,0.20135371767426027,0.317048795555953,0.48159748676978675,正面,正面,,False
学习区,BV1uz4y1475S,【洛必达法则】高考使用指南,6049183,276506,78550,230485,4836,23660,丑函数,,丑函数,0,0,2,0,0,0.0,0.0,0.0,0.0,0.0,0.0,0.0,0.0,0,0,0,0,0,0,0,0,无明显情感,未明确对象,未明确方面,中性,0,0.9367661275949006,0.02525115356698339,0.9367661275949006,0.03798271883811602,中性,中性,,False
学习区,BV1uz4y1475S,【洛必达法则】高考使用指南,6049183,276506,78550,230485,4836,23660,那一天的必达，洛了起来~,,那一天的必达，洛了起来,0,0,5,0,0,0.0,0.0,0.0,0.0,0.0,0.0,0.0,0.0,0,0,0,0,0,0,0,0,无明显情感,未明确对象,未明确方面,中性,0,0.6589337100183775,0.16601894362017744,0.6589337100183775,0.17504734636144498,中性,中性,,False
学习区,BV1uz4y1475S,【洛必达法则】高考使用指南,6049183,276506,78550,230485,4836,23660,通灵之术-怪道魔像,,通灵之术怪道魔像,0,0,5,0,0,0.0,0.0,0.0,0.0,0.0,0.0,0.0,0.0,0,0,0,0,0,0,0,0,无明显情感,未明确对象,未明确方面,中性,0,0.670468273138223,0.10766035268934374,0.670468273138223,0.22187137417243327,中性,中性,,False
学习区,BV1uz4y1475S,【洛必达法则】高考使用指南,6049183,276506,78550,230485,4836,23660,回调青水,,回调青水,0,0,3,0,0,0.0,0.0,0.0,0.0,0.0,0.0,0.0,0.0,0,0,0,0,0,0,0,0,无明显情感,未明确对象,未明确方面,中性,0,0.6215445861885897,0.13232449044941924,0.6215445861885897,0.2461309233619911,中性,中性,,False
学习区,BV1uz4y1475S,【洛必达法则】高考使用指南,6049183,276506,78550,230485,4836,23660,啊啊啊哦~啊啊啊哦~,,啊啊啊哦啊啊啊哦,0,0,4,0,0,0.0,0.0,0.0,0.0,0.0,0.0,0.0,0.0,0,0,0,0,0,0,0,0,无明显情感,未明确对象,未明确方面,中性,0,0.761763197101562,0.07427419952362418,0.761763197101562,0.16396260337481378,中性,中性,,False
学习区,BV1uz4y1475S,【洛必达法则】高考使用指南,6049183,276506,78550,230485,4836,23660,洛洛洛洛洛洛洛,,洛洛洛洛洛洛洛,0,0,1,0,0,0.0,0.0,0.0,0.0,0.0,0.0,0.0,0.0,0,0,0,0,0,0,0,0,无明显情感,未明确对象,未明确方面,中性,0,0.6641811267415451,0.13348938228347546,0.6641811267415451,0.20232949097497943,中性,中性,,False
学习区,BV1uz4y1475S,【洛必达法则】高考使用指南,6049183,276506,78550,230485,4836,23660,有些年纪小的别太装了，其实并没有人问你。,,有些年纪小的别太装了，其实并没有人问你。,0,0,10,0,0,0.0,0.0,0.0,0.0,0.0,0.0,0.0,0.0,0,0,0,0,0,0,0,0,无明显情感,未明确对象,未明确方面,中性,-1,0.8927590124676832,0.8927590124676832,0.0826551716003202,0.02458581593199655,负面,负面,,False
学习区,BV1uz4y1475S,【洛必达法则】高考使用指南,6049183,276506,78550,230485,4836,23660,端点效应啊，别糊涂,,端点效应啊，别糊涂,1,0,5,0,0,1.0,1.0,0.0,1.0,0.2,1.0,1.0,0.0,0,0,0,0,0,0,0,1,对象评价,未明确对象,未明确方面,正面,-1,0.6437218896081104,0.6437218896081104,0.061577613141447156,0.29470049725044256,负面,正面,,False
学习区,BV1uz4y1475S,【洛必达法则】高考使用指南,6049183,276506,78550,230485,4836,23660,被撅哩,,被撅哩,0,0,3,0,0,0.0,0.0,0.0,0.0,0.0,0.0,0.0,0.0,0,0,0,0,0,0,0,0,无明显情感,未明确对象,未明确方面,中性,0,0.6076195166194519,0.22498626484091996,0.6076195166194519,0.16739421853962824,中性,中性,0.0,True
学习区,BV1uz4y1475S,【洛必达法则】高考使用指南,6049183,276506,78550,230485,4836,23660,它说了x＝1另外讨论，它这里是说x≠1的情况,,它说了x1另外讨论，它这里是说x1的情况,0,0,9,0,0,0.0,0.0,0.0,0.0,0.0,0.0,0.0,0.0,0,0,0,0,0,0,0,0,无明显情感,未明确对象,未明确方面,中性,-1,0.5854816386835964,0.5854816386835964,0.3696630280391427,0.04485533327726098,负面,负面,,False
学习区,BV1uz4y1475S,【洛必达法则】高考使用指南,6049183,276506,78550,230485,4836,23660,一看定义域，二看奇偶性，三看特殊点，四看极限值，五看单调性,,一看定义域，二看奇偶性，三看特殊点，四看极限值，五看单调性,0,0,16,0,0,0.0,0.0,0.0,0.0,0.0,0.0,0.0,0.0,0,0,0,0,0,0,0,0,无明显情感,未明确对象,未明确方面,中性,-1,0.5524754806820683,0.5524754806820683,0.26681230068185,0.18071221863608164,负面,负面,,False
学习区,BV1uz4y1475S,【洛必达法则】高考使用指南,6049183,276506,78550,230485,4836,23660,6,,6,0,0,1,0,0,0.0,0.0,0.0,0.0,0.0,0.0,0.0,0.0,0,0,0,0,0,0,0,0,无明显情感,未明确对象,未明确方面,中性,0,0.5836797055789987,0.08773376115403238,0.5836797055789987,0.3285865332669689,中性,正面,1.0,True
学习区,BV1uz4y1475S,【洛必达法则】高考使用指南,6049183,276506,78550,230485,4836,23660,好洛兄弟,,好洛兄弟,0,0,2,0,0,0.0,0.0,0.0,0.0,0.0,0.0,0.0,0.0,0,0,0,0,0,0,0,0,无明显情感,未明确对象,未明确方面,中性,0,0.6195726695841558,0.13365143698615253,0.6195726695841558,0.24677589342969153,中性,中性,,False
学习区,BV1uz4y1475S,【洛必达法则】高考使用指南,6049183,276506,78550,230485,4836,23660,好洛，兄弟,,好洛，兄弟,0,0,3,0,0,0.0,0.0,0.0,0.0,0.0,0.0,0.0,0.0,0,0,0,0,0,0,0,0,无明显情感,未明确对象,未明确方面,中性,0,0.5301968132878866,0.19172764694843925,0.5301968132878866,0.27807553976367416,中性,中性,,False
学习区,BV1uz4y1475S,【洛必达法则】高考使用指南,6049183,276506,78550,230485,4836,23660,托洛洛！,,托洛洛！,0,0,2,1,0,0.0,0.0,0.0,0.0,0.0,0.0,0.0,0.0,0,0,0,0,0,0,0,0,无明显情感,未明确对象,未明确方面,中性,0,0.6014191404432303,0.04859558453785338,0.6014191404432303,0.3499852750189163,中性,中性,,False
学习区,BV1uz4y1475S,【洛必达法则】高考使用指南,6049183,276506,78550,230485,4836,23660,笑了，其实只给答案分,,笑了，其实只给答案分,0,0,7,0,0,0.0,0.0,0.0,0.0,0.0,0.0,0.0,0.0,0,0,0,0,0,0,0,0,无明显情感,未明确对象,未明确方面,中性,-1,0.801666210148461,0.801666210148461,0.13187506065784968,0.06645872919368932,负面,负面,,False
学习区,BV1uz4y1475S,【洛必达法则】高考使用指南,6049183,276506,78550,230485,4836,23660,阿牙油~阿森尼克呆~逮~逮~逮~逮~逮~逮~,,阿牙油阿森尼克呆逮逮逮逮逮逮,0,0,10,0,0,0.0,0.0,0.0,0.0,0.0,0.0,0.0,0.0,0,0,0,0,0,0,0,0,无明显情感,未明确对象,未明确方面,中性,0,0.6023214114321289,0.2165483971230463,0.6023214114321289,0.18113019144482478,中性,中性,,False
学习区,BV1uz4y1475S,【洛必达法则】高考使用指南,6049183,276506,78550,230485,4836,23660,青龙偃月刀☜ඞo——————————◙▆▅▆▆▇▇◤,,青龙偃月刀o,0,0,4,0,0,0.0,0.0,0.0,0.0,0.0,0.0,0.0,0.0,0,0,0,0,0,0,0,0,无明显情感,未明确对象,未明确方面,中性,0,0.6462878438700694,0.15767941730141277,0.6462878438700694,0.19603273882851782,中性,中性,,False
学习区,BV1uz4y1475S,【洛必达法则】高考使用指南,6049183,276506,78550,230485,4836,23660,接着洛!!!!!!,,接着洛!!!!!!,0,0,8,6,0,0.0,0.0,0.0,0.0,0.0,0.0,0.0,0.0,0,0,0,0,0,0,0,0,无明显情感,未明确对象,未明确方面,中性,1,0.5004391078845845,0.07724379258682276,0.4223170995285928,0.5004391078845845,正面,正面,,False
学习区,BV1uz4y1475S,【洛必达法则】高考使用指南,6049183,276506,78550,230485,4836,23660,但是不用就扣很多,,但是不用就扣很多,0,0,5,0,0,0.0,0.0,0.0,0.0,0.0,0.0,0.0,0.0,1,0,0,0,0,0,0,0,无明显情感,未明确对象,未明确方面,中性,0,0.470558495770586,0.2735996948822533,0.470558495770586,0.25584180934716094,中性,正面,1.0,True
学习区,BV1uz4y1475S,【洛必达法则】高考使用指南,6049183,276506,78550,230485,4836,23660,啊呀，骇死我力,,啊呀，骇死我力,0,0,4,0,0,0.0,0.0,0.0,0.0,0.0,0.0,0.0,0.0,0,0,0,0,0,0,0,0,无明显情感,未明确对象,未明确方面,中性,-1,0.9248375402616622,0.9248375402616622,0.034234334519962495,0.04092812521837531,负面,负面,,False
学习区,BV1uz4y1475S,【洛必达法则】高考使用指南,6049183,276506,78550,230485,4836,23660,那么好,,那么好,0,0,2,0,0,0.0,0.0,0.0,0.0,0.0,0.0,0.0,0.0,0,0,0,0,0,0,0,0,无明显情感,未明确对象,未明确方面,中性,1,0.4540282461994102,0.29948672709593216,0.24648502670465763,0.4540282461994102,正面,正面,,False
学习区,BV1uz4y1475S,【洛必达法则】高考使用指南,6049183,276506,78550,230485,4836,23660,再洛！！,,再洛！！,0,0,3,2,0,0.0,0.0,0.0,0.0,0.0,0.0,0.0,0.0,0,0,0,0,0,0,0,0,无明显情感,未明确对象,未明确方面,中性,1,0.39954004064575527,0.2733941428634767,0.3270658164907681,0.39954004064575527,正面,正面,,False
学习区,BV1uz4y1475S,【洛必达法则】高考使用指南,6049183,276506,78550,230485,4836,23660,二分之一,,二分之一,0,0,1,0,0,0.0,0.0,0.0,0.0,0.0,0.0,0.0,0.0,0,0,0,0,0,0,0,0,无明显情感,未明确对象,未明确方面,中性,0,0.7045682789785208,0.10732676197908343,0.7045682789785208,0.1881049590423958,中性,中性,,False
学习区,BV1uz4y1475S,【洛必达法则】高考使用指南,6049183,276506,78550,230485,4836,23660,怎么求导？,,怎么求导？,0,0,3,0,1,0.0,0.0,0.0,0.0,0.0,0.0,0.0,0.0,0,0,0,0,0,0,0,0,无明显情感,未明确对象,未明确方面,中性,-1,0.8308368774406503,0.8308368774406503,0.14511213398924905,0.024050988570100722,负面,负面,,False
学习区,BV1uz4y1475S,【洛必达法则】高考使用指南,6049183,276506,78550,230485,4836,23660,啸苯氮,,啸苯氮,0,0,3,0,0,0.0,0.0,0.0,0.0,0.0,0.0,0.0,0.0,0,0,0,0,0,0,0,0,无明显情感,未明确对象,未明确方面,中性,0,0.6525424904832393,0.14924331021065323,0.6525424904832393,0.19821419930610756,中性,中性,,False
学习区,BV1uz4y1475S,【洛必达法则】高考使用指南,6049183,276506,78550,230485,4836,23660,小学二年级没学过啊,,小学二年级没学过啊,0,0,3,0,0,0.0,0.0,0.0,0.0,0.0,0.0,0.0,0.0,0,0,0,0,0,0,0,0,无明显情感,未明确对象,未明确方面,中性,-1,0.7050723909945158,0.7050723909945158,0.16745595820312462,0.12747165080235962,负面,负面,,False
学习区,BV1uz4y1475S,【洛必达法则】高考使用指南,6049183,276506,78550,230485,4836,23660,洛!,,洛!,0,0,2,1,0,0.0,0.0,0.0,0.0,0.0,0.0,0.0,0.0,0,0,0,0,0,0,0,0,无明显情感,未明确对象,未明确方面,中性,0,0.6001034511750842,0.05791797715882942,0.6001034511750842,0.3419785716660864,中性,中性,,False
学习区,BV1uz4y1475S,【洛必达法则】高考使用指南,6049183,276506,78550,230485,4836,23660,2025，07，05你们好,,2025，07，05你们好,0,0,6,0,0,0.0,0.0,0.0,0.0,0.0,0.0,0.0,0.0,0,0,0,0,0,0,0,0,无明显情感,未明确对象,未明确方面,中性,0,0.45456136939830094,0.30247991892341886,0.45456136939830094,0.24295871167828023,中性,中性,,False
学习区,BV1uz4y1475S,【洛必达法则】高考使用指南,6049183,276506,78550,230485,4836,23660,初二表示简单,,初二表示简单,1,0,3,0,0,1.0,1.0,0.0,1.0,0.3333333333333333,1.0,1.0,0.0,0,0,0,0,0,0,0,1,对象评价,未明确对象,理解与难度,正面,1,0.7127330859729057,0.12730467059180953,0.15996224343528467,0.7127330859729057,正面,正面,,False
学习区,BV1uz4y1475S,【洛必达法则】高考使用指南,6049183,276506,78550,230485,4836,23660,白龙偃月刀☜ඞo——————————◙▆▅▆▆▇▇◤,,白龙偃月刀o,0,0,4,0,0,0.0,0.0,0.0,0.0,0.0,0.0,0.0,0.0,0,0,0,0,0,0,0,0,无明显情感,未明确对象,未明确方面,中性,0,0.6462878438700694,0.15767941730141277,0.6462878438700694,0.19603273882851782,中性,中性,,False
学习区,BV1uz4y1475S,【洛必达法则】高考使用指南,6049183,276506,78550,230485,4836,23660,洛不死这个byd,,洛不死这个byd,0,0,3,0,0,0.0,0.0,0.0,0.0,0.0,0.0,0.0,0.0,0,0,0,0,0,0,0,0,无明显情感,未明确对象,未明确方面,中性,0,0.6013117338860846,0.19949407919507667,0.6013117338860846,0.1991941869188388,中性,中性,,False
学习区,BV1uz4y1475S,【洛必达法则】高考使用指南,6049183,276506,78550,230485,4836,23660,函数x的绝对值在0处没有导数,,函数x的绝对值在0处没有导数,0,0,8,0,0,0.0,0.0,0.0,0.0,0.0,0.0,0.0,0.0,0,0,0,0,0,0,0,0,无明显情感,未明确对象,未明确方面,中性,0,0.6077202392602622,0.3567571654299089,0.6077202392602622,0.035522595309829,中性,中性,,False
学习区,BV1uz4y1475S,【洛必达法则】高考使用指南,6049183,276506,78550,230485,4836,23660,这个取极限趋近于0的时候，函数值等于一,,这个取极限趋近于0的时候，函数值等于一,0,0,12,0,0,0.0,0.0,0.0,0.0,0.0,0.0,0.0,0.0,0,0,0,0,0,0,0,0,无明显情感,未明确对象,未明确方面,中性,0,0.827069519937909,0.0836539660064739,0.827069519937909,0.0892765140556172,中性,中性,,False
学习区,BV1uz4y1475S,【洛必达法则】高考使用指南,6049183,276506,78550,230485,4836,23660,江苏用洛，给你扣到一点点分哦,,江苏用洛，给你扣到一点点分哦,0,0,9,0,0,0.0,0.0,0.0,0.0,0.0,0.0,0.0,0.0,0,0,0,0,0,0,0,0,无明显情感,未明确对象,未明确方面,中性,0,0.5154497698754839,0.33054243177730547,0.5154497698754839,0.15400779834721068,中性,中性,,False
学习区,BV1uz4y1475S,【洛必达法则】高考使用指南,6049183,276506,78550,230485,4836,23660,遇到问题！不能！坐以待毙！,,遇到问题！不能！坐以待毙！,0,1,7,3,0,-1.0,0.0,1.0,1.0,0.14285714285714285,-1.0,0.0,1.0,0,0,0,0,0,0,0,1,对象评价,未明确对象,未明确方面,负面,-1,0.4224517919397953,0.4224517919397953,0.3398341347803941,0.23771407327981045,负面,正面,1.0,True
学习区,BV1uz4y1475S,【洛必达法则】高考使用指南,6049183,276506,78550,230485,4836,23660,有谁是从小猪老师另一个导数弹幕跑过来的,,有谁是从小猪老师另一个导数弹幕跑过来的,0,0,9,0,0,0.0,0.0,0.0,0.0,0.0,0.0,0.0,0.0,0,0,0,0,0,0,0,0,无明显情感,讲解者,未明确方面,中性,-1,0.515013799083562,0.515013799083562,0.3774859848700874,0.10750021604635047,负面,中性,,False
学习区,BV1uz4y1475S,【洛必达法则】高考使用指南,6049183,276506,78550,230485,4836,23660,高一学完了高三,,高一学完了高三,0,1,3,0,0,-1.0,0.0,1.0,1.0,0.3333333333333333,-1.0,0.0,1.0,0,0,0,0,0,0,0,1,对象评价,未明确对象,未明确方面,负面,-1,0.5154329711098578,0.5154329711098578,0.43895302252010315,0.04561400637003902,负面,中性,0.0,True
学习区,BV1uz4y1475S,【洛必达法则】高考使用指南,6049183,276506,78550,230485,4836,23660,91 91 91 91 91 91 91 91 91 91 91 91 91 91 91 91 91 91 91 91 91 91 91 91 91 91 91 91 91 91 91 91 91,,919191919191919191919191919191919191919191919191919191919191919191,0,0,1,0,0,0.0,0.0,0.0,0.0,0.0,0.0,0.0,0.0,0,0,0,0,0,0,0,0,无明显情感,未明确对象,未明确方面,中性,0,0.7408185078909646,0.08463421380368003,0.7408185078909646,0.17454727830535546,中性,中性,,False
学习区,BV1uz4y1475S,【洛必达法则】高考使用指南,6049183,276506,78550,230485,4836,23660,姥姥呢？,,姥姥呢？,0,0,2,0,1,0.0,0.0,0.0,0.0,0.0,0.0,0.0,0.0,0,0,0,0,0,0,0,0,无明显情感,未明确对象,未明确方面,中性,-1,0.7905482507802662,0.7905482507802662,0.17558867819588198,0.03386307102385183,负面,负面,,False
学习区,BV1uz4y1475S,【洛必达法则】高考使用指南,6049183,276506,78550,230485,4836,23660,e 的X是爆炸型函数，显然增长比 x 快,,e的X是爆炸型函数，显然增长比x快,0,0,10,0,0,0.0,0.0,0.0,0.0,0.0,0.0,0.0,0.0,0,0,0,0,0,0,0,0,无明显情感,未明确对象,未明确方面,中性,0,0.7745249283376103,0.16726632911419287,0.7745249283376103,0.05820874254819679,中性,中性,,False
学习区,BV1uz4y1475S,【洛必达法则】高考使用指南,6049183,276506,78550,230485,4836,23660,king.,,king.,0,0,2,0,0,0.0,0.0,0.0,0.0,0.0,0.0,0.0,0.0,0,0,0,0,0,0,0,0,无明显情感,未明确对象,未明确方面,中性,0,0.542193274314243,0.21207606658383987,0.542193274314243,0.24573065910191708,中性,中性,,False
学习区,BV1uz4y1475S,【洛必达法则】高考使用指南,6049183,276506,78550,230485,4836,23660,k.,,k.,0,0,2,0,0,0.0,0.0,0.0,0.0,0.0,0.0,0.0,0.0,0,0,0,0,0,0,0,0,无明显情感,未明确对象,未明确方面,中性,0,0.5462516278637451,0.2439680280067552,0.5462516278637451,0.2097803441294997,中性,中性,,False
学习区,BV1uz4y1475S,【洛必达法则】高考使用指南,6049183,276506,78550,230485,4836,23660,高一无压力,,高一无压力,1,0,3,0,0,1.0,1.0,0.0,1.0,0.3333333333333333,1.0,1.0,0.0,0,0,0,0,0,0,0,1,对象评价,未明确对象,未明确方面,正面,1,0.524619196820908,0.18250055497531747,0.2928802482037746,0.524619196820908,正面,正面,1.0,True
学习区,BV1uz4y1475S,【洛必达法则】高考使用指南,6049183,276506,78550,230485,4836,23660,你用洛必达法则都这么困难，如果你要用常规的方法去算，那不得难上加难。甚至一般人看完题就直接放弃了。,,你用洛必达法则都这么困难，如果你要用常规的方法去算，那不得难上加难。甚至一般人看完题就直接放弃了。,0,2,26,0,0,-2.0,0.0,2.0,2.0,0.07692307692307693,-2.0,0.0,2.0,0,0,0,0,0,0,0,1,对象评价,课程内容,理解与难度,负面,-1,0.8933565685606715,0.8933565685606715,0.10361915840368176,0.003024273035646809,负面,负面,-1.0,True
学习区,BV1uz4y1475S,【洛必达法则】高考使用指南,6049183,276506,78550,230485,4836,23660,离离原上谱，越落越离谱。,,离离原上谱，越落越离谱。,0,1,8,0,0,-1.0,0.0,1.0,1.0,0.125,-1.0,0.0,1.0,0,0,0,0,0,0,0,1,对象评价,未明确对象,未明确方面,负面,0,0.683634690973738,0.2197134811546618,0.683634690973738,0.09665182787160023,中性,中性,0.0,True
学习区,BV1uz4y1475S,【洛必达法则】高考使用指南,6049183,276506,78550,230485,4836,23660,高中的函数一般都可以落。做到极限，一落不行就二落，二落不行就三落。总之一句话:洛神无敌。,,高中的函数一般都可以落。做到极限，一落不行就二落，二落不行就三落。总之一句话洛神无敌。,2,2,26,0,0,0.0,2.0,2.0,0.0,0.15384615384615385,0.0,2.0,2.0,0,1,0,0,0,0,0,1,对象评价,未明确对象,未明确方面,混合,1,0.4532003081594216,0.20090585095844501,0.3458938408821333,0.4532003081594216,正面,正面,1.0,True
学习区,BV1uz4y1475S,【洛必达法则】高考使用指南,6049183,276506,78550,230485,4836,23660,刚从一数求导那边回来。,,刚从一数求导那边回来。,0,0,7,0,0,0.0,0.0,0.0,0.0,0.0,0.0,0.0,0.0,0,0,0,0,0,0,0,0,无明显情感,未明确对象,未明确方面,中性,-1,0.569530135518605,0.569530135518605,0.3365839379665031,0.09388592651489194,负面,负面,,False
学习区,BV1uz4y1475S,【洛必达法则】高考使用指南,6049183,276506,78550,230485,4836,23660,洛洛洛洛,,洛洛洛洛,0,0,1,0,0,0.0,0.0,0.0,0.0,0.0,0.0,0.0,0.0,0,0,0,0,0,0,0,0,无明显情感,未明确对象,未明确方面,中性,0,0.6641811267415451,0.13348938228347546,0.6641811267415451,0.20232949097497943,中性,中性,,False
学习区,BV1uz4y1475S,【洛必达法则】高考使用指南,6049183,276506,78550,230485,4836,23660,注意，这里的无穷不分正负,,注意，这里的无穷不分正负,0,0,7,0,0,0.0,0.0,0.0,0.0,0.0,0.0,0.0,0.0,0,0,0,0,0,0,0,0,无明显情感,未明确对象,未明确方面,中性,-1,0.6347721136457656,0.6347721136457656,0.3263165891213958,0.03891129723283862,负面,负面,,False
学习区,BV1uz4y1475S,【洛必达法则】高考使用指南,6049183,276506,78550,230485,4836,23660,洛神赋图,,洛神赋图,0,0,2,0,0,0.0,0.0,0.0,0.0,0.0,0.0,0.0,0.0,0,0,0,0,0,0,0,0,无明显情感,未明确对象,未明确方面,中性,0,0.7114798804612563,0.11186797871422678,0.7114798804612563,0.1766521408245169,中性,中性,,False
学习区,BV1uz4y1475S,【洛必达法则】高考使用指南,6049183,276506,78550,230485,4836,23660,可以取极限x等于0,,可以取极限x等于0,1,0,6,0,0,1.0,1.0,0.0,1.0,0.16666666666666666,1.0,1.0,0.0,0,0,0,0,0,0,0,1,对象评价,未明确对象,未明确方面,正面,0,0.4881870052985433,0.05334468698142528,0.4881870052985433,0.45846830772003144,中性,正面,1.0,True
学习区,BV1uz4y1475S,【洛必达法则】高考使用指南,6049183,276506,78550,230485,4836,23660,三点了，还有八个人,,三点了，还有八个人,0,0,5,0,0,0.0,0.0,0.0,0.0,0.0,0.0,0.0,0.0,0,0,0,0,0,0,0,0,无明显情感,未明确对象,未明确方面,中性,-1,0.6355498877982585,0.6355498877982585,0.21737059983435694,0.14707951236738456,负面,负面,,False
学习区,BV1uz4y1475S,【洛必达法则】高考使用指南,6049183,276506,78550,230485,4836,23660,导出来了～,,导出来了,0,0,1,0,0,0.0,0.0,0.0,0.0,0.0,0.0,0.0,0.0,0,0,0,0,0,0,0,0,无明显情感,未明确对象,未明确方面,中性,0,0.7499574693312164,0.1343874162334404,0.7499574693312164,0.11565511443534325,中性,中性,,False
学习区,BV1uz4y1475S,【洛必达法则】高考使用指南,6049183,276506,78550,230485,4836,23660,牛逼,,牛逼,1,0,2,0,0,1.0,1.0,0.0,1.0,0.5,1.0,1.0,0.0,0,0,0,0,0,0,0,1,对象评价,未明确对象,未明确方面,正面,1,0.5934803193480677,0.3520826410860354,0.054437039565897016,0.5934803193480677,正面,正面,1.0,True
学习区,BV1uz4y1475S,【洛必达法则】高考使用指南,6049183,276506,78550,230485,4836,23660,x无限趋近于0时，sinx≈x，所以在0处y为1,,x无限趋近于0时，sinxx，所以在0处y为1,0,0,16,0,0,0.0,0.0,0.0,0.0,0.0,0.0,0.0,0.0,0,0,0,0,0,0,0,0,无明显情感,未明确对象,未明确方面,中性,0,0.8087990513956013,0.14806267851178734,0.8087990513956013,0.04313827009261134,中性,中性,,False
学习区,BV1uz4y1475S,【洛必达法则】高考使用指南,6049183,276506,78550,230485,4836,23660,还有两小时25年数学高考,,还有两小时25年数学高考,0,0,7,0,0,0.0,0.0,0.0,0.0,0.0,0.0,0.0,0.0,0,0,0,0,0,0,0,0,无明显情感,课程内容,未明确方面,中性,-1,0.580542232280691,0.580542232280691,0.33832377029376903,0.0811339974255399,负面,负面,,False
学习区,BV1uz4y1475S,【洛必达法则】高考使用指南,6049183,276506,78550,230485,4836,23660,老奶进行曲,,老奶进行曲,0,0,2,0,0,0.0,0.0,0.0,0.0,0.0,0.0,0.0,0.0,0,0,0,0,0,0,0,0,无明显情感,未明确对象,未明确方面,中性,0,0.6585046096608349,0.14118285317383877,0.6585046096608349,0.20031253716532643,中性,中性,,False
学习区,BV1uz4y1475S,【洛必达法则】高考使用指南,6049183,276506,78550,230485,4836,23660,明天高考,,明天高考,0,0,2,0,0,0.0,0.0,0.0,0.0,0.0,0.0,0.0,0.0,0,0,0,0,0,0,0,0,无明显情感,未明确对象,未明确方面,中性,0,0.7627778632129151,0.07814745741778859,0.7627778632129151,0.15907467936929645,中性,中性,,False
学习区,BV1uz4y1475S,【洛必达法则】高考使用指南,6049183,276506,78550,230485,4836,23660,距离2025高考还有1天！！！上岸！！,,距离2025高考还有1天！！！上岸！！,0,0,12,5,0,0.0,0.0,0.0,0.0,0.0,0.0,0.0,0.0,0,0,0,0,0,0,0,0,无明显情感,未明确对象,未明确方面,中性,1,0.41946031235292064,0.30753758663441333,0.27300210101266603,0.41946031235292064,正面,正面,,False
学习区,BV1uz4y1475S,【洛必达法则】高考使用指南,6049183,276506,78550,230485,4836,23660,高考加油,,高考加油,1,0,2,0,0,1.0,1.0,0.0,1.0,0.5,1.0,1.0,0.0,0,0,0,0,0,0,0,1,对象评价,未明确对象,未明确方面,正面,1,0.8464428968151058,0.041599963475181384,0.11195713970971277,0.8464428968151058,正面,正面,,False
学习区,BV1uz4y1475S,【洛必达法则】高考使用指南,6049183,276506,78550,230485,4836,23660,温馨提示：本视频全程高能,,温馨提示本视频全程高能,2,0,6,0,0,2.0,2.0,0.0,2.0,0.3333333333333333,2.0,2.0,0.0,0,0,0,0,0,0,0,1,对象评价,视频内容,未明确方面,正面,1,0.7764155072972097,0.02407332909017846,0.1995111636126118,0.7764155072972097,正面,正面,1.0,True
学习区,BV1uz4y1475S,【洛必达法则】高考使用指南,6049183,276506,78550,230485,4836,23660,beyond,,beyond,0,0,1,0,0,0.0,0.0,0.0,0.0,0.0,0.0,0.0,0.0,0,0,0,0,0,0,0,0,无明显情感,未明确对象,未明确方面,中性,0,0.6641811267415451,0.13348938228347546,0.6641811267415451,0.20232949097497943,中性,中性,,False
学习区,BV1uz4y1475S,【洛必达法则】高考使用指南,6049183,276506,78550,230485,4836,23660,端点效应你得正充分性,,端点效应你得正充分性,0,0,5,0,0,0.0,0.0,0.0,0.0,0.0,0.0,0.0,0.0,0,0,0,0,0,0,0,0,无明显情感,未明确对象,未明确方面,中性,-1,0.636304436927811,0.636304436927811,0.198140393287518,0.16555516978467102,负面,负面,,False
学习区,BV1uz4y1475S,【洛必达法则】高考使用指南,6049183,276506,78550,230485,4836,23660,我干的,,我干的,0,0,1,0,0,0.0,0.0,0.0,0.0,0.0,0.0,0.0,0.0,0,0,0,0,0,0,0,0,无明显情感,未明确对象,未明确方面,中性,0,0.5504988622518718,0.3280294601161758,0.5504988622518718,0.12147167763195235,中性,中性,,False
学习区,BV1uz4y1475S,【洛必达法则】高考使用指南,6049183,276506,78550,230485,4836,23660,这题用端点法咋做,,这题用端点法咋做,0,0,6,0,0,0.0,0.0,0.0,0.0,0.0,0.0,0.0,0.0,0,0,0,0,0,0,0,0,无明显情感,未明确对象,未明确方面,中性,0,0.7746781068058605,0.11248730787021873,0.7746781068058605,0.1128345853239209,中性,中性,,False
学习区,BV1uz4y1475S,【洛必达法则】高考使用指南,6049183,276506,78550,230485,4836,23660,有空问为啥是奇函数没空写，就算你一眼看不出来你带入x和-x看关系不就好了唇珠,,有空问为啥是奇函数没空写，就算你一眼看不出来你带入x和x看关系不就好了唇珠,0,0,20,0,0,0.0,0.0,0.0,0.0,0.0,0.0,0.0,0.0,1,0,0,0,0,0,0,0,无明显情感,未明确对象,未明确方面,中性,0,0.5275545233470433,0.37127987525640493,0.5275545233470433,0.10116560139655176,中性,中性,0.0,True
学习区,BV1uz4y1475S,【洛必达法则】高考使用指南,6049183,276506,78550,230485,4836,23660,别光听啊，跟着节奏导啊,,别光听啊，跟着节奏导啊,0,0,6,0,0,0.0,0.0,0.0,0.0,0.0,0.0,0.0,0.0,0,0,0,0,0,0,0,0,无明显情感,未明确对象,节奏与效率,中性,0,0.4680771427583566,0.40223980733333836,0.4680771427583566,0.1296830499083049,中性,中性,,False
学习区,BV1uz4y1475S,【洛必达法则】高考使用指南,6049183,276506,78550,230485,4836,23660,NB,,NB,0,0,1,0,0,0.0,0.0,0.0,0.0,0.0,0.0,0.0,0.0,0,0,0,0,0,0,0,0,无明显情感,未明确对象,未明确方面,中性,0,0.6641811267415451,0.13348938228347546,0.6641811267415451,0.20232949097497943,中性,正面,,False
学习区,BV1uz4y1475S,【洛必达法则】高考使用指南,6049183,276506,78550,230485,4836,23660,我奶奶不知道，我奶奶半夜打王者荣耀,,我奶奶不知道，我奶奶半夜打王者荣耀,0,0,9,0,0,0.0,0.0,0.0,0.0,0.0,0.0,0.0,0.0,0,0,0,0,0,0,0,0,无明显情感,未明确对象,未明确方面,中性,-1,0.6268061901075437,0.6268061901075437,0.2016755321964743,0.171518277695982,负面,负面,,False
学习区,BV1uz4y1475S,【洛必达法则】高考使用指南,6049183,276506,78550,230485,4836,23660,我嘞个豆 吓一跳啊,,我嘞个豆吓一跳啊,0,0,4,0,0,0.0,0.0,0.0,0.0,0.0,0.0,0.0,0.0,0,0,1,0,0,0,0,0,自身情绪,未明确对象,未明确方面,中性,-1,0.699325854983741,0.699325854983741,0.22446221780441059,0.07621192721184845,负面,负面,,False
学习区,BV1uz4y1475S,【洛必达法则】高考使用指南,6049183,276506,78550,230485,4836,23660,有谁听见小猪那里的汽车鸣笛声,,有谁听见小猪那里的汽车鸣笛声,0,0,8,0,0,0.0,0.0,0.0,0.0,0.0,0.0,0.0,0.0,0,0,0,0,0,0,0,0,无明显情感,未明确对象,未明确方面,中性,-1,0.5280788728119551,0.5280788728119551,0.2935779614297921,0.17834316575825276,负面,负面,,False
学习区,BV1uz4y1475S,【洛必达法则】高考使用指南,6049183,276506,78550,230485,4836,23660,谁听见小猪那里的汽车鸣笛声了,,谁听见小猪那里的汽车鸣笛声了,0,0,7,0,0,0.0,0.0,0.0,0.0,0.0,0.0,0.0,0.0,0,0,0,0,0,0,0,0,无明显情感,未明确对象,未明确方面,中性,0,0.42935789574188693,0.2534779833640168,0.42935789574188693,0.31716412089409635,中性,中性,0.0,True
学习区,BV1uz4y1475S,【洛必达法则】高考使用指南,6049183,276506,78550,230485,4836,23660,好活，赏！,,好活，赏！,0,0,4,1,0,0.0,0.0,0.0,0.0,0.0,0.0,0.0,0.0,0,0,0,0,0,0,0,0,无明显情感,未明确对象,未明确方面,中性,0,0.4809374229590699,0.1402827556064021,0.4809374229590699,0.37877982143452804,中性,中性,,False
学习区,BV1uz4y1475S,【洛必达法则】高考使用指南,6049183,276506,78550,230485,4836,23660,端点效应不行吗,,端点效应不行吗,0,1,3,0,0,-1.0,0.0,1.0,1.0,0.3333333333333333,-1.0,0.0,1.0,0,0,0,0,0,0,0,1,对象评价,未明确对象,未明确方面,负面,-1,0.8168981897290237,0.8168981897290237,0.1342303686953847,0.048871441575591534,负面,负面,,False
学习区,BV1uz4y1475S,【洛必达法则】高考使用指南,6049183,276506,78550,230485,4836,23660,洛完泰勒展开，我太有操作了,,洛完泰勒展开，我太有操作了,0,0,6,0,0,0.0,0.0,0.0,0.0,0.0,0.0,0.0,0.0,0,0,0,0,0,0,0,0,无明显情感,未明确对象,比赛表现,中性,1,0.3895856731559827,0.3352838384933469,0.2751304883506704,0.3895856731559827,正面,正面,1.0,True
学习区,BV1uz4y1475S,【洛必达法则】高考使用指南,6049183,276506,78550,230485,4836,23660,ln0不是趋近于负无穷吗？为什么这里是0,,ln0不是趋近于负无穷吗？为什么这里是0,0,0,10,0,1,0.0,0.0,0.0,0.0,0.0,0.0,0.0,0.0,0,0,0,0,0,0,0,0,无明显情感,未明确对象,未明确方面,中性,0,0.6356039711336775,0.3509821754824804,0.6356039711336775,0.013413853383842093,中性,中性,,False
学习区,BV1uz4y1475S,【洛必达法则】高考使用指南,6049183,276506,78550,230485,4836,23660,洛丽塔法则,,洛丽塔法则,0,0,2,0,0,0.0,0.0,0.0,0.0,0.0,0.0,0.0,0.0,0,0,0,0,0,0,0,0,无明显情感,未明确对象,未明确方面,中性,0,0.8185299254820936,0.11158804907245369,0.8185299254820936,0.06988202544545279,中性,中性,,False
学习区,BV1uz4y1475S,【洛必达法则】高考使用指南,6049183,276506,78550,230485,4836,23660,直接求导比较麻烦，相对而言上下分别求导更简单,,直接求导比较麻烦，相对而言上下分别求导更简单,1,1,11,0,0,0.0,1.0,1.0,0.0,0.18181818181818182,0.0,1.0,1.0,0,1,1,0,0,0,0,1,对象评价+自身情绪,未明确对象,理解与难度,混合,-1,0.4737124065471795,0.4737124065471795,0.42728106929578397,0.09900652415703663,负面,中性,0.0,True
学习区,BV1uz4y1475S,【洛必达法则】高考使用指南,6049183,276506,78550,230485,4836,23660,不能这么导吧,,不能这么导吧,0,0,3,0,0,0.0,0.0,0.0,0.0,0.0,0.0,0.0,0.0,0,0,0,0,0,0,0,0,无明显情感,未明确对象,未明确方面,中性,0,0.471237409114963,0.19738651904696752,0.471237409114963,0.3313760718380696,中性,中性,,False
学习区,BV1uz4y1475S,【洛必达法则】高考使用指南,6049183,276506,78550,230485,4836,23660,洛基,,洛基,0,0,1,0,0,0.0,0.0,0.0,0.0,0.0,0.0,0.0,0.0,0,0,0,0,0,0,0,0,无明显情感,未明确对象,未明确方面,中性,0,0.6641811267415451,0.13348938228347546,0.6641811267415451,0.20232949097497943,中性,中性,,False
学习区,BV1uz4y1475S,【洛必达法则】高考使用指南,6049183,276506,78550,230485,4836,23660,逆天发言,,逆天发言,0,0,2,0,0,0.0,0.0,0.0,0.0,0.0,0.0,0.0,0.0,0,0,0,0,0,0,0,0,无明显情感,未明确对象,未明确方面,中性,0,0.6585046096608349,0.14118285317383877,0.6585046096608349,0.20031253716532643,中性,中性,,False
学习区,BV1uz4y1475S,【洛必达法则】高考使用指南,6049183,276506,78550,230485,4836,23660,开洛！,,开洛！,0,0,2,1,0,0.0,0.0,0.0,0.0,0.0,0.0,0.0,0.0,0,0,0,0,0,0,0,0,无明显情感,未明确对象,未明确方面,中性,0,0.6014191404432303,0.04859558453785338,0.6014191404432303,0.3499852750189163,中性,中性,,False
学习区,BV1uz4y1475S,【洛必达法则】高考使用指南,6049183,276506,78550,230485,4836,23660,不是吧，小猪老师开启了神奇操作,,不是吧，小猪老师开启了神奇操作,0,0,7,0,0,0.0,0.0,0.0,0.0,0.0,0.0,0.0,0.0,0,0,0,0,0,0,0,0,无明显情感,讲解者,比赛表现,中性,-1,0.438903491778699,0.438903491778699,0.24518084204355678,0.31591566617774414,负面,负面,,False
学习区,BV1uz4y1475S,【洛必达法则】高考使用指南,6049183,276506,78550,230485,4836,23660,e的-x次方为什么趋近正无穷,,e的x次方为什么趋近正无穷,0,0,7,0,0,0.0,0.0,0.0,0.0,0.0,0.0,0.0,0.0,0,0,0,0,0,0,0,0,无明显情感,未明确对象,未明确方面,中性,0,0.9171686772446729,0.052110190850677245,0.9171686772446729,0.030721131904649836,中性,中性,,False
学习区,BV1uz4y1475S,【洛必达法则】高考使用指南,6049183,276506,78550,230485,4836,23660,哈哈哈哈哈哈哈哈哈哈哈哈哈哈,,哈哈哈哈哈哈哈哈哈哈哈哈哈哈,5,0,4,0,0,5.0,5.0,0.0,5.0,1.25,5.0,5.0,0.0,0,0,1,0,0,0,0,1,对象评价+自身情绪,未明确对象,娱乐与趣味,正面,1,0.9999180129887172,5.9120205141993666e-05,2.28668061407964e-05,0.9999180129887172,正面,正面,,False
学习区,BV1uz4y1475S,【洛必达法则】高考使用指南,6049183,276506,78550,230485,4836,23660,洛一次不行就再洛一次！！！,,洛一次不行就再洛一次！！！,0,1,9,3,0,-1.0,0.0,1.0,1.0,0.1111111111111111,-1.0,0.0,1.0,0,0,0,0,0,0,0,1,对象评价,未明确对象,未明确方面,负面,-1,0.539488131910045,0.539488131910045,0.2245583876310705,0.23595348045888442,负面,负面,,False
学习区,BV1uz4y1475S,【洛必达法则】高考使用指南,6049183,276506,78550,230485,4836,23660,高级函数比中级函数,,高级函数比中级函数,1,0,5,0,0,1.0,1.0,0.0,1.0,0.2,1.0,1.0,0.0,0,0,0,0,0,0,0,1,对象评价,未明确对象,未明确方面,正面,0,0.7406200470140116,0.10328821944676926,0.7406200470140116,0.156091733539219,中性,中性,0.0,True
学习区,BV1uz4y1475S,【洛必达法则】高考使用指南,6049183,276506,78550,230485,4836,23660,我是含贝隆,,我是含贝隆,0,0,1,0,0,0.0,0.0,0.0,0.0,0.0,0.0,0.0,0.0,0,0,0,0,0,0,0,0,无明显情感,未明确对象,未明确方面,中性,0,0.5141519452972254,0.4618596173933792,0.5141519452972254,0.023988437309395406,中性,中性,,False
学习区,BV1uz4y1475S,【洛必达法则】高考使用指南,6049183,276506,78550,230485,4836,23660,没错，是你们错了,,没错，是你们错了,0,1,4,0,0,-1.0,0.0,1.0,1.0,0.25,-1.0,0.0,1.0,0,0,0,0,0,0,0,1,对象评价,未明确对象,未明确方面,负面,-1,0.8715495870139788,0.8715495870139788,0.0828171315462993,0.04563328143972188,负面,负面,-1.0,True
学习区,BV1uz4y1475S,【洛必达法则】高考使用指南,6049183,276506,78550,230485,4836,23660,终于是看到洛琪希了，洛门就由我来继承,,终于是看到洛琪希了，洛门就由我来继承,0,0,10,0,0,0.0,0.0,0.0,0.0,0.0,0.0,0.0,0.0,0,0,0,0,0,0,0,0,无明显情感,未明确对象,未明确方面,中性,-1,0.47279655859002645,0.47279655859002645,0.3698268845122535,0.1573765568977201,负面,负面,,False
学习区,BV1uz4y1475S,【洛必达法则】高考使用指南,6049183,276506,78550,230485,4836,23660,什么，高几？,,什么，高几？,0,0,4,0,1,0.0,0.0,0.0,0.0,0.0,0.0,0.0,0.0,0,0,0,0,0,0,0,0,无明显情感,未明确对象,未明确方面,中性,0,0.5095187321381653,0.46698472364646365,0.5095187321381653,0.02349654421537102,中性,中性,,False
学习区,BV1uz4y1475S,【洛必达法则】高考使用指南,6049183,276506,78550,230485,4836,23660,你们信命吗？,,你们信命吗？,0,0,3,0,1,0.0,0.0,0.0,0.0,0.0,0.0,0.0,0.0,0,0,0,0,0,0,0,0,无明显情感,未明确对象,未明确方面,中性,0,0.6593327040351602,0.26173140626040564,0.6593327040351602,0.07893588970443424,中性,中性,,False
学习区,BV1uz4y1475S,【洛必达法则】高考使用指南,6049183,276506,78550,230485,4836,23660,这素在。。。。,,这素在。。。。,0,0,6,0,0,0.0,0.0,0.0,0.0,0.0,0.0,0.0,0.0,0,0,0,0,0,0,0,0,无明显情感,未明确对象,未明确方面,中性,0,0.685210248974569,0.1599732025644194,0.685210248974569,0.1548165484610117,中性,中性,,False
学习区,BV1uz4y1475S,【洛必达法则】高考使用指南,6049183,276506,78550,230485,4836,23660,125了,,125了,0,0,1,0,0,0.0,0.0,0.0,0.0,0.0,0.0,0.0,0.0,0,0,0,0,0,0,0,0,无明显情感,未明确对象,未明确方面,中性,0,0.5099966381630486,0.2858150191958967,0.5099966381630486,0.2041883426410547,中性,中性,,False
学习区,BV1uz4y1475S,【洛必达法则】高考使用指南,6049183,276506,78550,230485,4836,23660,126了,,126了,0,0,1,0,0,0.0,0.0,0.0,0.0,0.0,0.0,0.0,0.0,0,0,0,0,0,0,0,0,无明显情感,未明确对象,未明确方面,中性,0,0.6215646111717918,0.19664742359356022,0.6215646111717918,0.1817879652346479,中性,中性,,False
学习区,BV1uz4y1475S,【洛必达法则】高考使用指南,6049183,276506,78550,230485,4836,23660,？？？？？？？？？？？,,？？？？？？？？？？？,0,0,11,0,11,0.0,0.0,0.0,0.0,0.0,0.0,0.0,0.0,0,0,0,0,0,0,0,0,无明显情感,未明确对象,未明确方面,中性,-1,0.9999968774717507,0.9999968774717507,3.1185703771297215e-06,3.95787208924481e-09,负面,负面,,False
学习区,BV1uz4y1475S,【洛必达法则】高考使用指南,6049183,276506,78550,230485,4836,23660,Nb,,Nb,0,0,1,0,0,0.0,0.0,0.0,0.0,0.0,0.0,0.0,0.0,0,0,0,0,0,0,0,0,无明显情感,未明确对象,未明确方面,中性,0,0.6641811267415451,0.13348938228347546,0.6641811267415451,0.20232949097497943,中性,正面,,False
学习区,BV1uz4y1475S,【洛必达法则】高考使用指南,6049183,276506,78550,230485,4836,23660,为什么说分子中的e的负x次方也趋向正无穷，为啥不是趋近于0,,为什么说分子中的e的负x次方也趋向正无穷，为啥不是趋近于0,0,0,18,0,0,0.0,0.0,0.0,0.0,0.0,0.0,0.0,0.0,0,0,0,0,0,0,0,0,无明显情感,未明确对象,未明确方面,中性,0,0.5794928296908071,0.39188756107079104,0.5794928296908071,0.028619609238401934,中性,中性,,False
学习区,BV1uz4y1475S,【洛必达法则】高考使用指南,6049183,276506,78550,230485,4836,23660,两次洛必达,,两次洛必达,0,0,2,0,0,0.0,0.0,0.0,0.0,0.0,0.0,0.0,0.0,0,0,0,0,0,0,0,0,无明显情感,未明确对象,未明确方面,中性,-1,0.4948890000843084,0.4948890000843084,0.46827304509158474,0.03683795482410675,负面,负面,,False
学习区,BV1uz4y1475S,【洛必达法则】高考使用指南,6049183,276506,78550,230485,4836,23660,端点效应,,端点效应,0,0,2,0,0,0.0,0.0,0.0,0.0,0.0,0.0,0.0,0.0,0,0,0,0,0,0,0,0,无明显情感,未明确对象,未明确方面,中性,-1,0.6813181796694693,0.6813181796694693,0.16713579605640408,0.1515460242741267,负面,负面,,False
学习区,BV1uz4y1475S,【洛必达法则】高考使用指南,6049183,276506,78550,230485,4836,23660,夜神月实名开洛,,夜神月实名开洛,0,0,4,0,0,0.0,0.0,0.0,0.0,0.0,0.0,0.0,0.0,0,0,0,0,0,0,0,0,无明显情感,未明确对象,未明确方面,中性,0,0.8299758780826344,0.08573494756856936,0.8299758780826344,0.0842891743487962,中性,中性,,False
学习区,BV1uz4y1475S,【洛必达法则】高考使用指南,6049183,276506,78550,230485,4836,23660,我也是,,我也是,0,0,1,0,0,0.0,0.0,0.0,0.0,0.0,0.0,0.0,0.0,0,0,0,0,0,0,0,0,无明显情感,未明确对象,未明确方面,中性,0,0.5882159834519822,0.16122549193698552,0.5882159834519822,0.25055852461103223,中性,中性,,False
学习区,BV1uz4y1475S,【洛必达法则】高考使用指南,6049183,276506,78550,230485,4836,23660,再洛,,再洛,0,0,1,0,0,0.0,0.0,0.0,0.0,0.0,0.0,0.0,0.0,0,0,0,0,0,0,0,0,无明显情感,未明确对象,未明确方面,中性,0,0.6641811267415451,0.13348938228347546,0.6641811267415451,0.20232949097497943,中性,中性,,False
学习区,BV1uz4y1475S,【洛必达法则】高考使用指南,6049183,276506,78550,230485,4836,23660,2,,2,0,0,1,0,0,0.0,0.0,0.0,0.0,0.0,0.0,0.0,0.0,0,0,0,0,0,0,0,0,无明显情感,未明确对象,未明确方面,中性,0,0.6662384538117707,0.16602680711394013,0.6662384538117707,0.16773473907428904,中性,中性,,False
学习区,BV1uz4y1475S,【洛必达法则】高考使用指南,6049183,276506,78550,230485,4836,23660,特殊点,,特殊点,0,0,2,0,0,0.0,0.0,0.0,0.0,0.0,0.0,0.0,0.0,0,0,0,0,0,0,0,0,无明显情感,未明确对象,未明确方面,中性,-1,0.41048357397431534,0.41048357397431534,0.3827536093098138,0.2067628167158709,负面,负面,,False
学习区,BV1uz4y1475S,【洛必达法则】高考使用指南,6049183,276506,78550,230485,4836,23660,右下角小贴士,,右下角小贴士,0,0,2,0,0,0.0,0.0,0.0,0.0,0.0,0.0,0.0,0.0,0,0,0,0,0,0,0,0,无明显情感,未明确对象,未明确方面,中性,0,0.6585046096608349,0.14118285317383877,0.6585046096608349,0.20031253716532643,中性,中性,,False
学习区,BV1uz4y1475S,【洛必达法则】高考使用指南,6049183,276506,78550,230485,4836,23660,beyond函数,,beyond函数,0,0,2,0,0,0.0,0.0,0.0,0.0,0.0,0.0,0.0,0.0,0,0,0,0,0,0,0,0,无明显情感,未明确对象,未明确方面,中性,0,0.9367661275949006,0.02525115356698339,0.9367661275949006,0.03798271883811602,中性,中性,,False
学习区,BV1uz4y1475S,【洛必达法则】高考使用指南,6049183,276506,78550,230485,4836,23660,任意小公主（bs）,,任意小公主bs,0,0,4,0,0,0.0,0.0,0.0,0.0,0.0,0.0,0.0,0.0,0,0,0,0,0,0,0,0,无明显情感,未明确对象,未明确方面,中性,0,0.6038158023002664,0.12080159733002176,0.6038158023002664,0.27538260036971174,中性,中性,,False
学习区,BV1uz4y1475S,【洛必达法则】高考使用指南,6049183,276506,78550,230485,4836,23660,第二个,,第二个,0,0,1,0,0,0.0,0.0,0.0,0.0,0.0,0.0,0.0,0.0,0,0,0,0,0,0,0,0,无明显情感,未明确对象,未明确方面,中性,0,0.6641811267415451,0.13348938228347546,0.6641811267415451,0.20232949097497943,中性,中性,,False
学习区,BV1uz4y1475S,【洛必达法则】高考使用指南,6049183,276506,78550,230485,4836,23660,再导一次？,,再导一次？,0,0,3,0,1,0.0,0.0,0.0,0.0,0.0,0.0,0.0,0.0,0,0,0,0,0,0,0,0,无明显情感,未明确对象,未明确方面,中性,-1,0.5350327343451675,0.5350327343451675,0.40283281497238527,0.062134450682447204,负面,负面,,False
学习区,BV1uz4y1475S,【洛必达法则】高考使用指南,6049183,276506,78550,230485,4836,23660,没关系,,没关系,0,0,1,0,0,0.0,0.0,0.0,0.0,0.0,0.0,0.0,0.0,0,0,0,0,0,0,0,0,无明显情感,未明确对象,未明确方面,中性,0,0.7195720519134067,0.10237732593653204,0.7195720519134067,0.1780506221500612,中性,中性,,False
学习区,BV1uz4y1475S,【洛必达法则】高考使用指南,6049183,276506,78550,230485,4836,23660,那x都能等于1了，怎么能除过去呢,,那x都能等于1了，怎么能除过去呢,0,0,9,0,0,0.0,0.0,0.0,0.0,0.0,0.0,0.0,0.0,0,0,0,0,0,0,0,0,无明显情感,未明确对象,未明确方面,中性,-1,0.6219297566496753,0.6219297566496753,0.3289285557096943,0.04914168764063037,负面,负面,,False
学习区,BV1uz4y1475S,【洛必达法则】高考使用指南,6049183,276506,78550,230485,4836,23660,右边的,,右边的,0,0,1,0,0,0.0,0.0,0.0,0.0,0.0,0.0,0.0,0.0,0,0,0,0,0,0,0,0,无明显情感,未明确对象,未明确方面,中性,0,0.5497920782524368,0.2454799622523171,0.5497920782524368,0.20472795949524614,中性,中性,,False
学习区,BV1uz4y1475S,【洛必达法则】高考使用指南,6049183,276506,78550,230485,4836,23660,初中,,初中,0,0,1,0,0,0.0,0.0,0.0,0.0,0.0,0.0,0.0,0.0,0,0,0,0,0,0,0,0,无明显情感,未明确对象,未明确方面,中性,0,0.6641811267415451,0.13348938228347546,0.6641811267415451,0.20232949097497943,中性,中性,,False
学习区,BV1uz4y1475S,【洛必达法则】高考使用指南,6049183,276506,78550,230485,4836,23660,导！洛！,,导！洛！,0,0,4,2,0,0.0,0.0,0.0,0.0,0.0,0.0,0.0,0.0,0,0,0,0,0,0,0,0,无明显情感,未明确对象,未明确方面,中性,0,0.5213483203665488,0.05064248541227061,0.5213483203665488,0.42800919422118067,中性,中性,,False
学习区,BV1uz4y1475S,【洛必达法则】高考使用指南,6049183,276506,78550,230485,4836,23660,导就完了！,,导就完了！,0,1,3,1,0,-1.0,0.0,1.0,1.0,0.3333333333333333,-1.0,0.0,1.0,0,0,0,0,0,0,0,1,对象评价,未明确对象,未明确方面,负面,0,0.6826191743630883,0.0677275880492811,0.6826191743630883,0.24965323758763056,中性,中性,0.0,True
学习区,BV1uz4y1475S,【洛必达法则】高考使用指南,6049183,276506,78550,230485,4836,23660,明天高考2026,,明天高考2026,0,0,3,0,0,0.0,0.0,0.0,0.0,0.0,0.0,0.0,0.0,0,0,0,0,0,0,0,0,无明显情感,未明确对象,未明确方面,中性,0,0.7789894538539563,0.07280484474727668,0.7789894538539563,0.14820570139876713,中性,中性,,False
学习区,BV1uz4y1475S,【洛必达法则】高考使用指南,6049183,276506,78550,230485,4836,23660,26年高考使用已经不扣分了，因为课本上都已经明确用极限了。,,26年高考使用已经不扣分了，因为课本上都已经明确用极限了。,0,0,16,0,0,0.0,0.0,0.0,0.0,0.0,0.0,0.0,0.0,0,0,0,0,0,0,0,0,无明显情感,未明确对象,未明确方面,中性,0,0.677139655736555,0.21877190863103788,0.677139655736555,0.1040884356324072,中性,中性,,False
学习区,BV1uz4y1475S,【洛必达法则】高考使用指南,6049183,276506,78550,230485,4836,23660,洛呀,,洛呀,0,0,1,0,0,0.0,0.0,0.0,0.0,0.0,0.0,0.0,0.0,0,0,0,0,0,0,0,0,无明显情感,未明确对象,未明确方面,中性,0,0.6641811267415451,0.13348938228347546,0.6641811267415451,0.20232949097497943,中性,中性,,False
学习区,BV1uz4y1475S,【洛必达法则】高考使用指南,6049183,276506,78550,230485,4836,23660,洛！！！,,洛！！！,0,0,4,3,0,0.0,0.0,0.0,0.0,0.0,0.0,0.0,0.0,0,0,0,0,0,0,0,0,无明显情感,未明确对象,未明确方面,中性,1,0.48224002371719166,0.23241921216176656,0.28534076412104165,0.48224002371719166,正面,正面,,False
学习区,BV1uz4y1475S,【洛必达法则】高考使用指南,6049183,276506,78550,230485,4836,23660,niceeeeeeeeeeeee！,,niceeeeeeeeeeeee！,0,0,2,1,0,0.0,0.0,0.0,0.0,0.0,0.0,0.0,0.0,0,0,0,0,0,0,0,0,无明显情感,未明确对象,未明确方面,中性,0,0.6014191404432303,0.04859558453785338,0.6014191404432303,0.3499852750189163,中性,中性,,False
学习区,BV1uz4y1475S,【洛必达法则】高考使用指南,6049183,276506,78550,230485,4836,23660,当我拿出我的定积分，不定积分和微分方程，二重积分和多重积分阁下该如何对付？,,当我拿出我的定积分，不定积分和微分方程，二重积分和多重积分阁下该如何对付？,0,0,16,0,1,0.0,0.0,0.0,0.0,0.0,0.0,0.0,0.0,0,0,0,0,0,0,0,0,无明显情感,未明确对象,未明确方面,中性,-1,0.8954064254017454,0.8954064254017454,0.0795859775062686,0.02500759709198601,负面,负面,,False
学习区,BV1uz4y1475S,【洛必达法则】高考使用指南,6049183,276506,78550,230485,4836,23660,洛洛洛洛洛！！！！！,,洛洛洛洛洛！！！！！,0,0,6,5,0,0.0,0.0,0.0,0.0,0.0,0.0,0.0,0.0,0,0,0,0,0,0,0,0,无明显情感,未明确对象,未明确方面,中性,1,0.3780694805854509,0.3015440838768922,0.32038643553765694,0.3780694805854509,正面,中性,,False
学习区,BV1uz4y1475S,【洛必达法则】高考使用指南,6049183,276506,78550,230485,4836,23660,揪净,,揪净,0,0,2,0,0,0.0,0.0,0.0,0.0,0.0,0.0,0.0,0.0,0,0,0,0,0,0,0,0,无明显情感,未明确对象,未明确方面,中性,0,0.6585046096608349,0.14118285317383877,0.6585046096608349,0.20031253716532643,中性,中性,,False
学习区,BV1uz4y1475S,【洛必达法则】高考使用指南,6049183,276506,78550,230485,4836,23660,魔法,,魔法,0,0,1,0,0,0.0,0.0,0.0,0.0,0.0,0.0,0.0,0.0,0,0,0,0,0,0,0,0,无明显情感,未明确对象,未明确方面,中性,0,0.6641811267415451,0.13348938228347546,0.6641811267415451,0.20232949097497943,中性,中性,,False
学习区,BV1uz4y1475S,【洛必达法则】高考使用指南,6049183,276506,78550,230485,4836,23660,因为有分母，所以不能取一呀。,,因为有分母，所以不能取一呀。,0,0,8,0,0,0.0,0.0,0.0,0.0,0.0,0.0,0.0,0.0,0,0,0,0,0,0,0,0,无明显情感,未明确对象,未明确方面,中性,0,0.8816969080930682,0.055656979886240326,0.8816969080930682,0.0626461120206914,中性,中性,,False
学习区,BV1uz4y1475S,【洛必达法则】高考使用指南,6049183,276506,78550,230485,4836,23660,66666,,66666,1,0,1,0,0,1.0,1.0,0.0,1.0,1.0,1.0,1.0,0.0,0,0,0,0,0,0,0,1,对象评价,未明确对象,未明确方面,正面,1,0.8240702056370479,0.10604562767141522,0.06988416669153691,0.8240702056370479,正面,正面,,False
学习区,BV1uz4y1475S,【洛必达法则】高考使用指南,6049183,276506,78550,230485,4836,23660,不会真是姥姥来了吧,,不会真是姥姥来了吧,0,1,4,0,0,-1.0,0.0,1.0,1.0,0.25,-1.0,0.0,1.0,0,0,0,0,0,0,0,1,对象评价,未明确对象,未明确方面,负面,0,0.7932463722022673,0.17270228168384721,0.7932463722022673,0.03405134611388551,中性,负面,,False
学习区,BV1uz4y1475S,【洛必达法则】高考使用指南,6049183,276506,78550,230485,4836,23660,后天高考，今天晚上才会,,后天高考，今天晚上才会,0,0,7,0,0,0.0,0.0,0.0,0.0,0.0,0.0,0.0,0.0,0,0,0,0,0,0,0,0,无明显情感,未明确对象,未明确方面,中性,0,0.635143455245047,0.16622666704415276,0.635143455245047,0.19862987771080032,中性,中性,,False
学习区,BV1uz4y1475S,【洛必达法则】高考使用指南,6049183,276506,78550,230485,4836,23660,跳伞14：49,,跳伞1449,0,0,2,0,0,0.0,0.0,0.0,0.0,0.0,0.0,0.0,0.0,0,0,0,0,0,0,0,0,无明显情感,未明确对象,未明确方面,中性,0,0.6138362221233596,0.11461180412426424,0.6138362221233596,0.27155197375237605,中性,中性,,False
学习区,BV1uz4y1475S,【洛必达法则】高考使用指南,6049183,276506,78550,230485,4836,23660,端点效应更简单，不需要证明它的充分性,,端点效应更简单，不需要证明它的充分性,1,0,9,0,0,1.0,1.0,0.0,1.0,0.1111111111111111,1.0,1.0,0.0,0,0,0,0,0,0,0,1,对象评价,未明确对象,理解与难度,正面,-1,0.5105985576220257,0.5105985576220257,0.05189279182691487,0.4375086505510593,负面,正面,1.0,True
学习区,BV1uz4y1475S,【洛必达法则】高考使用指南,6049183,276506,78550,230485,4836,23660,端点效应好出答案不好验证啊,,端点效应好出答案不好验证啊,0,0,6,0,0,0.0,0.0,0.0,0.0,0.0,0.0,0.0,0.0,0,0,0,0,0,0,0,0,无明显情感,未明确对象,未明确方面,中性,-1,0.9013749771239742,0.9013749771239742,0.04633079698655032,0.052294225889475424,负面,负面,,False
学习区,BV1uz4y1475S,【洛必达法则】高考使用指南,6049183,276506,78550,230485,4836,23660,卧槽这么好用,,卧槽这么好用,1,0,3,0,0,1.0,1.0,0.0,1.0,0.3333333333333333,1.0,1.0,0.0,0,0,0,0,0,0,0,1,对象评价,未明确对象,未明确方面,正面,1,0.7596489726386576,0.12457292913064913,0.1157780982306933,0.7596489726386576,正面,正面,,False
学习区,BV1uz4y1475S,【洛必达法则】高考使用指南,6049183,276506,78550,230485,4836,23660,必要性探路的做法,,必要性探路的做法,0,0,3,0,0,0.0,0.0,0.0,0.0,0.0,0.0,0.0,0.0,0,0,0,0,0,0,0,0,无明显情感,未明确对象,未明确方面,中性,0,0.5320849056864122,0.27034876686532877,0.5320849056864122,0.19756632744825905,中性,中性,,False
学习区,BV1uz4y1475S,【洛必达法则】高考使用指南,6049183,276506,78550,230485,4836,23660,弹幕看力竭了,,弹幕看力竭了,0,0,3,0,0,0.0,0.0,0.0,0.0,0.0,0.0,0.0,0.0,0,0,0,0,0,0,0,0,无明显情感,未明确对象,未明确方面,中性,0,0.7026934306765847,0.0442323064105576,0.7026934306765847,0.25307426291285773,中性,中性,,False
学习区,BV1uz4y1475S,【洛必达法则】高考使用指南,6049183,276506,78550,230485,4836,23660,X＝1时，a属于R,,X1时，a属于R,0,0,6,0,0,0.0,0.0,0.0,0.0,0.0,0.0,0.0,0.0,0,0,0,0,0,0,0,0,无明显情感,未明确对象,未明确方面,中性,0,0.5294284926256332,0.2612146649914294,0.5294284926256332,0.20935684238293728,中性,中性,,False
学习区,BV1uz4y1475S,【洛必达法则】高考使用指南,6049183,276506,78550,230485,4836,23660,我去那我填空题不直接秒了,,我去那我填空题不直接秒了,0,0,5,0,0,0.0,0.0,0.0,0.0,0.0,0.0,0.0,0.0,0,0,0,0,0,0,0,0,无明显情感,未明确对象,未明确方面,中性,0,0.6061119087638078,0.30340635423127316,0.6061119087638078,0.09048173700491913,中性,中性,,False
学习区,BV1uz4y1475S,【洛必达法则】高考使用指南,6049183,276506,78550,230485,4836,23660,轻松绷住,,轻松绷住,1,0,2,0,0,1.0,1.0,0.0,1.0,0.5,1.0,1.0,0.0,0,0,0,0,0,0,0,1,对象评价,未明确对象,未明确方面,正面,1,0.6734496248502706,0.13628894596425456,0.19026142918547478,0.6734496248502706,正面,中性,0.0,True
学习区,BV1uz4y1475S,【洛必达法则】高考使用指南,6049183,276506,78550,230485,4836,23660,我去不早说,,我去不早说,0,0,4,0,0,0.0,0.0,0.0,0.0,0.0,0.0,0.0,0.0,0,0,0,0,0,0,0,0,无明显情感,未明确对象,未明确方面,中性,-1,0.7593341669622751,0.7593341669622751,0.20640778636106485,0.03425804667665998,负面,负面,,False
学习区,BV1uz4y1475S,【洛必达法则】高考使用指南,6049183,276506,78550,230485,4836,23660,再洛！,,再洛！,0,0,2,1,0,0.0,0.0,0.0,0.0,0.0,0.0,0.0,0.0,0,0,0,0,0,0,0,0,无明显情感,未明确对象,未明确方面,中性,0,0.6014191404432303,0.04859558453785338,0.6014191404432303,0.3499852750189163,中性,中性,,False
学习区,BV1uz4y1475S,【洛必达法则】高考使用指南,6049183,276506,78550,230485,4836,23660,！！！,,！！！,0,0,3,3,0,0.0,0.0,0.0,0.0,0.0,0.0,0.0,0.0,0,0,0,0,0,0,0,0,无明显情感,未明确对象,未明确方面,中性,1,0.41153664916215643,0.29352207598887803,0.2949412748489656,0.41153664916215643,正面,中性,0.0,True
学习区,BV1uz4y1475S,【洛必达法则】高考使用指南,6049183,276506,78550,230485,4836,23660,今天晚自习才刷到这道题,,今天晚自习才刷到这道题,0,0,6,0,0,0.0,0.0,0.0,0.0,0.0,0.0,0.0,0.0,0,0,0,0,0,0,0,0,无明显情感,未明确对象,未明确方面,中性,0,0.4751945394548567,0.3563015579942056,0.4751945394548567,0.16850390255093778,中性,中性,,False
学习区,BV1uz4y1475S,【洛必达法则】高考使用指南,6049183,276506,78550,230485,4836,23660,谢谢小猪,,谢谢小猪,1,0,2,0,0,1.0,1.0,0.0,1.0,0.5,1.0,1.0,0.0,0,0,0,0,0,0,0,1,对象评价,未明确对象,未明确方面,正面,1,0.9070128793736927,0.03917640545771616,0.05381071516859118,0.9070128793736927,正面,正面,,False
学习区,BV1uz4y1475S,【洛必达法则】高考使用指南,6049183,276506,78550,230485,4836,23660,神的失误,,神的失误,0,0,2,0,0,0.0,0.0,0.0,0.0,0.0,0.0,0.0,0.0,0,0,0,0,0,0,0,0,无明显情感,未明确对象,未明确方面,中性,0,0.5410847658369836,0.2577186326935726,0.5410847658369836,0.2011966014694437,中性,中性,,False
学习区,BV1uz4y1475S,【洛必达法则】高考使用指南,6049183,276506,78550,230485,4836,23660,神圣的小曲,,神圣的小曲,0,0,2,0,0,0.0,0.0,0.0,0.0,0.0,0.0,0.0,0.0,0,0,0,0,0,0,0,0,无明显情感,未明确对象,未明确方面,中性,0,0.5410847658369836,0.2577186326935726,0.5410847658369836,0.2011966014694437,中性,中性,,False
学习区,BV1uz4y1475S,【洛必达法则】高考使用指南,6049183,276506,78550,230485,4836,23660,棒,,棒,0,0,1,0,0,0.0,0.0,0.0,0.0,0.0,0.0,0.0,0.0,0,0,0,0,0,0,0,0,无明显情感,未明确对象,未明确方面,中性,0,0.6641811267415451,0.13348938228347546,0.6641811267415451,0.20232949097497943,中性,中性,,False
学习区,BV1uz4y1475S,【洛必达法则】高考使用指南,6049183,276506,78550,230485,4836,23660,nb,,nb,1,0,1,0,0,1.0,1.0,0.0,1.0,1.0,1.0,1.0,0.0,0,0,0,0,0,0,0,1,对象评价,未明确对象,未明确方面,正面,1,0.7129372537708775,0.20499468037722357,0.08206806585189903,0.7129372537708775,正面,正面,,False
学习区,BV1uz4y1475S,【洛必达法则】高考使用指南,6049183,276506,78550,230485,4836,23660,遇事不决先分差,,遇事不决先分差,0,0,4,0,0,0.0,0.0,0.0,0.0,0.0,0.0,0.0,0.0,0,0,0,0,0,0,0,0,无明显情感,未明确对象,未明确方面,中性,0,0.6462878438700694,0.15767941730141277,0.6462878438700694,0.19603273882851782,中性,负面,,False
学习区,BV1uz4y1475S,【洛必达法则】高考使用指南,6049183,276506,78550,230485,4836,23660,这个真的是必用的,,这个真的是必用的,0,0,2,0,0,0.0,0.0,0.0,0.0,0.0,0.0,0.0,0.0,0,0,0,0,0,0,0,0,无明显情感,未明确对象,未明确方面,中性,0,0.7342912097506037,0.10398756152449032,0.7342912097506037,0.16172122872490613,中性,中性,,False
学习区,BV1uz4y1475S,【洛必达法则】高考使用指南,6049183,276506,78550,230485,4836,23660,3倍无穷比上2倍无穷,,3倍无穷比上2倍无穷,0,0,7,0,0,0.0,0.0,0.0,0.0,0.0,0.0,0.0,0.0,0,0,0,0,0,0,0,0,无明显情感,未明确对象,未明确方面,中性,0,0.8103010385988698,0.07931738400911754,0.8103010385988698,0.11038157739201263,中性,中性,,False
学习区,BV1uz4y1475S,【洛必达法则】高考使用指南,6049183,276506,78550,230485,4836,23660,高三表示还好,,高三表示还好,0,0,3,0,0,0.0,0.0,0.0,0.0,0.0,0.0,0.0,0.0,0,0,0,0,0,0,0,0,无明显情感,未明确对象,未明确方面,中性,0,0.650889659028613,0.21623233064649877,0.650889659028613,0.13287801032488822,中性,中性,,False
学习区,BV1uz4y1475S,【洛必达法则】高考使用指南,6049183,276506,78550,230485,4836,23660,右边,,右边,0,0,1,0,0,0.0,0.0,0.0,0.0,0.0,0.0,0.0,0.0,0,0,0,0,0,0,0,0,无明显情感,未明确对象,未明确方面,中性,0,0.6641811267415451,0.13348938228347546,0.6641811267415451,0.20232949097497943,中性,中性,,False
学习区,BV1uz4y1475S,【洛必达法则】高考使用指南,6049183,276506,78550,230485,4836,23660,合着我之前极限思想用的都是洛必达法则,,合着我之前极限思想用的都是洛必达法则,0,0,8,0,0,0.0,0.0,0.0,0.0,0.0,0.0,0.0,0.0,0,0,0,0,0,0,0,0,无明显情感,未明确对象,未明确方面,中性,0,0.6207400105004937,0.3534493226124745,0.6207400105004937,0.025810666887031836,中性,中性,,False
学习区,BV1uz4y1475S,【洛必达法则】高考使用指南,6049183,276506,78550,230485,4836,23660,〈(⊙o⊙)〉,,o,0,0,1,0,0,0.0,0.0,0.0,0.0,0.0,0.0,0.0,0.0,0,0,0,0,0,0,0,0,无明显情感,未明确对象,未明确方面,中性,0,0.6641811267415451,0.13348938228347546,0.6641811267415451,0.20232949097497943,中性,中性,,False
学习区,BV1uz4y1475S,【洛必达法则】高考使用指南,6049183,276506,78550,230485,4836,23660,谢谢小猪老师,,谢谢小猪老师,1,0,3,0,0,1.0,1.0,0.0,1.0,0.3333333333333333,1.0,1.0,0.0,0,0,0,0,0,0,0,1,对象评价,讲解者,未明确方面,正面,1,0.913647008194599,0.023843678332489435,0.06250931347291168,0.913647008194599,正面,正面,,False
学习区,BV1uz4y1475S,【洛必达法则】高考使用指南,6049183,276506,78550,230485,4836,23660,大题实在不会做就用吧也就扣一两分,,大题实在不会做就用吧也就扣一两分,0,1,11,0,0,-1.0,0.0,1.0,1.0,0.09090909090909091,-1.0,0.0,1.0,0,0,0,1,0,0,0,1,对象评价+认知状态,未明确对象,未明确方面,负面,0,0.6889407121145181,0.27430898589961844,0.6889407121145181,0.036750301985863466,中性,负面,,False
学习区,BV1uz4y1475S,【洛必达法则】高考使用指南,6049183,276506,78550,230485,4836,23660,同偶异机,,同偶异机,0,0,2,0,0,0.0,0.0,0.0,0.0,0.0,0.0,0.0,0.0,0,0,0,0,0,0,0,0,无明显情感,未明确对象,未明确方面,中性,0,0.6585046096608349,0.14118285317383877,0.6585046096608349,0.20031253716532643,中性,中性,,False
学习区,BV1uz4y1475S,【洛必达法则】高考使用指南,6049183,276506,78550,230485,4836,23660,吓一跳,,吓一跳,0,0,1,0,0,0.0,0.0,0.0,0.0,0.0,0.0,0.0,0.0,0,0,1,0,0,0,0,0,自身情绪,未明确对象,未明确方面,中性,0,0.6641811267415451,0.13348938228347546,0.6641811267415451,0.20232949097497943,中性,负面,,False
学习区,BV1uz4y1475S,【洛必达法则】高考使用指南,6049183,276506,78550,230485,4836,23660,只要洛不死就往死里洛,,只要洛不死就往死里洛,0,0,5,0,0,0.0,0.0,0.0,0.0,0.0,0.0,0.0,0.0,0,0,0,0,0,0,0,0,无明显情感,未明确对象,未明确方面,中性,1,0.5385335235543853,0.11711907553031525,0.3443474009152994,0.5385335235543853,正面,正面,,False
学习区,BV1uz4y1475S,【洛必达法则】高考使用指南,6049183,276506,78550,230485,4836,23660,用极限思维，第二个是对的,,用极限思维，第二个是对的,0,0,6,0,0,0.0,0.0,0.0,0.0,0.0,0.0,0.0,0.0,0,0,0,0,0,0,0,0,无明显情感,未明确对象,未明确方面,中性,0,0.5350739789137657,0.2524503228971983,0.5350739789137657,0.21247569818903583,中性,中性,,False
学习区,BV1uz4y1475S,【洛必达法则】高考使用指南,6049183,276506,78550,230485,4836,23660,这题我会，极限思维,,这题我会，极限思维,0,0,5,0,0,0.0,0.0,0.0,0.0,0.0,0.0,0.0,0.0,0,0,0,0,0,0,0,0,无明显情感,未明确对象,未明确方面,中性,0,0.6961890373748181,0.12844795173118742,0.6961890373748181,0.17536301089399442,中性,中性,,False
学习区,BV1uz4y1475S,【洛必达法则】高考使用指南,6049183,276506,78550,230485,4836,23660,来了,,来了,0,0,1,0,0,0.0,0.0,0.0,0.0,0.0,0.0,0.0,0.0,0,0,0,0,0,0,0,0,无明显情感,未明确对象,未明确方面,中性,0,0.9262403134186027,0.027002999467524574,0.9262403134186027,0.046756687113872646,中性,中性,,False
学习区,BV1uz4y1475S,【洛必达法则】高考使用指南,6049183,276506,78550,230485,4836,23660,小笨蛋啊啊啊他喊我小笨蛋,,小笨蛋啊啊啊他喊我小笨蛋,0,0,4,0,0,0.0,0.0,0.0,0.0,0.0,0.0,0.0,0.0,0,0,0,0,0,0,0,0,无明显情感,未明确对象,未明确方面,中性,0,0.6897365420029331,0.07567426099183558,0.6897365420029331,0.23458919700523134,中性,中性,,False
学习区,BV1uz4y1475S,【洛必达法则】高考使用指南,6049183,276506,78550,230485,4836,23660,分给你了,,分给你了,0,0,1,0,0,0.0,0.0,0.0,0.0,0.0,0.0,0.0,0.0,0,0,0,0,0,0,0,0,无明显情感,未明确对象,未明确方面,中性,0,0.5422930699230757,0.2786046539927557,0.5422930699230757,0.17910227608416873,中性,中性,,False
学习区,BV1uz4y1475S,【洛必达法则】高考使用指南,6049183,276506,78550,230485,4836,23660,这玩意好好用喵,,这玩意好好用喵,1,0,4,0,0,1.0,1.0,0.0,1.0,0.25,1.0,1.0,0.0,0,0,0,0,0,0,0,1,对象评价,未明确对象,未明确方面,正面,1,0.747084734166842,0.06989323376707313,0.18302203206608486,0.747084734166842,正面,正面,1.0,True
学习区,BV1uz4y1475S,【洛必达法则】高考使用指南,6049183,276506,78550,230485,4836,23660,不用洛做不出来吗这题,,不用洛做不出来吗这题,0,0,5,0,0,0.0,0.0,0.0,0.0,0.0,0.0,0.0,0.0,0,0,0,0,0,0,0,0,无明显情感,未明确对象,未明确方面,中性,0,0.7188462355939631,0.19754102807407745,0.7188462355939631,0.0836127363319594,中性,中性,,False
学习区,BV1uz4y1475S,【洛必达法则】高考使用指南,6049183,276506,78550,230485,4836,23660,空降10：12,,空降1012,0,0,2,0,0,0.0,0.0,0.0,0.0,0.0,0.0,0.0,0.0,0,0,0,0,0,0,0,0,无明显情感,未明确对象,未明确方面,中性,0,0.687368366739823,0.10927562750058302,0.687368366739823,0.20335600575959392,中性,中性,,False
学习区,BV1uz4y1475S,【洛必达法则】高考使用指南,6049183,276506,78550,230485,4836,23660,这个太经典了,,这个太经典了,1,0,3,0,0,1.8,1.8,0.0,1.8,0.3333333333333333,1.8,1.8,0.0,0,0,0,0,0,0,0,1,对象评价,未明确对象,未明确方面,正面,0,0.47659885836772947,0.06773619216741174,0.47659885836772947,0.4556649494648587,中性,中性,0.0,True
学习区,BV1uz4y1475S,【洛必达法则】高考使用指南,6049183,276506,78550,230485,4836,23660,思考在我没听视频前是怎么做的….,,思考在我没听视频前是怎么做的.,0,0,9,0,0,0.0,0.0,0.0,0.0,0.0,0.0,0.0,0.0,0,0,0,0,0,0,0,0,无明显情感,视频内容,未明确方面,中性,-1,0.661380020389169,0.661380020389169,0.2654502163043447,0.07316976330648635,负面,负面,,False
学习区,BV1uz4y1475S,【洛必达法则】高考使用指南,6049183,276506,78550,230485,4836,23660,是分别求导,,是分别求导,0,0,2,0,0,0.0,0.0,0.0,0.0,0.0,0.0,0.0,0.0,0,0,0,0,0,0,0,0,无明显情感,未明确对象,未明确方面,中性,0,0.6128753852837913,0.29394451039240094,0.6128753852837913,0.09318010432380772,中性,中性,,False
学习区,BV1uz4y1475S,【洛必达法则】高考使用指南,6049183,276506,78550,230485,4836,23660,雷霆大洛,,雷霆大洛,0,0,2,0,0,0.0,0.0,0.0,0.0,0.0,0.0,0.0,0.0,0,0,0,0,0,0,0,0,无明显情感,未明确对象,未明确方面,中性,0,0.6585046096608349,0.14118285317383877,0.6585046096608349,0.20031253716532643,中性,中性,,False
学习区,BV1uz4y1475S,【洛必达法则】高考使用指南,6049183,276506,78550,230485,4836,23660,笑死，我们数学老师上课动不动就这么来,,笑死，我们数学老师上课动不动就这么来,1,0,10,0,0,1.0,1.0,0.0,1.0,0.1,1.0,1.0,0.0,0,0,1,0,0,0,0,1,对象评价+自身情绪,讲解者+课程内容,娱乐与趣味,正面,1,0.45646183805833107,0.44151760740812207,0.10202055453354676,0.45646183805833107,正面,正面,,False
学习区,BV1uz4y1475S,【洛必达法则】高考使用指南,6049183,276506,78550,230485,4836,23660,完结撒花！,,完结撒花！,0,0,3,1,0,0.0,0.0,0.0,0.0,0.0,0.0,0.0,0.0,0,0,0,0,0,0,0,0,无明显情感,未明确对象,未明确方面,中性,0,0.5997746699199505,0.05169762921059101,0.5997746699199505,0.3485277008694585,中性,中性,,False
学习区,BV1uz4y1475S,【洛必达法则】高考使用指南,6049183,276506,78550,230485,4836,23660,还有八天,,还有八天,0,0,2,0,0,0.0,0.0,0.0,0.0,0.0,0.0,0.0,0.0,0,0,0,0,0,0,0,0,无明显情感,未明确对象,未明确方面,中性,-1,0.40669486657860926,0.40669486657860926,0.36682439026828967,0.22648074315310113,负面,负面,,False
学习区,BV1uz4y1475S,【洛必达法则】高考使用指南,6049183,276506,78550,230485,4836,23660,只要洛不死jo就往死里洛,,只要洛不死jo就往死里洛,0,0,6,0,0,0.0,0.0,0.0,0.0,0.0,0.0,0.0,0.0,0,0,0,0,0,0,0,0,无明显情感,未明确对象,未明确方面,中性,1,0.5339988943468857,0.12406278850645365,0.3419383171466607,0.5339988943468857,正面,正面,,False
学习区,BV1uz4y1475S,【洛必达法则】高考使用指南,6049183,276506,78550,230485,4836,23660,有没有2026.5+29的,,有没有2026.529的,0,0,2,0,0,0.0,0.0,0.0,0.0,0.0,0.0,0.0,0.0,0,0,0,0,0,0,0,0,无明显情感,未明确对象,未明确方面,中性,0,0.6138679551473396,0.25204071766776165,0.6138679551473396,0.13409132718489877,中性,中性,,False
学习区,BV1uz4y1475S,【洛必达法则】高考使用指南,6049183,276506,78550,230485,4836,23660,B,,B,0,0,1,0,0,0.0,0.0,0.0,0.0,0.0,0.0,0.0,0.0,0,0,0,0,0,0,0,0,无明显情感,未明确对象,未明确方面,中性,0,0.5624860751214997,0.09684947904048005,0.5624860751214997,0.3406644458380203,中性,中性,,False
学习区,BV1uz4y1475S,【洛必达法则】高考使用指南,6049183,276506,78550,230485,4836,23660,1,,1,0,0,1,0,0,0.0,0.0,0.0,0.0,0.0,0.0,0.0,0.0,0,0,0,0,0,0,0,0,无明显情感,未明确对象,未明确方面,中性,0,0.7913313266815805,0.1085531799997004,0.7913313266815805,0.10011549331871918,中性,中性,,False
学习区,BV1uz4y1475S,【洛必达法则】高考使用指南,6049183,276506,78550,230485,4836,23660,我直接猜出来递增你气不气,,我直接猜出来递增你气不气,0,0,4,0,0,0.0,0.0,0.0,0.0,0.0,0.0,0.0,0.0,0,0,0,0,0,0,0,0,无明显情感,未明确对象,未明确方面,中性,0,0.7456665629814992,0.14109554045220438,0.7456665629814992,0.11323789656629647,中性,中性,,False
学习区,BV1uz4y1475S,【洛必达法则】高考使用指南,6049183,276506,78550,230485,4836,23660,？？？？,,？？？？,0,0,4,0,4,0.0,0.0,0.0,0.0,0.0,0.0,0.0,0.0,0,0,0,0,0,0,0,0,无明显情感,未明确对象,未明确方面,中性,-1,0.9796811577368317,0.9796811577368317,0.01960112900589035,0.0007177132572779765,负面,负面,,False
学习区,BV1uz4y1475S,【洛必达法则】高考使用指南,6049183,276506,78550,230485,4836,23660,谢谢小猪，导出来了,,谢谢小猪，导出来了,1,0,4,0,0,1.0,1.0,0.0,1.0,0.25,1.0,1.0,0.0,0,0,0,0,0,0,0,1,对象评价,未明确对象,未明确方面,正面,1,0.8157298956473227,0.05897032021528141,0.12529978413739595,0.8157298956473227,正面,正面,1.0,True
学习区,BV1uz4y1475S,【洛必达法则】高考使用指南,6049183,276506,78550,230485,4836,23660,懂了,,懂了,1,0,1,0,0,1.0,1.0,0.0,1.0,1.0,1.0,1.0,0.0,0,0,0,0,1,0,0,1,对象评价+认知状态,未明确对象,理解与难度,正面,1,0.9030558965831803,0.08216913675123827,0.014774966665581377,0.9030558965831803,正面,正面,,False
学习区,BV1uz4y1475S,【洛必达法则】高考使用指南,6049183,276506,78550,230485,4836,23660,那怎么保证他不扣分,,那怎么保证他不扣分,0,0,4,0,0,0.0,0.0,0.0,0.0,0.0,0.0,0.0,0.0,0,0,0,0,0,0,0,0,无明显情感,未明确对象,未明确方面,中性,-1,0.4623174698958831,0.4623174698958831,0.3849326156273924,0.15274991447672456,负面,负面,,False
学习区,BV1uz4y1475S,【洛必达法则】高考使用指南,6049183,276506,78550,230485,4836,23660,导函数的单调性,,导函数的单调性,0,0,4,0,0,0.0,0.0,0.0,0.0,0.0,0.0,0.0,0.0,0,0,0,0,0,0,0,0,无明显情感,未明确对象,未明确方面,中性,0,0.8773998268115626,0.05635621095679224,0.8773998268115626,0.06624396223164504,中性,中性,,False
学习区,BV1uz4y1475S,【洛必达法则】高考使用指南,6049183,276506,78550,230485,4836,23660,？？？？？？？？？？,,？？？？？？？？？？,0,0,10,0,10,0.0,0.0,0.0,0.0,0.0,0.0,0.0,0.0,0,0,0,0,0,0,0,0,无明显情感,未明确对象,未明确方面,中性,-1,0.9999890671445328,0.9999890671445328,1.0910471115490714e-05,2.2384351661217864e-08,负面,负面,,False
学习区,BV1uz4y1475S,【洛必达法则】高考使用指南,6049183,276506,78550,230485,4836,23660,高一不会求导可以稍微看一下物竞入门，数学教的话得高三,,高一不会求导可以稍微看一下物竞入门，数学教的话得高三,1,1,14,0,0,0.0,1.0,1.0,0.0,0.14285714285714285,0.0,1.0,1.0,0,1,0,0,0,0,0,1,对象评价,课程内容,未明确方面,混合,0,0.6832262198251445,0.24763921486890478,0.6832262198251445,0.06913456530595076,中性,中性,0.0,True
学习区,BV1uz4y1475S,【洛必达法则】高考使用指南,6049183,276506,78550,230485,4836,23660,高接触低阶,,高接触低阶,0,0,3,0,0,0.0,0.0,0.0,0.0,0.0,0.0,0.0,0.0,0,0,0,0,0,0,0,0,无明显情感,未明确对象,未明确方面,中性,0,0.6657516247348375,0.10596989546650289,0.6657516247348375,0.2282784797986597,中性,中性,,False
学习区,BV1uz4y1475S,【洛必达法则】高考使用指南,6049183,276506,78550,230485,4836,23660,左边左边,,左边左边,0,0,2,0,0,0.0,0.0,0.0,0.0,0.0,0.0,0.0,0.0,0,0,0,0,0,0,0,0,无明显情感,未明确对象,未明确方面,中性,0,0.6585046096608349,0.14118285317383877,0.6585046096608349,0.20031253716532643,中性,中性,,False
学习区,BV1uz4y1475S,【洛必达法则】高考使用指南,6049183,276506,78550,230485,4836,23660,洛！！！！！！！！！！！！！！,,洛！！！！！！！！！！！！！！,0,0,15,14,0,0.0,0.0,0.0,0.0,0.0,0.0,0.0,0.0,0,0,0,0,0,0,0,0,无明显情感,未明确对象,未明确方面,中性,1,0.6054849887699089,0.2630326844131049,0.13148232681698632,0.6054849887699089,正面,正面,,False
学习区,BV1uz4y1475S,【洛必达法则】高考使用指南,6049183,276506,78550,230485,4836,23660,不管了，直接洛！！！！！！！,,不管了，直接洛！！！！！！！,0,0,11,7,0,0.0,0.0,0.0,0.0,0.0,0.0,0.0,0.0,0,0,0,0,0,0,0,0,无明显情感,未明确对象,未明确方面,中性,-1,0.45548790142155304,0.45548790142155304,0.225824099078552,0.31868799949989496,负面,负面,,False
学习区,BV1uz4y1475S,【洛必达法则】高考使用指南,6049183,276506,78550,230485,4836,23660,扣一分不影响你考149 我们老师说的…,,扣一分不影响你考149我们老师说的,0,0,9,0,0,0.0,0.0,0.0,0.0,0.0,0.0,0.0,0.0,0,0,0,0,0,0,0,0,无明显情感,讲解者,未明确方面,中性,-1,0.47032597066438664,0.47032597066438664,0.38755759596486783,0.14211643337074562,负面,中性,,False
学习区,BV1uz4y1475S,【洛必达法则】高考使用指南,6049183,276506,78550,230485,4836,23660,感觉有点像微积分的。,,感觉有点像微积分的。,0,0,4,0,0,0.0,0.0,0.0,0.0,0.0,0.0,0.0,0.0,0,0,0,0,0,0,0,0,无明显情感,未明确对象,未明确方面,中性,0,0.7652623256324274,0.07400854198717693,0.7652623256324274,0.1607291323803957,中性,中性,,False
学习区,BV1uz4y1475S,【洛必达法则】高考使用指南,6049183,276506,78550,230485,4836,23660,100讲讲了这个题型，参数全分离要用到洛必达，那就参数半分离做,,100讲讲了这个题型，参数全分离要用到洛必达，那就参数半分离做,0,0,17,0,0,0.0,0.0,0.0,0.0,0.0,0.0,0.0,0.0,0,0,0,0,0,0,0,0,无明显情感,未明确对象,未明确方面,中性,-1,0.746337526888479,0.746337526888479,0.21592222649688778,0.03774024661463319,负面,负面,,False
学习区,BV1uz4y1475S,【洛必达法则】高考使用指南,6049183,276506,78550,230485,4836,23660,徐博文打卡,,徐博文打卡,0,0,3,0,0,0.0,0.0,0.0,0.0,0.0,0.0,0.0,0.0,0,0,0,0,0,0,0,0,无明显情感,未明确对象,未明确方面,中性,0,0.7771591131114175,0.029580634694967495,0.7771591131114175,0.19326025219361515,中性,中性,,False
学习区,BV1uz4y1475S,【洛必达法则】高考使用指南,6049183,276506,78550,230485,4836,23660,离高考还有15天,,离高考还有15天,0,0,5,0,0,0.0,0.0,0.0,0.0,0.0,0.0,0.0,0.0,0,0,0,0,0,0,0,0,无明显情感,未明确对象,未明确方面,中性,0,0.6332185394869676,0.14826918799397176,0.6332185394869676,0.2185122725190606,中性,中性,0.0,True
学习区,BV1uz4y1475S,【洛必达法则】高考使用指南,6049183,276506,78550,230485,4836,23660,才在肚子里面听我妈听课，懂了,,才在肚子里面听我妈听课，懂了,1,0,9,0,0,1.0,1.0,0.0,1.0,0.1111111111111111,1.0,1.0,0.0,0,0,0,0,1,0,0,1,对象评价+认知状态,未明确对象,理解与难度,正面,1,0.6197599081773763,0.20819406286423553,0.17204602895838828,0.6197599081773763,正面,正面,1.0,True
学习区,BV1uz4y1475S,【洛必达法则】高考使用指南,6049183,276506,78550,230485,4836,23660,张志臻,,张志臻,0,0,1,0,0,0.0,0.0,0.0,0.0,0.0,0.0,0.0,0.0,0,0,0,0,0,0,0,0,无明显情感,未明确对象,未明确方面,中性,0,0.6641811267415451,0.13348938228347546,0.6641811267415451,0.20232949097497943,中性,中性,,False
学习区,BV1uz4y1475S,【洛必达法则】高考使用指南,6049183,276506,78550,230485,4836,23660,得个得个多~~,,得个得个多,0,0,4,0,0,0.0,0.0,0.0,0.0,0.0,0.0,0.0,0.0,0,0,0,0,0,0,0,0,无明显情感,未明确对象,未明确方面,中性,0,0.5807195800262469,0.219720927235018,0.5807195800262469,0.19955949273873508,中性,中性,,False
学习区,BV1uz4y1475S,【洛必达法则】高考使用指南,6049183,276506,78550,230485,4836,23660,左边的。,,左边的。,0,0,2,0,0,0.0,0.0,0.0,0.0,0.0,0.0,0.0,0.0,0,0,0,0,0,0,0,0,无明显情感,未明确对象,未明确方面,中性,0,0.6002207307743604,0.12964838407129048,0.6002207307743604,0.2701308851543491,中性,中性,,False
学习区,BV1uz4y1475S,【洛必达法则】高考使用指南,6049183,276506,78550,230485,4836,23660,高考倒计时16天,,高考倒计时16天,0,0,4,0,0,0.0,0.0,0.0,0.0,0.0,0.0,0.0,0.0,0,0,0,0,0,0,0,0,无明显情感,未明确对象,未明确方面,中性,0,0.7485642627980386,0.06274326386073936,0.7485642627980386,0.1886924733412221,中性,中性,,False
学习区,BV1uz4y1475S,【洛必达法则】高考使用指南,6049183,276506,78550,230485,4836,23660,我说相信指数爆炸,,我说相信指数爆炸,0,0,4,0,0,0.0,0.0,0.0,0.0,0.0,0.0,0.0,0.0,0,0,0,0,0,0,0,0,无明显情感,未明确对象,未明确方面,中性,-1,0.4908996496081755,0.4908996496081755,0.3895931825678682,0.11950716782395629,负面,负面,,False
学习区,BV1uz4y1475S,【洛必达法则】高考使用指南,6049183,276506,78550,230485,4836,23660,展示容错,,展示容错,0,0,2,0,0,0.0,0.0,0.0,0.0,0.0,0.0,0.0,0.0,0,0,0,0,0,0,0,0,无明显情感,未明确对象,未明确方面,中性,0,0.6585046096608349,0.14118285317383877,0.6585046096608349,0.20031253716532643,中性,中性,,False
学习区,BV1uz4y1475S,【洛必达法则】高考使用指南,6049183,276506,78550,230485,4836,23660,嘉豪鉴别器,,嘉豪鉴别器,0,0,2,0,0,0.0,0.0,0.0,0.0,0.0,0.0,0.0,0.0,0,0,0,0,0,0,0,0,无明显情感,未明确对象,未明确方面,中性,0,0.6585046096608349,0.14118285317383877,0.6585046096608349,0.20031253716532643,中性,中性,,False
学习区,BV1uz4y1475S,【洛必达法则】高考使用指南,6049183,276506,78550,230485,4836,23660,刚刚发育成胚胎听懂了,,刚刚发育成胚胎听懂了,1,0,5,0,0,1.0,1.0,0.0,1.0,0.2,1.0,1.0,0.0,0,0,0,0,1,0,0,1,对象评价+认知状态,未明确对象,理解与难度,正面,1,0.7717469696498035,0.11819584928495548,0.1100571810652409,0.7717469696498035,正面,正面,1.0,True
学习区,BV1uz4y1475S,【洛必达法则】高考使用指南,6049183,276506,78550,230485,4836,23660,高阶函数大于低阶函数,,高阶函数大于低阶函数,0,0,5,0,0,0.0,0.0,0.0,0.0,0.0,0.0,0.0,0.0,0,0,0,0,0,0,0,0,无明显情感,未明确对象,未明确方面,中性,0,0.9062986626555349,0.05275265320012305,0.9062986626555349,0.04094868414434182,中性,中性,,False
学习区,BV1uz4y1475S,【洛必达法则】高考使用指南,6049183,276506,78550,230485,4836,23660,洛神天依,,洛神天依,0,0,2,0,0,0.0,0.0,0.0,0.0,0.0,0.0,0.0,0.0,0,0,0,0,0,0,0,0,无明显情感,未明确对象,未明确方面,中性,0,0.680514817201268,0.10694743144063887,0.680514817201268,0.21253775135809305,中性,中性,,False
学习区,BV1uz4y1475S,【洛必达法则】高考使用指南,6049183,276506,78550,230485,4836,23660,吾儿喜说准初（）/高一/二,,吾儿喜说准初高一二,0,0,7,0,0,0.0,0.0,0.0,0.0,0.0,0.0,0.0,0.0,0,0,0,0,0,0,0,0,无明显情感,未明确对象,未明确方面,中性,0,0.5077923765481014,0.408680496062116,0.5077923765481014,0.08352712738978262,中性,中性,,False
学习区,BV1uz4y1475S,【洛必达法则】高考使用指南,6049183,276506,78550,230485,4836,23660,我想知道在大题的时候写要怎么写，还是说这一步只写在草稿上,,我想知道在大题的时候写要怎么写，还是说这一步只写在草稿上,0,0,17,0,0,0.0,0.0,0.0,0.0,0.0,0.0,0.0,0.0,0,0,0,0,0,0,0,0,无明显情感,未明确对象,未明确方面,中性,-1,0.6723311009720717,0.6723311009720717,0.23991508810990717,0.08775381091802117,负面,负面,,False
学习区,BV1uz4y1475S,【洛必达法则】高考使用指南,6049183,276506,78550,230485,4836,23660,牛,,牛,0,0,1,0,0,0.0,0.0,0.0,0.0,0.0,0.0,0.0,0.0,0,0,0,0,0,0,0,0,无明显情感,未明确对象,未明确方面,中性,0,0.4454657304450152,0.15551431893813453,0.4454657304450152,0.3990199506168502,中性,正面,,False
学习区,BV1uz4y1475S,【洛必达法则】高考使用指南,6049183,276506,78550,230485,4836,23660,NB个拉4,,NB个拉4,0,0,4,0,0,0.0,0.0,0.0,0.0,0.0,0.0,0.0,0.0,0,0,0,0,0,0,0,0,无明显情感,未明确对象,未明确方面,中性,0,0.5959137945269288,0.24503218824122225,0.5959137945269288,0.15905401723184895,中性,正面,,False
学习区,BV1uz4y1475S,【洛必达法则】高考使用指南,6049183,276506,78550,230485,4836,23660,学校竞赛初赛满分160考了144,,学校竞赛初赛满分160考了144,1,0,7,0,0,1.0,1.0,0.0,1.0,0.14285714285714285,1.0,1.0,0.0,0,0,0,0,0,0,0,1,对象评价,未明确对象,未明确方面,正面,1,0.6467175773106824,0.09596119355714977,0.2573212291321679,0.6467175773106824,正面,正面,1.0,True
学习区,BV1uz4y1475S,【洛必达法则】高考使用指南,6049183,276506,78550,230485,4836,23660,?,,?,0,0,1,0,1,0.0,0.0,0.0,0.0,0.0,0.0,0.0,0.0,0,0,0,0,0,0,0,0,无明显情感,未明确对象,未明确方面,中性,0,0.541163810098254,0.3567116908425691,0.541163810098254,0.10212449905917696,中性,中性,,False
学习区,BV1uz4y1475S,【洛必达法则】高考使用指南,6049183,276506,78550,230485,4836,23660,洛啊，左导右再导~,,洛啊，左导右再导,0,0,4,0,0,0.0,0.0,0.0,0.0,0.0,0.0,0.0,0.0,0,0,0,0,0,0,0,0,无明显情感,未明确对象,未明确方面,中性,0,0.6681808338403318,0.1792405491242601,0.6681808338403318,0.15257861703540815,中性,中性,,False
学习区,BV1uz4y1475S,【洛必达法则】高考使用指南,6049183,276506,78550,230485,4836,23660,没事，总比0分不会写强,,没事，总比0分不会写强,0,1,7,0,0,-1.0,0.0,1.0,1.0,0.14285714285714285,-1.0,0.0,1.0,0,0,0,0,0,0,0,1,对象评价,未明确对象,未明确方面,负面,0,0.6643386261586618,0.263560000965796,0.6643386261586618,0.07210137287554229,中性,负面,,False
学习区,BV1uz4y1475S,【洛必达法则】高考使用指南,6049183,276506,78550,230485,4836,23660,值域,,值域,0,0,1,0,0,0.0,0.0,0.0,0.0,0.0,0.0,0.0,0.0,0,0,0,0,0,0,0,0,无明显情感,未明确对象,未明确方面,中性,0,0.6641811267415451,0.13348938228347546,0.6641811267415451,0.20232949097497943,中性,中性,,False
学习区,BV1uz4y1475S,【洛必达法则】高考使用指南,6049183,276506,78550,230485,4836,23660,被撅了，确信,,被撅了，确信,0,0,4,0,0,0.0,0.0,0.0,0.0,0.0,0.0,0.0,0.0,0,0,0,0,0,0,0,0,无明显情感,未明确对象,未明确方面,中性,-1,0.7478119963914296,0.7478119963914296,0.1603087214104847,0.0918792821980856,负面,负面,,False
学习区,BV1uz4y1475S,【洛必达法则】高考使用指南,6049183,276506,78550,230485,4836,23660,不是3/2吗,,不是32吗,0,0,2,0,0,0.0,0.0,0.0,0.0,0.0,0.0,0.0,0.0,0,0,0,0,0,0,0,0,无明显情感,未明确对象,未明确方面,中性,0,0.7184420606917147,0.23074735005790173,0.7184420606917147,0.05081058925038366,中性,中性,,False
学习区,BV1uz4y1475S,【洛必达法则】高考使用指南,6049183,276506,78550,230485,4836,23660,？不准预判,,？不准预判,0,0,3,0,1,0.0,0.0,0.0,0.0,0.0,0.0,0.0,0.0,0,0,0,0,0,0,0,0,无明显情感,未明确对象,未明确方面,中性,-1,0.5350327343451675,0.5350327343451675,0.40283281497238527,0.062134450682447204,负面,负面,,False
学习区,BV1uz4y1475S,【洛必达法则】高考使用指南,6049183,276506,78550,230485,4836,23660,洛洛王国,,洛洛王国,0,0,2,0,0,0.0,0.0,0.0,0.0,0.0,0.0,0.0,0.0,0,0,0,0,0,0,0,0,无明显情感,未明确对象,未明确方面,中性,0,0.6585046096608349,0.14118285317383877,0.6585046096608349,0.20031253716532643,中性,中性,,False
学习区,BV1uz4y1475S,【洛必达法则】高考使用指南,6049183,276506,78550,230485,4836,23660,不让用又要考是啥阴,,不让用又要考是啥阴,0,0,7,0,0,0.0,0.0,0.0,0.0,0.0,0.0,0.0,0.0,0,0,0,0,0,0,0,0,无明显情感,未明确对象,未明确方面,中性,0,0.48163219793286816,0.3701543991302621,0.48163219793286816,0.1482134029368698,中性,中性,,False
学习区,BV1uz4y1475S,【洛必达法则】高考使用指南,6049183,276506,78550,230485,4836,23660,（╯* - *)╯（┻━┻（把楼主家的桌子掀了）┬—┬ ノ( * - *ノ) （摆好摆好）(╯°O°)╯（┻━┻（再掀一次)┬—┬ ノ( * - *ノ) （摆好摆好）(,,把楼主家的桌子掀了摆好摆好O再掀一次摆好摆好,4,0,13,0,0,4.0,4.0,0.0,4.0,0.3076923076923077,4.0,4.0,0.0,0,0,0,0,0,0,0,1,对象评价,未明确对象,未明确方面,正面,1,0.9936404297939645,0.0023256976318597918,0.004033872574175845,0.9936404297939645,正面,正面,,False
学习区,BV1uz4y1475S,【洛必达法则】高考使用指南,6049183,276506,78550,230485,4836,23660,ಠ_ಠ我有一个特异功能！！ಠ_ರೃ取下眼睛~ಠ_ಠ再装上去~ರೃ_ಠ再取下另一只~ಠ_ಠ再装上去~ರೃ_ರೃ都取下来~ರೃ∀ರೃ装不上去了！！！,,我有一个特异功能！！取下眼睛再装上去再取下另一只再装上去都取下来装不上去了！！！,0,0,23,5,0,0.0,0.0,0.0,0.0,0.0,0.0,0.0,0.0,0,0,0,0,0,0,0,0,无明显情感,未明确对象,未明确方面,中性,-1,0.7445086178806496,0.7445086178806496,0.15592975562138445,0.09956162649796592,负面,负面,,False
学习区,BV1uz4y1475S,【洛必达法则】高考使用指南,6049183,276506,78550,230485,4836,23660,你看我有一个特异功能( ・ิω・ิ)，就是我可以把我的眉毛摘下来，( ・ิω・)ノิิ摘下，( ・ิω・ิ)安上， ( ・ω・ิ)ノิิ又摘下，( ・ิω・ิ)再安上，(・ ω・)ノิิ2边都摘下，╰,,你看我有一个特异功能，就是我可以把我的眉毛摘下来，摘下，安上，又摘下，再安上，2边都摘下，,1,0,25,0,0,1.0,1.0,0.0,1.0,0.04,1.0,1.0,0.0,0,0,0,0,0,0,0,1,对象评价,未明确对象,未明确方面,正面,-1,0.7218105122426648,0.7218105122426648,0.15742718390389773,0.12076230385343734,负面,正面,,False
学习区,BV1uz4y1475S,【洛必达法则】高考使用指南,6049183,276506,78550,230485,4836,23660,问：林徽因的「是爱，是暖，是希望，你是人间四月天」，如何对下句？......是他，是他，就是他，少年英雄小哪吒只要你每天坚持自习，认真刻苦，态度端正，忍受孤独.,,问林徽因的是爱，是暖，是希望，你是人间四月天，如何对下句？......是他，是他，就是他，少年英雄小哪吒只要你每天坚持自习，认真刻苦，态度端正，忍受孤独.,1,0,38,0,1,1.0,1.0,0.0,1.0,0.02631578947368421,1.0,1.0,0.0,0,0,0,0,0,0,0,1,对象评价,未明确对象,未明确方面,正面,-1,0.5116917682008821,0.5116917682008821,0.07040972896139241,0.41789850283772534,负面,正面,1.0,True
学习区,BV1uz4y1475S,【洛必达法则】高考使用指南,6049183,276506,78550,230485,4836,23660,既然你不喜欢我(._.)，那我就滚了哦， ( l: )我真的滚了哦，( .-. ) ( :l ) (._.) ( l: )( .-. ) ( :l ) (._.) ( l: )( .-. ) ( :l,,既然你不喜欢我..，那我就滚了哦，l我真的滚了哦，..l..l..l..l..l,0,1,23,0,0,-1.0,0.0,1.0,1.0,0.043478260869565216,-1.0,0.0,1.0,0,0,0,0,0,0,0,1,对象评价,未明确对象,未明确方面,负面,-1,0.8300701939094819,0.8300701939094819,0.1326569953260972,0.03727281076442084,负面,负面,,False
学习区,BV1uz4y1475S,【洛必达法则】高考使用指南,6049183,276506,78550,230485,4836,23660,小知识：本题及类似题如果X＝1（也就是1）为一个函数值则不可参变分离,,小知识本题及类似题如果X1也就是1为一个函数值则不可参变分离,0,0,17,0,0,0.0,0.0,0.0,0.0,0.0,0.0,0.0,0.0,0,0,0,0,0,0,0,0,无明显情感,未明确对象,未明确方面,中性,0,0.7796893569432511,0.1537881879383143,0.7796893569432511,0.06652245511843442,中性,中性,,False
学习区,BV1uz4y1475S,【洛必达法则】高考使用指南,6049183,276506,78550,230485,4836,23660,六大超越函数,,六大超越函数,0,0,3,0,0,0.0,0.0,0.0,0.0,0.0,0.0,0.0,0.0,0,0,0,0,0,0,0,0,无明显情感,未明确对象,未明确方面,中性,0,0.9352406988033748,0.026892822423479106,0.9352406988033748,0.03786647877314607,中性,中性,,False
学习区,BV1uz4y1475S,【洛必达法则】高考使用指南,6049183,276506,78550,230485,4836,23660,中间！,,中间！,0,0,2,1,0,0.0,0.0,0.0,0.0,0.0,0.0,0.0,0.0,0,0,0,0,0,0,0,0,无明显情感,未明确对象,未明确方面,中性,0,0.6014191404432303,0.04859558453785338,0.6014191404432303,0.3499852750189163,中性,中性,,False
学习区,BV1uz4y1475S,【洛必达法则】高考使用指南,6049183,276506,78550,230485,4836,23660,高阶思维,,高阶思维,0,0,2,0,0,0.0,0.0,0.0,0.0,0.0,0.0,0.0,0.0,0,0,0,0,0,0,0,0,无明显情感,未明确对象,未明确方面,中性,0,0.6585046096608349,0.14118285317383877,0.6585046096608349,0.20031253716532643,中性,中性,,False
学习区,BV1uz4y1475S,【洛必达法则】高考使用指南,6049183,276506,78550,230485,4836,23660,导,,导,0,0,1,0,0,0.0,0.0,0.0,0.0,0.0,0.0,0.0,0.0,0,0,0,0,0,0,0,0,无明显情感,未明确对象,未明确方面,中性,0,0.6641811267415451,0.13348938228347546,0.6641811267415451,0.20232949097497943,中性,中性,,False
学习区,BV1uz4y1475S,【洛必达法则】高考使用指南,6049183,276506,78550,230485,4836,23660,洛！！！！！！！！！,,洛！！！！！！！！！,0,0,10,9,0,0.0,0.0,0.0,0.0,0.0,0.0,0.0,0.0,0,0,0,0,0,0,0,0,无明显情感,未明确对象,未明确方面,中性,1,0.5184757381762517,0.2542930051865071,0.22723125663724117,0.5184757381762517,正面,正面,,False
学习区,BV1uz4y1475S,【洛必达法则】高考使用指南,6049183,276506,78550,230485,4836,23660,《小曲儿》,,小曲儿,0,0,1,0,0,0.0,0.0,0.0,0.0,0.0,0.0,0.0,0.0,0,0,0,0,0,0,0,0,无明显情感,未明确对象,未明确方面,中性,0,0.6641811267415451,0.13348938228347546,0.6641811267415451,0.20232949097497943,中性,中性,,False
学习区,BV1uz4y1475S,【洛必达法则】高考使用指南,6049183,276506,78550,230485,4836,23660,好大一个洛,,好大一个洛,0,0,2,0,0,0.0,0.0,0.0,0.0,0.0,0.0,0.0,0.0,0,0,0,0,0,0,0,0,无明显情感,未明确对象,未明确方面,中性,0,0.6428479627788004,0.09587942874552867,0.6428479627788004,0.2612726084756708,中性,中性,,False
学习区,BV1uz4y1475S,【洛必达法则】高考使用指南,6049183,276506,78550,230485,4836,23660,囊胚看懂了,,囊胚看懂了,1,0,3,0,0,1.0,1.0,0.0,1.0,0.3333333333333333,1.0,1.0,0.0,0,0,0,0,1,0,0,1,对象评价+认知状态,未明确对象,理解与难度,正面,1,0.9157406292324787,0.032350165462636984,0.05190920530488446,0.9157406292324787,正面,正面,1.0,True
学习区,BV1uz4y1475S,【洛必达法则】高考使用指南,6049183,276506,78550,230485,4836,23660,小2一张,,小2一张,0,0,3,0,0,0.0,0.0,0.0,0.0,0.0,0.0,0.0,0.0,0,0,0,0,0,0,0,0,无明显情感,未明确对象,未明确方面,中性,0,0.6309079365442359,0.14630399049469944,0.6309079365442359,0.22278807296106462,中性,中性,,False
学习区,BV1uz4y1475S,【洛必达法则】高考使用指南,6049183,276506,78550,230485,4836,23660,可以用端点效应这题,,可以用端点效应这题,1,0,5,0,0,1.0,1.0,0.0,1.0,0.2,1.0,1.0,0.0,0,0,0,0,0,0,0,1,对象评价,未明确对象,未明确方面,正面,1,0.5218332658461345,0.15820053089828917,0.31996620325557634,0.5218332658461345,正面,中性,0.0,True
学习区,BV1uz4y1475S,【洛必达法则】高考使用指南,6049183,276506,78550,230485,4836,23660,特殊值,,特殊值,0,0,2,0,0,0.0,0.0,0.0,0.0,0.0,0.0,0.0,0.0,0,0,0,0,0,0,0,0,无明显情感,未明确对象,未明确方面,中性,0,0.7252223165541515,0.13551942014366894,0.7252223165541515,0.1392582633021795,中性,中性,,False
学习区,BV1uz4y1475S,【洛必达法则】高考使用指南,6049183,276506,78550,230485,4836,23660,终于导完了,,终于导完了,0,1,2,0,0,-1.0,0.0,1.0,1.0,0.5,-1.0,0.0,1.0,0,0,0,0,0,0,0,1,对象评价,未明确对象,未明确方面,负面,0,0.5581280821188037,0.15111569947253004,0.5581280821188037,0.2907562184086662,中性,正面,1.0,True
学习区,BV1uz4y1475S,【洛必达法则】高考使用指南,6049183,276506,78550,230485,4836,23660,难道不是零乘任何数都是零直接判断吗？,,难道不是零乘任何数都是零直接判断吗？,0,0,8,0,1,0.0,0.0,0.0,0.0,0.0,0.0,0.0,0.0,0,0,0,0,0,0,0,0,无明显情感,未明确对象,理解与难度,中性,-1,0.5063878529300726,0.5063878529300726,0.4688463561014756,0.024765790968451776,负面,负面,,False
学习区,BV1uz4y1475S,【洛必达法则】高考使用指南,6049183,276506,78550,230485,4836,23660,老猪你干嘛？,,老猪你干嘛？,0,0,3,0,1,0.0,0.0,0.0,0.0,0.0,0.0,0.0,0.0,0,0,0,0,0,0,0,0,无明显情感,未明确对象,未明确方面,中性,-1,0.5980511213286847,0.5980511213286847,0.34286020952505875,0.059088669146256684,负面,负面,,False
学习区,BV1uz4y1475S,【洛必达法则】高考使用指南,6049183,276506,78550,230485,4836,23660,小题算完考试结束,,小题算完考试结束,0,0,5,0,0,0.0,0.0,0.0,0.0,0.0,0.0,0.0,0.0,0,0,0,0,0,0,0,0,无明显情感,未明确对象,未明确方面,中性,0,0.6820714668762206,0.17001473956719376,0.6820714668762206,0.14791379355658565,中性,中性,,False
学习区,BV1uz4y1475S,【洛必达法则】高考使用指南,6049183,276506,78550,230485,4836,23660,大一前来报道,,大一前来报道,0,0,3,0,0,0.0,0.0,0.0,0.0,0.0,0.0,0.0,0.0,0,0,0,0,0,0,0,0,无明显情感,未明确对象,未明确方面,中性,0,0.5761405874845517,0.1868132106265366,0.5761405874845517,0.23704620188891176,中性,中性,,False
学习区,BV1uz4y1475S,【洛必达法则】高考使用指南,6049183,276506,78550,230485,4836,23660,0.5   0.5  0.5,,0.50.50.5,0,0,3,0,0,0.0,0.0,0.0,0.0,0.0,0.0,0.0,0.0,0,0,0,0,0,0,0,0,无明显情感,未明确对象,未明确方面,中性,0,0.4903765395720418,0.2276644610200791,0.4903765395720418,0.2819589994078791,中性,中性,,False
学习区,BV1uz4y1475S,【洛必达法则】高考使用指南,6049183,276506,78550,230485,4836,23660,公切线探路。,,公切线探路。,0,0,3,0,0,0.0,0.0,0.0,0.0,0.0,0.0,0.0,0.0,0,0,0,0,0,0,0,0,无明显情感,未明确对象,未明确方面,中性,0,0.6380720620243238,0.09061962192920185,0.6380720620243238,0.2713083160464744,中性,中性,,False
学习区,BV1uz4y1475S,【洛必达法则】高考使用指南,6049183,276506,78550,230485,4836,23660,高二21班的人出来吧,,高二21班的人出来吧,0,0,5,0,0,0.0,0.0,0.0,0.0,0.0,0.0,0.0,0.0,0,0,0,0,0,0,0,0,无明显情感,未明确对象,未明确方面,中性,0,0.681819862817711,0.08568573071387997,0.681819862817711,0.23249440646840897,中性,中性,,False
学习区,BV1uz4y1475S,【洛必达法则】高考使用指南,6049183,276506,78550,230485,4836,23660,看极限,,看极限,0,0,2,0,0,0.0,0.0,0.0,0.0,0.0,0.0,0.0,0.0,0,0,0,0,0,0,0,0,无明显情感,未明确对象,未明确方面,中性,0,0.7107646713105212,0.05007945721052083,0.7107646713105212,0.23915587147895792,中性,中性,,False
学习区,BV1uz4y1475S,【洛必达法则】高考使用指南,6049183,276506,78550,230485,4836,23660,洛必达！,,洛必达！,0,0,2,1,0,0.0,0.0,0.0,0.0,0.0,0.0,0.0,0.0,0,0,0,0,0,0,0,0,无明显情感,未明确对象,未明确方面,中性,0,0.5952669626553261,0.3232025902281278,0.5952669626553261,0.0815304471165462,中性,中性,,False
学习区,BV1uz4y1475S,【洛必达法则】高考使用指南,6049183,276506,78550,230485,4836,23660,这次求导没音乐，差评,,这次求导没音乐，差评,0,0,6,0,0,0.0,0.0,0.0,0.0,0.0,0.0,0.0,0.0,0,0,0,0,0,0,0,0,无明显情感,未明确对象,未明确方面,中性,-1,0.7617479602400966,0.7617479602400966,0.18656399652465,0.05168804323525344,负面,负面,,False
学习区,BV1uz4y1475S,【洛必达法则】高考使用指南,6049183,276506,78550,230485,4836,23660,这时候我会就代特殊值了哈哈,,这时候我会就代特殊值了哈哈,2,0,6,0,0,2.0,2.0,0.0,2.0,0.3333333333333333,2.0,2.0,0.0,0,0,1,0,0,0,0,1,对象评价+自身情绪,未明确对象,娱乐与趣味,正面,1,0.8272241863836862,0.035275050816376184,0.13750076279993753,0.8272241863836862,正面,正面,,False
学习区,BV1uz4y1475S,【洛必达法则】高考使用指南,6049183,276506,78550,230485,4836,23660,右！,,右！,0,0,2,1,0,0.0,0.0,0.0,0.0,0.0,0.0,0.0,0.0,0,0,0,0,0,0,0,0,无明显情感,未明确对象,未明确方面,中性,0,0.6014191404432303,0.04859558453785338,0.6014191404432303,0.3499852750189163,中性,中性,,False
学习区,BV1uz4y1475S,【洛必达法则】高考使用指南,6049183,276506,78550,230485,4836,23660,当limx,,当limx,0,0,2,0,0,0.0,0.0,0.0,0.0,0.0,0.0,0.0,0.0,0,0,0,0,0,0,0,0,无明显情感,未明确对象,未明确方面,中性,0,0.7968552589571753,0.08209714492884984,0.7968552589571753,0.12104759611397493,中性,中性,,False
学习区,BV1uz4y1475S,【洛必达法则】高考使用指南,6049183,276506,78550,230485,4836,23660,一开始就可以洛，不用求到直接洛也可以,,一开始就可以洛，不用求到直接洛也可以,2,0,12,0,0,2.0,2.0,0.0,2.0,0.16666666666666666,2.0,2.0,0.0,0,0,0,0,0,0,0,1,对象评价,未明确对象,未明确方面,正面,1,0.9034428657340053,0.015402365416378967,0.08115476884961564,0.9034428657340053,正面,正面,1.0,True
学习区,BV1uz4y1475S,【洛必达法则】高考使用指南,6049183,276506,78550,230485,4836,23660,力竭,,力竭,0,0,1,0,0,0.0,0.0,0.0,0.0,0.0,0.0,0.0,0.0,0,0,0,0,0,0,0,0,无明显情感,未明确对象,未明确方面,中性,0,0.6641811267415451,0.13348938228347546,0.6641811267415451,0.20232949097497943,中性,中性,,False
学习区,BV1uz4y1475S,【洛必达法则】高考使用指南,6049183,276506,78550,230485,4836,23660,他都码字告诉你要分开讨论这个里不展示了,,他都码字告诉你要分开讨论这个里不展示了,0,0,10,0,0,0.0,0.0,0.0,0.0,0.0,0.0,0.0,0.0,0,0,0,0,0,0,0,0,无明显情感,未明确对象,未明确方面,中性,-1,0.6689559962526849,0.6689559962526849,0.2401235659622933,0.09092043778502179,负面,负面,,False
学习区,BV1uz4y1475S,【洛必达法则】高考使用指南,6049183,276506,78550,230485,4836,23660,潚㱵鴠,,潚鴠,0,0,2,0,0,0.0,0.0,0.0,0.0,0.0,0.0,0.0,0.0,0,0,0,0,0,0,0,0,无明显情感,未明确对象,未明确方面,中性,0,0.6585046096608349,0.14118285317383877,0.6585046096608349,0.20031253716532643,中性,中性,,False
学习区,BV1uz4y1475S,【洛必达法则】高考使用指南,6049183,276506,78550,230485,4836,23660,也可以上下同除x然后求极限,,也可以上下同除x然后求极限,1,0,8,0,0,1.0,1.0,0.0,1.0,0.125,1.0,1.0,0.0,0,0,0,0,0,0,0,1,对象评价,未明确对象,未明确方面,正面,0,0.6481436390885595,0.12018768260910863,0.6481436390885595,0.23166867830233184,中性,中性,0.0,True
学习区,BV1uz4y1475S,【洛必达法则】高考使用指南,6049183,276506,78550,230485,4836,23660,但是指数函数爆炸式增长，它的增长趋势一定是比x²大的也能选,,但是指数函数爆炸式增长，它的增长趋势一定是比x大的也能选,0,0,14,0,0,0.0,0.0,0.0,0.0,0.0,0.0,0.0,0.0,1,0,0,0,0,0,0,0,无明显情感,未明确对象,未明确方面,中性,0,0.6882886297621562,0.24537403725762774,0.6882886297621562,0.06633733298021588,中性,中性,0.0,True
学习区,BV1uz4y1475S,【洛必达法则】高考使用指南,6049183,276506,78550,230485,4836,23660,猜你想找：魏尔斯特拉斯函数,,猜你想找魏尔斯特拉斯函数,0,0,6,0,0,0.0,0.0,0.0,0.0,0.0,0.0,0.0,0.0,0,0,0,0,0,0,0,0,无明显情感,未明确对象,未明确方面,中性,0,0.8509740306410678,0.10167516611766966,0.8509740306410678,0.04735080324126264,中性,中性,,False
学习区,BV1uz4y1475S,【洛必达法则】高考使用指南,6049183,276506,78550,230485,4836,23660,于淇大哥哥你在嘛,,于淇大哥哥你在嘛,0,0,6,0,0,0.0,0.0,0.0,0.0,0.0,0.0,0.0,0.0,0,0,0,0,0,0,0,0,无明显情感,未明确对象,未明确方面,中性,0,0.6230924895742327,0.14934744548876633,0.6230924895742327,0.22756006493700096,中性,中性,,False
学习区,BV1uz4y1475S,【洛必达法则】高考使用指南,6049183,276506,78550,230485,4836,23660,好像会了2333333,,好像会了2333333,1,0,3,0,0,1.2,1.2,0.0,1.2,0.3333333333333333,1.2,1.2,0.0,0,0,0,0,1,0,0,1,对象评价+认知状态,未明确对象,未明确方面,正面,1,0.7477137237039987,0.09549860866894068,0.15678766762706056,0.7477137237039987,正面,正面,,False
学习区,BV1uz4y1475S,【洛必达法则】高考使用指南,6049183,276506,78550,230485,4836,23660,必要性探路端点效应,,必要性探路端点效应,0,0,4,0,0,0.0,0.0,0.0,0.0,0.0,0.0,0.0,0.0,0,0,0,0,0,0,0,0,无明显情感,未明确对象,未明确方面,中性,-1,0.7089799195149697,0.7089799195149697,0.15283666320826228,0.13818341727676792,负面,负面,,False
学习区,BV1uz4y1475S,【洛必达法则】高考使用指南,6049183,276506,78550,230485,4836,23660,c,,c,0,0,1,0,0,0.0,0.0,0.0,0.0,0.0,0.0,0.0,0.0,0,0,0,0,0,0,0,0,无明显情感,未明确对象,未明确方面,中性,0,0.7751089631835826,0.08582425029423889,0.7751089631835826,0.13906678652217858,中性,中性,,False
学习区,BV1uz4y1475S,【洛必达法则】高考使用指南,6049183,276506,78550,230485,4836,23660,洛神赋秒了,,洛神赋秒了,0,0,2,0,0,0.0,0.0,0.0,0.0,0.0,0.0,0.0,0.0,0,0,0,0,0,0,0,0,无明显情感,未明确对象,未明确方面,中性,0,0.6353518295065871,0.12066021991380046,0.6353518295065871,0.24398795057961237,中性,中性,,False
学习区,BV1uz4y1475S,【洛必达法则】高考使用指南,6049183,276506,78550,230485,4836,23660,豪！！,,豪！！,0,0,3,2,0,0.0,0.0,0.0,0.0,0.0,0.0,0.0,0.0,0,0,0,0,0,0,0,0,无明显情感,未明确对象,未明确方面,中性,1,0.39954004064575527,0.2733941428634767,0.3270658164907681,0.39954004064575527,正面,正面,1.0,True
学习区,BV1uz4y1475S,【洛必达法则】高考使用指南,6049183,276506,78550,230485,4836,23660,左吧,,左吧,0,0,1,0,0,0.0,0.0,0.0,0.0,0.0,0.0,0.0,0.0,0,0,0,0,0,0,0,0,无明显情感,未明确对象,未明确方面,中性,0,0.7545372835571196,0.11143204290780796,0.7545372835571196,0.13403067353507256,中性,中性,,False
学习区,BV1uz4y1475S,【洛必达法则】高考使用指南,6049183,276506,78550,230485,4836,23660,x分之一无限趋近0就越大，sinx是0,,x分之一无限趋近0就越大，sinx是0,0,0,12,0,0,0.0,0.0,0.0,0.0,0.0,0.0,0.0,0.0,0,0,0,0,0,0,0,0,无明显情感,未明确对象,未明确方面,中性,0,0.5595599866138175,0.35733676644872736,0.5595599866138175,0.08310324693745519,中性,中性,,False
学习区,BV1uz4y1475S,【洛必达法则】高考使用指南,6049183,276506,78550,230485,4836,23660,林哲恩在线学习中,,林哲恩在线学习中,0,0,4,0,0,0.0,0.0,0.0,0.0,0.0,0.0,0.0,0.0,0,0,0,0,0,0,0,0,无明显情感,未明确对象,未明确方面,中性,0,0.8287005896960404,0.12434164916450295,0.8287005896960404,0.04695776113945671,中性,中性,,False
学习区,BV1uz4y1475S,【洛必达法则】高考使用指南,6049183,276506,78550,230485,4836,23660,什么哇？,,什么哇？,0,0,3,0,1,0.0,0.0,0.0,0.0,0.0,0.0,0.0,0.0,0,0,0,0,0,0,0,0,无明显情感,未明确对象,未明确方面,中性,0,0.7161241078842194,0.2595554732991703,0.7161241078842194,0.02432041881661026,中性,中性,,False
学习区,BV1uz4y1475S,【洛必达法则】高考使用指南,6049183,276506,78550,230485,4836,23660,某种程度上怎么不算一个概念神,,某种程度上怎么不算一个概念神,0,0,6,0,0,0.0,0.0,0.0,0.0,0.0,0.0,0.0,0.0,0,0,0,0,0,0,0,0,无明显情感,未明确对象,未明确方面,中性,-1,0.44566756207845126,0.44566756207845126,0.36914217745109723,0.18519026047045142,负面,负面,,False
学习区,BV1uz4y1475S,【洛必达法则】高考使用指南,6049183,276506,78550,230485,4836,23660,洛神赋！！！,,洛神赋！！！,0,0,4,3,0,0.0,0.0,0.0,0.0,0.0,0.0,0.0,0.0,0,0,0,0,0,0,0,0,无明显情感,未明确对象,未明确方面,中性,1,0.401182327210944,0.24194355135505413,0.3568741214340018,0.401182327210944,正面,正面,,False
学习区,BV1uz4y1475S,【洛必达法则】高考使用指南,6049183,276506,78550,230485,4836,23660,为啥不能直接选？一次洛之后分子不是指数函数了吗，增长速度快，直接趋近于正无穷了啊,,为啥不能直接选？一次洛之后分子不是指数函数了吗，增长速度快，直接趋近于正无穷了啊,0,0,20,0,1,0.0,0.0,0.0,0.0,0.0,0.0,0.0,0.0,0,0,0,0,0,0,0,0,无明显情感,未明确对象,节奏与效率,中性,-1,0.585173121316672,0.585173121316672,0.39913385032529675,0.015693028358031304,负面,负面,,False
学习区,BV1uz4y1475S,【洛必达法则】高考使用指南,6049183,276506,78550,230485,4836,23660,已经写晕了,,已经写晕了,0,0,2,0,0,0.0,0.0,0.0,0.0,0.0,0.0,0.0,0.0,0,0,1,0,0,0,0,0,自身情绪,未明确对象,未明确方面,中性,1,0.5825466280082078,0.15994523944918815,0.25750813254260396,0.5825466280082078,正面,负面,,False
学习区,BV1uz4y1475S,【洛必达法则】高考使用指南,6049183,276506,78550,230485,4836,23660,撸,,撸,0,0,1,0,0,0.0,0.0,0.0,0.0,0.0,0.0,0.0,0.0,0,0,0,0,0,0,0,0,无明显情感,未明确对象,未明确方面,中性,0,0.6641811267415451,0.13348938228347546,0.6641811267415451,0.20232949097497943,中性,中性,,False
学习区,BV1uz4y1475S,【洛必达法则】高考使用指南,6049183,276506,78550,230485,4836,23660,我舒服了,,我舒服了,1,0,1,0,0,1.0,1.0,0.0,1.0,1.0,1.0,1.0,0.0,0,0,1,0,0,0,0,1,对象评价+自身情绪,未明确对象,未明确方面,正面,1,0.670564328057952,0.28264862943328156,0.04678704250876647,0.670564328057952,正面,正面,,False
学习区,BV1uz4y1475S,【洛必达法则】高考使用指南,6049183,276506,78550,230485,4836,23660,不是负无穷吗,,不是负无穷吗,0,0,3,0,0,0.0,0.0,0.0,0.0,0.0,0.0,0.0,0.0,0,0,0,0,0,0,0,0,无明显情感,未明确对象,未明确方面,中性,0,0.8377426774721105,0.12039256891909995,0.8377426774721105,0.041864753608789634,中性,中性,,False
学习区,BV1uz4y1475S,【洛必达法则】高考使用指南,6049183,276506,78550,230485,4836,23660,端点效应哎,,端点效应哎,0,0,3,0,0,0.0,0.0,0.0,0.0,0.0,0.0,0.0,0.0,0,0,0,0,0,0,0,0,无明显情感,未明确对象,未明确方面,中性,-1,0.6365269172392631,0.6365269172392631,0.17817303449086677,0.18530004826987015,负面,负面,,False
学习区,BV1uz4y1475S,【洛必达法则】高考使用指南,6049183,276506,78550,230485,4836,23660,sinhx/x？,,sinhxx？,0,0,2,0,1,0.0,0.0,0.0,0.0,0.0,0.0,0.0,0.0,0,0,0,0,0,0,0,0,无明显情感,未明确对象,未明确方面,中性,-1,0.6311610307267793,0.6311610307267793,0.32451864908099304,0.044320320192227716,负面,负面,,False
学习区,BV1uz4y1475S,【洛必达法则】高考使用指南,6049183,276506,78550,230485,4836,23660,选必2上导数那章不是讲过吗？,,选必2上导数那章不是讲过吗？,0,0,8,0,1,0.0,0.0,0.0,0.0,0.0,0.0,0.0,0.0,0,0,0,0,0,0,0,0,无明显情感,未明确对象,未明确方面,中性,-1,0.6775940817802918,0.6775940817802918,0.28666874564183265,0.035737172577875606,负面,负面,,False
学习区,BV1uz4y1475S,【洛必达法则】高考使用指南,6049183,276506,78550,230485,4836,23660,洛神赋来了,,洛神赋来了,0,0,2,0,0,0.0,0.0,0.0,0.0,0.0,0.0,0.0,0.0,0,0,0,0,0,0,0,0,无明显情感,未明确对象,未明确方面,中性,0,0.9054593377797175,0.036732398973787085,0.9054593377797175,0.057808263246495274,中性,中性,,False
学习区,BV1uz4y1475S,【洛必达法则】高考使用指南,6049183,276506,78550,230485,4836,23660,哦是啥阴,,哦是啥阴,0,0,3,0,0,0.0,0.0,0.0,0.0,0.0,0.0,0.0,0.0,0,0,0,0,0,0,0,0,无明显情感,未明确对象,未明确方面,中性,0,0.5898698157094519,0.25894394296278456,0.5898698157094519,0.15118624132776365,中性,中性,,False
学习区,BV1uz4y1475S,【洛必达法则】高考使用指南,6049183,276506,78550,230485,4836,23660,什么！,,什么！,0,0,2,1,0,0.0,0.0,0.0,0.0,0.0,0.0,0.0,0.0,0,0,0,0,0,0,0,0,无明显情感,未明确对象,未明确方面,中性,0,0.8708961002455528,0.04593846634757642,0.8708961002455528,0.0831654334068709,中性,中性,,False
学习区,BV1uz4y1475S,【洛必达法则】高考使用指南,6049183,276506,78550,230485,4836,23660,你奶又知道了,,你奶又知道了,0,0,3,0,0,0.0,0.0,0.0,0.0,0.0,0.0,0.0,0.0,0,0,0,0,0,0,0,0,无明显情感,未明确对象,未明确方面,中性,-1,0.45477099047394354,0.45477099047394354,0.3894672919209353,0.15576171760512114,负面,负面,,False
学习区,BV1uz4y1475S,【洛必达法则】高考使用指南,6049183,276506,78550,230485,4836,23660,直接端点效应秒了,,直接端点效应秒了,0,0,4,0,0,0.0,0.0,0.0,0.0,0.0,0.0,0.0,0.0,0,0,0,0,0,0,0,0,无明显情感,未明确对象,未明确方面,中性,-1,0.5554468500434643,0.5554468500434643,0.25013317987509603,0.19441997008143966,负面,负面,,False
学习区,BV1uz4y1475S,【洛必达法则】高考使用指南,6049183,276506,78550,230485,4836,23660,直接必要性探路,,直接必要性探路,0,0,3,0,0,0.0,0.0,0.0,0.0,0.0,0.0,0.0,0.0,0,0,0,0,0,0,0,0,无明显情感,未明确对象,未明确方面,中性,0,0.8142856150081051,0.05677238614417082,0.8142856150081051,0.12894199884772414,中性,中性,,False
学习区,BV1uz4y1475S,【洛必达法则】高考使用指南,6049183,276506,78550,230485,4836,23660,导函数画的太抽象了吧。。。,,导函数画的太抽象了吧。。。,0,0,8,0,0,0.0,0.0,0.0,0.0,0.0,0.0,0.0,0.0,0,0,0,0,0,0,0,0,无明显情感,未明确对象,未明确方面,中性,0,0.7615959087597912,0.1295062633985069,0.7615959087597912,0.10889782784170188,中性,中性,,False
学习区,BV1uz4y1475S,【洛必达法则】高考使用指南,6049183,276506,78550,230485,4836,23660,两个爆炸式增长的指数函数比上一个二次式在正无穷肯定是趋近于正无穷的,,两个爆炸式增长的指数函数比上一个二次式在正无穷肯定是趋近于正无穷的,0,1,15,0,0,-1.0,0.0,1.0,1.0,0.06666666666666667,-1.0,0.0,1.0,0,0,0,0,0,0,0,1,对象评价,未明确对象,未明确方面,负面,0,0.8951504140424085,0.0876846094932952,0.8951504140424085,0.01716497646429639,中性,中性,0.0,True
学习区,BV1uz4y1475S,【洛必达法则】高考使用指南,6049183,276506,78550,230485,4836,23660,左边这个吧，而且与y轴交点的纵坐标大概率还是一,,左边这个吧，而且与y轴交点的纵坐标大概率还是一,0,0,13,0,0,0.0,0.0,0.0,0.0,0.0,0.0,0.0,0.0,0,0,0,0,0,0,0,0,无明显情感,未明确对象,未明确方面,中性,0,0.6448609324865078,0.305335410803557,0.6448609324865078,0.04980365670993523,中性,中性,,False
学习区,BV1uz4y1475S,【洛必达法则】高考使用指南,6049183,276506,78550,230485,4836,23660,洛元甲,,洛元甲,0,0,1,0,0,0.0,0.0,0.0,0.0,0.0,0.0,0.0,0.0,0,0,0,0,0,0,0,0,无明显情感,未明确对象,未明确方面,中性,0,0.6641811267415451,0.13348938228347546,0.6641811267415451,0.20232949097497943,中性,中性,,False
学习区,BV1uz4y1475S,【洛必达法则】高考使用指南,6049183,276506,78550,230485,4836,23660,为什么要洛必达，他分子是指数远远肯定大于分母啊,,为什么要洛必达，他分子是指数远远肯定大于分母啊,1,0,10,0,0,1.0,1.0,0.0,1.0,0.1,1.0,1.0,0.0,0,0,0,0,0,0,0,1,对象评价,未明确对象,未明确方面,正面,-1,0.8311704233691185,0.8311704233691185,0.07309783826794712,0.09573173836293433,负面,负面,-1.0,True
学习区,BV1uz4y1475S,【洛必达法则】高考使用指南,6049183,276506,78550,230485,4836,23660,小学十一年级没听懂,,小学十一年级没听懂,0,0,5,0,0,0.0,0.0,0.0,0.0,0.0,0.0,0.0,0.0,0,0,0,0,0,0,0,0,无明显情感,未明确对象,未明确方面,中性,-1,0.9001386969916575,0.9001386969916575,0.05844997647241193,0.04141132653593053,负面,负面,,False
学习区,BV1uz4y1475S,【洛必达法则】高考使用指南,6049183,276506,78550,230485,4836,23660,二阶导不就行了吗,,二阶导不就行了吗,0,0,3,0,0,0.0,0.0,0.0,0.0,0.0,0.0,0.0,0.0,0,0,0,0,0,0,0,0,无明显情感,未明确对象,未明确方面,中性,0,0.8486721091341017,0.06418897983062526,0.8486721091341017,0.08713891103527296,中性,中性,,False
学习区,BV1uz4y1475S,【洛必达法则】高考使用指南,6049183,276506,78550,230485,4836,23660,右吧。。。,,右吧。。。,0,0,4,0,0,0.0,0.0,0.0,0.0,0.0,0.0,0.0,0.0,0,0,0,0,0,0,0,0,无明显情感,未明确对象,未明确方面,中性,0,0.6931667577423174,0.13866096636230021,0.6931667577423174,0.16817227589538253,中性,中性,,False
学习区,BV1uz4y1475S,【洛必达法则】高考使用指南,6049183,276506,78550,230485,4836,23660,。,,。,0,0,1,0,0,0.0,0.0,0.0,0.0,0.0,0.0,0.0,0.0,0,0,0,0,0,0,0,0,无明显情感,未明确对象,未明确方面,中性,0,0.6446514255110525,0.08045472961624392,0.6446514255110525,0.2748938448727035,中性,中性,,False
学习区,BV1uz4y1475S,【洛必达法则】高考使用指南,6049183,276506,78550,230485,4836,23660,。。。,,。。。,0,0,3,0,0,0.0,0.0,0.0,0.0,0.0,0.0,0.0,0.0,0,0,0,0,0,0,0,0,无明显情感,未明确对象,未明确方面,中性,0,0.6684014206426199,0.13649056258185596,0.6684014206426199,0.195108016775524,中性,中性,,False
学习区,BV1uz4y1475S,【洛必达法则】高考使用指南,6049183,276506,78550,230485,4836,23660,桀桀桀,,桀桀桀,0,0,2,0,0,0.0,0.0,0.0,0.0,0.0,0.0,0.0,0.0,0,0,0,0,0,0,0,0,无明显情感,未明确对象,未明确方面,中性,0,0.6585046096608349,0.14118285317383877,0.6585046096608349,0.20031253716532643,中性,中性,,False
学习区,BV1uz4y1475S,【洛必达法则】高考使用指南,6049183,276506,78550,230485,4836,23660,哈哈哈,,哈哈哈,1,0,1,0,0,1.0,1.0,0.0,1.0,1.0,1.0,1.0,0.0,0,0,1,0,0,0,0,1,对象评价+自身情绪,未明确对象,娱乐与趣味,正面,1,0.937727137731318,0.03322471435460019,0.02904814791408186,0.937727137731318,正面,正面,,False
学习区,BV1uz4y1475S,【洛必达法则】高考使用指南,6049183,276506,78550,230485,4836,23660,有点意思,,有点意思,0,0,1,0,0,0.0,0.0,0.0,0.0,0.0,0.0,0.0,0.0,0,0,0,0,0,0,0,0,无明显情感,未明确对象,未明确方面,中性,0,0.957941344966615,0.014658360410521409,0.957941344966615,0.027400294622863537,中性,中性,,False
学习区,BV1uz4y1475S,【洛必达法则】高考使用指南,6049183,276506,78550,230485,4836,23660,那我没招了 洛一直达,,那我没招了洛一直达,0,0,4,0,0,0.0,0.0,0.0,0.0,0.0,0.0,0.0,0.0,0,0,0,0,0,0,0,0,无明显情感,未明确对象,未明确方面,中性,0,0.4017273083119388,0.31685203453223676,0.4017273083119388,0.2814206571558243,中性,中性,,False
学习区,BV1uz4y1475S,【洛必达法则】高考使用指南,6049183,276506,78550,230485,4836,23660,依旧祖传口诀“左导乘右加左乘右导”,,依旧祖传口诀左导乘右加左乘右导,0,0,7,0,0,0.0,0.0,0.0,0.0,0.0,0.0,0.0,0.0,0,0,0,0,0,0,0,0,无明显情感,未明确对象,未明确方面,中性,0,0.6257095414188167,0.18531502089370697,0.6257095414188167,0.18897543768747638,中性,中性,,False
学习区,BV1uz4y1475S,【洛必达法则】高考使用指南,6049183,276506,78550,230485,4836,23660,是不是可以将分子的X 的平方直接除下去再导？,,是不是可以将分子的X的平方直接除下去再导？,1,0,11,0,1,1.0,1.0,0.0,1.0,0.09090909090909091,1.0,1.0,0.0,0,0,0,0,0,0,0,1,对象评价,未明确对象,未明确方面,正面,-1,0.7383641742366635,0.7383641742366635,0.20433305778923577,0.05730276797410071,负面,正面,,False
学习区,BV1uz4y1475S,【洛必达法则】高考使用指南,6049183,276506,78550,230485,4836,23660,万年中学报到,,万年中学报到,0,0,4,0,0,0.0,0.0,0.0,0.0,0.0,0.0,0.0,0.0,0,0,0,0,0,0,0,0,无明显情感,未明确对象,未明确方面,中性,0,0.9082362929251414,0.040674786975455526,0.9082362929251414,0.05108892009940314,中性,中性,,False
学习区,BV1uz4y1475S,【洛必达法则】高考使用指南,6049183,276506,78550,230485,4836,23660,端点效应行吗,,端点效应行吗,0,0,3,0,0,0.0,0.0,0.0,0.0,0.0,0.0,0.0,0.0,0,0,0,0,0,0,0,0,无明显情感,未明确对象,未明确方面,中性,-1,0.6100142507157597,0.6100142507157597,0.27246855025840866,0.11751719902583171,负面,负面,,False
学习区,BV1uz4y1475S,【洛必达法则】高考使用指南,6049183,276506,78550,230485,4836,23660,如果大题步骤多且比较难且时间不是很多，是可以直接用的，但是如果比较简单的题还是不推荐，容易扣分,,如果大题步骤多且比较难且时间不是很多，是可以直接用的，但是如果比较简单的题还是不推荐，容易扣分,2,2,25,0,0,0.31000000000000005,2.86,2.55,0.31000000000000005,0.16,0.31000000000000005,2.86,2.55,1,1,0,0,0,1,0,1,对象评价+立场,未明确对象,理解与难度,混合,0,0.5101073595335083,0.2937233524885521,0.5101073595335083,0.19616928797793967,中性,中性,0.0,True
学习区,BV1uz4y1475S,【洛必达法则】高考使用指南,6049183,276506,78550,230485,4836,23660,洛冰河,,洛冰河,0,0,2,0,0,0.0,0.0,0.0,0.0,0.0,0.0,0.0,0.0,0,0,0,0,0,0,0,0,无明显情感,未明确对象,未明确方面,中性,0,0.6316404545305946,0.05797025309025051,0.6316404545305946,0.31038929237915497,中性,中性,,False
学习区,BV1uz4y1475S,【洛必达法则】高考使用指南,6049183,276506,78550,230485,4836,23660,渐近线,,渐近线,0,0,1,0,0,0.0,0.0,0.0,0.0,0.0,0.0,0.0,0.0,0,0,0,0,0,0,0,0,无明显情感,未明确对象,未明确方面,中性,0,0.6641811267415451,0.13348938228347546,0.6641811267415451,0.20232949097497943,中性,中性,,False
学习区,BV1uz4y1475S,【洛必达法则】高考使用指南,6049183,276506,78550,230485,4836,23660,不是哥们,,不是哥们,0,0,2,0,0,0.0,0.0,0.0,0.0,0.0,0.0,0.0,0.0,0,0,0,0,0,0,0,0,无明显情感,未明确对象,未明确方面,中性,-1,0.5965413041988564,0.5965413041988564,0.33835513273502915,0.06510356306611449,负面,负面,,False
学习区,BV1uz4y1475S,【洛必达法则】高考使用指南,6049183,276506,78550,230485,4836,23660,端点效应666,,端点效应666,1,0,3,0,0,1.0,1.0,0.0,1.0,0.3333333333333333,1.0,1.0,0.0,0,0,0,0,0,0,0,1,对象评价,未明确对象,未明确方面,正面,1,0.6379427860052321,0.2843827878798331,0.07767442611493473,0.6379427860052321,正面,正面,,False
学习区,BV1uz4y1475S,【洛必达法则】高考使用指南,6049183,276506,78550,230485,4836,23660,昨天期中才考的这个函数,,昨天期中才考的这个函数,0,0,6,0,0,0.0,0.0,0.0,0.0,0.0,0.0,0.0,0.0,0,0,0,0,0,0,0,0,无明显情感,未明确对象,未明确方面,中性,0,0.8284527107674974,0.08888171874937258,0.8284527107674974,0.08266557048313009,中性,中性,,False
学习区,BV1uz4y1475S,【洛必达法则】高考使用指南,6049183,276506,78550,230485,4836,23660,唉卧槽出题人怎么这么坏,,唉卧槽出题人怎么这么坏,0,0,7,0,0,0.0,0.0,0.0,0.0,0.0,0.0,0.0,0.0,0,0,0,0,0,0,0,0,无明显情感,未明确对象,未明确方面,中性,-1,0.4529503113605814,0.4529503113605814,0.3555835356372458,0.1914661530021729,负面,负面,,False
学习区,BV1uz4y1475S,【洛必达法则】高考使用指南,6049183,276506,78550,230485,4836,23660,没分怎么扣,,没分怎么扣,0,0,4,0,0,0.0,0.0,0.0,0.0,0.0,0.0,0.0,0.0,0,0,0,0,0,0,0,0,无明显情感,未明确对象,未明确方面,中性,-1,0.51754978646328,0.51754978646328,0.3271636050581332,0.15528660847858677,负面,负面,,False
学习区,BV1uz4y1475S,【洛必达法则】高考使用指南,6049183,276506,78550,230485,4836,23660,洛必达秒了,,洛必达秒了,0,0,2,0,0,0.0,0.0,0.0,0.0,0.0,0.0,0.0,0.0,0,0,0,0,0,0,0,0,无明显情感,未明确对象,未明确方面,中性,0,0.46803021202476036,0.46756381465746244,0.46803021202476036,0.06440597331777717,中性,中性,,False
学习区,BV1uz4y1475S,【洛必达法则】高考使用指南,6049183,276506,78550,230485,4836,23660,no,,no,0,0,1,0,0,0.0,0.0,0.0,0.0,0.0,0.0,0.0,0.0,0,0,0,0,0,0,0,0,无明显情感,未明确对象,未明确方面,中性,0,0.6641811267415451,0.13348938228347546,0.6641811267415451,0.20232949097497943,中性,中性,,False
学习区,BV1uz4y1475S,【洛必达法则】高考使用指南,6049183,276506,78550,230485,4836,23660,yes,,yes,0,0,1,0,0,0.0,0.0,0.0,0.0,0.0,0.0,0.0,0.0,0,0,0,0,0,0,0,0,无明显情感,未明确对象,未明确方面,中性,0,0.6641811267415451,0.13348938228347546,0.6641811267415451,0.20232949097497943,中性,中性,,False
学习区,BV1uz4y1475S,【洛必达法则】高考使用指南,6049183,276506,78550,230485,4836,23660,2026年高考还有38天，加油!,,2026年高考还有38天，加油!,1,0,9,1,0,1.0,1.0,0.0,1.0,0.1111111111111111,1.0,1.0,0.0,0,0,0,0,0,0,0,1,对象评价,未明确对象,未明确方面,正面,1,0.7494294730672065,0.05338095248077268,0.19718957445202087,0.7494294730672065,正面,正面,1.0,True
学习区,BV1uz4y1475S,【洛必达法则】高考使用指南,6049183,276506,78550,230485,4836,23660,完了，大三来看已经忘记怎么求导了,,完了，大三来看已经忘记怎么求导了,0,1,8,0,0,-1.0,0.0,1.0,1.0,0.125,-1.0,0.0,1.0,0,0,0,0,0,0,0,1,对象评价,未明确对象,未明确方面,负面,-1,0.7496674326621924,0.7496674326621924,0.16541022454424542,0.08492234279356231,负面,负面,-1.0,True
学习区,BV1uz4y1475S,【洛必达法则】高考使用指南,6049183,276506,78550,230485,4836,23660,有点怪怪的,,有点怪怪的,0,0,1,0,0,0.0,0.0,0.0,0.0,0.0,0.0,0.0,0.0,0,0,0,0,0,0,0,0,无明显情感,未明确对象,未明确方面,中性,0,0.957941344966615,0.014658360410521409,0.957941344966615,0.027400294622863537,中性,中性,,False
学习区,BV1uz4y1475S,【洛必达法则】高考使用指南,6049183,276506,78550,230485,4836,23660,《小苯蛋》,,小苯蛋,0,0,1,0,0,0.0,0.0,0.0,0.0,0.0,0.0,0.0,0.0,0,0,0,0,0,0,0,0,无明显情感,未明确对象,未明确方面,中性,0,0.6641811267415451,0.13348938228347546,0.6641811267415451,0.20232949097497943,中性,中性,,False
学习区,BV1uz4y1475S,【洛必达法则】高考使用指南,6049183,276506,78550,230485,4836,23660,暗戳戳,,暗戳戳,0,0,2,0,0,0.0,0.0,0.0,0.0,0.0,0.0,0.0,0.0,0,0,0,0,0,0,0,0,无明显情感,未明确对象,未明确方面,中性,0,0.7549589320504128,0.10050921633390979,0.7549589320504128,0.14453185161567747,中性,中性,,False
学习区,BV1uz4y1475S,【洛必达法则】高考使用指南,6049183,276506,78550,230485,4836,23660,高二19班A总表示不如拉格朗日，这我最会日，拉满了,,高二19班A总表示不如拉格朗日，这我最会日，拉满了,0,0,14,0,0,0.0,0.0,0.0,0.0,0.0,0.0,0.0,0.0,0,0,0,0,0,0,0,0,无明显情感,未明确对象,未明确方面,中性,0,0.43971501120471274,0.41490126220350926,0.43971501120471274,0.14538372659177795,中性,中性,,False
学习区,BV1uz4y1475S,【洛必达法则】高考使用指南,6049183,276506,78550,230485,4836,23660,咕咕咕,,咕咕咕,0,0,2,0,0,0.0,0.0,0.0,0.0,0.0,0.0,0.0,0.0,0,0,0,0,0,0,0,0,无明显情感,未明确对象,未明确方面,中性,0,0.6585046096608349,0.14118285317383877,0.6585046096608349,0.20031253716532643,中性,中性,,False
学习区,BV1uz4y1475S,【洛必达法则】高考使用指南,6049183,276506,78550,230485,4836,23660,这个不会导就去看基础，别看这个了,,这个不会导就去看基础，别看这个了,0,1,9,0,0,-1.0,0.0,1.0,1.0,0.1111111111111111,-1.0,0.0,1.0,0,0,0,0,0,0,0,1,对象评价,未明确对象,未明确方面,负面,-1,0.5045920979711579,0.5045920979711579,0.4588504157086481,0.03655748632019403,负面,负面,,False
学习区,BV1uz4y1475S,【洛必达法则】高考使用指南,6049183,276506,78550,230485,4836,23660,??,,??,0,0,2,0,2,0.0,0.0,0.0,0.0,0.0,0.0,0.0,0.0,0,0,0,0,0,0,0,0,无明显情感,未明确对象,未明确方面,中性,-1,0.6737403858481289,0.6737403858481289,0.2921545383144054,0.03410507583746572,负面,负面,,False
学习区,BV1uz4y1475S,【洛必达法则】高考使用指南,6049183,276506,78550,230485,4836,23660,总感觉听过,,总感觉听过,0,0,3,0,0,0.0,0.0,0.0,0.0,0.0,0.0,0.0,0.0,0,0,0,0,0,0,0,0,无明显情感,未明确对象,未明确方面,中性,0,0.6060807261990594,0.13029467375857268,0.6060807261990594,0.26362460004236793,中性,中性,,False
学习区,BV1uz4y1475S,【洛必达法则】高考使用指南,6049183,276506,78550,230485,4836,23660,那这正常咋做啊,,那这正常咋做啊,0,0,3,0,0,0.0,0.0,0.0,0.0,0.0,0.0,0.0,0.0,0,0,0,0,0,0,0,0,无明显情感,未明确对象,未明确方面,中性,0,0.4808918311406358,0.29234897528549997,0.4808918311406358,0.22675919357386437,中性,中性,,False
学习区,BV1uz4y1475S,【洛必达法则】高考使用指南,6049183,276506,78550,230485,4836,23660,豪到我了,,豪到我了,0,0,1,0,0,0.0,0.0,0.0,0.0,0.0,0.0,0.0,0.0,0,0,0,0,0,0,0,0,无明显情感,未明确对象,未明确方面,中性,0,0.5461495835200966,0.3086331067078216,0.5461495835200966,0.14521730977208178,中性,中性,,False
学习区,BV1uz4y1475S,【洛必达法则】高考使用指南,6049183,276506,78550,230485,4836,23660,好，这就将你送去成都,,好，这就将你送去成都,0,0,7,0,0,0.0,0.0,0.0,0.0,0.0,0.0,0.0,0.0,0,0,0,0,0,0,0,0,无明显情感,未明确对象,未明确方面,中性,-1,0.8454880451005186,0.8454880451005186,0.06876132820349973,0.08575062669598178,负面,负面,-1.0,True
学习区,BV1uz4y1475S,【洛必达法则】高考使用指南,6049183,276506,78550,230485,4836,23660,睾烤题,,睾烤题,0,0,2,0,0,0.0,0.0,0.0,0.0,0.0,0.0,0.0,0.0,0,0,0,0,0,0,0,0,无明显情感,未明确对象,未明确方面,中性,0,0.6585046096608349,0.14118285317383877,0.6585046096608349,0.20031253716532643,中性,中性,,False
学习区,BV1uz4y1475S,【洛必达法则】高考使用指南,6049183,276506,78550,230485,4836,23660,只有比值可以用吗？,,只有比值可以用吗？,1,0,5,0,1,1.0,1.0,0.0,1.0,0.2,1.0,1.0,0.0,0,0,0,0,0,0,0,1,对象评价,未明确对象,未明确方面,正面,0,0.7896261783758367,0.08547305072427842,0.7896261783758367,0.12490077089988486,中性,中性,0.0,True
学习区,BV1uz4y1475S,【洛必达法则】高考使用指南,6049183,276506,78550,230485,4836,23660,大家太皮了哈哈,,大家太皮了哈哈,1,0,3,0,0,1.8,1.8,0.0,1.8,0.3333333333333333,1.8,1.8,0.0,0,0,1,0,0,0,0,1,对象评价+自身情绪,未明确对象,娱乐与趣味,正面,1,0.600819122471598,0.020437338078479503,0.37874353944992245,0.600819122471598,正面,正面,,False
学习区,BV1uz4y1475S,【洛必达法则】高考使用指南,6049183,276506,78550,230485,4836,23660,简单,,简单,1,0,1,0,0,1.0,1.0,0.0,1.0,1.0,1.0,1.0,0.0,0,0,0,0,0,0,0,1,对象评价,未明确对象,理解与难度,正面,1,0.7228402038718311,0.2584540728076119,0.01870572332055702,0.7228402038718311,正面,正面,,False
学习区,BV1uz4y1475S,【洛必达法则】高考使用指南,6049183,276506,78550,230485,4836,23660,初二学生干导数,,初二学生干导数,0,0,4,0,0,0.0,0.0,0.0,0.0,0.0,0.0,0.0,0.0,0,0,0,0,0,0,0,0,无明显情感,未明确对象,未明确方面,中性,0,0.5338112431776186,0.23240606374088835,0.5338112431776186,0.23378269308149316,中性,中性,,False
学习区,BV1uz4y1475S,【洛必达法则】高考使用指南,6049183,276506,78550,230485,4836,23660,我天,,我天,0,0,1,0,0,0.0,0.0,0.0,0.0,0.0,0.0,0.0,0.0,0,0,0,0,0,0,0,0,无明显情感,未明确对象,未明确方面,中性,0,0.6641811267415451,0.13348938228347546,0.6641811267415451,0.20232949097497943,中性,中性,,False
学习区,BV1uz4y1475S,【洛必达法则】高考使用指南,6049183,276506,78550,230485,4836,23660,为什么不再导一次？,,为什么不再导一次？,0,0,5,0,1,0.0,0.0,0.0,0.0,0.0,0.0,0.0,0.0,0,0,0,0,0,0,0,0,无明显情感,未明确对象,未明确方面,中性,0,0.4987931320266252,0.47776034974616194,0.4987931320266252,0.02344651822721281,中性,中性,,False
学习区,BV1uz4y1475S,【洛必达法则】高考使用指南,6049183,276506,78550,230485,4836,23660,选择题为啥不直接带特殊值比如1和-1呢，这个方法在求取值范围的选择题特别好用,,选择题为啥不直接带特殊值比如1和1呢，这个方法在求取值范围的选择题特别好用,1,0,20,0,0,1.0,1.0,0.0,1.0,0.05,1.0,1.0,0.0,0,0,0,0,0,0,0,1,对象评价,课程内容,未明确方面,正面,-1,0.8277427145832589,0.8277427145832589,0.09003686845692661,0.0822204169598145,负面,负面,-1.0,True
学习区,BV1uz4y1475S,【洛必达法则】高考使用指南,6049183,276506,78550,230485,4836,23660,只要洛不死，就往死里洛！,,只要洛不死，就往死里洛！,0,0,7,1,0,0.0,0.0,0.0,0.0,0.0,0.0,0.0,0.0,0,0,0,0,0,0,0,0,无明显情感,未明确对象,未明确方面,中性,1,0.626180238022021,0.08548010002704602,0.2883396619509329,0.626180238022021,正面,正面,,False
学习区,BV1uz4y1475S,【洛必达法则】高考使用指南,6049183,276506,78550,230485,4836,23660,这么强？,,这么强？,0,0,3,0,1,0.0,0.0,0.0,0.0,0.0,0.0,0.0,0.0,0,0,0,0,0,0,0,0,无明显情感,未明确对象,未明确方面,中性,-1,0.6082087888919286,0.6082087888919286,0.3095448572021059,0.0822463539059655,负面,负面,,False
学习区,BV1uz4y1475S,【洛必达法则】高考使用指南,6049183,276506,78550,230485,4836,23660,对吗,,对吗,0,0,1,0,0,0.0,0.0,0.0,0.0,0.0,0.0,0.0,0.0,0,0,0,0,0,0,0,0,无明显情感,未明确对象,未明确方面,中性,0,0.6686867334306454,0.22138108158186914,0.6686867334306454,0.10993218498748535,中性,中性,,False
学习区,BV1uz4y1475S,【洛必达法则】高考使用指南,6049183,276506,78550,230485,4836,23660,还是听得懂的呀，就极限思想,,还是听得懂的呀，就极限思想,0,0,6,0,0,0.0,0.0,0.0,0.0,0.0,0.0,0.0,0.0,0,0,0,0,0,0,0,0,无明显情感,未明确对象,未明确方面,中性,0,0.42468626823261335,0.20133846473171998,0.42468626823261335,0.3739752670356667,中性,中性,,False
学习区,BV1uz4y1475S,【洛必达法则】高考使用指南,6049183,276506,78550,230485,4836,23660,其实是极限值,,其实是极限值,0,0,2,0,0,0.0,0.0,0.0,0.0,0.0,0.0,0.0,0.0,0,0,0,0,0,0,0,0,无明显情感,未明确对象,未明确方面,中性,0,0.5609795371785424,0.3501842201982371,0.5609795371785424,0.08883624262322051,中性,中性,,False
学习区,BV1uz4y1475S,【洛必达法则】高考使用指南,6049183,276506,78550,230485,4836,23660,我我又该如何向我的妈妈解释,,我我又该如何向我的妈妈解释,0,0,6,0,0,0.0,0.0,0.0,0.0,0.0,0.0,0.0,0.0,0,0,0,0,0,0,0,0,无明显情感,未明确对象,未明确方面,中性,0,0.5785957751300987,0.3023122110505819,0.5785957751300987,0.11909201381931936,中性,中性,,False
学习区,BV1uz4y1475S,【洛必达法则】高考使用指南,6049183,276506,78550,230485,4836,23660,洛洛洛洛洛洛洛洛洛洛洛洛洛洛洛洛洛洛洛洛洛洛洛洛洛洛洛洛洛洛,,洛洛洛洛洛洛洛洛洛洛洛洛洛洛洛洛洛洛洛洛洛洛洛洛洛洛洛洛洛洛,0,0,1,0,0,0.0,0.0,0.0,0.0,0.0,0.0,0.0,0.0,0,0,0,0,0,0,0,0,无明显情感,未明确对象,未明确方面,中性,0,0.6641811267415451,0.13348938228347546,0.6641811267415451,0.20232949097497943,中性,中性,,False
学习区,BV1uz4y1475S,【洛必达法则】高考使用指南,6049183,276506,78550,230485,4836,23660,直接带值,,直接带值,0,0,2,0,0,0.0,0.0,0.0,0.0,0.0,0.0,0.0,0.0,0,0,0,0,0,0,0,0,无明显情感,未明确对象,未明确方面,中性,0,0.7991287533420058,0.07550695662143511,0.7991287533420058,0.12536429003655908,中性,中性,,False
学习区,BV1uz4y1475S,【洛必达法则】高考使用指南,6049183,276506,78550,230485,4836,23660,洛纸依旧不懂,,洛纸依旧不懂,0,0,4,0,0,0.0,0.0,0.0,0.0,0.0,0.0,0.0,0.0,0,0,0,0,0,0,0,0,无明显情感,未明确对象,未明确方面,中性,-1,0.6417144853892581,0.6417144853892581,0.23198691567274862,0.12629859893799322,负面,负面,,False
学习区,BV1uz4y1475S,【洛必达法则】高考使用指南,6049183,276506,78550,230485,4836,23660,小学六年级如何呢？,,小学六年级如何呢？,0,0,4,0,1,0.0,0.0,0.0,0.0,0.0,0.0,0.0,0.0,0,0,0,0,0,0,0,0,无明显情感,未明确对象,未明确方面,中性,-1,0.6671621315986621,0.6671621315986621,0.2991140070012378,0.033723861400100016,负面,负面,,False
学习区,BV1uz4y1475S,【洛必达法则】高考使用指南,6049183,276506,78550,230485,4836,23660,？？,,？？,0,0,2,0,2,0.0,0.0,0.0,0.0,0.0,0.0,0.0,0.0,0,0,0,0,0,0,0,0,无明显情感,未明确对象,未明确方面,中性,-1,0.788439539860891,0.788439539860891,0.1930845039451032,0.018475956194005768,负面,负面,,False
学习区,BV1uz4y1475S,【洛必达法则】高考使用指南,6049183,276506,78550,230485,4836,23660,我靠我是滕一的,,我靠我是滕一的,0,0,2,0,0,0.0,0.0,0.0,0.0,0.0,0.0,0.0,0.0,0,0,0,0,0,0,0,0,无明显情感,未明确对象,未明确方面,中性,-1,0.5566088113371996,0.5566088113371996,0.4214111582194141,0.021980030443386322,负面,负面,,False
学习区,BV1uz4y1475S,【洛必达法则】高考使用指南,6049183,276506,78550,230485,4836,23660,这题可以端点吗,,这题可以端点吗,1,0,3,0,0,1.0,1.0,0.0,1.0,0.3333333333333333,1.0,1.0,0.0,0,0,0,0,0,0,0,1,对象评价,未明确对象,未明确方面,正面,0,0.675057787329976,0.11082842160005336,0.675057787329976,0.21411379106997067,中性,中性,0.0,True
学习区,BV1uz4y1475S,【洛必达法则】高考使用指南,6049183,276506,78550,230485,4836,23660,洛不死，就往死里洛,,洛不死，就往死里洛,0,0,5,0,0,0.0,0.0,0.0,0.0,0.0,0.0,0.0,0.0,0,0,0,0,0,0,0,0,无明显情感,未明确对象,未明确方面,中性,1,0.437198706605639,0.21122335449811183,0.35157793889624916,0.437198706605639,正面,正面,,False
学习区,BV1uz4y1475S,【洛必达法则】高考使用指南,6049183,276506,78550,230485,4836,23660,我去，不早说,,我去，不早说,0,0,4,0,0,0.0,0.0,0.0,0.0,0.0,0.0,0.0,0.0,0,0,0,0,0,0,0,0,无明显情感,未明确对象,未明确方面,中性,-1,0.8012428263637548,0.8012428263637548,0.11521831425964092,0.08353885937660441,负面,负面,,False
学习区,BV1uz4y1475S,【洛必达法则】高考使用指南,6049183,276506,78550,230485,4836,23660,精彩,,精彩,1,0,1,0,0,1.0,1.0,0.0,1.0,1.0,1.0,1.0,0.0,0,0,0,0,0,0,0,1,对象评价,未明确对象,未明确方面,正面,1,0.7129372537708775,0.20499468037722357,0.08206806585189903,0.7129372537708775,正面,正面,,False
学习区,BV1uz4y1475S,【洛必达法则】高考使用指南,6049183,276506,78550,230485,4836,23660,0乘任何数均为0（dog）,,0乘任何数均为0dog,0,0,6,0,0,0.0,0.0,0.0,0.0,0.0,0.0,0.0,0.0,0,0,0,0,0,0,0,0,无明显情感,未明确对象,未明确方面,中性,0,0.7241487432799076,0.08934897511041653,0.7241487432799076,0.1865022816096759,中性,中性,,False
学习区,BV1uz4y1475S,【洛必达法则】高考使用指南,6049183,276506,78550,230485,4836,23660,做题第一步，洛！！！！！！！！！！！！！！！,,做题第一步，洛！！！！！！！！！！！！！！！,0,0,20,15,0,0.0,0.0,0.0,0.0,0.0,0.0,0.0,0.0,0,0,0,0,0,0,0,0,无明显情感,未明确对象,未明确方面,中性,1,0.5147943131213211,0.3575210066884574,0.12768468019022158,0.5147943131213211,正面,正面,,False
学习区,BV1uz4y1475S,【洛必达法则】高考使用指南,6049183,276506,78550,230485,4836,23660,极限,,极限,0,0,1,0,0,0.0,0.0,0.0,0.0,0.0,0.0,0.0,0.0,0,0,0,0,0,0,0,0,无明显情感,未明确对象,未明确方面,中性,0,0.6683453776278525,0.0758671509915979,0.6683453776278525,0.2557874713805496,中性,中性,,False
学习区,BV1uz4y1475S,【洛必达法则】高考使用指南,6049183,276506,78550,230485,4836,23660,洛必达：一直洛就可以达到答案,,洛必达一直洛就可以达到答案,1,0,7,0,0,1.0,1.0,0.0,1.0,0.14285714285714285,1.0,1.0,0.0,0,0,0,0,0,0,0,1,对象评价,未明确对象,未明确方面,正面,1,0.5618987389368946,0.22673825284629606,0.21136300821680928,0.5618987389368946,正面,正面,1.0,True
学习区,BV1uz4y1475S,【洛必达法则】高考使用指南,6049183,276506,78550,230485,4836,23660,洛不出来就抄错条件继续洛,,洛不出来就抄错条件继续洛,0,0,9,0,0,0.0,0.0,0.0,0.0,0.0,0.0,0.0,0.0,0,0,0,0,0,0,0,0,无明显情感,未明确对象,未明确方面,中性,1,0.5191380653337294,0.14586912618864237,0.3349928084776283,0.5191380653337294,正面,正面,,False
学习区,BV1uz4y1475S,【洛必达法则】高考使用指南,6049183,276506,78550,230485,4836,23660,1dog,,1dog,0,0,1,0,0,0.0,0.0,0.0,0.0,0.0,0.0,0.0,0.0,0,0,0,0,0,0,0,0,无明显情感,未明确对象,未明确方面,中性,0,0.6216429745691083,0.1102926848507775,0.6216429745691083,0.26806434058011414,中性,中性,,False
学习区,BV1uz4y1475S,【洛必达法则】高考使用指南,6049183,276506,78550,230485,4836,23660,零帧起手,,零帧起手,0,0,2,0,0,0.0,0.0,0.0,0.0,0.0,0.0,0.0,0.0,0,0,0,0,0,0,0,0,无明显情感,未明确对象,未明确方面,中性,0,0.6585046096608349,0.14118285317383877,0.6585046096608349,0.20031253716532643,中性,中性,,False
学习区,BV1uz4y1475S,【洛必达法则】高考使用指南,6049183,276506,78550,230485,4836,23660,救命好难学,,救命好难学,0,1,3,0,0,-1.0,0.0,1.0,1.0,0.3333333333333333,-1.0,0.0,1.0,0,0,0,0,0,0,0,1,对象评价,未明确对象,理解与难度,负面,-1,0.7471112787393187,0.7471112787393187,0.11104106312066253,0.14184765814001882,负面,负面,-1.0,True
学习区,BV1uz4y1475S,【洛必达法则】高考使用指南,6049183,276506,78550,230485,4836,23660,我去,,我去,0,0,1,0,0,0.0,0.0,0.0,0.0,0.0,0.0,0.0,0.0,0,0,0,0,0,0,0,0,无明显情感,未明确对象,未明确方面,中性,0,0.5548665199555549,0.3004068028855068,0.5548665199555549,0.1447266771589383,中性,中性,,False
学习区,BV1uz4y1475S,【洛必达法则】高考使用指南,6049183,276506,78550,230485,4836,23660,端点效应倒两次直接秒了,,端点效应倒两次直接秒了,0,0,6,0,0,0.0,0.0,0.0,0.0,0.0,0.0,0.0,0.0,0,0,0,0,0,0,0,0,无明显情感,未明确对象,未明确方面,中性,-1,0.5873914993476372,0.5873914993476372,0.23245054512072466,0.18015795553163821,负面,负面,,False
学习区,BV1uz4y1475S,【洛必达法则】高考使用指南,6049183,276506,78550,230485,4836,23660,右右右,,右右右,0,0,1,0,0,0.0,0.0,0.0,0.0,0.0,0.0,0.0,0.0,0,0,0,0,0,0,0,0,无明显情感,未明确对象,未明确方面,中性,0,0.6641811267415451,0.13348938228347546,0.6641811267415451,0.20232949097497943,中性,中性,,False
学习区,BV1uz4y1475S,【洛必达法则】高考使用指南,6049183,276506,78550,230485,4836,23660,老师都没有提过，来这里学吧,,老师都没有提过，来这里学吧,0,0,9,0,0,0.0,0.0,0.0,0.0,0.0,0.0,0.0,0.0,0,0,0,0,0,0,0,0,无明显情感,讲解者,未明确方面,中性,-1,0.7142760028190933,0.7142760028190933,0.25298381581008944,0.03274018137081707,负面,负面,,False
学习区,BV1uz4y1475S,【洛必达法则】高考使用指南,6049183,276506,78550,230485,4836,23660,方到你了？,,方到你了？,0,0,2,0,1,0.0,0.0,0.0,0.0,0.0,0.0,0.0,0.0,0,0,0,0,0,0,0,0,无明显情感,未明确对象,未明确方面,中性,-1,0.6345916159662334,0.6345916159662334,0.3115599609662905,0.05384842306747606,负面,负面,,False
学习区,BV1uz4y1475S,【洛必达法则】高考使用指南,6049183,276506,78550,230485,4836,23660,七岁懂了,,七岁懂了,1,0,2,0,0,1.0,1.0,0.0,1.0,0.5,1.0,1.0,0.0,0,0,0,0,1,0,0,1,对象评价+认知状态,未明确对象,理解与难度,正面,1,0.9056366707543337,0.05799790767696967,0.03636542156869661,0.9056366707543337,正面,正面,,False
学习区,BV1uz4y1475S,【洛必达法则】高考使用指南,6049183,276506,78550,230485,4836,23660,印脑仁,,印脑仁,0,0,1,0,0,0.0,0.0,0.0,0.0,0.0,0.0,0.0,0.0,0,0,0,0,0,0,0,0,无明显情感,未明确对象,未明确方面,中性,0,0.6641811267415451,0.13348938228347546,0.6641811267415451,0.20232949097497943,中性,中性,,False
学习区,BV1uz4y1475S,【洛必达法则】高考使用指南,6049183,276506,78550,230485,4836,23660,上面更先无穷,,上面更先无穷,0,0,3,0,0,0.0,0.0,0.0,0.0,0.0,0.0,0.0,0.0,0,0,0,0,0,0,0,0,无明显情感,未明确对象,未明确方面,中性,0,0.7645533978964866,0.04216478009990034,0.7645533978964866,0.193281822003613,中性,中性,,False
学习区,BV1uz4y1475S,【洛必达法则】高考使用指南,6049183,276506,78550,230485,4836,23660,期中加油 前十稳住,,期中加油前十稳住,1,0,4,0,0,1.0,1.0,0.0,1.0,0.25,1.0,1.0,0.0,0,0,0,0,0,0,0,1,对象评价,未明确对象,未明确方面,正面,1,0.9144441707080295,0.026099013723299487,0.059456815568670905,0.9144441707080295,正面,正面,,False
学习区,BV1uz4y1475S,【洛必达法则】高考使用指南,6049183,276506,78550,230485,4836,23660,哇塞，他叫我大聪明宝贝耶,,哇塞，他叫我大聪明宝贝耶,1,0,7,0,0,1.0,1.0,0.0,1.0,0.14285714285714285,1.0,1.0,0.0,0,0,0,0,0,0,0,1,对象评价,未明确对象,未明确方面,正面,1,0.682813064841147,0.21966698598454698,0.09751994917430586,0.682813064841147,正面,正面,1.0,True
学习区,BV1uz4y1475S,【洛必达法则】高考使用指南,6049183,276506,78550,230485,4836,23660,其实按增速来看 指数大于幂大于对 直接把小的看作正负一即可,,其实按增速来看指数大于幂大于对直接把小的看作正负一即可,0,0,16,0,0,0.0,0.0,0.0,0.0,0.0,0.0,0.0,0.0,0,0,0,0,0,0,0,0,无明显情感,未明确对象,未明确方面,中性,-1,0.5561574009124697,0.5561574009124697,0.3714852015115757,0.07235739757595473,负面,负面,,False
学习区,BV1uz4y1475S,【洛必达法则】高考使用指南,6049183,276506,78550,230485,4836,23660,不是禁数我还不学呢,,不是禁数我还不学呢,0,0,4,0,0,0.0,0.0,0.0,0.0,0.0,0.0,0.0,0.0,0,0,0,0,0,0,0,0,无明显情感,未明确对象,未明确方面,中性,-1,0.7700274036968268,0.7700274036968268,0.19430784064533224,0.035664755657840955,负面,负面,,False
学习区,BV1uz4y1475S,【洛必达法则】高考使用指南,6049183,276506,78550,230485,4836,23660,大一回看，怀念之,,大一回看，怀念之,0,0,6,0,0,0.0,0.0,0.0,0.0,0.0,0.0,0.0,0.0,0,0,0,0,0,0,0,0,无明显情感,未明确对象,未明确方面,中性,0,0.65283252586501,0.14862698153358203,0.65283252586501,0.19854049260140802,中性,中性,,False
学习区,BV1uz4y1475S,【洛必达法则】高考使用指南,6049183,276506,78550,230485,4836,23660,遇到事情不能坐以待毙,,遇到事情不能坐以待毙,0,0,4,0,0,0.0,0.0,0.0,0.0,0.0,0.0,0.0,0.0,0,0,0,0,0,0,0,0,无明显情感,未明确对象,未明确方面,中性,0,0.5292390660606293,0.1775034576707421,0.5292390660606293,0.2932574762686286,中性,中性,,False
学习区,BV1uz4y1475S,【洛必达法则】高考使用指南,6049183,276506,78550,230485,4836,23660,？什么死动静,,？什么死动静,0,0,4,0,1,0.0,0.0,0.0,0.0,0.0,0.0,0.0,0.0,0,0,0,0,0,0,0,0,无明显情感,未明确对象,未明确方面,中性,0,0.5815050815066722,0.39595386230359386,0.5815050815066722,0.022541056189733885,中性,中性,,False
学习区,BV1uz4y1475S,【洛必达法则】高考使用指南,6049183,276506,78550,230485,4836,23660,收藏。,,收藏。,1,0,2,0,0,1.0,1.0,0.0,1.0,0.5,1.0,1.0,0.0,0,0,0,0,0,0,0,1,对象评价,未明确对象,实用与收获,正面,1,0.5213786364445456,0.05733604211269327,0.4212853214427611,0.5213786364445456,正面,正面,1.0,True
学习区,BV1uz4y1475S,【洛必达法则】高考使用指南,6049183,276506,78550,230485,4836,23660,笑的我好崩溃,,笑的我好崩溃,0,1,3,0,0,-1.0,0.0,1.0,1.0,0.3333333333333333,-1.0,0.0,1.0,0,0,1,0,0,0,0,1,对象评价+自身情绪,未明确对象,未明确方面,负面,-1,0.44729497407852986,0.44729497407852986,0.35563300521202423,0.1970720207094459,负面,负面,,False
学习区,BV1uz4y1475S,【洛必达法则】高考使用指南,6049183,276506,78550,230485,4836,23660,wzh打卡,,wzh打卡,0,0,2,0,0,0.0,0.0,0.0,0.0,0.0,0.0,0.0,0.0,0,0,0,0,0,0,0,0,无明显情感,未明确对象,未明确方面,中性,0,0.7783838125543223,0.02777335835076322,0.7783838125543223,0.19384282909491457,中性,中性,,False
学习区,BV1uz4y1475S,【洛必达法则】高考使用指南,6049183,276506,78550,230485,4836,23660,包右边啊,,包右边啊,0,0,2,0,0,0.0,0.0,0.0,0.0,0.0,0.0,0.0,0.0,0,0,0,0,0,0,0,0,无明显情感,未明确对象,未明确方面,中性,-1,0.6913274583695042,0.6913274583695042,0.17515141265041617,0.13352112898007976,负面,负面,,False
学习区,BV1uz4y1475S,【洛必达法则】高考使用指南,6049183,276506,78550,230485,4836,23660,不能这样子啊,,不能这样子啊,0,0,2,0,0,0.0,0.0,0.0,0.0,0.0,0.0,0.0,0.0,0,0,0,0,0,0,0,0,无明显情感,未明确对象,未明确方面,中性,1,0.3555419962090604,0.3383729102014582,0.3060850935894815,0.3555419962090604,正面,中性,,False
学习区,BV1uz4y1475S,【洛必达法则】高考使用指南,6049183,276506,78550,230485,4836,23660,吓人,,吓人,0,1,1,0,0,-1.0,0.0,1.0,1.0,1.0,-1.0,0.0,1.0,0,0,0,0,0,0,0,1,对象评价,未明确对象,未明确方面,负面,-1,0.5988258445896509,0.5988258445896509,0.24059150683515987,0.1605826485751892,负面,负面,-1.0,True
学习区,BV1uz4y1475S,【洛必达法则】高考使用指南,6049183,276506,78550,230485,4836,23660,分母不是为零吗？，我有点绕晕了,,分母不是为零吗？，我有点绕晕了,0,0,7,0,1,0.0,0.0,0.0,0.0,0.0,0.0,0.0,0.0,0,0,1,0,0,0,0,0,自身情绪,未明确对象,未明确方面,中性,-1,0.4867725387354831,0.4867725387354831,0.480710191014419,0.032517270250097825,负面,负面,,False
学习区,BV1uz4y1475S,【洛必达法则】高考使用指南,6049183,276506,78550,230485,4836,23660,我还以为会有什么反转，一个超级无敌牛壁的思路出来，没想到居然还是老老实实哈,,我还以为会有什么反转，一个超级无敌牛壁的思路出来，没想到居然还是老老实实哈,1,0,18,0,0,2.0,2.0,0.0,2.0,0.05555555555555555,2.0,2.0,0.0,0,0,0,0,0,0,0,1,对象评价,未明确对象,讲解质量,正面,-1,0.7532343605053854,0.7532343605053854,0.08509415186598311,0.16167148762863146,负面,负面,-1.0,True
学习区,BV1uz4y1475S,【洛必达法则】高考使用指南,6049183,276506,78550,230485,4836,23660,这上面是一个类三次函数,,这上面是一个类三次函数,0,0,4,0,0,0.0,0.0,0.0,0.0,0.0,0.0,0.0,0.0,0,0,0,0,0,0,0,0,无明显情感,未明确对象,未明确方面,中性,0,0.8084820908932776,0.07146238995941578,0.8084820908932776,0.12005551914730667,中性,中性,,False
学习区,BV1uz4y1475S,【洛必达法则】高考使用指南,6049183,276506,78550,230485,4836,23660,凭啥扣分呐？我会的多还不行,,凭啥扣分呐？我会的多还不行,0,1,9,0,1,-1.0,0.0,1.0,1.0,0.1111111111111111,-1.0,0.0,1.0,0,0,0,0,0,0,0,1,对象评价,未明确对象,未明确方面,负面,-1,0.8450336833858089,0.8450336833858089,0.13845355778058813,0.016512758833602925,负面,负面,,False
学习区,BV1uz4y1475S,【洛必达法则】高考使用指南,6049183,276506,78550,230485,4836,23660,x为0时这式子本来不就是0吗？只不过取不到,,x为0时这式子本来不就是0吗？只不过取不到,0,0,13,0,1,0.0,0.0,0.0,0.0,0.0,0.0,0.0,0.0,1,0,0,0,0,0,0,0,无明显情感,未明确对象,未明确方面,中性,-1,0.6005689789591002,0.6005689789591002,0.36183216478080227,0.037598856260097444,负面,负面,,False
学习区,BV1uz4y1475S,【洛必达法则】高考使用指南,6049183,276506,78550,230485,4836,23660,放缩一下就行了,,放缩一下就行了,0,0,2,0,0,0.0,0.0,0.0,0.0,0.0,0.0,0.0,0.0,0,0,0,0,0,0,0,0,无明显情感,未明确对象,未明确方面,中性,0,0.7625244979871707,0.06410689464793932,0.7625244979871707,0.17336860736488996,中性,中性,,False
学习区,BV1uz4y1475S,【洛必达法则】高考使用指南,6049183,276506,78550,230485,4836,23660,小笨蛋和大聪明哪个更聪明一点？,,小笨蛋和大聪明哪个更聪明一点？,2,0,8,0,1,2.0,2.0,0.0,2.0,0.25,2.0,2.0,0.0,0,0,0,0,0,0,0,1,对象评价,未明确对象,未明确方面,正面,-1,0.4826095937370222,0.4826095937370222,0.1265138222629954,0.3908765839999824,负面,中性,0.0,True
学习区,BV1uz4y1475S,【洛必达法则】高考使用指南,6049183,276506,78550,230485,4836,23660,扣一点总好过只拿一点,,扣一点总好过只拿一点,0,0,7,0,0,0.0,0.0,0.0,0.0,0.0,0.0,0.0,0.0,0,0,0,0,0,0,0,0,无明显情感,未明确对象,未明确方面,中性,0,0.5101724646508038,0.41013997346752645,0.5101724646508038,0.0796875618816697,中性,中性,,False
学习区,BV1uz4y1475S,【洛必达法则】高考使用指南,6049183,276506,78550,230485,4836,23660,这个可以直接用收益算的，当前面3x或者2x足够大时，后面加的常数收益就小，对数值的影响就小，所以最后会趋近于2/3,,这个可以直接用收益算的，当前面3x或者2x足够大时，后面加的常数收益就小，对数值的影响就小，所以最后会趋近于23,1,0,34,0,0,1.0,1.0,0.0,1.0,0.029411764705882353,1.0,1.0,0.0,0,0,0,0,0,0,0,1,对象评价,未明确对象,未明确方面,正面,1,0.4400855551340258,0.3039996862183657,0.2559147586476086,0.4400855551340258,正面,正面,1.0,True
学习区,BV1uz4y1475S,【洛必达法则】高考使用指南,6049183,276506,78550,230485,4836,23660,我的洛必达！,,我的洛必达！,0,0,2,1,0,0.0,0.0,0.0,0.0,0.0,0.0,0.0,0.0,0,0,0,0,0,0,0,0,无明显情感,未明确对象,未明确方面,中性,0,0.5118481925601687,0.42541269143218224,0.5118481925601687,0.06273911600764905,中性,中性,,False
学习区,BV1uz4y1475S,【洛必达法则】高考使用指南,6049183,276506,78550,230485,4836,23660,6002,,6002,0,0,1,0,0,0.0,0.0,0.0,0.0,0.0,0.0,0.0,0.0,0,0,0,0,0,0,0,0,无明显情感,未明确对象,未明确方面,中性,0,0.6442321413056081,0.13761104641346703,0.6442321413056081,0.21815681228092487,中性,中性,,False
学习区,BV1uz4y1475S,【洛必达法则】高考使用指南,6049183,276506,78550,230485,4836,23660,何意味,,何意味,0,0,2,0,0,0.0,0.0,0.0,0.0,0.0,0.0,0.0,0.0,0,0,0,0,0,0,0,0,无明显情感,未明确对象,未明确方面,中性,0,0.6585046096608349,0.14118285317383877,0.6585046096608349,0.20031253716532643,中性,中性,,False
学习区,BV1uz4y1475S,【洛必达法则】高考使用指南,6049183,276506,78550,230485,4836,23660,兄棣伙报道,,兄棣伙报道,0,0,2,0,0,0.0,0.0,0.0,0.0,0.0,0.0,0.0,0.0,0,0,0,0,0,0,0,0,无明显情感,未明确对象,未明确方面,中性,0,0.6585046096608349,0.14118285317383877,0.6585046096608349,0.20031253716532643,中性,中性,,False
学习区,BV1uz4y1475S,【洛必达法则】高考使用指南,6049183,276506,78550,230485,4836,23660,高二说听不懂的说明还在高二上学期，下学期一两个月后正常来说可以听懂,,高二说听不懂的说明还在高二上学期，下学期一两个月后正常来说可以听懂,1,1,16,0,0,0.0,1.0,1.0,0.0,0.125,0.0,1.0,1.0,0,1,0,1,0,0,0,1,对象评价+认知状态,未明确对象,理解与难度,混合,0,0.5657831818359833,0.23707679320877037,0.5657831818359833,0.19714002495524632,中性,中性,0.0,True
学习区,BV1uz4y1475S,【洛必达法则】高考使用指南,6049183,276506,78550,230485,4836,23660,我懂了，它这个给的是上面一个求导下面一个求导，一开始还以为是那个X平方分之那个的前加后,,我懂了，它这个给的是上面一个求导下面一个求导，一开始还以为是那个X平方分之那个的前加后,1,0,21,0,0,1.0,1.0,0.0,1.0,0.047619047619047616,1.0,1.0,0.0,0,0,0,0,1,0,0,1,对象评价+认知状态,未明确对象,理解与难度,正面,-1,0.5178586883007115,0.5178586883007115,0.2105188712744782,0.2716224404248103,负面,正面,1.0,True
学习区,BV1uz4y1475S,【洛必达法则】高考使用指南,6049183,276506,78550,230485,4836,23660,听不懂,,听不懂,0,1,1,0,0,-1.0,0.0,1.0,1.0,1.0,-1.0,0.0,1.0,0,0,0,1,0,0,0,1,对象评价+认知状态,未明确对象,理解与难度,负面,0,0.40119045747869775,0.32536214817877857,0.40119045747869775,0.27344739434252363,中性,负面,,False
学习区,BV1uz4y1475S,【洛必达法则】高考使用指南,6049183,276506,78550,230485,4836,23660,晚练刚做,,晚练刚做,0,0,3,0,0,0.0,0.0,0.0,0.0,0.0,0.0,0.0,0.0,0,0,0,0,0,0,0,0,无明显情感,未明确对象,未明确方面,中性,0,0.7330662144762707,0.11067606907444749,0.7330662144762707,0.15625771644928177,中性,中性,,False
学习区,BV1uz4y1475S,【洛必达法则】高考使用指南,6049183,276506,78550,230485,4836,23660,晚练刚做完,,晚练刚做完,0,0,4,0,0,0.0,0.0,0.0,0.0,0.0,0.0,0.0,0.0,0,0,0,0,0,0,0,0,无明显情感,未明确对象,未明确方面,中性,0,0.7379090220525584,0.10346194216082179,0.7379090220525584,0.15862903578661988,中性,中性,,False
学习区,BV1uz4y1475S,【洛必达法则】高考使用指南,6049183,276506,78550,230485,4836,23660,六六六还有第二关,,六六六还有第二关,0,0,4,0,0,0.0,0.0,0.0,0.0,0.0,0.0,0.0,0.0,0,0,0,0,0,0,0,0,无明显情感,未明确对象,未明确方面,中性,-1,0.43848418583173376,0.43848418583173376,0.3475502173296671,0.21396559683859914,负面,负面,,False
学习区,BV1uz4y1475S,【洛必达法则】高考使用指南,6049183,276506,78550,230485,4836,23660,右？,,右？,0,0,2,0,1,0.0,0.0,0.0,0.0,0.0,0.0,0.0,0.0,0,0,0,0,0,0,0,0,无明显情感,未明确对象,未明确方面,中性,-1,0.5188789431336697,0.5188789431336697,0.4167479538484561,0.06437310301787422,负面,负面,,False
学习区,BV1uz4y1475S,【洛必达法则】高考使用指南,6049183,276506,78550,230485,4836,23660,杨博文451,,杨博文451,0,0,3,0,0,0.0,0.0,0.0,0.0,0.0,0.0,0.0,0.0,0,0,0,0,0,0,0,0,无明显情感,未明确对象,未明确方面,中性,0,0.7344119341939336,0.11411006437435739,0.7344119341939336,0.15147800143170903,中性,中性,,False
学习区,BV1uz4y1475S,【洛必达法则】高考使用指南,6049183,276506,78550,230485,4836,23660,其实没学导数的高一也能做，直接指数曝炸，秒了,,其实没学导数的高一也能做，直接指数曝炸，秒了,0,0,14,0,0,0.0,0.0,0.0,0.0,0.0,0.0,0.0,0.0,0,0,0,0,0,0,0,0,无明显情感,未明确对象,未明确方面,中性,-1,0.7353055933271347,0.7353055933271347,0.22833832077891011,0.03635608589395518,负面,负面,,False
学习区,BV1uz4y1475S,【洛必达法则】高考使用指南,6049183,276506,78550,230485,4836,23660,？？？,,？？？,0,0,3,0,3,0.0,0.0,0.0,0.0,0.0,0.0,0.0,0.0,0,0,0,0,0,0,0,0,无明显情感,未明确对象,未明确方面,中性,-1,0.9309758778040922,0.9309758778040922,0.06516675663390702,0.0038573655620008853,负面,负面,,False
学习区,BV1uz4y1475S,【洛必达法则】高考使用指南,6049183,276506,78550,230485,4836,23660,啊啊啊哦啊啊哦勒,,啊啊啊哦啊啊哦勒,0,0,4,0,0,0.0,0.0,0.0,0.0,0.0,0.0,0.0,0.0,0,0,0,0,0,0,0,0,无明显情感,未明确对象,未明确方面,中性,0,0.6018625176251708,0.2033646129154265,0.6018625176251708,0.19477286945940267,中性,中性,0.0,True
学习区,BV1uz4y1475S,【洛必达法则】高考使用指南,6049183,276506,78550,230485,4836,23660,啊！我看定义域！,,啊！我看定义域！,0,0,4,2,0,0.0,0.0,0.0,0.0,0.0,0.0,0.0,0.0,0,0,0,0,0,0,0,0,无明显情感,未明确对象,未明确方面,中性,1,0.581048592599452,0.08219568955322751,0.33675571784732056,0.581048592599452,正面,正面,,False
学习区,BV1uz4y1475S,【洛必达法则】高考使用指南,6049183,276506,78550,230485,4836,23660,两个重要极限,,两个重要极限,0,0,3,0,0,0.0,0.0,0.0,0.0,0.0,0.0,0.0,0.0,0,0,0,0,0,0,0,0,无明显情感,未明确对象,未明确方面,中性,0,0.7165373431704772,0.05760876534585966,0.7165373431704772,0.22585389148366314,中性,中性,,False
学习区,BV1uz4y1475S,【洛必达法则】高考使用指南,6049183,276506,78550,230485,4836,23660,可以用切线放缩吗这里？,,可以用切线放缩吗这里？,1,0,6,0,1,1.0,1.0,0.0,1.0,0.16666666666666666,1.0,1.0,0.0,0,0,0,0,0,0,0,1,对象评价,未明确对象,未明确方面,正面,0,0.7268966789985781,0.18801133532444578,0.7268966789985781,0.08509198567697612,中性,中性,0.0,True
学习区,BV1uz4y1475S,【洛必达法则】高考使用指南,6049183,276506,78550,230485,4836,23660,新高一,,新高一,0,0,2,0,0,0.0,0.0,0.0,0.0,0.0,0.0,0.0,0.0,0,0,0,0,0,0,0,0,无明显情感,未明确对象,未明确方面,中性,0,0.7660790131471749,0.13120937852814316,0.7660790131471749,0.10271160832468201,中性,中性,,False
学习区,BV1uz4y1475S,【洛必达法则】高考使用指南,6049183,276506,78550,230485,4836,23660,与,,与,0,0,1,0,0,0.0,0.0,0.0,0.0,0.0,0.0,0.0,0.0,0,0,0,0,0,0,0,0,无明显情感,未明确对象,未明确方面,中性,0,0.7419900464490223,0.09628304917316322,0.7419900464490223,0.16172690437781437,中性,中性,,False
学习区,BV1uz4y1475S,【洛必达法则】高考使用指南,6049183,276506,78550,230485,4836,23660,包左的,,包左的,0,0,2,0,0,0.0,0.0,0.0,0.0,0.0,0.0,0.0,0.0,0,0,0,0,0,0,0,0,无明显情感,未明确对象,未明确方面,中性,0,0.5410847658369836,0.2577186326935726,0.5410847658369836,0.2011966014694437,中性,中性,,False
学习区,BV1uz4y1475S,【洛必达法则】高考使用指南,6049183,276506,78550,230485,4836,23660,还是小猪讲的好，其他老师讲的我听不懂，绝望之际在下面看到了小猪的课,,还是小猪讲的好，其他老师讲的我听不懂，绝望之际在下面看到了小猪的课,0,2,17,0,0,-2.0,0.0,2.0,2.0,0.11764705882352941,-2.0,0.0,2.0,0,0,0,1,0,0,0,1,对象评价+认知状态,讲解者,理解与难度,负面,-1,0.8905741372207288,0.8905741372207288,0.06919731221539048,0.04022855056388076,负面,负面,,False
学习区,BV1uz4y1475S,【洛必达法则】高考使用指南,6049183,276506,78550,230485,4836,23660,二分之一为什么用闭区间，有回复了踢我谢谢,,二分之一为什么用闭区间，有回复了踢我谢谢,1,0,9,0,0,1.0,1.0,0.0,1.0,0.1111111111111111,1.0,1.0,0.0,0,0,0,0,0,0,0,1,对象评价,未明确对象,未明确方面,正面,0,0.4590626997461266,0.2598887289295188,0.4590626997461266,0.2810485713243545,中性,中性,0.0,True
学习区,BV1uz4y1475S,【洛必达法则】高考使用指南,6049183,276506,78550,230485,4836,23660,选A？,,选A？,0,0,3,0,1,0.0,0.0,0.0,0.0,0.0,0.0,0.0,0.0,0,0,0,0,0,0,0,0,无明显情感,未明确对象,未明确方面,中性,0,0.6674215858037273,0.2717424183450805,0.6674215858037273,0.06083599585119214,中性,中性,,False
学习区,BV1uz4y1475S,【洛必达法则】高考使用指南,6049183,276506,78550,230485,4836,23660,香奢妮啤梨,,香奢妮啤梨,0,0,2,0,0,0.0,0.0,0.0,0.0,0.0,0.0,0.0,0.0,0,0,0,0,0,0,0,0,无明显情感,未明确对象,未明确方面,中性,0,0.6585046096608349,0.14118285317383877,0.6585046096608349,0.20031253716532643,中性,中性,,False
学习区,BV1uz4y1475S,【洛必达法则】高考使用指南,6049183,276506,78550,230485,4836,23660,奇函数：f（x）+f（-x）=0,,奇函数fxfx0,0,0,2,0,0,0.0,0.0,0.0,0.0,0.0,0.0,0.0,0.0,0,0,0,0,0,0,0,0,无明显情感,未明确对象,未明确方面,中性,0,0.9181719794609566,0.03264038040962228,0.9181719794609566,0.04918764012942105,中性,中性,,False
学习区,BV1uz4y1475S,【洛必达法则】高考使用指南,6049183,276506,78550,230485,4836,23660,[ohhhhhhhhhhhh],,ohhhhhhhhhhhh,1,0,1,0,0,1.2,1.2,0.0,1.2,1.0,1.2,1.2,0.0,0,0,0,0,0,0,0,1,对象评价,未明确对象,未明确方面,正面,1,0.7406135643783034,0.17598250810310373,0.08340392751859296,0.7406135643783034,正面,正面,,False
学习区,BV1uz4y1475S,【洛必达法则】高考使用指南,6049183,276506,78550,230485,4836,23660,《小爷求导看正负》,,小爷求导看正负,0,0,4,0,0,0.0,0.0,0.0,0.0,0.0,0.0,0.0,0.0,0,0,0,0,0,0,0,0,无明显情感,未明确对象,未明确方面,中性,0,0.7002823704985578,0.18933722700306546,0.7002823704985578,0.11038040249837686,中性,中性,,False
学习区,BV1uz4y1475S,【洛必达法则】高考使用指南,6049183,276506,78550,230485,4836,23660,初一生表示这个配导数很超标,,初一生表示这个配导数很超标,0,0,8,0,0,0.0,0.0,0.0,0.0,0.0,0.0,0.0,0.0,0,0,0,0,0,0,0,0,无明显情感,未明确对象,未明确方面,中性,0,0.564388112472317,0.22360333963276036,0.564388112472317,0.2120085478949227,中性,中性,,False
学习区,BV1uz4y1475S,【洛必达法则】高考使用指南,6049183,276506,78550,230485,4836,23660,妈呀！,,妈呀！,0,0,2,1,0,0.0,0.0,0.0,0.0,0.0,0.0,0.0,0.0,0,0,0,0,0,0,0,0,无明显情感,未明确对象,未明确方面,中性,0,0.6014191404432303,0.04859558453785338,0.6014191404432303,0.3499852750189163,中性,中性,,False
学习区,BV1uz4y1475S,【洛必达法则】高考使用指南,6049183,276506,78550,230485,4836,23660,类三次,,类三次,0,0,2,0,0,0.0,0.0,0.0,0.0,0.0,0.0,0.0,0.0,0,0,0,0,0,0,0,0,无明显情感,未明确对象,未明确方面,中性,0,0.6585046096608349,0.14118285317383877,0.6585046096608349,0.20031253716532643,中性,中性,,False
学习区,BV1uz4y1475S,【洛必达法则】高考使用指南,6049183,276506,78550,230485,4836,23660,超燃求导,,超燃求导,0,0,2,0,0,0.0,0.0,0.0,0.0,0.0,0.0,0.0,0.0,0,0,0,0,0,0,0,0,无明显情感,未明确对象,未明确方面,中性,0,0.5716592942195492,0.30983911262069874,0.5716592942195492,0.11850159315975209,中性,中性,,False
学习区,BV1uz4y1475S,【洛必达法则】高考使用指南,6049183,276506,78550,230485,4836,23660,写成1/2≥a算错吗，有知道的点赞讨论一下,,写成12a算错吗，有知道的点赞讨论一下,1,0,8,0,0,1.0,1.0,0.0,1.0,0.125,1.0,1.0,0.0,0,0,0,0,0,0,0,1,对象评价,未明确对象,未明确方面,正面,0,0.3688663670280674,0.3199180141443447,0.3688663670280674,0.3112156188275879,中性,正面,,False
学习区,BV1uz4y1475S,【洛必达法则】高考使用指南,6049183,276506,78550,230485,4836,23660,强大的奶奶,,强大的奶奶,1,0,2,0,0,1.0,1.0,0.0,1.0,0.5,1.0,1.0,0.0,0,0,0,0,0,0,0,1,对象评价,未明确对象,未明确方面,正面,1,0.8255578870412478,0.07196991703194389,0.10247219592680824,0.8255578870412478,正面,正面,,False
学习区,BV1uz4y1475S,【洛必达法则】高考使用指南,6049183,276506,78550,230485,4836,23660,太厉害了，小猪老师，好爱你噢。嘻嘻嘻嘻嘻,,太厉害了，小猪老师，好爱你噢。嘻嘻嘻嘻嘻,1,0,13,0,0,1.0,1.0,0.0,1.0,0.07692307692307693,1.0,1.0,0.0,0,0,0,0,0,0,0,1,对象评价,讲解者,未明确方面,正面,1,0.8791535493035268,0.10251553417750048,0.018330916518972597,0.8791535493035268,正面,正面,,False
学习区,BV1uz4y1475S,【洛必达法则】高考使用指南,6049183,276506,78550,230485,4836,23660,高二偶遇这里,,高二偶遇这里,0,0,3,0,0,0.0,0.0,0.0,0.0,0.0,0.0,0.0,0.0,0,0,0,0,0,0,0,0,无明显情感,未明确对象,未明确方面,中性,0,0.6432672562397976,0.2607844057238549,0.6432672562397976,0.09594833803634743,中性,中性,,False
学习区,BV1uz4y1475S,【洛必达法则】高考使用指南,6049183,276506,78550,230485,4836,23660,瞎了,,瞎了,0,0,1,0,0,0.0,0.0,0.0,0.0,0.0,0.0,0.0,0.0,0,0,0,0,0,0,0,0,无明显情感,未明确对象,未明确方面,中性,0,0.5650521410051617,0.264404685410483,0.5650521410051617,0.17054317358435528,中性,中性,,False
学习区,BV1uz4y1475S,【洛必达法则】高考使用指南,6049183,276506,78550,230485,4836,23660,吟唱结束,,吟唱结束,0,0,2,0,0,0.0,0.0,0.0,0.0,0.0,0.0,0.0,0.0,0,0,0,0,0,0,0,0,无明显情感,未明确对象,未明确方面,中性,0,0.6585046096608349,0.14118285317383877,0.6585046096608349,0.20031253716532643,中性,中性,,False
学习区,BV1uz4y1475S,【洛必达法则】高考使用指南,6049183,276506,78550,230485,4836,23660,我高一直接洛必达起手（确信）,,我高一直接洛必达起手确信,0,0,6,0,0,0.0,0.0,0.0,0.0,0.0,0.0,0.0,0.0,0,0,0,0,0,0,0,0,无明显情感,未明确对象,未明确方面,中性,0,0.48914822687594095,0.4775463879433918,0.48914822687594095,0.03330538518066729,中性,中性,,False
学习区,BV1uz4y1475S,【洛必达法则】高考使用指南,6049183,276506,78550,230485,4836,23660,端点,,端点,0,0,1,0,0,0.0,0.0,0.0,0.0,0.0,0.0,0.0,0.0,0,0,0,0,0,0,0,0,无明显情感,未明确对象,未明确方面,中性,0,0.5306544418770143,0.3197326003701562,0.5306544418770143,0.14961295775282946,中性,中性,,False
学习区,BV1uz4y1475S,【洛必达法则】高考使用指南,6049183,276506,78550,230485,4836,23660,胚胎看懂了,,胚胎看懂了,1,0,3,0,0,1.0,1.0,0.0,1.0,0.3333333333333333,1.0,1.0,0.0,0,0,0,0,1,0,0,1,对象评价+认知状态,未明确对象,理解与难度,正面,1,0.8917991270760754,0.03485219100013217,0.07334868192379244,0.8917991270760754,正面,正面,1.0,True
学习区,BV1uz4y1475S,【洛必达法则】高考使用指南,6049183,276506,78550,230485,4836,23660,？哈,,？哈,0,0,2,0,1,0.0,0.0,0.0,0.0,0.0,0.0,0.0,0.0,0,0,0,0,0,0,0,0,无明显情感,未明确对象,未明确方面,中性,-1,0.5188789431336697,0.5188789431336697,0.4167479538484561,0.06437310301787422,负面,负面,,False
学习区,BV1uz4y1475S,【洛必达法则】高考使用指南,6049183,276506,78550,230485,4836,23660,段嘉许看懂了,,段嘉许看懂了,1,0,4,0,0,1.0,1.0,0.0,1.0,0.25,1.0,1.0,0.0,0,0,0,0,1,0,0,1,对象评价+认知状态,未明确对象,理解与难度,正面,1,0.8983872956303132,0.04045723776940362,0.06115546660028332,0.8983872956303132,正面,正面,1.0,True
学习区,BV1uz4y1475S,【洛必达法则】高考使用指南,6049183,276506,78550,230485,4836,23660,记住推分,,记住推分,0,0,2,0,0,0.0,0.0,0.0,0.0,0.0,0.0,0.0,0.0,0,0,0,0,0,0,0,0,无明显情感,未明确对象,未明确方面,中性,0,0.6585046096608349,0.14118285317383877,0.6585046096608349,0.20031253716532643,中性,中性,,False
学习区,BV1uz4y1475S,【洛必达法则】高考使用指南,6049183,276506,78550,230485,4836,23660,洛不死,,洛不死,0,0,1,0,0,0.0,0.0,0.0,0.0,0.0,0.0,0.0,0.0,0,0,0,0,0,0,0,0,无明显情感,未明确对象,未明确方面,中性,0,0.6033143562759804,0.10312680849820162,0.6033143562759804,0.2935588352258179,中性,中性,,False
学习区,BV1uz4y1475S,【洛必达法则】高考使用指南,6049183,276506,78550,230485,4836,23660,-ex不应该是趋近于0吗,,ex不应该是趋近于0吗,0,0,6,0,0,0.0,0.0,0.0,0.0,0.0,0.0,0.0,0.0,0,0,0,0,0,0,0,0,无明显情感,未明确对象,未明确方面,中性,0,0.8309606444009733,0.08904096218372434,0.8309606444009733,0.07999839341530238,中性,中性,,False
学习区,BV1uz4y1475S,【洛必达法则】高考使用指南,6049183,276506,78550,230485,4836,23660,燃起来了,,燃起来了,1,0,2,0,0,1.0,1.0,0.0,1.0,0.5,1.0,1.0,0.0,0,0,0,0,0,0,0,1,对象评价,未明确对象,未明确方面,正面,0,0.4712728722186753,0.06055180584492257,0.4712728722186753,0.46817532193640216,中性,正面,1.0,True
学习区,BV1uz4y1475S,【洛必达法则】高考使用指南,6049183,276506,78550,230485,4836,23660,前面的lim就是ilem的缩写（bushi）,,前面的lim就是ilem的缩写bushi,0,0,6,0,0,0.0,0.0,0.0,0.0,0.0,0.0,0.0,0.0,0,0,0,0,0,0,0,0,无明显情感,未明确对象,未明确方面,中性,0,0.5271825505331827,0.17958167585858795,0.5271825505331827,0.2932357736082293,中性,中性,,False
学习区,BV1uz4y1475S,【洛必达法则】高考使用指南,6049183,276506,78550,230485,4836,23660,好！我也终于求对了,,好！我也终于求对了,0,0,6,1,0,0.0,0.0,0.0,0.0,0.0,0.0,0.0,0.0,0,0,0,0,0,0,0,0,无明显情感,未明确对象,未明确方面,中性,1,0.4463388604532578,0.357682367202423,0.195978772344319,0.4463388604532578,正面,正面,,False
学习区,BV1uz4y1475S,【洛必达法则】高考使用指南,6049183,276506,78550,230485,4836,23660,厉害,,厉害,1,0,1,0,0,1.0,1.0,0.0,1.0,1.0,1.0,1.0,0.0,0,0,0,0,0,0,0,1,对象评价,未明确对象,未明确方面,正面,1,0.7129372537708775,0.20499468037722357,0.08206806585189903,0.7129372537708775,正面,正面,,False
学习区,BV1uz4y1475S,【洛必达法则】高考使用指南,6049183,276506,78550,230485,4836,23660,首先排除A,,首先排除A,0,0,3,0,0,0.0,0.0,0.0,0.0,0.0,0.0,0.0,0.0,0,0,0,0,0,0,0,0,无明显情感,未明确对象,未明确方面,中性,0,0.7567811237949904,0.10143878371359513,0.7567811237949904,0.1417800924914145,中性,中性,,False
学习区,BV1uz4y1475S,【洛必达法则】高考使用指南,6049183,276506,78550,230485,4836,23660,我嘞个,,我嘞个,0,0,2,0,0,0.0,0.0,0.0,0.0,0.0,0.0,0.0,0.0,0,0,0,0,0,0,0,0,无明显情感,未明确对象,未明确方面,中性,0,0.5386692795521741,0.3587973752210268,0.5386692795521741,0.10253334522679908,中性,中性,,False
学习区,BV1uz4y1475S,【洛必达法则】高考使用指南,6049183,276506,78550,230485,4836,23660,我终于看完了，我真的好累，我从省重点因为人际关系转去私立，从物化地转物化生，现在高二，我每天都好累，我真的想上好大学啊     加油,,我终于看完了，我真的好累，我从省重点因为人际关系转去私立，从物化地转物化生，现在高二，我每天都好累，我真的想上好大学啊加油,2,1,35,0,0,1.0,2.0,1.0,1.0,0.08571428571428572,1.0,2.0,1.0,0,1,0,0,0,0,0,1,对象评价,未明确对象,未明确方面,混合,1,0.7715005758228989,0.17002347301914017,0.05847595115796089,0.7715005758228989,正面,正面,1.0,True
学习区,BV1uz4y1475S,【洛必达法则】高考使用指南,6049183,276506,78550,230485,4836,23660,我甚至没意识到有背景音乐,,我甚至没意识到有背景音乐,0,0,6,0,0,0.0,0.0,0.0,0.0,0.0,0.0,0.0,0.0,0,0,0,0,0,0,0,0,无明显情感,未明确对象,未明确方面,中性,-1,0.7039740439615824,0.7039740439615824,0.24119869718208792,0.05482725885632959,负面,负面,,False
学习区,BV1uz4y1475S,【洛必达法则】高考使用指南,6049183,276506,78550,230485,4836,23660,这个洛必达在法语里是医院的意思，我学法语的,,这个洛必达在法语里是医院的意思，我学法语的,0,0,9,0,0,0.0,0.0,0.0,0.0,0.0,0.0,0.0,0.0,0,0,0,0,0,0,0,0,无明显情感,未明确对象,未明确方面,中性,-1,0.7386305787373003,0.7386305787373003,0.23597458160155366,0.02539483966114612,负面,负面,,False
学习区,BV1uz4y1475S,【洛必达法则】高考使用指南,6049183,276506,78550,230485,4836,23660,火遁豪火灭却,,火遁豪火灭却,0,0,3,0,0,0.0,0.0,0.0,0.0,0.0,0.0,0.0,0.0,1,0,0,0,0,0,0,0,无明显情感,未明确对象,未明确方面,中性,0,0.6525424904832393,0.14924331021065323,0.6525424904832393,0.19821419930610756,中性,中性,,False
学习区,BV1uz4y1475S,【洛必达法则】高考使用指南,6049183,276506,78550,230485,4836,23660,逆天了,,逆天了,0,0,1,0,0,0.0,0.0,0.0,0.0,0.0,0.0,0.0,0.0,0,0,0,0,0,0,0,0,无明显情感,未明确对象,未明确方面,中性,0,0.5650521410051617,0.264404685410483,0.5650521410051617,0.17054317358435528,中性,中性,,False
学习区,BV1uz4y1475S,【洛必达法则】高考使用指南,6049183,276506,78550,230485,4836,23660,y等于绝对值x在0处时,,y等于绝对值x在0处时,0,0,7,0,0,0.0,0.0,0.0,0.0,0.0,0.0,0.0,0.0,0,0,0,0,0,0,0,0,无明显情感,未明确对象,未明确方面,中性,0,0.7820865023916217,0.1220793614807207,0.7820865023916217,0.09583413612765765,中性,中性,,False
学习区,BV1uz4y1475S,【洛必达法则】高考使用指南,6049183,276506,78550,230485,4836,23660,卡西欧,,卡西欧,0,0,1,0,0,0.0,0.0,0.0,0.0,0.0,0.0,0.0,0.0,0,0,0,0,0,0,0,0,无明显情感,未明确对象,未明确方面,中性,0,0.6641811267415451,0.13348938228347546,0.6641811267415451,0.20232949097497943,中性,中性,,False
学习区,BV1uz4y1475S,【洛必达法则】高考使用指南,6049183,276506,78550,230485,4836,23660,上海专属卡西欧,,上海专属卡西欧,0,0,3,0,0,0.0,0.0,0.0,0.0,0.0,0.0,0.0,0.0,0,0,0,0,0,0,0,0,无明显情感,未明确对象,未明确方面,中性,0,0.6525424904832393,0.14924331021065323,0.6525424904832393,0.19821419930610756,中性,中性,,False
学习区,BV1uz4y1475S,【洛必达法则】高考使用指南,6049183,276506,78550,230485,4836,23660,焚决交出来了,,焚决交出来了,0,0,2,0,0,0.0,0.0,0.0,0.0,0.0,0.0,0.0,0.0,0,0,0,0,0,0,0,0,无明显情感,未明确对象,未明确方面,中性,0,0.7955653501944392,0.08491213215026433,0.7955653501944392,0.11952251765529637,中性,中性,,False
学习区,BV1uz4y1475S,【洛必达法则】高考使用指南,6049183,276506,78550,230485,4836,23660,端点效应太简单了,,端点效应太简单了,1,0,4,0,0,1.8,1.8,0.0,1.8,0.25,1.8,1.8,0.0,0,0,0,0,0,0,0,1,对象评价,未明确对象,理解与难度,正面,1,0.6294479170497439,0.32243735257522477,0.04811473037503126,0.6294479170497439,正面,正面,1.0,True
学习区,BV1uz4y1475S,【洛必达法则】高考使用指南,6049183,276506,78550,230485,4836,23660,妙～～哇～,,妙哇,0,0,2,0,0,0.0,0.0,0.0,0.0,0.0,0.0,0.0,0.0,0,0,0,0,0,0,0,0,无明显情感,未明确对象,未明确方面,中性,0,0.7269925729501653,0.10297350065185967,0.7269925729501653,0.17003392639797502,中性,中性,,False
学习区,BV1uz4y1475S,【洛必达法则】高考使用指南,6049183,276506,78550,230485,4836,23660,e的负x次方曲线与零不是正无穷！！！！！！！！！！！！！！,,e的负x次方曲线与零不是正无穷！！！！！！！！！！！！！！,0,0,24,14,0,0.0,0.0,0.0,0.0,0.0,0.0,0.0,0.0,0,0,0,0,0,0,0,0,无明显情感,未明确对象,未明确方面,中性,-1,0.5268631810143779,0.5268631810143779,0.19336798500461286,0.27976883398100927,负面,负面,,False
学习区,BV1uz4y1475S,【洛必达法则】高考使用指南,6049183,276506,78550,230485,4836,23660,好命苦,,好命苦,0,0,2,0,0,0.0,0.0,0.0,0.0,0.0,0.0,0.0,0.0,0,0,0,0,0,0,0,0,无明显情感,未明确对象,未明确方面,中性,1,0.7087625617565729,0.21013746918094497,0.08109996906248203,0.7087625617565729,正面,正面,,False
学习区,BV1uz4y1475S,【洛必达法则】高考使用指南,6049183,276506,78550,230485,4836,23660,洛！！,,洛！！,0,0,3,2,0,0.0,0.0,0.0,0.0,0.0,0.0,0.0,0.0,0,0,0,0,0,0,0,0,无明显情感,未明确对象,未明确方面,中性,1,0.47115664983768024,0.20949775246285615,0.3193455976994635,0.47115664983768024,正面,正面,,False
学习区,BV1uz4y1475S,【洛必达法则】高考使用指南,6049183,276506,78550,230485,4836,23660,落就完了,,落就完了,0,1,3,0,0,-1.0,0.0,1.0,1.0,0.3333333333333333,-1.0,0.0,1.0,0,0,0,0,0,0,0,1,对象评价,未明确对象,未明确方面,负面,0,0.5051459813379576,0.1452690011268295,0.5051459813379576,0.34958501753521276,中性,正面,1.0,True
学习区,BV1uz4y1475S,【洛必达法则】高考使用指南,6049183,276506,78550,230485,4836,23660,you,,you,0,0,1,0,0,0.0,0.0,0.0,0.0,0.0,0.0,0.0,0.0,0,0,0,0,0,0,0,0,无明显情感,未明确对象,未明确方面,中性,0,0.6641811267415451,0.13348938228347546,0.6641811267415451,0.20232949097497943,中性,中性,,False
学习区,BV1uz4y1475S,【洛必达法则】高考使用指南,6049183,276506,78550,230485,4836,23660,《名作动》,,名作动,0,0,2,0,0,0.0,0.0,0.0,0.0,0.0,0.0,0.0,0.0,0,0,0,0,0,0,0,0,无明显情感,未明确对象,未明确方面,中性,0,0.6585046096608349,0.14118285317383877,0.6585046096608349,0.20031253716532643,中性,中性,,False
学习区,BV1uz4y1475S,【洛必达法则】高考使用指南,6049183,276506,78550,230485,4836,23660,稍微动一下脑子就能知道是奇函数，打什么问号,,稍微动一下脑子就能知道是奇函数，打什么问号,0,0,11,0,0,0.0,0.0,0.0,0.0,0.0,0.0,0.0,0.0,0,0,0,0,0,0,0,0,无明显情感,未明确对象,未明确方面,中性,0,0.8385494622833068,0.12721898366374793,0.8385494622833068,0.0342315540529451,中性,中性,,False
学习区,BV1uz4y1475S,【洛必达法则】高考使用指南,6049183,276506,78550,230485,4836,23660,还有没学导数来看洛必达的？？？,,还有没学导数来看洛必达的？？？,0,0,9,0,3,0.0,0.0,0.0,0.0,0.0,0.0,0.0,0.0,0,0,0,0,0,0,0,0,无明显情感,未明确对象,未明确方面,中性,-1,0.9962308851844138,0.9962308851844138,0.0036412726519862862,0.00012784216359989234,负面,负面,,False
学习区,BV1uz4y1475S,【洛必达法则】高考使用指南,6049183,276506,78550,230485,4836,23660,这阴乐有力气,,这阴乐有力气,0,0,3,0,0,0.0,0.0,0.0,0.0,0.0,0.0,0.0,0.0,0,0,0,0,0,0,0,0,无明显情感,未明确对象,未明确方面,中性,-1,0.7320456937847674,0.7320456937847674,0.2222578159731942,0.04569649024203838,负面,负面,,False
学习区,BV1uz4y1475S,【洛必达法则】高考使用指南,6049183,276506,78550,230485,4836,23660,0/0模型，洛！,,00模型，洛！,0,0,5,1,0,0.0,0.0,0.0,0.0,0.0,0.0,0.0,0.0,0,0,0,0,0,0,0,0,无明显情感,未明确对象,未明确方面,中性,0,0.6064650792980602,0.06736376479790203,0.6064650792980602,0.3261711559040379,中性,中性,,False
学习区,BV1uz4y1475S,【洛必达法则】高考使用指南,6049183,276506,78550,230485,4836,23660,分参,,分参,0,0,1,0,0,0.0,0.0,0.0,0.0,0.0,0.0,0.0,0.0,0,0,0,0,0,0,0,0,无明显情感,未明确对象,未明确方面,中性,0,0.6641811267415451,0.13348938228347546,0.6641811267415451,0.20232949097497943,中性,中性,,False
学习区,BV1uz4y1475S,【洛必达法则】高考使用指南,6049183,276506,78550,230485,4836,23660,一个坨大的洛,,一个坨大的洛,0,0,3,0,0,0.0,0.0,0.0,0.0,0.0,0.0,0.0,0.0,0,0,0,0,0,0,0,0,无明显情感,未明确对象,未明确方面,中性,0,0.6334648568612001,0.15903944192819028,0.6334648568612001,0.2074957012106097,中性,中性,,False
学习区,BV1uz4y1475S,【洛必达法则】高考使用指南,6049183,276506,78550,230485,4836,23660,《我什么也看不见》,,我什么也看不见,0,0,3,0,0,0.0,0.0,0.0,0.0,0.0,0.0,0.0,0.0,0,0,0,0,0,0,0,0,无明显情感,未明确对象,未明确方面,中性,0,0.627872854508845,0.3286486261489623,0.627872854508845,0.04347851934219278,中性,中性,,False
学习区,BV1uz4y1475S,【洛必达法则】高考使用指南,6049183,276506,78550,230485,4836,23660,我去求导！,,我去求导！,0,0,3,1,0,0.0,0.0,0.0,0.0,0.0,0.0,0.0,0.0,0,0,0,0,0,0,0,0,无明显情感,未明确对象,未明确方面,中性,0,0.5226371737211011,0.32779138430156984,0.5226371737211011,0.14957144197732897,中性,中性,,False
学习区,BV1uz4y1475S,【洛必达法则】高考使用指南,6049183,276506,78550,230485,4836,23660,书签已打卡，我要考浙大！,,书签已打卡，我要考浙大！,0,0,8,1,0,0.0,0.0,0.0,0.0,0.0,0.0,0.0,0.0,0,0,0,0,0,0,0,0,无明显情感,未明确对象,未明确方面,中性,1,0.4819483968431547,0.04875889505426219,0.46929270810258306,0.4819483968431547,正面,中性,,False
学习区,BV1uz4y1475S,【洛必达法则】高考使用指南,6049183,276506,78550,230485,4836,23660,端点法也行,,端点法也行,0,0,2,0,0,0.0,0.0,0.0,0.0,0.0,0.0,0.0,0.0,0,0,0,0,0,0,0,0,无明显情感,未明确对象,未明确方面,中性,0,0.5196748591562403,0.3340179182876934,0.5196748591562403,0.14630722255606632,中性,中性,,False
学习区,BV1uz4y1475S,【洛必达法则】高考使用指南,6049183,276506,78550,230485,4836,23660,两次洛,,两次洛,0,0,2,0,0,0.0,0.0,0.0,0.0,0.0,0.0,0.0,0.0,0,0,0,0,0,0,0,0,无明显情感,未明确对象,未明确方面,中性,0,0.6316404545305946,0.05797025309025051,0.6316404545305946,0.31038929237915497,中性,中性,,False
学习区,BV1uz4y1475S,【洛必达法则】高考使用指南,6049183,276506,78550,230485,4836,23660,正无穷与负无穷的比值可以用这个方法吗？,,正无穷与负无穷的比值可以用这个方法吗？,1,0,11,0,1,1.0,1.0,0.0,1.0,0.09090909090909091,1.0,1.0,0.0,0,0,0,0,0,0,0,1,对象评价,课程内容,未明确方面,正面,0,0.7990227438352943,0.1052426616094528,0.7990227438352943,0.09573459455525295,中性,中性,0.0,True
学习区,BV1uz4y1475S,【洛必达法则】高考使用指南,6049183,276506,78550,230485,4836,23660,只要没洛死，就往死里洛,,只要没洛死，就往死里洛,0,0,6,0,0,0.0,0.0,0.0,0.0,0.0,0.0,0.0,0.0,0,0,0,0,0,0,0,0,无明显情感,未明确对象,未明确方面,中性,1,0.494195410522171,0.14653862972540352,0.3592659597524254,0.494195410522171,正面,正面,,False
学习区,BV1uz4y1475S,【洛必达法则】高考使用指南,6049183,276506,78550,230485,4836,23660,1？,,1？,0,0,2,0,1,0.0,0.0,0.0,0.0,0.0,0.0,0.0,0.0,0,0,0,0,0,0,0,0,无明显情感,未明确对象,未明确方面,中性,0,0.5415093168366447,0.4125311214746302,0.5415093168366447,0.04595956168872505,中性,中性,,False
学习区,BV1uz4y1475S,【洛必达法则】高考使用指南,6049183,276506,78550,230485,4836,23660,洛！！！！！,,洛！！！！！,0,0,6,5,0,0.0,0.0,0.0,0.0,0.0,0.0,0.0,0.0,0,0,0,0,0,0,0,0,无明显情感,未明确对象,未明确方面,中性,1,0.44762105542781905,0.23544335702892236,0.31693558754325857,0.44762105542781905,正面,正面,,False
学习区,BV1uz4y1475S,【洛必达法则】高考使用指南,6049183,276506,78550,230485,4836,23660,某只猫正在暗戳戳地盯着屏幕看，为自己的下辈子做着准备。,,某只猫正在暗戳戳地盯着屏幕看，为自己的下辈子做着准备。,0,0,19,0,0,0.0,0.0,0.0,0.0,0.0,0.0,0.0,0.0,0,0,0,0,0,0,0,0,无明显情感,未明确对象,未明确方面,中性,0,0.6747587210716213,0.21236706522790985,0.6747587210716213,0.11287421370046885,中性,中性,0.0,True
学习区,BV1uz4y1475S,【洛必达法则】高考使用指南,6049183,276506,78550,230485,4836,23660,[禁术.熟练无限制拉伸],,禁术.熟练无限制拉伸,0,0,6,0,0,0.0,0.0,0.0,0.0,0.0,0.0,0.0,0.0,0,0,0,0,0,0,0,0,无明显情感,未明确对象,未明确方面,中性,0,0.5530497529959946,0.2281357397611251,0.5530497529959946,0.21881450724288035,中性,中性,,False
学习区,BV1uz4y1475S,【洛必达法则】高考使用指南,6049183,276506,78550,230485,4836,23660,武将：洛必达，血量：4x的导数形式，武将技：锁定技：当该函数无法求导时，可将其视为可导函数求导。,,武将洛必达，血量4x的导数形式，武将技锁定技当该函数无法求导时，可将其视为可导函数求导。,0,0,26,0,0,0.0,0.0,0.0,0.0,0.0,0.0,0.0,0.0,0,0,0,0,0,0,0,0,无明显情感,未明确对象,未明确方面,中性,-1,0.8116248475385941,0.8116248475385941,0.16923941924021207,0.01913573322119389,负面,负面,,False
学习区,BV1uz4y1475S,【洛必达法则】高考使用指南,6049183,276506,78550,230485,4836,23660,天依！（即答）,,天依！即答,0,0,3,1,0,0.0,0.0,0.0,0.0,0.0,0.0,0.0,0.0,0,0,0,0,0,0,0,0,无明显情感,未明确对象,未明确方面,中性,0,0.5997746699199505,0.05169762921059101,0.5997746699199505,0.3485277008694585,中性,中性,,False
学习区,BV1uz4y1475S,【洛必达法则】高考使用指南,6049183,276506,78550,230485,4836,23660,光顾着看弹幕了，原来都导完了,,光顾着看弹幕了，原来都导完了,0,1,8,0,0,-1.0,0.0,1.0,1.0,0.125,-1.0,0.0,1.0,0,0,0,0,0,0,0,1,对象评价,未明确对象,未明确方面,负面,0,0.6608171359440331,0.20776240288869477,0.6608171359440331,0.1314204611672721,中性,中性,0.0,True
学习区,BV1uz4y1475S,【洛必达法则】高考使用指南,6049183,276506,78550,230485,4836,23660,Cappie酱空降打卡,,Cappie酱空降打卡,0,0,4,0,0,0.0,0.0,0.0,0.0,0.0,0.0,0.0,0.0,0,0,0,0,0,0,0,0,无明显情感,未明确对象,未明确方面,中性,0,0.6685524721300519,0.03751778949521596,0.6685524721300519,0.29392973837473235,中性,中性,,False
学习区,BV1uz4y1475S,【洛必达法则】高考使用指南,6049183,276506,78550,230485,4836,23660,↑不是分子增长速率比分母大吗？,,不是分子增长速率比分母大吗？,0,0,7,0,1,0.0,0.0,0.0,0.0,0.0,0.0,0.0,0.0,0,0,0,0,0,0,0,0,无明显情感,未明确对象,未明确方面,中性,-1,0.6033376637281568,0.6033376637281568,0.37167396269475483,0.02498837357708857,负面,负面,,False
学习区,BV1uz4y1475S,【洛必达法则】高考使用指南,6049183,276506,78550,230485,4836,23660,学校大练刚考完，第6题,,学校大练刚考完，第6题,0,0,8,0,0,0.0,0.0,0.0,0.0,0.0,0.0,0.0,0.0,0,0,0,0,0,0,0,0,无明显情感,未明确对象,未明确方面,中性,0,0.6159810489463219,0.1973819438356307,0.6159810489463219,0.18663700721804732,中性,中性,0.0,True
学习区,BV1uz4y1475S,【洛必达法则】高考使用指南,6049183,276506,78550,230485,4836,23660,这不是超越函数吗这,,这不是超越函数吗这,0,0,3,0,0,0.0,0.0,0.0,0.0,0.0,0.0,0.0,0.0,0,0,0,0,0,0,0,0,无明显情感,未明确对象,未明确方面,中性,0,0.8354115464400462,0.1209350874700778,0.8354115464400462,0.04365336608987589,中性,中性,,False
学习区,BV1uz4y1475S,【洛必达法则】高考使用指南,6049183,276506,78550,230485,4836,23660,只要能求出答案扣一两分就一两分吧,,只要能求出答案扣一两分就一两分吧,0,0,8,0,0,0.0,0.0,0.0,0.0,0.0,0.0,0.0,0.0,0,0,0,0,0,0,0,0,无明显情感,未明确对象,未明确方面,中性,0,0.6587736057731184,0.16641730011549571,0.6587736057731184,0.17480909411138593,中性,中性,0.0,True
学习区,BV1uz4y1475S,【洛必达法则】高考使用指南,6049183,276506,78550,230485,4836,23660,前方高能！,,前方高能！,1,0,3,1,0,1.0,1.0,0.0,1.0,0.3333333333333333,1.0,1.0,0.0,0,0,0,0,0,0,0,1,对象评价,未明确对象,未明确方面,正面,0,0.8186931148281189,0.035167060847526424,0.8186931148281189,0.14613982432435468,中性,中性,,False
学习区,BV1uz4y1475S,【洛必达法则】高考使用指南,6049183,276506,78550,230485,4836,23660,焚诀,,焚诀,0,0,1,0,0,0.0,0.0,0.0,0.0,0.0,0.0,0.0,0.0,0,0,0,0,0,0,0,0,无明显情感,未明确对象,未明确方面,中性,0,0.6641811267415451,0.13348938228347546,0.6641811267415451,0.20232949097497943,中性,中性,,False
学习区,BV1uz4y1475S,【洛必达法则】高考使用指南,6049183,276506,78550,230485,4836,23660,x趋于a，分子分母都趋近于零，就可以用洛必达法则对上下两个函数分别求导，在做比,,x趋于a，分子分母都趋近于零，就可以用洛必达法则对上下两个函数分别求导，在做比,1,0,25,0,0,1.0,1.0,0.0,1.0,0.04,1.0,1.0,0.0,0,0,0,0,0,0,0,1,对象评价,未明确对象,未明确方面,正面,0,0.5638871494284682,0.3516707567634964,0.5638871494284682,0.08444209380803538,中性,中性,0.0,True
学习区,BV1uz4y1475S,【洛必达法则】高考使用指南,6049183,276506,78550,230485,4836,23660,？？？？？,,？？？？？,0,0,5,0,5,0.0,0.0,0.0,0.0,0.0,0.0,0.0,0.0,0,0,0,0,0,0,0,0,无明显情感,未明确对象,未明确方面,中性,-1,0.9941856702433552,0.9941856702433552,0.00568555001345147,0.00012877974319338886,负面,负面,,False
学习区,BV1uz4y1475S,【洛必达法则】高考使用指南,6049183,276506,78550,230485,4836,23660,？。,,？。,0,0,2,0,1,0.0,0.0,0.0,0.0,0.0,0.0,0.0,0.0,0,0,0,0,0,0,0,0,无明显情感,未明确对象,未明确方面,中性,0,0.5093876381941058,0.38511203376723957,0.5093876381941058,0.10550032803865465,中性,中性,,False
学习区,BV1uz4y1475S,【洛必达法则】高考使用指南,6049183,276506,78550,230485,4836,23660,这题有病吧,,这题有病吧,0,0,3,0,0,0.0,0.0,0.0,0.0,0.0,0.0,0.0,0.0,0,0,0,0,0,0,0,0,无明显情感,未明确对象,未明确方面,中性,0,0.7320994513486407,0.21251079676447313,0.7320994513486407,0.055389751886886086,中性,中性,,False
学习区,BV1uz4y1475S,【洛必达法则】高考使用指南,6049183,276506,78550,230485,4836,23660,《有趣》,,有趣,1,0,1,0,0,1.0,1.0,0.0,1.0,1.0,1.0,1.0,0.0,0,0,0,0,0,0,0,1,对象评价,未明确对象,娱乐与趣味,正面,1,0.8766991749340862,0.08732105445261677,0.03597977061329701,0.8766991749340862,正面,正面,,False
学习区,BV1uz4y1475S,【洛必达法则】高考使用指南,6049183,276506,78550,230485,4836,23660,什么叫求导呀？,,什么叫求导呀？,0,0,4,0,1,0.0,0.0,0.0,0.0,0.0,0.0,0.0,0.0,0,0,0,0,0,0,0,0,无明显情感,未明确对象,未明确方面,中性,-1,0.5695931362281329,0.5695931362281329,0.4032146001135244,0.027192263658342684,负面,负面,,False
学习区,BV1uz4y1475S,【洛必达法则】高考使用指南,6049183,276506,78550,230485,4836,23660,终于懂了～,,终于懂了,1,0,2,0,0,1.0,1.0,0.0,1.0,0.5,1.0,1.0,0.0,0,0,0,0,1,0,0,1,对象评价+认知状态,未明确对象,理解与难度,正面,1,0.9096270324209909,0.05417179205014274,0.036201175528866356,0.9096270324209909,正面,正面,,False
学习区,BV1uz4y1475S,【洛必达法则】高考使用指南,6049183,276506,78550,230485,4836,23660,用一个陌生的概念来解释一个未知的难题，所以到底为什么这能叫理解？所以到底为什么洛必达？洛完之后是这样子,,用一个陌生的概念来解释一个未知的难题，所以到底为什么这能叫理解？所以到底为什么洛必达？洛完之后是这样子,0,0,23,0,2,0.0,0.0,0.0,0.0,0.0,0.0,0.0,0.0,0,0,0,0,0,0,0,0,无明显情感,未明确对象,理解与难度,中性,-1,0.8532733284965202,0.8532733284965202,0.14526085784051956,0.0014658136629603058,负面,负面,,False
学习区,BV1uz4y1475S,【洛必达法则】高考使用指南,6049183,276506,78550,230485,4836,23660,连续函数可不一定可导↑,,连续函数可不一定可导,0,0,4,0,0,0.0,0.0,0.0,0.0,0.0,0.0,0.0,0.0,0,0,0,0,0,0,0,0,无明显情感,未明确对象,未明确方面,中性,0,0.7808166094672309,0.09386310150221142,0.7808166094672309,0.12532028903055786,中性,中性,,False
学习区,BV1uz4y1475S,【洛必达法则】高考使用指南,6049183,276506,78550,230485,4836,23660,魏尔斯特拉斯函数：嗨嗨嗨来啦,,魏尔斯特拉斯函数嗨嗨嗨来啦,0,0,8,0,0,0.0,0.0,0.0,0.0,0.0,0.0,0.0,0.0,0,0,0,0,0,0,0,0,无明显情感,未明确对象,未明确方面,中性,0,0.9088774201585109,0.04066088063003598,0.9088774201585109,0.050461699211453166,中性,中性,,False
学习区,BV1uz4y1475S,【洛必达法则】高考使用指南,6049183,276506,78550,230485,4836,23660,痞宴打卡,,痞宴打卡,0,0,2,0,0,0.0,0.0,0.0,0.0,0.0,0.0,0.0,0.0,0,0,0,0,0,0,0,0,无明显情感,未明确对象,未明确方面,中性,0,0.7783838125543223,0.02777335835076322,0.7783838125543223,0.19384282909491457,中性,中性,,False
学习区,BV1uz4y1475S,【洛必达法则】高考使用指南,6049183,276506,78550,230485,4836,23660,吓了一跳跳,,吓了一跳跳,0,0,2,0,0,0.0,0.0,0.0,0.0,0.0,0.0,0.0,0.0,0,0,0,0,0,0,0,0,无明显情感,未明确对象,未明确方面,中性,0,0.6580606490746554,0.10298160018508455,0.6580606490746554,0.23895775074025996,中性,中性,,False
学习区,BV1uz4y1475S,【洛必达法则】高考使用指南,6049183,276506,78550,230485,4836,23660,洛不出来我还要洛，不符合条件我抄错题目接着洛，洛就完了,,洛不出来我还要洛，不符合条件我抄错题目接着洛，洛就完了,0,1,17,0,0,-1.0,0.0,1.0,1.0,0.058823529411764705,-1.0,0.0,1.0,0,0,0,0,0,0,0,1,对象评价,课程内容,未明确方面,负面,0,0.4144816577752353,0.3222070608735044,0.4144816577752353,0.26331128135126025,中性,正面,1.0,True
学习区,BV1uz4y1475S,【洛必达法则】高考使用指南,6049183,276506,78550,230485,4836,23660,什么死动静啊，求导已经导出来了吗？,,什么死动静啊，求导已经导出来了吗？,0,0,8,0,1,0.0,0.0,0.0,0.0,0.0,0.0,0.0,0.0,0,0,0,0,0,0,0,0,无明显情感,未明确对象,未明确方面,中性,-1,0.5095503404888356,0.5095503404888356,0.4612116831205893,0.02923797639057512,负面,中性,,False
学习区,BV1uz4y1475S,【洛必达法则】高考使用指南,6049183,276506,78550,230485,4836,23660,神秘音乐,,神秘音乐,0,0,2,0,0,0.0,0.0,0.0,0.0,0.0,0.0,0.0,0.0,0,0,0,0,0,0,0,0,无明显情感,未明确对象,未明确方面,中性,0,0.6585046096608349,0.14118285317383877,0.6585046096608349,0.20031253716532643,中性,中性,,False
学习区,BV1uz4y1475S,【洛必达法则】高考使用指南,6049183,276506,78550,230485,4836,23660,反正比不会扣完好,,反正比不会扣完好,0,1,5,0,0,-1.0,0.0,1.0,1.0,0.2,-1.0,0.0,1.0,0,0,0,0,0,0,0,1,对象评价,未明确对象,未明确方面,负面,0,0.7036482708983872,0.21212087963733856,0.7036482708983872,0.08423084946427424,中性,负面,,False
学习区,BV1uz4y1475S,【洛必达法则】高考使用指南,6049183,276506,78550,230485,4836,23660,一字洛,,一字洛,0,0,1,0,0,0.0,0.0,0.0,0.0,0.0,0.0,0.0,0.0,0,0,0,0,0,0,0,0,无明显情感,未明确对象,未明确方面,中性,0,0.6641811267415451,0.13348938228347546,0.6641811267415451,0.20232949097497943,中性,中性,,False
学习区,BV1uz4y1475S,【洛必达法则】高考使用指南,6049183,276506,78550,230485,4836,23660,没选英语不要学,,没选英语不要学,0,0,4,0,0,0.0,0.0,0.0,0.0,0.0,0.0,0.0,0.0,0,0,0,0,0,0,0,0,无明显情感,未明确对象,未明确方面,中性,0,0.6672678650520414,0.13530067521073252,0.6672678650520414,0.19743145973722612,中性,中性,,False
学习区,BV1uz4y1475S,【洛必达法则】高考使用指南,6049183,276506,78550,230485,4836,23660,0/0,,00,0,0,1,0,0,0.0,0.0,0.0,0.0,0.0,0.0,0.0,0.0,0,0,0,0,0,0,0,0,无明显情感,未明确对象,未明确方面,中性,0,0.7308871369142034,0.09282633971180806,0.7308871369142034,0.17628652337398865,中性,中性,,False
学习区,BV1uz4y1475S,【洛必达法则】高考使用指南,6049183,276506,78550,230485,4836,23660,2..,,2..,0,0,2,0,0,0.0,0.0,0.0,0.0,0.0,0.0,0.0,0.0,0,0,0,0,0,0,0,0,无明显情感,未明确对象,未明确方面,中性,0,0.6489808670571294,0.1496956568437133,0.6489808670571294,0.2013234760991572,中性,中性,,False
学习区,BV1uz4y1475S,【洛必达法则】高考使用指南,6049183,276506,78550,230485,4836,23660,直接0的倒数变成无穷,,直接0的倒数变成无穷,0,0,5,0,0,0.0,0.0,0.0,0.0,0.0,0.0,0.0,0.0,0,0,0,0,0,0,0,0,无明显情感,未明确对象,未明确方面,中性,0,0.8025748761936363,0.08872820744057837,0.8025748761936363,0.1086969163657852,中性,中性,,False
学习区,BV1uz4y1475S,【洛必达法则】高考使用指南,6049183,276506,78550,230485,4836,23660,“狡猾的题”,,狡猾的题,0,0,2,0,0,0.0,0.0,0.0,0.0,0.0,0.0,0.0,0.0,0,0,0,0,0,0,0,0,无明显情感,未明确对象,未明确方面,中性,0,0.6079033472650913,0.24972342147977186,0.6079033472650913,0.1423732312551369,中性,中性,,False
学习区,BV1uz4y1475S,【洛必达法则】高考使用指南,6049183,276506,78550,230485,4836,23660,常数还能再洛吗,,常数还能再洛吗,0,0,5,0,0,0.0,0.0,0.0,0.0,0.0,0.0,0.0,0.0,0,0,0,0,0,0,0,0,无明显情感,未明确对象,未明确方面,中性,0,0.7549431258497019,0.10656996337650476,0.7549431258497019,0.13848691077379324,中性,中性,,False
学习区,BV1uz4y1475S,【洛必达法则】高考使用指南,6049183,276506,78550,230485,4836,23660,lim,,lim,0,0,1,0,0,0.0,0.0,0.0,0.0,0.0,0.0,0.0,0.0,0,0,0,0,0,0,0,0,无明显情感,未明确对象,未明确方面,中性,0,0.7463147102007042,0.09721698523726093,0.7463147102007042,0.15646830456203495,中性,中性,,False
学习区,BV1uz4y1475S,【洛必达法则】高考使用指南,6049183,276506,78550,230485,4836,23660,这题用洛必达反而麻烦了,,这题用洛必达反而麻烦了,0,1,5,0,0,-1.55,0.0,1.55,1.55,0.2,-1.55,0.0,1.55,1,0,1,0,0,0,0,1,对象评价+自身情绪,未明确对象,未明确方面,负面,0,0.5552317332674225,0.4274910782652895,0.5552317332674225,0.017277188467288103,中性,负面,,False
学习区,BV1uz4y1475S,【洛必达法则】高考使用指南,6049183,276506,78550,230485,4836,23660,《一点》,,一点,0,0,1,0,0,0.0,0.0,0.0,0.0,0.0,0.0,0.0,0.0,0,0,0,0,0,0,0,0,无明显情感,未明确对象,未明确方面,中性,0,0.7077875076095573,0.2367171015666968,0.7077875076095573,0.05549539082374593,中性,中性,,False
学习区,BV1uz4y1475S,【洛必达法则】高考使用指南,6049183,276506,78550,230485,4836,23660,直接开洛！,,直接开洛！,0,0,3,1,0,0.0,0.0,0.0,0.0,0.0,0.0,0.0,0.0,0,0,0,0,0,0,0,0,无明显情感,未明确对象,未明确方面,中性,0,0.7685940472964434,0.03335592615311133,0.7685940472964434,0.19805002655044532,中性,中性,,False
学习区,BV1uz4y1475S,【洛必达法则】高考使用指南,6049183,276506,78550,230485,4836,23660,洛阳城旁的老树根~,,洛阳城旁的老树根,0,0,4,0,0,0.0,0.0,0.0,0.0,0.0,0.0,0.0,0.0,0,0,0,0,0,0,0,0,无明显情感,未明确对象,未明确方面,中性,0,0.5227986383220038,0.2833615006953987,0.5227986383220038,0.19383986098259762,中性,中性,,False
学习区,BV1uz4y1475S,【洛必达法则】高考使用指南,6049183,276506,78550,230485,4836,23660,大题的话扣两分,,大题的话扣两分,0,0,5,0,0,0.0,0.0,0.0,0.0,0.0,0.0,0.0,0.0,0,0,0,0,0,0,0,0,无明显情感,未明确对象,未明确方面,中性,0,0.7371561577439014,0.11253517877527602,0.7371561577439014,0.1503086634808226,中性,中性,,False
学习区,BV1uz4y1475S,【洛必达法则】高考使用指南,6049183,276506,78550,230485,4836,23660,扣两分哈哈哈哈,,扣两分哈哈哈哈,1,0,3,0,0,1.0,1.0,0.0,1.0,0.3333333333333333,1.0,1.0,0.0,0,0,1,0,0,0,0,1,对象评价+自身情绪,未明确对象,娱乐与趣味,正面,1,0.9245059982335267,0.017098310611760117,0.05839569115471318,0.9245059982335267,正面,正面,,False
学习区,BV1uz4y1475S,【洛必达法则】高考使用指南,6049183,276506,78550,230485,4836,23660,《洛课王国》,,洛课王国,0,0,2,0,0,0.0,0.0,0.0,0.0,0.0,0.0,0.0,0.0,0,0,0,0,0,0,0,0,无明显情感,未明确对象,未明确方面,中性,0,0.6585046096608349,0.14118285317383877,0.6585046096608349,0.20031253716532643,中性,中性,,False
学习区,BV1uz4y1475S,【洛必达法则】高考使用指南,6049183,276506,78550,230485,4836,23660,因为a要小于等于它的最小值,,因为a要小于等于它的最小值,0,0,6,0,0,0.0,0.0,0.0,0.0,0.0,0.0,0.0,0.0,0,0,0,0,0,0,0,0,无明显情感,未明确对象,未明确方面,中性,0,0.865615076918263,0.04450914091027926,0.865615076918263,0.08987578217145772,中性,中性,,False
学习区,BV1uz4y1475S,【洛必达法则】高考使用指南,6049183,276506,78550,230485,4836,23660,右右右右右右右右右右右右右右右右右右右右右右右右右右右右右右右右右右右右右右右右右右右右右右右右右右右右右右右右右右右右右右右右右右右右右右右右右右右右右右右右右右右右右右右右右右右右右右右右右右右右,,右右右右右右右右右右右右右右右右右右右右右右右右右右右右右右右右右右右右右右右右右右右右右右右右右右右右右右右右右右右右右右右右右右右右右右右右右右右右右右右右右右右右右右右右右右右右右右右右右右右右,0,0,50,0,0,0.0,0.0,0.0,0.0,0.0,0.0,0.0,0.0,0,0,0,0,0,0,0,0,无明显情感,未明确对象,未明确方面,中性,-1,0.7878109929418474,0.7878109929418474,0.16526377970296507,0.0469252273551876,负面,负面,,False
学习区,BV1uz4y1475S,【洛必达法则】高考使用指南,6049183,276506,78550,230485,4836,23660,一闪而过的洛,,一闪而过的洛,0,0,2,0,0,0.0,0.0,0.0,0.0,0.0,0.0,0.0,0.0,0,0,0,0,0,0,0,0,无明显情感,未明确对象,未明确方面,中性,0,0.6023492462421819,0.09040855418927961,0.6023492462421819,0.3072421995685385,中性,中性,,False
学习区,BV1uz4y1475S,【洛必达法则】高考使用指南,6049183,276506,78550,230485,4836,23660,秒开仙人模式,,秒开仙人模式,0,0,4,0,0,0.0,0.0,0.0,0.0,0.0,0.0,0.0,0.0,0,0,0,0,0,0,0,0,无明显情感,未明确对象,未明确方面,中性,0,0.679825523649684,0.1032544505300939,0.679825523649684,0.2169200258202221,中性,中性,,False
学习区,BV1uz4y1475S,【洛必达法则】高考使用指南,6049183,276506,78550,230485,4836,23660,自动生成字幕,,自动生成字幕,0,0,3,0,0,0.0,0.0,0.0,0.0,0.0,0.0,0.0,0.0,0,0,0,0,0,0,0,0,无明显情感,视频内容,视听体验,中性,0,0.6525424904832393,0.14924331021065323,0.6525424904832393,0.19821419930610756,中性,中性,,False
学习区,BV1uz4y1475S,【洛必达法则】高考使用指南,6049183,276506,78550,230485,4836,23660,高四来了,,高四来了,0,0,1,0,0,0.0,0.0,0.0,0.0,0.0,0.0,0.0,0.0,0,0,0,0,0,0,0,0,无明显情感,未明确对象,未明确方面,中性,0,0.806162817006128,0.10418913813752187,0.806162817006128,0.08964804485635004,中性,中性,,False
学习区,BV1uz4y1475S,【洛必达法则】高考使用指南,6049183,276506,78550,230485,4836,23660,绝了,,绝了,1,0,1,0,0,1.0,1.0,0.0,1.0,1.0,1.0,1.0,0.0,0,0,0,0,0,0,0,1,对象评价,未明确对象,未明确方面,正面,1,0.5580790005986564,0.37708064001440655,0.06484035938693698,0.5580790005986564,正面,正面,,False
学习区,BV1uz4y1475S,【洛必达法则】高考使用指南,6049183,276506,78550,230485,4836,23660,？？？？？这就行了？？真是邪修,,？？？？？这就行了？？真是邪修,0,0,10,0,7,0.0,0.0,0.0,0.0,0.0,0.0,0.0,0.0,0,0,0,0,0,0,0,0,无明显情感,未明确对象,未明确方面,中性,-1,0.9998066324904409,0.9998066324904409,0.00019030690033849446,3.060609220538776e-06,负面,负面,,False
学习区,BV1uz4y1475S,【洛必达法则】高考使用指南,6049183,276506,78550,230485,4836,23660,洛！！！！！！！！！！！！！,,洛！！！！！！！！！！！！！,0,0,14,13,0,0.0,0.0,0.0,0.0,0.0,0.0,0.0,0.0,0,0,0,0,0,0,0,0,无明显情感,未明确对象,未明确方面,中性,1,0.5895335339475298,0.2628361412675727,0.14763032478489752,0.5895335339475298,正面,正面,,False
学习区,BV1uz4y1475S,【洛必达法则】高考使用指南,6049183,276506,78550,230485,4836,23660,马爹库洛赛,,马爹库洛赛,0,0,2,0,0,0.0,0.0,0.0,0.0,0.0,0.0,0.0,0.0,0,0,0,0,0,0,0,0,无明显情感,未明确对象,未明确方面,中性,0,0.6585046096608349,0.14118285317383877,0.6585046096608349,0.20031253716532643,中性,中性,,False
学习区,BV1uz4y1475S,【洛必达法则】高考使用指南,6049183,276506,78550,230485,4836,23660,马爹奥,,马爹奥,0,0,2,0,0,0.0,0.0,0.0,0.0,0.0,0.0,0.0,0.0,0,0,0,0,0,0,0,0,无明显情感,未明确对象,未明确方面,中性,0,0.6585046096608349,0.14118285317383877,0.6585046096608349,0.20031253716532643,中性,中性,0.0,True
学习区,BV1uz4y1475S,【洛必达法则】高考使用指南,6049183,276506,78550,230485,4836,23660,爽飞了,,爽飞了,0,0,1,0,0,0.0,0.0,0.0,0.0,0.0,0.0,0.0,0.0,0,0,1,0,0,0,0,0,自身情绪,未明确对象,未明确方面,中性,0,0.5650521410051617,0.264404685410483,0.5650521410051617,0.17054317358435528,中性,正面,,False
学习区,BV1uz4y1475S,【洛必达法则】高考使用指南,6049183,276506,78550,230485,4836,23660,草履虫看懂了,,草履虫看懂了,1,0,3,0,0,1.0,1.0,0.0,1.0,0.3333333333333333,1.0,1.0,0.0,0,0,0,0,1,0,0,1,对象评价+认知状态,未明确对象,理解与难度,正面,1,0.9157406292324787,0.032350165462636984,0.05190920530488446,0.9157406292324787,正面,正面,1.0,True
学习区,BV1uz4y1475S,【洛必达法则】高考使用指南,6049183,276506,78550,230485,4836,23660,开始了,,开始了,0,0,1,0,0,0.0,0.0,0.0,0.0,0.0,0.0,0.0,0.0,0,0,0,0,0,0,0,0,无明显情感,未明确对象,未明确方面,中性,0,0.8504393383841905,0.05354510273532545,0.8504393383841905,0.09601555888048403,中性,中性,,False
学习区,BV1uz4y1475S,【洛必达法则】高考使用指南,6049183,276506,78550,230485,4836,23660,翛撪赕,,翛撪赕,0,0,3,0,0,0.0,0.0,0.0,0.0,0.0,0.0,0.0,0.0,0,0,0,0,0,0,0,0,无明显情感,未明确对象,未明确方面,中性,0,0.6525424904832393,0.14924331021065323,0.6525424904832393,0.19821419930610756,中性,中性,,False
学习区,BV1uz4y1475S,【洛必达法则】高考使用指南,6049183,276506,78550,230485,4836,23660,瞪眼法选b,,瞪眼法选b,0,0,3,0,0,0.0,0.0,0.0,0.0,0.0,0.0,0.0,0.0,0,0,0,0,0,0,0,0,无明显情感,未明确对象,未明确方面,中性,0,0.6816279308222384,0.10445914997138196,0.6816279308222384,0.21391291920637953,中性,中性,,False
学习区,BV1uz4y1475S,【洛必达法则】高考使用指南,6049183,276506,78550,230485,4836,23660,我没想导 为了你我能疯狂导,,我没想导为了你我能疯狂导,0,0,5,0,0,0.0,0.0,0.0,0.0,0.0,0.0,0.0,0.0,0,0,0,0,0,0,0,0,无明显情感,未明确对象,未明确方面,中性,0,0.524636900927376,0.33696498603077674,0.524636900927376,0.13839811304184732,中性,中性,,False
学习区,BV1uz4y1475S,【洛必达法则】高考使用指南,6049183,276506,78550,230485,4836,23660,直接代值,,直接代值,0,0,2,0,0,0.0,0.0,0.0,0.0,0.0,0.0,0.0,0.0,0,0,0,0,0,0,0,0,无明显情感,未明确对象,未明确方面,中性,0,0.817036793006511,0.0533997295435786,0.817036793006511,0.12956347744991037,中性,中性,,False
学习区,BV1uz4y1475S,【洛必达法则】高考使用指南,6049183,276506,78550,230485,4836,23660,放缩可以把sinx放成x,,放缩可以把sinx放成x,1,0,6,0,0,1.0,1.0,0.0,1.0,0.16666666666666666,1.0,1.0,0.0,0,0,0,0,0,0,0,1,对象评价,未明确对象,未明确方面,正面,0,0.5008265426936819,0.22051688718068083,0.5008265426936819,0.27865657012563744,中性,中性,0.0,True
学习区,BV1uz4y1475S,【洛必达法则】高考使用指南,6049183,276506,78550,230485,4836,23660,哪个才是真正的我,,哪个才是真正的我,0,0,3,0,0,0.0,0.0,0.0,0.0,0.0,0.0,0.0,0.0,0,0,0,0,0,0,0,0,无明显情感,未明确对象,未明确方面,中性,0,0.7489780610645711,0.1660805166245097,0.7489780610645711,0.08494142231091918,中性,中性,,False
学习区,BV1uz4y1475S,【洛必达法则】高考使用指南,6049183,276506,78550,230485,4836,23660,能不能把 Ln x倒下去呢。。。,,能不能把Lnx倒下去呢。。。,0,0,9,0,0,0.0,0.0,0.0,0.0,0.0,0.0,0.0,0.0,0,0,0,0,0,0,0,0,无明显情感,未明确对象,未明确方面,中性,0,0.6254507766639489,0.230179594219156,0.6254507766639489,0.14436962911689508,中性,中性,,False
学习区,BV1uz4y1475S,【洛必达法则】高考使用指南,6049183,276506,78550,230485,4836,23660,哈哈哈哈哈哈,,哈哈哈哈哈哈,2,0,2,0,0,2.0,2.0,0.0,2.0,1.0,2.0,2.0,0.0,0,0,1,0,0,0,0,1,对象评价+自身情绪,未明确对象,娱乐与趣味,正面,1,0.9870625714957327,0.00769571394985677,0.005241714554410552,0.9870625714957327,正面,正面,1.0,True
学习区,BV1uz4y1475S,【洛必达法则】高考使用指南,6049183,276506,78550,230485,4836,23660,ka,,ka,0,0,1,0,0,0.0,0.0,0.0,0.0,0.0,0.0,0.0,0.0,0,0,0,0,0,0,0,0,无明显情感,未明确对象,未明确方面,中性,0,0.6641811267415451,0.13348938228347546,0.6641811267415451,0.20232949097497943,中性,中性,,False
学习区,BV1uz4y1475S,【洛必达法则】高考使用指南,6049183,276506,78550,230485,4836,23660,可是我觉得很神圣啊,,可是我觉得很神圣啊,0,0,4,0,0,0.0,0.0,0.0,0.0,0.0,0.0,0.0,0.0,1,0,0,0,0,0,0,0,无明显情感,未明确对象,未明确方面,中性,1,0.42636445607393286,0.24584574879912105,0.327789795126946,0.42636445607393286,正面,正面,1.0,True
学习区,BV1uz4y1475S,【洛必达法则】高考使用指南,6049183,276506,78550,230485,4836,23660,你用奇函数的定义f负x等于负的fx就可以看出ex-e的负x是不是奇函数,,你用奇函数的定义f负x等于负的fx就可以看出exe的负x是不是奇函数,1,0,17,0,0,1.0,1.0,0.0,1.0,0.058823529411764705,1.0,1.0,0.0,0,0,0,0,0,0,0,1,对象评价,未明确对象,未明确方面,正面,0,0.6662387129972555,0.14360735367884195,0.6662387129972555,0.19015393332390249,中性,中性,0.0,True
学习区,BV1uz4y1475S,【洛必达法则】高考使用指南,6049183,276506,78550,230485,4836,23660,有趣的小问题,,有趣的小问题,1,1,3,0,0,0.0,1.0,1.0,0.0,0.6666666666666666,0.0,1.0,1.0,0,1,0,0,0,0,0,1,对象评价,未明确对象,娱乐与趣味,混合,1,0.5125306618716111,0.3794844921362867,0.10798484599210223,0.5125306618716111,正面,正面,1.0,True
学习区,BV1uz4y1475S,【洛必达法则】高考使用指南,6049183,276506,78550,230485,4836,23660,如果大胆的话，g(x)的单调性可以直接取两个点来粗证,,如果大胆的话，gx的单调性可以直接取两个点来粗证,1,0,13,0,0,1.0,1.0,0.0,1.0,0.07692307692307693,1.0,1.0,0.0,0,0,0,0,0,0,0,1,对象评价,未明确对象,未明确方面,正面,1,0.5808937823378675,0.055922168801405,0.3631840488607276,0.5808937823378675,正面,正面,1.0,True
学习区,BV1uz4y1475S,【洛必达法则】高考使用指南,6049183,276506,78550,230485,4836,23660,继续洛,,继续洛,0,0,2,0,0,0.0,0.0,0.0,0.0,0.0,0.0,0.0,0.0,0,0,0,0,0,0,0,0,无明显情感,未明确对象,未明确方面,中性,0,0.5506420762946693,0.060835984112067795,0.5506420762946693,0.38852193959326287,中性,中性,,False
学习区,BV1uz4y1475S,【洛必达法则】高考使用指南,6049183,276506,78550,230485,4836,23660,指数爆炸,,指数爆炸,0,0,2,0,0,0.0,0.0,0.0,0.0,0.0,0.0,0.0,0.0,0,0,0,0,0,0,0,0,无明显情感,未明确对象,未明确方面,中性,0,0.5220031546268873,0.23991383182827175,0.5220031546268873,0.238083013544841,中性,中性,,False
学习区,BV1uz4y1475S,【洛必达法则】高考使用指南,6049183,276506,78550,230485,4836,23660,重要极限,,重要极限,0,0,2,0,0,0.0,0.0,0.0,0.0,0.0,0.0,0.0,0.0,0,0,0,0,0,0,0,0,无明显情感,未明确对象,未明确方面,中性,0,0.6652206259896297,0.08055295476580682,0.6652206259896297,0.2542264192445635,中性,中性,,False
学习区,BV1uz4y1475S,【洛必达法则】高考使用指南,6049183,276506,78550,230485,4836,23660,！,,！,0,0,1,1,0,0.0,0.0,0.0,0.0,0.0,0.0,0.0,0.0,0,0,0,0,0,0,0,0,无明显情感,未明确对象,未明确方面,中性,0,0.602949496458692,0.04567068858159305,0.602949496458692,0.35137981495971504,中性,中性,,False
学习区,BV1uz4y1475S,【洛必达法则】高考使用指南,6049183,276506,78550,230485,4836,23660,骗你的，旁边人也不会写,,骗你的，旁边人也不会写,0,1,7,0,0,-1.0,0.0,1.0,1.0,0.14285714285714285,-1.0,0.0,1.0,0,0,0,0,0,0,0,1,对象评价,未明确对象,未明确方面,负面,0,0.4983452715682701,0.4265153286836411,0.4983452715682701,0.07513939974808866,中性,负面,,False
学习区,BV1uz4y1475S,【洛必达法则】高考使用指南,6049183,276506,78550,230485,4836,23660,crsp世一洛,,crsp世一洛,0,0,2,0,0,0.0,0.0,0.0,0.0,0.0,0.0,0.0,0.0,0,0,0,0,0,0,0,0,无明显情感,未明确对象,未明确方面,中性,0,0.6585046096608349,0.14118285317383877,0.6585046096608349,0.20031253716532643,中性,中性,,False
学习区,BV1uz4y1475S,【洛必达法则】高考使用指南,6049183,276506,78550,230485,4836,23660,实名开洛,,实名开洛,0,0,2,0,0,0.0,0.0,0.0,0.0,0.0,0.0,0.0,0.0,0,0,0,0,0,0,0,0,无明显情感,未明确对象,未明确方面,中性,0,0.8179677392602712,0.06958597207037265,0.8179677392602712,0.11244628866935616,中性,中性,,False
学习区,BV1uz4y1475S,【洛必达法则】高考使用指南,6049183,276506,78550,230485,4836,23660,hks！,,hks！,0,0,2,1,0,0.0,0.0,0.0,0.0,0.0,0.0,0.0,0.0,0,0,0,0,0,0,0,0,无明显情感,未明确对象,未明确方面,中性,0,0.6014191404432303,0.04859558453785338,0.6014191404432303,0.3499852750189163,中性,中性,,False
学习区,BV1uz4y1475S,【洛必达法则】高考使用指南,6049183,276506,78550,230485,4836,23660,边导边洛！,,边导边洛！,0,0,3,1,0,0.0,0.0,0.0,0.0,0.0,0.0,0.0,0.0,0,0,0,0,0,0,0,0,无明显情感,未明确对象,未明确方面,中性,0,0.5997746699199505,0.05169762921059101,0.5997746699199505,0.3485277008694585,中性,中性,,False
学习区,BV1uz4y1475S,【洛必达法则】高考使用指南,6049183,276506,78550,230485,4836,23660,精细胞听懂了,,精细胞听懂了,1,0,3,0,0,1.0,1.0,0.0,1.0,0.3333333333333333,1.0,1.0,0.0,0,0,0,0,1,0,0,1,对象评价+认知状态,未明确对象,理解与难度,正面,1,0.781385607568917,0.16868969389232433,0.049924698538758853,0.781385607568917,正面,正面,1.0,True
学习区,BV1uz4y1475S,【洛必达法则】高考使用指南,6049183,276506,78550,230485,4836,23660,哈哈哈哈哈哈哈哈哈,,哈哈哈哈哈哈哈哈哈,3,0,3,0,0,3.0,3.0,0.0,3.0,1.0,3.0,3.0,0.0,0,0,1,0,0,0,0,1,对象评价+自身情绪,未明确对象,娱乐与趣味,正面,1,0.9971482894095333,0.0016929075428002334,0.0011588030476665685,0.9971482894095333,正面,正面,,False
学习区,BV1uz4y1475S,【洛必达法则】高考使用指南,6049183,276506,78550,230485,4836,23660,韩蓄打卡,,韩蓄打卡,0,0,2,0,0,0.0,0.0,0.0,0.0,0.0,0.0,0.0,0.0,0,0,0,0,0,0,0,0,无明显情感,未明确对象,未明确方面,中性,0,0.7783838125543223,0.02777335835076322,0.7783838125543223,0.19384282909491457,中性,中性,,False
学习区,BV1uz4y1475S,【洛必达法则】高考使用指南,6049183,276506,78550,230485,4836,23660,成都七中学生在线观看,,成都七中学生在线观看,0,0,5,0,0,0.0,0.0,0.0,0.0,0.0,0.0,0.0,0.0,0,0,0,0,0,0,0,0,无明显情感,未明确对象,未明确方面,中性,0,0.8322073349256599,0.07714319090379426,0.8322073349256599,0.09064947417054584,中性,中性,,False
学习区,BV1uz4y1475S,【洛必达法则】高考使用指南,6049183,276506,78550,230485,4836,23660,典型的端点效应,,典型的端点效应,0,0,3,0,0,0.0,0.0,0.0,0.0,0.0,0.0,0.0,0.0,0,0,0,0,0,0,0,0,无明显情感,未明确对象,未明确方面,中性,-1,0.7272043531605116,0.7272043531605116,0.14058961420958818,0.13220603262990024,负面,负面,,False
学习区,BV1uz4y1475S,【洛必达法则】高考使用指南,6049183,276506,78550,230485,4836,23660,浠浠不嘻嘻已打卡,,浠浠不嘻嘻已打卡,0,0,6,0,0,0.0,0.0,0.0,0.0,0.0,0.0,0.0,0.0,0,0,0,0,0,0,0,0,无明显情感,未明确对象,未明确方面,中性,0,0.6153965256817711,0.29699745177455106,0.6153965256817711,0.08760602254367783,中性,中性,,False
学习区,BV1uz4y1475S,【洛必达法则】高考使用指南,6049183,276506,78550,230485,4836,23660,上面的你这道题容易看，那别的题怎么办,,上面的你这道题容易看，那别的题怎么办,0,0,8,0,0,0.0,0.0,0.0,0.0,0.0,0.0,0.0,0.0,0,0,0,0,0,0,0,0,无明显情感,未明确对象,未明确方面,中性,0,0.47462016093102855,0.2533301101892808,0.47462016093102855,0.27204972887969053,中性,中性,,False
学习区,BV1uz4y1475S,【洛必达法则】高考使用指南,6049183,276506,78550,230485,4836,23660,求我也没用,,求我也没用,0,1,3,0,0,-1.0,0.0,1.0,1.0,0.3333333333333333,-1.0,0.0,1.0,0,0,0,0,0,0,0,1,对象评价,未明确对象,未明确方面,负面,0,0.4854070203611111,0.45653197446622057,0.4854070203611111,0.058061005172668316,中性,负面,,False
学习区,BV1uz4y1475S,【洛必达法则】高考使用指南,6049183,276506,78550,230485,4836,23660,例如：魏尔斯特拉斯函数,,例如魏尔斯特拉斯函数,0,0,4,0,0,0.0,0.0,0.0,0.0,0.0,0.0,0.0,0.0,0,0,0,0,0,0,0,0,无明显情感,未明确对象,未明确方面,中性,0,0.9336154572377992,0.02863808422089084,0.9336154572377992,0.03774645854130999,中性,中性,,False
学习区,BV1uz4y1475S,【洛必达法则】高考使用指南,6049183,276506,78550,230485,4836,23660,这是极限法的洛版吧？,,这是极限法的洛版吧？,0,0,4,0,1,0.0,0.0,0.0,0.0,0.0,0.0,0.0,0.0,0,0,0,0,0,0,0,0,无明显情感,未明确对象,未明确方面,中性,0,0.5759045990437149,0.3792711356218437,0.5759045990437149,0.044824265334441324,中性,中性,,False
学习区,BV1uz4y1475S,【洛必达法则】高考使用指南,6049183,276506,78550,230485,4836,23660,高一可以学吗？,,高一可以学吗？,1,0,4,0,1,1.0,1.0,0.0,1.0,0.25,1.0,1.0,0.0,0,0,0,0,0,0,0,1,对象评价,未明确对象,未明确方面,正面,0,0.5908220546723174,0.2955523659192391,0.5908220546723174,0.11362557940844346,中性,中性,0.0,True
学习区,BV1uz4y1475S,【洛必达法则】高考使用指南,6049183,276506,78550,230485,4836,23660,洛天依法则！！！,,洛天依法则！！！,0,0,6,3,0,0.0,0.0,0.0,0.0,0.0,0.0,0.0,0.0,0,0,0,0,0,0,0,0,无明显情感,未明确对象,未明确方面,中性,0,0.4115242338362624,0.27510087805313715,0.4115242338362624,0.3133748881106003,中性,中性,0.0,True
学习区,BV1uz4y1475S,【洛必达法则】高考使用指南,6049183,276506,78550,230485,4836,23660,这里小猪讲错了,,这里小猪讲错了,0,1,3,0,0,-1.0,0.0,1.0,1.0,0.3333333333333333,-1.0,0.0,1.0,0,0,0,0,0,0,0,1,对象评价,未明确对象,未明确方面,负面,-1,0.81185942990356,0.81185942990356,0.13642351667241398,0.051717053424026015,负面,负面,-1.0,True
学习区,BV1uz4y1475S,【洛必达法则】高考使用指南,6049183,276506,78550,230485,4836,23660,噢~,,噢,0,0,1,0,0,0.0,0.0,0.0,0.0,0.0,0.0,0.0,0.0,0,0,0,0,0,0,0,0,无明显情感,未明确对象,未明确方面,中性,0,0.6641811267415451,0.13348938228347546,0.6641811267415451,0.20232949097497943,中性,中性,,False
学习区,BV1uz4y1475S,【洛必达法则】高考使用指南,6049183,276506,78550,230485,4836,23660,啊？哈撒给,,啊？哈撒给,0,0,3,0,1,0.0,0.0,0.0,0.0,0.0,0.0,0.0,0.0,0,0,0,0,0,0,0,0,无明显情感,未明确对象,未明确方面,中性,-1,0.8279303647235722,0.8279303647235722,0.13451774177056947,0.03755189350585845,负面,负面,,False
学习区,BV1uz4y1475S,【洛必达法则】高考使用指南,6049183,276506,78550,230485,4836,23660,这道题可以这样看，你x特别大的时候5和3可以当做不存在了，自然结果就是3/2,,这道题可以这样看，你x特别大的时候5和3可以当做不存在了，自然结果就是32,2,0,20,0,0,2.0,2.0,0.0,2.0,0.1,2.0,2.0,0.0,0,0,0,0,0,0,0,1,对象评价,未明确对象,未明确方面,正面,1,0.6755870928701627,0.20795691276812658,0.11645599436171071,0.6755870928701627,正面,正面,1.0,True
学习区,BV1uz4y1475S,【洛必达法则】高考使用指南,6049183,276506,78550,230485,4836,23660,谁懂在图书馆带耳机2倍数的诡异感,,谁懂在图书馆带耳机2倍数的诡异感,0,0,10,0,0,0.0,0.0,0.0,0.0,0.0,0.0,0.0,0.0,0,0,0,0,0,0,0,0,无明显情感,未明确对象,未明确方面,中性,0,0.5840239766016996,0.3039542301247004,0.5840239766016996,0.11202179327360003,中性,中性,0.0,True
学习区,BV1uz4y1475S,【洛必达法则】高考使用指南,6049183,276506,78550,230485,4836,23660,要是恒成立要小于1/2,,要是恒成立要小于12,0,0,6,0,0,0.0,0.0,0.0,0.0,0.0,0.0,0.0,0.0,0,0,0,0,0,0,0,0,无明显情感,未明确对象,未明确方面,中性,0,0.5720329302213626,0.32339877128193856,0.5720329302213626,0.10456829849669894,中性,中性,,False
学习区,BV1uz4y1475S,【洛必达法则】高考使用指南,6049183,276506,78550,230485,4836,23660,同无线趋近于零,,同无线趋近于零,0,0,4,0,0,0.0,0.0,0.0,0.0,0.0,0.0,0.0,0.0,0,0,0,0,0,0,0,0,无明显情感,未明确对象,未明确方面,中性,0,0.7047139039043421,0.10492731768308698,0.7047139039043421,0.19035877841257087,中性,中性,,False
学习区,BV1uz4y1475S,【洛必达法则】高考使用指南,6049183,276506,78550,230485,4836,23660,并非，高等数学中x/0=无穷,,并非，高等数学中x0无穷,0,0,6,0,0,0.0,0.0,0.0,0.0,0.0,0.0,0.0,0.0,0,0,0,0,0,0,0,0,无明显情感,课程内容,未明确方面,中性,0,0.6430220986347926,0.28351394316582734,0.6430220986347926,0.07346395819937994,中性,中性,,False
学习区,BV1uz4y1475S,【洛必达法则】高考使用指南,6049183,276506,78550,230485,4836,23660,能理解洛必达就能学积分,,能理解洛必达就能学积分,0,0,6,0,0,0.0,0.0,0.0,0.0,0.0,0.0,0.0,0.0,0,0,0,0,0,0,0,0,无明显情感,未明确对象,未明确方面,中性,-1,0.5535629742050162,0.5535629742050162,0.383090161002401,0.06334686479258285,负面,负面,,False
学习区,BV1uz4y1475S,【洛必达法则】高考使用指南,6049183,276506,78550,230485,4836,23660,端点效应，半分参，全分参，构造和洛必达应该都能用,,端点效应，半分参，全分参，构造和洛必达应该都能用,1,0,15,0,0,1.0,1.0,0.0,1.0,0.06666666666666667,1.0,1.0,0.0,0,0,0,0,0,0,0,1,对象评价,未明确对象,未明确方面,正面,-1,0.7945476295435931,0.7945476295435931,0.09446036829546212,0.11099200216094478,负面,正面,,False
学习区,BV1uz4y1475S,【洛必达法则】高考使用指南,6049183,276506,78550,230485,4836,23660,双曲函数,,双曲函数,0,0,2,0,0,0.0,0.0,0.0,0.0,0.0,0.0,0.0,0.0,0,0,0,0,0,0,0,0,无明显情感,未明确对象,未明确方面,中性,0,0.9367661275949006,0.02525115356698339,0.9367661275949006,0.03798271883811602,中性,中性,,False
学习区,BV1uz4y1475S,【洛必达法则】高考使用指南,6049183,276506,78550,230485,4836,23660,7yd,,7yd,0,0,1,0,0,0.0,0.0,0.0,0.0,0.0,0.0,0.0,0.0,0,0,0,0,0,0,0,0,无明显情感,未明确对象,未明确方面,中性,0,0.6641811267415451,0.13348938228347546,0.6641811267415451,0.20232949097497943,中性,中性,,False
学习区,BV1uz4y1475S,【洛必达法则】高考使用指南,6049183,276506,78550,230485,4836,23660,取极限,,取极限,0,0,2,0,0,0.0,0.0,0.0,0.0,0.0,0.0,0.0,0.0,0,0,0,0,0,0,0,0,无明显情感,未明确对象,未明确方面,中性,0,0.6534651458431555,0.07862075887195587,0.6534651458431555,0.26791409528488846,中性,中性,,False
学习区,BV1uz4y1475S,【洛必达法则】高考使用指南,6049183,276506,78550,230485,4836,23660,落！,,落！,0,0,2,1,0,0.0,0.0,0.0,0.0,0.0,0.0,0.0,0.0,0,0,0,0,0,0,0,0,无明显情感,未明确对象,未明确方面,中性,0,0.5359380341299813,0.0811522569971393,0.5359380341299813,0.3829097088728795,中性,中性,,False
学习区,BV1uz4y1475S,【洛必达法则】高考使用指南,6049183,276506,78550,230485,4836,23660,不存在接着洛,,不存在接着洛,0,0,4,0,0,0.0,0.0,0.0,0.0,0.0,0.0,0.0,0.0,0,0,0,0,0,0,0,0,无明显情感,未明确对象,未明确方面,中性,0,0.6030639884054425,0.23378812205250213,0.6030639884054425,0.16314788954205534,中性,中性,,False
学习区,BV1uz4y1475S,【洛必达法则】高考使用指南,6049183,276506,78550,230485,4836,23660,朱如意我喜欢你,,朱如意我喜欢你,1,0,3,0,0,1.0,1.0,0.0,1.0,0.3333333333333333,1.0,1.0,0.0,0,0,0,0,0,0,0,1,对象评价,未明确对象,未明确方面,正面,1,0.5999392823844331,0.34780632083961016,0.05225439677595686,0.5999392823844331,正面,正面,,False
学习区,BV1uz4y1475S,【洛必达法则】高考使用指南,6049183,276506,78550,230485,4836,23660,高考这样写不给分,,高考这样写不给分,0,0,6,0,0,0.0,0.0,0.0,0.0,0.0,0.0,0.0,0.0,0,0,0,0,0,0,0,0,无明显情感,未明确对象,未明确方面,中性,0,0.6211844436345512,0.2754131099082525,0.6211844436345512,0.10340244645719633,中性,中性,,False
学习区,BV1uz4y1475S,【洛必达法则】高考使用指南,6049183,276506,78550,230485,4836,23660,显然两个都不对,,显然两个都不对,0,0,5,0,0,0.0,0.0,0.0,0.0,0.0,0.0,0.0,0.0,0,0,0,0,0,0,0,0,无明显情感,未明确对象,未明确方面,中性,-1,0.4868536781241429,0.4868536781241429,0.3734112582240623,0.13973506365179478,负面,负面,,False
学习区,BV1uz4y1475S,【洛必达法则】高考使用指南,6049183,276506,78550,230485,4836,23660,完结撒花，谢谢老师,,完结撒花，谢谢老师,1,0,5,0,0,1.0,1.0,0.0,1.0,0.2,1.0,1.0,0.0,0,0,0,0,0,0,0,1,对象评价,讲解者,未明确方面,正面,1,0.8202839921389158,0.04770981023951384,0.1320061976215704,0.8202839921389158,正面,正面,,False
学习区,BV1uz4y1475S,【洛必达法则】高考使用指南,6049183,276506,78550,230485,4836,23660,好东西,,好东西,0,0,2,0,0,0.0,0.0,0.0,0.0,0.0,0.0,0.0,0.0,0,0,0,0,0,0,0,0,无明显情感,未明确对象,未明确方面,中性,0,0.4349097335436237,0.1372792458195608,0.4349097335436237,0.4278110206368155,中性,正面,,False
学习区,BV1uz4y1475S,【洛必达法则】高考使用指南,6049183,276506,78550,230485,4836,23660,LBD法则！,,LBD法则！,0,0,3,1,0,0.0,0.0,0.0,0.0,0.0,0.0,0.0,0.0,0,0,0,0,0,0,0,0,无明显情感,未明确对象,未明确方面,中性,0,0.812964536202575,0.07246923442578262,0.812964536202575,0.11456622937164224,中性,中性,,False
学习区,BV1uz4y1475S,【洛必达法则】高考使用指南,6049183,276506,78550,230485,4836,23660,导就完啦！,,导就完啦！,0,0,4,1,0,0.0,0.0,0.0,0.0,0.0,0.0,0.0,0.0,0,0,0,0,0,0,0,0,无明显情感,未明确对象,未明确方面,中性,0,0.5250439171222475,0.04352538893436147,0.5250439171222475,0.43143069394339095,中性,中性,,False
学习区,BV1uz4y1475S,【洛必达法则】高考使用指南,6049183,276506,78550,230485,4836,23660,哦！,,哦！,0,0,2,1,0,0.0,0.0,0.0,0.0,0.0,0.0,0.0,0.0,0,0,0,0,0,0,0,0,无明显情感,未明确对象,未明确方面,中性,0,0.6538331303148602,0.06951030445700551,0.6538331303148602,0.27665656522813425,中性,中性,,False
学习区,BV1uz4y1475S,【洛必达法则】高考使用指南,6049183,276506,78550,230485,4836,23660,我去！,,我去！,0,0,2,1,0,0.0,0.0,0.0,0.0,0.0,0.0,0.0,0.0,0,0,0,0,0,0,0,0,无明显情感,未明确对象,未明确方面,中性,0,0.5851354175195503,0.18028953427124436,0.5851354175195503,0.2345750482092053,中性,中性,,False
学习区,BV1uz4y1475S,【洛必达法则】高考使用指南,6049183,276506,78550,230485,4836,23660,X的绝对值在零点就不可导,,X的绝对值在零点就不可导,0,0,7,0,0,0.0,0.0,0.0,0.0,0.0,0.0,0.0,0.0,0,0,0,0,0,0,0,0,无明显情感,未明确对象,未明确方面,中性,-1,0.4830665006715915,0.4830665006715915,0.43301541779857616,0.0839180815298322,负面,负面,,False
学习区,BV1uz4y1475S,【洛必达法则】高考使用指南,6049183,276506,78550,230485,4836,23660,武林禁术,,武林禁术,0,0,2,0,0,0.0,0.0,0.0,0.0,0.0,0.0,0.0,0.0,0,0,0,0,0,0,0,0,无明显情感,未明确对象,未明确方面,中性,0,0.6585046096608349,0.14118285317383877,0.6585046096608349,0.20031253716532643,中性,中性,,False
学习区,BV1uz4y1475S,【洛必达法则】高考使用指南,6049183,276506,78550,230485,4836,23660,打卡,,打卡,0,0,1,0,0,0.0,0.0,0.0,0.0,0.0,0.0,0.0,0.0,0,0,0,0,0,0,0,0,无明显情感,未明确对象,未明确方面,中性,0,0.7795214949946084,0.02607352534647623,0.7795214949946084,0.1944049796589155,中性,中性,,False
学习区,BV1uz4y1475S,【洛必达法则】高考使用指南,6049183,276506,78550,230485,4836,23660,这是奶奶的歌单吗,,这是奶奶的歌单吗,0,0,3,0,0,0.0,0.0,0.0,0.0,0.0,0.0,0.0,0.0,0,0,0,0,0,0,0,0,无明显情感,未明确对象,未明确方面,中性,0,0.818105394416515,0.07375088662590673,0.818105394416515,0.10814371895757834,中性,中性,,False
学习区,BV1uz4y1475S,【洛必达法则】高考使用指南,6049183,276506,78550,230485,4836,23660,洛，原式一般有分数线,,洛，原式一般有分数线,0,0,7,0,0,0.0,0.0,0.0,0.0,0.0,0.0,0.0,0.0,0,0,0,0,0,0,0,0,无明显情感,未明确对象,未明确方面,中性,0,0.5255094764809338,0.28393171802032546,0.5255094764809338,0.19055880549874063,中性,中性,0.0,True
学习区,BV1uz4y1475S,【洛必达法则】高考使用指南,6049183,276506,78550,230485,4836,23660,原函数能求导，导相除极限值应存在,,原函数能求导，导相除极限值应存在,0,0,9,0,0,0.0,0.0,0.0,0.0,0.0,0.0,0.0,0.0,0,0,0,0,0,0,0,0,无明显情感,未明确对象,未明确方面,中性,0,0.7657269293340631,0.15729871278890403,0.7657269293340631,0.07697435787703301,中性,中性,,False
学习区,BV1uz4y1475S,【洛必达法则】高考使用指南,6049183,276506,78550,230485,4836,23660,分子为什么趋近于0啊,,分子为什么趋近于0啊,0,0,5,0,0,0.0,0.0,0.0,0.0,0.0,0.0,0.0,0.0,0,0,0,0,0,0,0,0,无明显情感,未明确对象,未明确方面,中性,0,0.7129696493926503,0.1875490387506315,0.7129696493926503,0.09948131185671832,中性,中性,,False
学习区,BV1uz4y1475S,【洛必达法则】高考使用指南,6049183,276506,78550,230485,4836,23660,洛！！！！！！！！！！！！！！！！！,,洛！！！！！！！！！！！！！！！！！,0,0,18,17,0,0.0,0.0,0.0,0.0,0.0,0.0,0.0,0.0,0,0,0,0,0,0,0,0,无明显情感,未明确对象,未明确方面,中性,1,0.6485789105123151,0.2598523056117798,0.09156878387590502,0.6485789105123151,正面,正面,,False
学习区,BV1uz4y1475S,【洛必达法则】高考使用指南,6049183,276506,78550,230485,4836,23660,我靠我们高三开学考压轴,,我靠我们高三开学考压轴,0,0,6,0,0,0.0,0.0,0.0,0.0,0.0,0.0,0.0,0.0,0,0,0,0,0,0,0,0,无明显情感,未明确对象,未明确方面,中性,0,0.6135439261132216,0.24686292604365664,0.6135439261132216,0.13959314784312166,中性,中性,,False
学习区,BV1uz4y1475S,【洛必达法则】高考使用指南,6049183,276506,78550,230485,4836,23660,0and∞:这就是我们热血沸腾的组合技！,,0and这就是我们热血沸腾的组合技！,1,0,7,1,0,1.0,1.0,0.0,1.0,0.14285714285714285,1.0,1.0,0.0,0,0,0,0,0,0,0,1,对象评价,未明确对象,未明确方面,正面,1,0.7987039573756954,0.04836669021880177,0.15292935240550284,0.7987039573756954,正面,正面,1.0,True
学习区,BV1uz4y1475S,【洛必达法则】高考使用指南,6049183,276506,78550,230485,4836,23660,好,,好,0,0,1,0,0,0.0,0.0,0.0,0.0,0.0,0.0,0.0,0.0,0,0,0,0,0,0,0,0,无明显情感,未明确对象,未明确方面,中性,1,0.7184967333792849,0.19940738495378396,0.08209588166693112,0.7184967333792849,正面,正面,,False
学习区,BV1uz4y1475S,【洛必达法则】高考使用指南,6049183,276506,78550,230485,4836,23660,颗秒,,颗秒,0,0,2,0,0,0.0,0.0,0.0,0.0,0.0,0.0,0.0,0.0,0,0,0,0,0,0,0,0,无明显情感,未明确对象,未明确方面,中性,0,0.5946089472730186,0.11863842145817916,0.5946089472730186,0.2867526312688023,中性,中性,,False
学习区,BV1uz4y1475S,【洛必达法则】高考使用指南,6049183,276506,78550,230485,4836,23660,哇趣哇趣,,哇趣哇趣,0,0,2,0,0,0.0,0.0,0.0,0.0,0.0,0.0,0.0,0.0,0,0,0,0,0,0,0,0,无明显情感,未明确对象,未明确方面,中性,0,0.6585046096608349,0.14118285317383877,0.6585046096608349,0.20031253716532643,中性,中性,,False
学习区,BV1uz4y1475S,【洛必达法则】高考使用指南,6049183,276506,78550,230485,4836,23660,非战斗人员请撤离,,非战斗人员请撤离,0,0,4,0,0,0.0,0.0,0.0,0.0,0.0,0.0,0.0,0.0,0,0,0,0,0,0,0,0,无明显情感,未明确对象,未明确方面,中性,0,0.6462878438700694,0.15767941730141277,0.6462878438700694,0.19603273882851782,中性,中性,,False
学习区,BV1uz4y1475S,【洛必达法则】高考使用指南,6049183,276506,78550,230485,4836,23660,啊？,,啊？,0,0,1,0,1,0.0,0.0,0.0,0.0,0.0,0.0,0.0,0.0,0,0,0,0,0,0,0,0,无明显情感,未明确对象,未明确方面,中性,-1,0.8410009028525898,0.8410009028525898,0.1226117249533641,0.036387372194046017,负面,负面,,False
学习区,BV1uz4y1475S,【洛必达法则】高考使用指南,6049183,276506,78550,230485,4836,23660,洛洛洛!!!!!,,洛洛洛!!!!!,0,0,6,5,0,0.0,0.0,0.0,0.0,0.0,0.0,0.0,0.0,0,0,0,0,0,0,0,0,无明显情感,未明确对象,未明确方面,中性,0,0.502155538262317,0.17929706044302263,0.502155538262317,0.31854740129466036,中性,中性,,False
学习区,BV1uz4y1475S,【洛必达法则】高考使用指南,6049183,276506,78550,230485,4836,23660,洛天依(bs,,洛天依bs,0,0,3,0,0,0.0,0.0,0.0,0.0,0.0,0.0,0.0,0.0,0,0,0,0,0,0,0,0,无明显情感,未明确对象,未明确方面,中性,0,0.684323062542106,0.11041691173356304,0.684323062542106,0.20526002572433102,中性,中性,,False
学习区,BV1uz4y1475S,【洛必达法则】高考使用指南,6049183,276506,78550,230485,4836,23660,别贪了，快跑,,别贪了，快跑,0,0,5,0,0,0.0,0.0,0.0,0.0,0.0,0.0,0.0,0.0,0,0,0,0,0,0,0,0,无明显情感,未明确对象,未明确方面,中性,-1,0.6961191142824953,0.6961191142824953,0.20135190285794924,0.10252898285955553,负面,负面,,False
学习区,BV1uz4y1475S,【洛必达法则】高考使用指南,6049183,276506,78550,230485,4836,23660,妈妈,,妈妈,0,0,1,0,0,0.0,0.0,0.0,0.0,0.0,0.0,0.0,0.0,0,0,0,0,0,0,0,0,无明显情感,未明确对象,未明确方面,中性,0,0.6641811267415451,0.13348938228347546,0.6641811267415451,0.20232949097497943,中性,中性,,False
学习区,BV1uz4y1475S,【洛必达法则】高考使用指南,6049183,276506,78550,230485,4836,23660,骇死我力,,骇死我力,0,0,2,0,0,0.0,0.0,0.0,0.0,0.0,0.0,0.0,0.0,0,0,0,0,0,0,0,0,无明显情感,未明确对象,未明确方面,中性,-1,0.7366269332886044,0.7366269332886044,0.16429994897513756,0.09907311773625808,负面,负面,-1.0,True
学习区,BV1uz4y1475S,【洛必达法则】高考使用指南,6049183,276506,78550,230485,4836,23660,211等我,,211等我,0,0,2,0,0,0.0,0.0,0.0,0.0,0.0,0.0,0.0,0.0,0,0,0,0,0,0,0,0,无明显情感,未明确对象,未明确方面,中性,0,0.6797751544247137,0.19228766625700702,0.6797751544247137,0.12793717931827928,中性,中性,,False
学习区,BV1uz4y1475S,【洛必达法则】高考使用指南,6049183,276506,78550,230485,4836,23660,天生端零点,,天生端零点,0,0,3,0,0,0.0,0.0,0.0,0.0,0.0,0.0,0.0,0.0,0,0,0,0,0,0,0,0,无明显情感,未明确对象,未明确方面,中性,0,0.7718828283507373,0.1051530683264822,0.7718828283507373,0.12296410332278059,中性,中性,,False
学习区,BV1uz4y1475S,【洛必达法则】高考使用指南,6049183,276506,78550,230485,4836,23660,一个二个让看右下角。又不说附加条件是什么？什么意思啊？,,一个二个让看右下角。又不说附加条件是什么？什么意思啊？,0,0,14,0,2,0.0,0.0,0.0,0.0,0.0,0.0,0.0,0.0,0,0,0,0,0,0,0,0,无明显情感,未明确对象,未明确方面,中性,-1,0.9395591723872007,0.9395591723872007,0.059013341362585396,0.001427486250213937,负面,负面,,False
学习区,BV1uz4y1475S,【洛必达法则】高考使用指南,6049183,276506,78550,230485,4836,23660,谢谢红字姐^ω^,,谢谢红字姐,1,0,2,0,0,1.0,1.0,0.0,1.0,0.5,1.0,1.0,0.0,0,0,0,0,0,0,0,1,对象评价,未明确对象,未明确方面,正面,1,0.8147714087586879,0.0596561879393403,0.12557240330197184,0.8147714087586879,正面,正面,,False
学习区,BV1uz4y1475S,【洛必达法则】高考使用指南,6049183,276506,78550,230485,4836,23660,本来听的都快睡着了……又给吵精神了哈哈哈哈,,本来听的都快睡着了又给吵精神了哈哈哈哈,1,0,10,0,0,1.0,1.0,0.0,1.0,0.1,1.0,1.0,0.0,0,0,1,0,0,0,0,1,对象评价+自身情绪,未明确对象,娱乐与趣味,正面,1,0.7910002421960686,0.08903548271721608,0.11996427508671527,0.7910002421960686,正面,正面,,False
学习区,BV1uz4y1475S,【洛必达法则】高考使用指南,6049183,276506,78550,230485,4836,23660,有什么限制条件,,有什么限制条件,0,0,4,0,0,0.0,0.0,0.0,0.0,0.0,0.0,0.0,0.0,0,0,0,0,0,0,0,0,无明显情感,未明确对象,未明确方面,中性,0,0.5311503286126438,0.4378357187752082,0.5311503286126438,0.031013952612148066,中性,中性,,False
学习区,BV1uz4y1475S,【洛必达法则】高考使用指南,6049183,276506,78550,230485,4836,23660,准高一前来报道,,准高一前来报道,0,0,4,0,0,0.0,0.0,0.0,0.0,0.0,0.0,0.0,0.0,0,0,0,0,0,0,0,0,无明显情感,未明确对象,未明确方面,中性,0,0.6834110455717944,0.2276269627743467,0.6834110455717944,0.08896199165385892,中性,中性,,False
学习区,BV1uz4y1475S,【洛必达法则】高考使用指南,6049183,276506,78550,230485,4836,23660,雷霆半月斩,,雷霆半月斩,0,0,3,0,0,0.0,0.0,0.0,0.0,0.0,0.0,0.0,0.0,0,0,0,0,0,0,0,0,无明显情感,未明确对象,未明确方面,中性,0,0.6525424904832393,0.14924331021065323,0.6525424904832393,0.19821419930610756,中性,中性,,False
学习区,BV1uz4y1475S,【洛必达法则】高考使用指南,6049183,276506,78550,230485,4836,23660,雷氏附加条件,,雷氏附加条件,0,0,2,0,0,0.0,0.0,0.0,0.0,0.0,0.0,0.0,0.0,0,0,0,0,0,0,0,0,无明显情感,未明确对象,未明确方面,中性,0,0.6585046096608349,0.14118285317383877,0.6585046096608349,0.20031253716532643,中性,中性,,False
学习区,BV1uz4y1475S,【洛必达法则】高考使用指南,6049183,276506,78550,230485,4836,23660,《奶奶进行曲》,,奶奶进行曲,0,0,2,0,0,0.0,0.0,0.0,0.0,0.0,0.0,0.0,0.0,0,0,0,0,0,0,0,0,无明显情感,未明确对象,未明确方面,中性,0,0.548019087185151,0.08386884573532939,0.548019087185151,0.3681120670795196,中性,中性,,False
学习区,BV1uz4y1475S,【洛必达法则】高考使用指南,6049183,276506,78550,230485,4836,23660,导之呼吸  壹之型  洛！,,导之呼吸壹之型洛！,0,0,5,1,0,0.0,0.0,0.0,0.0,0.0,0.0,0.0,0.0,0,0,0,0,0,0,0,0,无明显情感,未明确对象,未明确方面,中性,0,0.5576691783568855,0.06335879196703187,0.5576691783568855,0.3789720296760826,中性,中性,,False
学习区,BV1uz4y1475S,【洛必达法则】高考使用指南,6049183,276506,78550,230485,4836,23660,wuqun,,wuqun,0,0,1,0,0,0.0,0.0,0.0,0.0,0.0,0.0,0.0,0.0,0,0,0,0,0,0,0,0,无明显情感,未明确对象,未明确方面,中性,0,0.6641811267415451,0.13348938228347546,0.6641811267415451,0.20232949097497943,中性,中性,,False
学习区,BV1uz4y1475S,【洛必达法则】高考使用指南,6049183,276506,78550,230485,4836,23660,666666666,,666666666,3,0,1,0,0,3.0,3.0,0.0,3.0,3.0,3.0,3.0,0.0,0,0,0,0,0,0,0,1,对象评价,未明确对象,未明确方面,正面,1,0.9758034722201782,0.024095093161100492,0.00010143461872135229,0.9758034722201782,正面,正面,,False
学习区,BV1uz4y1475S,【洛必达法则】高考使用指南,6049183,276506,78550,230485,4836,23660,就这两种了,,就这两种了,0,0,2,0,0,0.0,0.0,0.0,0.0,0.0,0.0,0.0,0.0,0,0,0,0,0,0,0,0,无明显情感,未明确对象,未明确方面,中性,0,0.3964480942455182,0.2476045099662751,0.3964480942455182,0.3559473957882066,中性,中性,,False
学习区,BV1uz4y1475S,【洛必达法则】高考使用指南,6049183,276506,78550,230485,4836,23660,我还霞呢,,我还霞呢,0,0,1,0,0,0.0,0.0,0.0,0.0,0.0,0.0,0.0,0.0,0,0,0,0,0,0,0,0,无明显情感,未明确对象,未明确方面,中性,-1,0.557479000467314,0.557479000467314,0.3792123887517583,0.06330861078092767,负面,负面,,False
学习区,BV1uz4y1475S,【洛必达法则】高考使用指南,6049183,276506,78550,230485,4836,23660,f( －X) = －f(x),,fXfx,0,0,1,0,0,0.0,0.0,0.0,0.0,0.0,0.0,0.0,0.0,0,0,0,0,0,0,0,0,无明显情感,未明确对象,未明确方面,中性,0,0.6641811267415451,0.13348938228347546,0.6641811267415451,0.20232949097497943,中性,中性,,False
学习区,BV1uz4y1475S,【洛必达法则】高考使用指南,6049183,276506,78550,230485,4836,23660,AW 打四甲一枪胸没死敢信？我爱你琳琅地下,,AW打四甲一枪胸没死敢信？我爱你琳琅地下,0,0,10,0,1,0.0,0.0,0.0,0.0,0.0,0.0,0.0,0.0,0,0,0,0,0,0,0,0,无明显情感,未明确对象,未明确方面,中性,-1,0.6442867356193983,0.6442867356193983,0.3085908772335721,0.04712238714702962,负面,负面,,False
学习区,BV1uz4y1475S,【洛必达法则】高考使用指南,6049183,276506,78550,230485,4836,23660,王师北定中原日，家祭无忘告好球,,王师北定中原日，家祭无忘告好球,0,0,8,0,0,0.0,0.0,0.0,0.0,0.0,0.0,0.0,0.0,0,0,0,0,0,0,0,0,无明显情感,未明确对象,未明确方面,中性,0,0.5659967880085263,0.26405608891354854,0.5659967880085263,0.16994712307792537,中性,中性,,False
学习区,BV1uz4y1475S,【洛必达法则】高考使用指南,6049183,276506,78550,230485,4836,23660,continue！,,continue！,0,0,2,1,0,0.0,0.0,0.0,0.0,0.0,0.0,0.0,0.0,0,0,0,0,0,0,0,0,无明显情感,未明确对象,未明确方面,中性,0,0.5970469970219555,0.03303595872414684,0.5970469970219555,0.36991704425389754,中性,中性,,False
学习区,BV1uz4y1475S,【洛必达法则】高考使用指南,6049183,276506,78550,230485,4836,23660,109,,109,0,0,1,0,0,0.0,0.0,0.0,0.0,0.0,0.0,0.0,0.0,0,0,0,0,0,0,0,0,无明显情感,未明确对象,未明确方面,中性,0,0.7678225140867061,0.09239190186189597,0.7678225140867061,0.13978558405139785,中性,中性,,False
学习区,BV1uz4y1475S,【洛必达法则】高考使用指南,6049183,276506,78550,230485,4836,23660,洛洛洛！,,洛洛洛！,0,0,2,1,0,0.0,0.0,0.0,0.0,0.0,0.0,0.0,0.0,0,0,0,0,0,0,0,0,无明显情感,未明确对象,未明确方面,中性,0,0.6014191404432303,0.04859558453785338,0.6014191404432303,0.3499852750189163,中性,中性,,False
学习区,BV1uz4y1475S,【洛必达法则】高考使用指南,6049183,276506,78550,230485,4836,23660,斜眼法秒了,,斜眼法秒了,0,0,2,0,0,0.0,0.0,0.0,0.0,0.0,0.0,0.0,0.0,0,0,0,0,0,0,0,0,无明显情感,未明确对象,未明确方面,中性,0,0.5553858746786516,0.2772288312832641,0.5553858746786516,0.16738529403808428,中性,中性,,False
学习区,BV1uz4y1475S,【洛必达法则】高考使用指南,6049183,276506,78550,230485,4836,23660,洛神，启动！,,洛神，启动！,0,0,4,1,0,0.0,0.0,0.0,0.0,0.0,0.0,0.0,0.0,0,0,0,0,0,0,0,0,无明显情感,未明确对象,未明确方面,中性,0,0.5668029095684094,0.11520104217433341,0.5668029095684094,0.3179960482572572,中性,中性,,False
学习区,BV1uz4y1475S,【洛必达法则】高考使用指南,6049183,276506,78550,230485,4836,23660,我去求导,,我去求导,0,0,2,0,0,0.0,0.0,0.0,0.0,0.0,0.0,0.0,0.0,0,0,0,0,0,0,0,0,无明显情感,未明确对象,未明确方面,中性,0,0.4668534501322515,0.4414081399189398,0.4668534501322515,0.09173840994880862,中性,中性,,False
学习区,BV1uz4y1475S,【洛必达法则】高考使用指南,6049183,276506,78550,230485,4836,23660,我正要打问号……,,我正要打问号,0,0,2,0,0,0.0,0.0,0.0,0.0,0.0,0.0,0.0,0.0,0,0,0,0,0,0,0,0,无明显情感,未明确对象,未明确方面,中性,0,0.6185264794612042,0.27922776954574446,0.6185264794612042,0.10224575099305123,中性,中性,,False
学习区,BV1uz4y1475S,【洛必达法则】高考使用指南,6049183,276506,78550,230485,4836,23660,有,,有,0,0,1,0,0,0.0,0.0,0.0,0.0,0.0,0.0,0.0,0.0,0,0,0,0,0,0,0,0,无明显情感,未明确对象,未明确方面,中性,-1,0.7058476750145254,0.7058476750145254,0.2438685100378078,0.050283814947666754,负面,负面,,False
学习区,BV1uz4y1475S,【洛必达法则】高考使用指南,6049183,276506,78550,230485,4836,23660,高雅人士,,高雅人士,0,0,2,0,0,0.0,0.0,0.0,0.0,0.0,0.0,0.0,0.0,0,0,0,0,0,0,0,0,无明显情感,未明确对象,未明确方面,中性,0,0.6585046096608349,0.14118285317383877,0.6585046096608349,0.20031253716532643,中性,中性,,False
学习区,BV1uz4y1475S,【洛必达法则】高考使用指南,6049183,276506,78550,230485,4836,23660,听不懂了我去QAQ,,听不懂了我去QAQ,0,1,3,0,0,-1.0,0.0,1.0,1.0,0.3333333333333333,-1.0,0.0,1.0,0,0,0,1,1,0,0,1,对象评价+认知状态,未明确对象,理解与难度,负面,0,0.4983389989440158,0.3377811668552045,0.4983389989440158,0.16387983420077976,中性,负面,,False
学习区,BV1uz4y1475S,【洛必达法则】高考使用指南,6049183,276506,78550,230485,4836,23660,其实直接瞪眼就能看出来了，上面是指数正无穷，下面是数正无穷，那肯定是上面增长更快一点，所以总体来说是正无穷,,其实直接瞪眼就能看出来了，上面是指数正无穷，下面是数正无穷，那肯定是上面增长更快一点，所以总体来说是正无穷,1,0,29,0,0,1.0,1.0,0.0,1.0,0.034482758620689655,1.0,1.0,0.0,0,0,0,0,0,0,0,1,对象评价,未明确对象,未明确方面,正面,0,0.61096063607673,0.25020759873116466,0.61096063607673,0.13883176519210524,中性,中性,0.0,True
学习区,BV1uz4y1475S,【洛必达法则】高考使用指南,6049183,276506,78550,230485,4836,23660,太有用了吧！,,太有用了吧！,1,0,3,1,0,1.0,1.0,0.0,1.0,0.3333333333333333,1.0,1.0,0.0,0,0,0,0,0,0,0,1,对象评价,未明确对象,实用与收获,正面,1,0.823502149023742,0.05014619668209905,0.12635165429415895,0.823502149023742,正面,正面,,False
学习区,BV1uz4y1475S,【洛必达法则】高考使用指南,6049183,276506,78550,230485,4836,23660,哈哈,,哈哈,1,0,1,0,0,1.0,1.0,0.0,1.0,1.0,1.0,1.0,0.0,0,0,1,0,0,0,0,1,对象评价+自身情绪,未明确对象,娱乐与趣味,正面,1,0.7337358764745573,0.07490452886780331,0.19135959465763935,0.7337358764745573,正面,正面,,False
学习区,BV1uz4y1475S,【洛必达法则】高考使用指南,6049183,276506,78550,230485,4836,23660,好诡异啊,,好诡异啊,0,0,2,0,0,0.0,0.0,0.0,0.0,0.0,0.0,0.0,0.0,0,0,0,0,0,0,0,0,无明显情感,未明确对象,未明确方面,中性,-1,0.5994047448024927,0.5994047448024927,0.06052742959312966,0.34006782560437765,负面,负面,,False
学习区,BV1uz4y1475S,【洛必达法则】高考使用指南,6049183,276506,78550,230485,4836,23660,狄利克雷函数,,狄利克雷函数,0,0,3,0,0,0.0,0.0,0.0,0.0,0.0,0.0,0.0,0.0,0,0,0,0,0,0,0,0,无明显情感,未明确对象,未明确方面,中性,0,0.9352406988033748,0.026892822423479106,0.9352406988033748,0.03786647877314607,中性,中性,,False
学习区,BV1uz4y1475S,【洛必达法则】高考使用指南,6049183,276506,78550,230485,4836,23660,什么声音,,什么声音,0,0,2,0,0,0.0,0.0,0.0,0.0,0.0,0.0,0.0,0.0,0,0,0,0,0,0,0,0,无明显情感,视频内容,视听体验,中性,0,0.5616221680470946,0.32343140500145023,0.5616221680470946,0.11494642695145513,中性,中性,0.0,True
学习区,BV1uz4y1475S,【洛必达法则】高考使用指南,6049183,276506,78550,230485,4836,23660,他叫我小笨蛋啊啊啊啊啊啊啊啊啊啊啊,,他叫我小笨蛋啊啊啊啊啊啊啊啊啊啊啊,0,0,5,0,0,0.0,0.0,0.0,0.0,0.0,0.0,0.0,0.0,0,0,0,0,0,0,0,0,无明显情感,未明确对象,未明确方面,中性,0,0.5303978204047933,0.2554772213286637,0.5303978204047933,0.214124958266543,中性,中性,,False
学习区,BV1uz4y1475S,【洛必达法则】高考使用指南,6049183,276506,78550,230485,4836,23660,五级录过,,五级录过,0,0,2,0,0,0.0,0.0,0.0,0.0,0.0,0.0,0.0,0.0,0,0,0,0,0,0,0,0,无明显情感,未明确对象,未明确方面,中性,0,0.6585046096608349,0.14118285317383877,0.6585046096608349,0.20031253716532643,中性,中性,,False
学习区,BV1uz4y1475S,【洛必达法则】高考使用指南,6049183,276506,78550,230485,4836,23660,对不起,,对不起,0,0,1,0,0,0.0,0.0,0.0,0.0,0.0,0.0,0.0,0.0,0,0,0,0,0,0,0,0,无明显情感,未明确对象,未明确方面,中性,0,0.6641811267415451,0.13348938228347546,0.6641811267415451,0.20232949097497943,中性,中性,,False
学习区,BV1uz4y1475S,【洛必达法则】高考使用指南,6049183,276506,78550,230485,4836,23660,洛它,,洛它,0,0,1,0,0,0.0,0.0,0.0,0.0,0.0,0.0,0.0,0.0,0,0,0,0,0,0,0,0,无明显情感,未明确对象,未明确方面,中性,0,0.6641811267415451,0.13348938228347546,0.6641811267415451,0.20232949097497943,中性,中性,,False
学习区,BV1uz4y1475S,【洛必达法则】高考使用指南,6049183,276506,78550,230485,4836,23660,高一看地懂,,高一看地懂,0,0,3,0,0,0.0,0.0,0.0,0.0,0.0,0.0,0.0,0.0,0,0,0,0,0,0,0,0,无明显情感,未明确对象,未明确方面,中性,0,0.6146215931828262,0.2428405214918958,0.6146215931828262,0.14253788532527809,中性,中性,,False
学习区,BV1uz4y1475S,【洛必达法则】高考使用指南,6049183,276506,78550,230485,4836,23660,高一的装啥装看这个有屁用,,高一的装啥装看这个有屁用,0,0,8,0,0,0.0,0.0,0.0,0.0,0.0,0.0,0.0,0.0,0,0,0,0,0,0,0,0,无明显情感,未明确对象,未明确方面,中性,-1,0.8063551837946427,0.8063551837946427,0.16957210677412451,0.024072709431232943,负面,负面,-1.0,True
学习区,BV1uz4y1475S,【洛必达法则】高考使用指南,6049183,276506,78550,230485,4836,23660,还有互动,,还有互动,0,0,2,0,0,0.0,0.0,0.0,0.0,0.0,0.0,0.0,0.0,0,0,0,0,0,0,0,0,无明显情感,未明确对象,未明确方面,中性,-1,0.40669486657860926,0.40669486657860926,0.36682439026828967,0.22648074315310113,负面,负面,,False
学习区,BV1uz4y1475S,【洛必达法则】高考使用指南,6049183,276506,78550,230485,4836,23660,循环论证,,循环论证,0,0,1,0,0,0.0,0.0,0.0,0.0,0.0,0.0,0.0,0.0,0,0,0,0,0,0,0,0,无明显情感,未明确对象,未明确方面,中性,0,0.6641811267415451,0.13348938228347546,0.6641811267415451,0.20232949097497943,中性,中性,,False
学习区,BV1uz4y1475S,【洛必达法则】高考使用指南,6049183,276506,78550,230485,4836,23660,吓死我了,,吓死我了,0,1,1,0,0,-1.0,0.0,1.0,1.0,1.0,-1.0,0.0,1.0,0,0,0,0,0,0,0,1,对象评价,未明确对象,未明确方面,负面,-1,0.9909513857248506,0.9909513857248506,0.0035432509868615326,0.005505363288288003,负面,负面,,False
学习区,BV1uz4y1475S,【洛必达法则】高考使用指南,6049183,276506,78550,230485,4836,23660,666666666666666666666,,666666666666666666666,7,0,1,0,0,7.0,7.0,0.0,7.0,7.0,7.0,7.0,0.0,0,0,0,0,0,0,0,1,对象评价,未明确对象,未明确方面,正面,1,0.999106310882847,0.0008936889602737718,1.5687916403581652e-10,0.999106310882847,正面,正面,,False
学习区,BV1uz4y1475S,【洛必达法则】高考使用指南,6049183,276506,78550,230485,4836,23660,禁止隔空对话！,,禁止隔空对话！,0,0,4,1,0,0.0,0.0,0.0,0.0,0.0,0.0,0.0,0.0,0,0,0,0,0,0,0,0,无明显情感,未明确对象,未明确方面,中性,0,0.5980099615664506,0.05498622027219896,0.5980099615664506,0.34700381816135034,中性,中性,,False
学习区,BV1uz4y1475S,【洛必达法则】高考使用指南,6049183,276506,78550,230485,4836,23660,第一秒没看出区别,,第一秒没看出区别,0,0,5,0,0,0.0,0.0,0.0,0.0,0.0,0.0,0.0,0.0,0,0,0,0,0,0,0,0,无明显情感,未明确对象,未明确方面,中性,0,0.5898194998833582,0.2523939167655021,0.5898194998833582,0.15778658335113965,中性,中性,,False
学习区,BV1uz4y1475S,【洛必达法则】高考使用指南,6049183,276506,78550,230485,4836,23660,不管了，直接洛,,不管了，直接洛,0,0,4,0,0,0.0,0.0,0.0,0.0,0.0,0.0,0.0,0.0,0,0,0,0,0,0,0,0,无明显情感,未明确对象,未明确方面,中性,0,0.50865871334293,0.34525407284992193,0.50865871334293,0.14608721380714806,中性,中性,,False
学习区,BV1uz4y1475S,【洛必达法则】高考使用指南,6049183,276506,78550,230485,4836,23660,[OHHHH],,OHHHH,1,0,1,0,0,1.2,1.2,0.0,1.2,1.0,1.2,1.2,0.0,0,0,0,0,0,0,0,1,对象评价,未明确对象,未明确方面,正面,1,0.7406135643783034,0.17598250810310373,0.08340392751859296,0.7406135643783034,正面,正面,,False
学习区,BV1uz4y1475S,【洛必达法则】高考使用指南,6049183,276506,78550,230485,4836,23660,[OHHHHHHHHHHHHHHHHHHHHHHHHHH],,OHHHHHHHHHHHHHHHHHHHHHHHHHH,1,0,1,0,0,1.2,1.2,0.0,1.2,1.0,1.2,1.2,0.0,0,0,0,0,0,0,0,1,对象评价,未明确对象,未明确方面,正面,1,0.7406135643783034,0.17598250810310373,0.08340392751859296,0.7406135643783034,正面,正面,,False
学习区,BV1uz4y1475S,【洛必达法则】高考使用指南,6049183,276506,78550,230485,4836,23660,[OHHHHHHHHHH],,OHHHHHHHHHH,1,0,1,0,0,1.2,1.2,0.0,1.2,1.0,1.2,1.2,0.0,0,0,0,0,0,0,0,1,对象评价,未明确对象,未明确方面,正面,1,0.7406135643783034,0.17598250810310373,0.08340392751859296,0.7406135643783034,正面,正面,,False
学习区,BV1uz4y1475S,【洛必达法则】高考使用指南,6049183,276506,78550,230485,4836,23660,当然是右边，因为x不能为零啊,,当然是右边，因为x不能为零啊,0,0,8,0,0,0.0,0.0,0.0,0.0,0.0,0.0,0.0,0.0,0,0,0,0,0,0,0,0,无明显情感,未明确对象,未明确方面,中性,0,0.8094243937668949,0.13680560570811315,0.8094243937668949,0.05377000052499193,中性,中性,,False
学习区,BV1uz4y1475S,【洛必达法则】高考使用指南,6049183,276506,78550,230485,4836,23660,这是导完了,,这是导完了,0,1,2,0,0,-1.0,0.0,1.0,1.0,0.5,-1.0,0.0,1.0,0,0,0,0,0,0,0,1,对象评价,未明确对象,未明确方面,负面,0,0.7626665793408972,0.1333455431941005,0.7626665793408972,0.10398787746500224,中性,中性,0.0,True
学习区,BV1uz4y1475S,【洛必达法则】高考使用指南,6049183,276506,78550,230485,4836,23660,人机,,人机,0,0,1,0,0,0.0,0.0,0.0,0.0,0.0,0.0,0.0,0.0,0,0,0,0,0,0,0,0,无明显情感,未明确对象,未明确方面,中性,0,0.6641811267415451,0.13348938228347546,0.6641811267415451,0.20232949097497943,中性,中性,,False
学习区,BV1uz4y1475S,【洛必达法则】高考使用指南,6049183,276506,78550,230485,4836,23660,丁达尔秒了,,丁达尔秒了,0,0,2,0,0,0.0,0.0,0.0,0.0,0.0,0.0,0.0,0.0,0,0,0,0,0,0,0,0,无明显情感,未明确对象,未明确方面,中性,0,0.5782202703759592,0.14973492429216795,0.5782202703759592,0.27204480533187286,中性,中性,,False
学习区,BV1uz4y1475S,【洛必达法则】高考使用指南,6049183,276506,78550,230485,4836,23660,都不用洛,,都不用洛,0,0,3,0,0,0.0,0.0,0.0,0.0,0.0,0.0,0.0,0.0,0,0,0,0,0,0,0,0,无明显情感,未明确对象,未明确方面,中性,0,0.5044462049732917,0.17026368705194567,0.5044462049732917,0.32529010797476254,中性,中性,,False
学习区,BV1uz4y1475S,【洛必达法则】高考使用指南,6049183,276506,78550,230485,4836,23660,66666666666666666666666666666666666666,,66666666666666666666666666666666666666,12,0,1,0,0,12.0,12.0,0.0,12.0,12.0,12.0,12.0,0.0,0,0,0,0,0,0,0,1,对象评价,未明确对象,未明确方面,正面,1,0.9999859235086659,1.4076491334164413e-05,8.323952795518007e-18,0.9999859235086659,正面,正面,,False
学习区,BV1uz4y1475S,【洛必达法则】高考使用指南,6049183,276506,78550,230485,4836,23660,这我知道，列举法_(:з」∠)_,,这我知道，列举法,0,0,4,0,0,0.0,0.0,0.0,0.0,0.0,0.0,0.0,0.0,0,0,0,0,0,0,0,0,无明显情感,未明确对象,未明确方面,中性,-1,0.5399955184542821,0.5399955184542821,0.2972901963606504,0.16271428518506753,负面,负面,,False
学习区,BV1uz4y1475S,【洛必达法则】高考使用指南,6049183,276506,78550,230485,4836,23660,李梓宁我喜欢你,,李梓宁我喜欢你,1,0,2,0,0,1.0,1.0,0.0,1.0,0.5,1.0,1.0,0.0,0,0,0,0,0,0,0,1,对象评价,未明确对象,未明确方面,正面,1,0.5923557885925173,0.36943145532812116,0.03821275607936157,0.5923557885925173,正面,正面,,False
学习区,BV1uz4y1475S,【洛必达法则】高考使用指南,6049183,276506,78550,230485,4836,23660,碣石潇湘无限洛,,碣石潇湘无限洛,0,0,4,0,0,0.0,0.0,0.0,0.0,0.0,0.0,0.0,0.0,0,0,0,0,0,0,0,0,无明显情感,未明确对象,未明确方面,中性,0,0.6342951266820425,0.08540720993514155,0.6342951266820425,0.28029766338281614,中性,中性,,False
学习区,BV1uz4y1475S,【洛必达法则】高考使用指南,6049183,276506,78550,230485,4836,23660,看增长率好一点,,看增长率好一点,0,0,4,0,0,0.0,0.0,0.0,0.0,0.0,0.0,0.0,0.0,0,0,0,0,0,0,0,0,无明显情感,未明确对象,未明确方面,中性,0,0.5062774571835185,0.30100057845674083,0.5062774571835185,0.1927219643597407,中性,中性,,False
学习区,BV1uz4y1475S,【洛必达法则】高考使用指南,6049183,276506,78550,230485,4836,23660,有谁在看的,,有谁在看的,0,0,4,0,0,0.0,0.0,0.0,0.0,0.0,0.0,0.0,0.0,0,0,0,0,0,0,0,0,无明显情感,未明确对象,未明确方面,中性,-1,0.623096393562151,0.623096393562151,0.2898571429115113,0.08704646352633771,负面,负面,,False
学习区,BV1uz4y1475S,【洛必达法则】高考使用指南,6049183,276506,78550,230485,4836,23660,前方《硝苯氮》预警！！！,,前方硝苯氮预警！！！,0,0,7,3,0,0.0,0.0,0.0,0.0,0.0,0.0,0.0,0.0,0,0,0,0,0,0,0,0,无明显情感,未明确对象,未明确方面,中性,0,0.45518711681951857,0.27177566864724695,0.45518711681951857,0.2730372145332343,中性,中性,,False
学习区,BV1uz4y1475S,【洛必达法则】高考使用指南,6049183,276506,78550,230485,4836,23660,左边。,,左边。,0,0,2,0,0,0.0,0.0,0.0,0.0,0.0,0.0,0.0,0.0,0,0,0,0,0,0,0,0,无明显情感,未明确对象,未明确方面,中性,0,0.6414594357828434,0.08540017729748388,0.6414594357828434,0.27314038691967274,中性,中性,,False
学习区,BV1uz4y1475S,【洛必达法则】高考使用指南,6049183,276506,78550,230485,4836,23660,国一带土,,国一带土,0,0,3,0,0,0.0,0.0,0.0,0.0,0.0,0.0,0.0,0.0,0,0,0,0,0,0,0,0,无明显情感,未明确对象,未明确方面,中性,0,0.6525424904832393,0.14924331021065323,0.6525424904832393,0.19821419930610756,中性,中性,,False
学习区,BV1uz4y1475S,【洛必达法则】高考使用指南,6049183,276506,78550,230485,4836,23660,正负,,正负,0,0,1,0,0,0.0,0.0,0.0,0.0,0.0,0.0,0.0,0.0,0,0,0,0,0,0,0,0,无明显情感,未明确对象,未明确方面,中性,0,0.7286926911798246,0.11648818129188561,0.7286926911798246,0.15481912752828975,中性,中性,,False
学习区,BV1uz4y1475S,【洛必达法则】高考使用指南,6049183,276506,78550,230485,4836,23660,woc果然是禁术啊！,,woc果然是禁术啊！,0,0,4,1,0,0.0,0.0,0.0,0.0,0.0,0.0,0.0,0.0,0,0,0,0,0,0,0,0,无明显情感,未明确对象,未明确方面,中性,1,0.5556727134769572,0.11512439574852784,0.3292028907745149,0.5556727134769572,正面,正面,1.0,True
学习区,BV1uz4y1475S,【洛必达法则】高考使用指南,6049183,276506,78550,230485,4836,23660,终于知道为啥那个奥数题一堆极限做题的了,,终于知道为啥那个奥数题一堆极限做题的了,0,0,9,0,0,0.0,0.0,0.0,0.0,0.0,0.0,0.0,0.0,0,0,0,0,0,0,0,0,无明显情感,未明确对象,未明确方面,中性,-1,0.5778382962718596,0.5778382962718596,0.24902778381580992,0.17313391991233046,负面,负面,,False
学习区,BV1uz4y1475S,【洛必达法则】高考使用指南,6049183,276506,78550,230485,4836,23660,？这么强？,,？这么强？,0,0,4,0,2,0.0,0.0,0.0,0.0,0.0,0.0,0.0,0.0,0,0,0,0,0,0,0,0,无明显情感,未明确对象,未明确方面,中性,-1,0.8606908061693234,0.8606908061693234,0.12107738905302255,0.01823180477765408,负面,负面,,False
学习区,BV1uz4y1475S,【洛必达法则】高考使用指南,6049183,276506,78550,230485,4836,23660,指数性质，直接秒了,,指数性质，直接秒了,0,0,5,0,0,0.0,0.0,0.0,0.0,0.0,0.0,0.0,0.0,0,0,0,0,0,0,0,0,无明显情感,未明确对象,未明确方面,中性,0,0.4905123681056046,0.2949512324560391,0.4905123681056046,0.2145363994383564,中性,中性,,False
学习区,BV1uz4y1475S,【洛必达法则】高考使用指南,6049183,276506,78550,230485,4836,23660,大一没听懂,,大一没听懂,0,0,3,0,0,0.0,0.0,0.0,0.0,0.0,0.0,0.0,0.0,0,0,0,0,0,0,0,0,无明显情感,未明确对象,未明确方面,中性,-1,0.8578624718939845,0.8578624718939845,0.07908249201385226,0.06305503609216334,负面,负面,,False
学习区,BV1uz4y1475S,【洛必达法则】高考使用指南,6049183,276506,78550,230485,4836,23660,这函数太经典了,,这函数太经典了,1,0,3,0,0,1.8,1.8,0.0,1.8,0.3333333333333333,1.8,1.8,0.0,0,0,0,0,0,0,0,1,对象评价,未明确对象,未明确方面,正面,0,0.6600327974302448,0.023594930260224103,0.6600327974302448,0.3163722723095311,中性,中性,0.0,True
学习区,BV1uz4y1475S,【洛必达法则】高考使用指南,6049183,276506,78550,230485,4836,23660,其实我两倍速,,其实我两倍速,0,0,3,0,0,0.0,0.0,0.0,0.0,0.0,0.0,0.0,0.0,0,0,0,0,0,0,0,0,无明显情感,未明确对象,节奏与效率,中性,0,0.4901917158211809,0.4588810022950896,0.4901917158211809,0.05092728188372941,中性,中性,,False
学习区,BV1uz4y1475S,【洛必达法则】高考使用指南,6049183,276506,78550,230485,4836,23660,给我继续洛！,,给我继续洛！,0,0,4,1,0,0.0,0.0,0.0,0.0,0.0,0.0,0.0,0.0,0,0,0,0,0,0,0,0,无明显情感,未明确对象,未明确方面,中性,0,0.5224006210709075,0.08307804132308583,0.5224006210709075,0.3945213376060068,中性,中性,,False
学习区,BV1uz4y1475S,【洛必达法则】高考使用指南,6049183,276506,78550,230485,4836,23660,一数必修一的书里有,,一数必修一的书里有,0,0,5,0,0,0.0,0.0,0.0,0.0,0.0,0.0,0.0,0.0,0,0,0,0,0,0,0,0,无明显情感,未明确对象,未明确方面,中性,0,0.5282373597977513,0.3600545753658449,0.5282373597977513,0.11170806483640373,中性,中性,,False
学习区,BV1uz4y1475S,【洛必达法则】高考使用指南,6049183,276506,78550,230485,4836,23660,《娶不到》,,娶不到,0,0,2,0,0,0.0,0.0,0.0,0.0,0.0,0.0,0.0,0.0,0,0,0,0,0,0,0,0,无明显情感,未明确对象,未明确方面,中性,0,0.5133578750965477,0.3090068193330757,0.5133578750965477,0.1776353055703766,中性,中性,,False
学习区,BV1uz4y1475S,【洛必达法则】高考使用指南,6049183,276506,78550,230485,4836,23660,神奇的恶疾,,神奇的恶疾,0,0,2,0,0,0.0,0.0,0.0,0.0,0.0,0.0,0.0,0.0,0,0,0,0,0,0,0,0,无明显情感,未明确对象,未明确方面,中性,0,0.5225573323436628,0.16804047985771123,0.5225573323436628,0.30940218779862616,中性,中性,,False
学习区,BV1uz4y1475S,【洛必达法则】高考使用指南,6049183,276506,78550,230485,4836,23660,洛可可,,洛可可,0,0,1,0,0,0.0,0.0,0.0,0.0,0.0,0.0,0.0,0.0,0,0,0,0,0,0,0,0,无明显情感,未明确对象,未明确方面,中性,0,0.6641811267415451,0.13348938228347546,0.6641811267415451,0.20232949097497943,中性,中性,,False
学习区,BV1uz4y1475S,【洛必达法则】高考使用指南,6049183,276506,78550,230485,4836,23660,夯爆了,,夯爆了,0,0,1,0,0,0.0,0.0,0.0,0.0,0.0,0.0,0.0,0.0,0,0,0,0,0,0,0,0,无明显情感,未明确对象,未明确方面,中性,0,0.5650521410051617,0.264404685410483,0.5650521410051617,0.17054317358435528,中性,中性,,False
学习区,BV1uz4y1475S,【洛必达法则】高考使用指南,6049183,276506,78550,230485,4836,23660,我滴妈,,我滴妈,0,0,2,0,0,0.0,0.0,0.0,0.0,0.0,0.0,0.0,0.0,0,0,0,0,0,0,0,0,无明显情感,未明确对象,未明确方面,中性,0,0.6585046096608349,0.14118285317383877,0.6585046096608349,0.20031253716532643,中性,中性,,False
学习区,BV1uz4y1475S,【洛必达法则】高考使用指南,6049183,276506,78550,230485,4836,23660,奶奶和姥姥,,奶奶和姥姥,0,0,2,0,0,0.0,0.0,0.0,0.0,0.0,0.0,0.0,0.0,0,0,0,0,0,0,0,0,无明显情感,未明确对象,未明确方面,中性,0,0.5062603031406532,0.17368168325148975,0.5062603031406532,0.32005801360785713,中性,中性,,False
学习区,BV1uz4y1475S,【洛必达法则】高考使用指南,6049183,276506,78550,230485,4836,23660,小八嘎,,小八嘎,0,0,2,0,0,0.0,0.0,0.0,0.0,0.0,0.0,0.0,0.0,0,0,0,0,0,0,0,0,无明显情感,未明确对象,未明确方面,中性,0,0.6122982113539315,0.10764783724846305,0.6122982113539315,0.28005395139760547,中性,中性,,False
学习区,BV1uz4y1475S,【洛必达法则】高考使用指南,6049183,276506,78550,230485,4836,23660,我原来是小笨蛋嘛~,,我原来是小笨蛋嘛,0,0,3,0,0,0.0,0.0,0.0,0.0,0.0,0.0,0.0,0.0,0,0,0,0,0,0,0,0,无明显情感,未明确对象,未明确方面,中性,0,0.7659326811798561,0.11634689508218451,0.7659326811798561,0.11772042373795943,中性,中性,,False
学习区,BV1uz4y1475S,【洛必达法则】高考使用指南,6049183,276506,78550,230485,4836,23660,给我掉！！！,,给我掉！！！,0,0,5,3,0,0.0,0.0,0.0,0.0,0.0,0.0,0.0,0.0,0,0,0,0,0,0,0,0,无明显情感,未明确对象,未明确方面,中性,-1,0.3683260538138926,0.3683260538138926,0.31605380325088206,0.31562014293522545,负面,中性,0.0,True
学习区,BV1uz4y1475S,【洛必达法则】高考使用指南,6049183,276506,78550,230485,4836,23660,耐克,,耐克,0,0,1,0,0,0.0,0.0,0.0,0.0,0.0,0.0,0.0,0.0,0,0,0,0,0,0,0,0,无明显情感,未明确对象,未明确方面,中性,0,0.6641811267415451,0.13348938228347546,0.6641811267415451,0.20232949097497943,中性,中性,,False
学习区,BV1uz4y1475S,【洛必达法则】高考使用指南,6049183,276506,78550,230485,4836,23660,你就洛呗,,你就洛呗,0,0,3,0,0,0.0,0.0,0.0,0.0,0.0,0.0,0.0,0.0,0,0,0,0,0,0,0,0,无明显情感,未明确对象,未明确方面,中性,0,0.48350601453516806,0.1658134041632422,0.48350601453516806,0.35068058130158974,中性,中性,,False
学习区,BV1uz4y1475S,【洛必达法则】高考使用指南,6049183,276506,78550,230485,4836,23660,真棒,,真棒,1,0,1,0,0,1.0,1.0,0.0,1.0,1.0,1.0,1.0,0.0,0,0,0,0,0,0,0,1,对象评价,未明确对象,未明确方面,正面,1,0.7129372537708775,0.20499468037722357,0.08206806585189903,0.7129372537708775,正面,正面,,False
学习区,BV1uz4y1475S,【洛必达法则】高考使用指南,6049183,276506,78550,230485,4836,23660,妙啊～,,妙啊,0,0,1,0,0,0.0,0.0,0.0,0.0,0.0,0.0,0.0,0.0,0,0,0,0,0,0,0,0,无明显情感,未明确对象,未明确方面,中性,-1,0.6772350798507288,0.6772350798507288,0.18303419170076352,0.13973072844850765,负面,负面,,False
学习区,BV1uz4y1475S,【洛必达法则】高考使用指南,6049183,276506,78550,230485,4836,23660,在图书馆里还以为这个音乐是别人放的…视频和音乐一动一停，我还以为手机被入侵了,,在图书馆里还以为这个音乐是别人放的视频和音乐一动一停，我还以为手机被入侵了,0,0,20,0,0,0.0,0.0,0.0,0.0,0.0,0.0,0.0,0.0,0,0,0,0,0,0,0,0,无明显情感,视频内容,未明确方面,中性,-1,0.6115243047561625,0.6115243047561625,0.3137747406470046,0.07470095459683303,负面,负面,,False
学习区,BV1uz4y1475S,【洛必达法则】高考使用指南,6049183,276506,78550,230485,4836,23660,小猪我爱你,,小猪我爱你,0,0,2,0,0,0.0,0.0,0.0,0.0,0.0,0.0,0.0,0.0,0,0,0,0,0,0,0,0,无明显情感,未明确对象,未明确方面,中性,1,0.543398820403387,0.11784412855471457,0.3387570510418984,0.543398820403387,正面,正面,1.0,True
学习区,BV1uz4y1475S,【洛必达法则】高考使用指南,6049183,276506,78550,230485,4836,23660,SOS，这个背了好久背不下来,,SOS，这个背了好久背不下来,0,0,8,0,0,0.0,0.0,0.0,0.0,0.0,0.0,0.0,0.0,0,0,0,0,0,0,0,0,无明显情感,未明确对象,未明确方面,中性,-1,0.9285158860353293,0.9285158860353293,0.0555066391279922,0.015977474836678475,负面,负面,,False
学习区,BV1uz4y1475S,【洛必达法则】高考使用指南,6049183,276506,78550,230485,4836,23660,姥姥：呜呜呜，我被抛弃了吗,,姥姥呜呜呜，我被抛弃了吗,0,1,5,0,0,-1.0,0.0,1.0,1.0,0.2,-1.0,0.0,1.0,0,0,0,0,0,0,0,1,对象评价,未明确对象,未明确方面,负面,-1,0.8169850807010268,0.8169850807010268,0.13660183166632003,0.04641308763265311,负面,负面,-1.0,True
学习区,BV1uz4y1475S,【洛必达法则】高考使用指南,6049183,276506,78550,230485,4836,23660,前面的，请看一下洛必达法则的定义，是上下分别求导哦！,,前面的，请看一下洛必达法则的定义，是上下分别求导哦！,0,0,13,1,0,0.0,0.0,0.0,0.0,0.0,0.0,0.0,0.0,0,0,0,0,0,0,0,0,无明显情感,未明确对象,未明确方面,中性,-1,0.5084944400992766,0.5084944400992766,0.4624790734150992,0.029026486485624222,负面,负面,,False
学习区,BV1uz4y1475S,【洛必达法则】高考使用指南,6049183,276506,78550,230485,4836,23660,x取不上0,,x取不上0,0,0,3,0,0,0.0,0.0,0.0,0.0,0.0,0.0,0.0,0.0,0,0,0,0,0,0,0,0,无明显情感,未明确对象,未明确方面,中性,0,0.7434441292393086,0.1469493439694582,0.7434441292393086,0.10960652679123326,中性,中性,,False
学习区,BV1uz4y1475S,【洛必达法则】高考使用指南,6049183,276506,78550,230485,4836,23660,这倒提醒我了,,这倒提醒我了,0,0,2,0,0,0.0,0.0,0.0,0.0,0.0,0.0,0.0,0.0,0,0,0,0,0,0,0,0,无明显情感,未明确对象,未明确方面,中性,0,0.5352344414694641,0.32265462709164977,0.5352344414694641,0.142110931438886,中性,中性,,False
学习区,BV1uz4y1475S,【洛必达法则】高考使用指南,6049183,276506,78550,230485,4836,23660,你看，又唱,,你看，又唱,0,0,4,0,0,0.0,0.0,0.0,0.0,0.0,0.0,0.0,0.0,0,0,0,0,0,0,0,0,无明显情感,未明确对象,未明确方面,中性,0,0.6461032333954183,0.16180175638770442,0.6461032333954183,0.19209501021687722,中性,中性,,False
学习区,BV1uz4y1475S,【洛必达法则】高考使用指南,6049183,276506,78550,230485,4836,23660,C,,C,0,0,1,0,0,0.0,0.0,0.0,0.0,0.0,0.0,0.0,0.0,0,0,0,0,0,0,0,0,无明显情感,未明确对象,未明确方面,中性,0,0.7751089631835826,0.08582425029423889,0.7751089631835826,0.13906678652217858,中性,中性,,False
学习区,BV1uz4y1475S,【洛必达法则】高考使用指南,6049183,276506,78550,230485,4836,23660,完结散花,,完结散花,0,0,2,0,0,0.0,0.0,0.0,0.0,0.0,0.0,0.0,0.0,0,0,0,0,0,0,0,0,无明显情感,未明确对象,未明确方面,中性,0,0.6585046096608349,0.14118285317383877,0.6585046096608349,0.20031253716532643,中性,中性,,False
学习区,BV1uz4y1475S,【洛必达法则】高考使用指南,6049183,276506,78550,230485,4836,23660,准高三,,准高三,0,0,2,0,0,0.0,0.0,0.0,0.0,0.0,0.0,0.0,0.0,0,0,0,0,0,0,0,0,无明显情感,未明确对象,未明确方面,中性,0,0.5359396229138035,0.3376130515122187,0.5359396229138035,0.12644732557397778,中性,中性,,False
学习区,BV1uz4y1475S,【洛必达法则】高考使用指南,6049183,276506,78550,230485,4836,23660,震撼首发,,震撼首发,1,0,2,0,0,1.0,1.0,0.0,1.0,0.5,1.0,1.0,0.0,0,0,0,0,0,0,0,1,对象评价,未明确对象,未明确方面,正面,1,0.6734496248502706,0.13628894596425456,0.19026142918547478,0.6734496248502706,正面,正面,1.0,True
学习区,BV1uz4y1475S,【洛必达法则】高考使用指南,6049183,276506,78550,230485,4836,23660,洛丽塔,,洛丽塔,0,0,1,0,0,0.0,0.0,0.0,0.0,0.0,0.0,0.0,0.0,0,0,0,0,0,0,0,0,无明显情感,未明确对象,未明确方面,中性,0,0.6641811267415451,0.13348938228347546,0.6641811267415451,0.20232949097497943,中性,中性,,False
学习区,BV1uz4y1475S,【洛必达法则】高考使用指南,6049183,276506,78550,230485,4836,23660,冇,,冇,0,0,1,0,0,0.0,0.0,0.0,0.0,0.0,0.0,0.0,0.0,0,0,0,0,0,0,0,0,无明显情感,未明确对象,未明确方面,中性,0,0.6641811267415451,0.13348938228347546,0.6641811267415451,0.20232949097497943,中性,中性,,False
学习区,BV1uz4y1475S,【洛必达法则】高考使用指南,6049183,276506,78550,230485,4836,23660,要连续可导吧,,要连续可导吧,0,0,3,0,0,0.0,0.0,0.0,0.0,0.0,0.0,0.0,0.0,0,0,0,0,0,0,0,0,无明显情感,未明确对象,未明确方面,中性,0,0.6626578002374569,0.16178035180403455,0.6626578002374569,0.17556184795850843,中性,中性,,False
学习区,BV1uz4y1475S,【洛必达法则】高考使用指南,6049183,276506,78550,230485,4836,23660,你在左边我紧靠右,,你在左边我紧靠右,0,0,4,0,0,0.0,0.0,0.0,0.0,0.0,0.0,0.0,0.0,0,0,0,0,0,0,0,0,无明显情感,未明确对象,未明确方面,中性,0,0.5836039515659772,0.33142396432245225,0.5836039515659772,0.0849720841115707,中性,中性,,False
学习区,BV1uz4y1475S,【洛必达法则】高考使用指南,6049183,276506,78550,230485,4836,23660,3666666666666666666666666666,,3666666666666666666666666666,9,0,1,0,0,9.0,9.0,0.0,9.0,9.0,9.0,9.0,0.0,0,0,0,0,0,0,0,1,对象评价,未明确对象,未明确方面,正面,1,0.9998297143691111,0.00017028563069089805,1.9799381759153515e-13,0.9998297143691111,正面,正面,,False
学习区,BV1uz4y1475S,【洛必达法则】高考使用指南,6049183,276506,78550,230485,4836,23660,弹幕呢？,,弹幕呢？,0,0,2,0,1,0.0,0.0,0.0,0.0,0.0,0.0,0.0,0.0,0,0,0,0,0,0,0,0,无明显情感,未明确对象,未明确方面,中性,0,0.4856756462565407,0.4397685618121725,0.4856756462565407,0.07455579193128684,中性,中性,,False
学习区,BV1uz4y1475S,【洛必达法则】高考使用指南,6049183,276506,78550,230485,4836,23660,我奶在我旁边,,我奶在我旁边,0,0,3,0,0,0.0,0.0,0.0,0.0,0.0,0.0,0.0,0.0,0,0,0,0,0,0,0,0,无明显情感,未明确对象,未明确方面,中性,0,0.6578369871264615,0.26896188655568426,0.6578369871264615,0.0732011263178541,中性,中性,,False
学习区,BV1uz4y1475S,【洛必达法则】高考使用指南,6049183,276506,78550,230485,4836,23660,导数六扇门,,导数六扇门,0,0,3,0,0,0.0,0.0,0.0,0.0,0.0,0.0,0.0,0.0,0,0,0,0,0,0,0,0,无明显情感,未明确对象,未明确方面,中性,0,0.5415042612425432,0.22100325740490498,0.5415042612425432,0.23749248135255166,中性,中性,,False
学习区,BV1uz4y1475S,【洛必达法则】高考使用指南,6049183,276506,78550,230485,4836,23660,B吧,,B吧,0,0,1,0,0,0.0,0.0,0.0,0.0,0.0,0.0,0.0,0.0,0,0,0,0,0,0,0,0,无明显情感,未明确对象,未明确方面,中性,0,0.6654466145856451,0.09712586327762306,0.6654466145856451,0.23742752213673193,中性,中性,,False
学习区,BV1uz4y1475S,【洛必达法则】高考使用指南,6049183,276506,78550,230485,4836,23660,啊！我看定义域,,啊！我看定义域,0,0,3,1,0,0.0,0.0,0.0,0.0,0.0,0.0,0.0,0.0,0,0,0,0,0,0,0,0,无明显情感,未明确对象,未明确方面,中性,1,0.5228694218644809,0.11013674066501403,0.3669938374705051,0.5228694218644809,正面,正面,,False
学习区,BV1uz4y1475S,【洛必达法则】高考使用指南,6049183,276506,78550,230485,4836,23660,负无穷大行不行,,负无穷大行不行,0,1,3,0,0,-1.0,0.0,1.0,1.0,0.3333333333333333,-1.0,0.0,1.0,0,0,0,0,0,0,0,1,对象评价,未明确对象,未明确方面,负面,0,0.7198668199938386,0.18159014073772778,0.7198668199938386,0.09854303926843358,中性,负面,,False
学习区,BV1uz4y1475S,【洛必达法则】高考使用指南,6049183,276506,78550,230485,4836,23660,不如端点效应,,不如端点效应,0,0,3,0,0,0.0,0.0,0.0,0.0,0.0,0.0,0.0,0.0,0,0,0,0,0,0,0,0,无明显情感,未明确对象,未明确方面,中性,-1,0.6953254488483336,0.6953254488483336,0.15989860672089512,0.1447759444307713,负面,负面,,False
学习区,BV1uz4y1475S,【洛必达法则】高考使用指南,6049183,276506,78550,230485,4836,23660,小曲走起,,小曲走起,0,0,3,0,0,0.0,0.0,0.0,0.0,0.0,0.0,0.0,0.0,0,0,0,0,0,0,0,0,无明显情感,未明确对象,未明确方面,中性,0,0.6525424904832393,0.14924331021065323,0.6525424904832393,0.19821419930610756,中性,中性,,False
学习区,BV1uz4y1475S,【洛必达法则】高考使用指南,6049183,276506,78550,230485,4836,23660,从图书馆戴耳机听到这段吓死了,,从图书馆戴耳机听到这段吓死了,0,1,7,0,0,-1.0,0.0,1.0,1.0,0.14285714285714285,-1.0,0.0,1.0,0,0,0,0,0,0,0,1,对象评价,未明确对象,未明确方面,负面,-1,0.8867845117430418,0.8867845117430418,0.08713025886862606,0.026085229388332187,负面,负面,-1.0,True
学习区,BV1uz4y1475S,【洛必达法则】高考使用指南,6049183,276506,78550,230485,4836,23660,根本不会做，扣点分总比不会强,,根本不会做，扣点分总比不会强,0,2,8,0,0,-2.0,0.0,2.0,2.0,0.25,-2.0,0.0,2.0,0,0,0,1,0,0,0,1,对象评价+认知状态,未明确对象,未明确方面,负面,0,0.6483623320392536,0.327162811159192,0.6483623320392536,0.0244748568015545,中性,负面,,False
学习区,BV1uz4y1475S,【洛必达法则】高考使用指南,6049183,276506,78550,230485,4836,23660,蒙对了!,,蒙对了!,0,0,2,1,0,0.0,0.0,0.0,0.0,0.0,0.0,0.0,0.0,0,0,0,0,0,0,0,0,无明显情感,未明确对象,未明确方面,中性,0,0.5334949403484294,0.28004374120317477,0.5334949403484294,0.18646131844839584,中性,中性,,False
学习区,BV1uz4y1475S,【洛必达法则】高考使用指南,6049183,276506,78550,230485,4836,23660,啊啊啊啊啊啊啊啊我是小笨蛋,,啊啊啊啊啊啊啊啊我是小笨蛋,0,0,3,0,0,0.0,0.0,0.0,0.0,0.0,0.0,0.0,0.0,0,0,0,0,0,0,0,0,无明显情感,未明确对象,未明确方面,中性,0,0.614975081814312,0.2775028647602172,0.614975081814312,0.1075220534254709,中性,中性,,False
学习区,BV1uz4y1475S,【洛必达法则】高考使用指南,6049183,276506,78550,230485,4836,23660,音乐吓我一跳,,音乐吓我一跳,0,0,4,0,0,0.0,0.0,0.0,0.0,0.0,0.0,0.0,0.0,0,0,0,0,0,0,0,0,无明显情感,未明确对象,未明确方面,中性,0,0.7122384955047275,0.16972576434759767,0.7122384955047275,0.1180357401476748,中性,中性,,False
学习区,BV1uz4y1475S,【洛必达法则】高考使用指南,6049183,276506,78550,230485,4836,23660,66666666666666666666666,,66666666666666666666666,7,0,1,0,0,7.0,7.0,0.0,7.0,7.0,7.0,7.0,0.0,0,0,0,0,0,0,0,1,对象评价,未明确对象,未明确方面,正面,1,0.999106133031715,0.000893866811413361,1.568717244532768e-10,0.999106133031715,正面,正面,,False
学习区,BV1uz4y1475S,【洛必达法则】高考使用指南,6049183,276506,78550,230485,4836,23660,我勒个豆,,我勒个豆,0,0,2,0,0,0.0,0.0,0.0,0.0,0.0,0.0,0.0,0.0,0,0,0,0,0,0,0,0,无明显情感,未明确对象,未明确方面,中性,0,0.6585046096608349,0.14118285317383877,0.6585046096608349,0.20031253716532643,中性,中性,,False
学习区,BV1uz4y1475S,【洛必达法则】高考使用指南,6049183,276506,78550,230485,4836,23660,这题我两年前的高一做过，记得当时是代值算的,,这题我两年前的高一做过，记得当时是代值算的,0,0,10,0,0,0.0,0.0,0.0,0.0,0.0,0.0,0.0,0.0,0,0,0,0,0,0,0,0,无明显情感,未明确对象,未明确方面,中性,0,0.5686145702982134,0.38890368066409525,0.5686145702982134,0.04248174903769132,中性,中性,,False
学习区,BV1uz4y1475S,【洛必达法则】高考使用指南,6049183,276506,78550,230485,4836,23660,高二真爱听，刚学导数,,高二真爱听，刚学导数,0,0,6,0,0,0.0,0.0,0.0,0.0,0.0,0.0,0.0,0.0,0,0,0,0,0,0,0,0,无明显情感,未明确对象,未明确方面,中性,1,0.4984631572433202,0.20594126668125343,0.2955955760754265,0.4984631572433202,正面,正面,1.0,True
学习区,BV1uz4y1475S,【洛必达法则】高考使用指南,6049183,276506,78550,230485,4836,23660,立志篇,,立志篇,0,0,2,0,0,0.0,0.0,0.0,0.0,0.0,0.0,0.0,0.0,0,0,0,0,0,0,0,0,无明显情感,未明确对象,未明确方面,中性,0,0.6585046096608349,0.14118285317383877,0.6585046096608349,0.20031253716532643,中性,中性,,False
学习区,BV1uz4y1475S,【洛必达法则】高考使用指南,6049183,276506,78550,230485,4836,23660,....,,....,0,0,1,0,0,0.0,0.0,0.0,0.0,0.0,0.0,0.0,0.0,0,0,0,0,0,0,0,0,无明显情感,未明确对象,未明确方面,中性,0,0.6366639520076697,0.10561124957633428,0.6366639520076697,0.25772479841599594,中性,中性,,False
学习区,BV1uz4y1475S,【洛必达法则】高考使用指南,6049183,276506,78550,230485,4836,23660,爽,,爽,0,0,1,0,0,0.0,0.0,0.0,0.0,0.0,0.0,0.0,0.0,0,0,1,0,0,0,0,0,自身情绪,未明确对象,未明确方面,中性,0,0.6641811267415451,0.13348938228347546,0.6641811267415451,0.20232949097497943,中性,正面,,False
学习区,BV1uz4y1475S,【洛必达法则】高考使用指南,6049183,276506,78550,230485,4836,23660,哈哈哈哈我是大聪明,,哈哈哈哈我是大聪明,2,0,3,0,0,2.0,2.0,0.0,2.0,0.6666666666666666,2.0,2.0,0.0,0,0,1,0,0,0,0,1,对象评价+自身情绪,未明确对象,娱乐与趣味,正面,1,0.8630271521051033,0.1068407196039234,0.030132128290973375,0.8630271521051033,正面,正面,,False
学习区,BV1uz4y1475S,【洛必达法则】高考使用指南,6049183,276506,78550,230485,4836,23660,为什么要用端点效应欺骗我,,为什么要用端点效应欺骗我,0,0,6,0,0,0.0,0.0,0.0,0.0,0.0,0.0,0.0,0.0,0,0,0,0,0,0,0,0,无明显情感,未明确对象,未明确方面,中性,-1,0.563964386003476,0.563964386003476,0.32524641955921246,0.11078919443731154,负面,负面,,False
学习区,BV1uz4y1475S,【洛必达法则】高考使用指南,6049183,276506,78550,230485,4836,23660,飞雷神之术,,飞雷神之术,0,0,2,0,0,0.0,0.0,0.0,0.0,0.0,0.0,0.0,0.0,0,0,0,0,0,0,0,0,无明显情感,未明确对象,未明确方面,中性,0,0.6585046096608349,0.14118285317383877,0.6585046096608349,0.20031253716532643,中性,中性,,False
学习区,BV1uz4y1475S,【洛必达法则】高考使用指南,6049183,276506,78550,230485,4836,23660,这一题得算多久,,这一题得算多久,0,0,4,0,0,0.0,0.0,0.0,0.0,0.0,0.0,0.0,0.0,0,0,0,0,0,0,0,0,无明显情感,未明确对象,未明确方面,中性,0,0.4441481205078375,0.1384004767265592,0.4441481205078375,0.41745140276560316,中性,中性,,False
学习区,BV1uz4y1475S,【洛必达法则】高考使用指南,6049183,276506,78550,230485,4836,23660,一阵劲爆的音乐袭来！,,一阵劲爆的音乐袭来！,0,0,7,1,0,0.0,0.0,0.0,0.0,0.0,0.0,0.0,0.0,0,0,0,0,0,0,0,0,无明显情感,未明确对象,未明确方面,中性,0,0.6845201226376105,0.11442655341061803,0.6845201226376105,0.20105332395177142,中性,中性,,False
学习区,BV1uz4y1475S,【洛必达法则】高考使用指南,6049183,276506,78550,230485,4836,23660,B 吧，上边爆炸函数,,B吧，上边爆炸函数,0,0,5,0,0,0.0,0.0,0.0,0.0,0.0,0.0,0.0,0.0,0,0,0,0,0,0,0,0,无明显情感,未明确对象,未明确方面,中性,0,0.8285391523301338,0.0616631958147839,0.8285391523301338,0.10979765185508236,中性,中性,,False
学习区,BV1uz4y1475S,【洛必达法则】高考使用指南,6049183,276506,78550,230485,4836,23660,学龄前表示看懂了（）,,学龄前表示看懂了,1,0,4,0,0,1.0,1.0,0.0,1.0,0.25,1.0,1.0,0.0,0,0,0,0,1,0,0,1,对象评价+认知状态,未明确对象,理解与难度,正面,1,0.8679231114187701,0.03672187425484065,0.0953550143263893,0.8679231114187701,正面,正面,1.0,True
学习区,BV1uz4y1475S,【洛必达法则】高考使用指南,6049183,276506,78550,230485,4836,23660,空降6：05,,空降605,0,0,2,0,0,0.0,0.0,0.0,0.0,0.0,0.0,0.0,0.0,0,0,0,0,0,0,0,0,无明显情感,未明确对象,未明确方面,中性,0,0.6545315780549222,0.17242084263508292,0.6545315780549222,0.17304757930999473,中性,中性,,False
学习区,BV1uz4y1475S,【洛必达法则】高考使用指南,6049183,276506,78550,230485,4836,23660,高一表示很简单,,高一表示很简单,1,0,4,0,0,1.5,1.5,0.0,1.5,0.25,1.5,1.5,0.0,0,0,0,0,0,0,0,1,对象评价,未明确对象,理解与难度,正面,1,0.7141614179515768,0.09016159479133952,0.1956769872570836,0.7141614179515768,正面,正面,1.0,True
学习区,BV1uz4y1475S,【洛必达法则】高考使用指南,6049183,276506,78550,230485,4836,23660,这期神了,,这期神了,0,0,2,0,0,0.0,0.0,0.0,0.0,0.0,0.0,0.0,0.0,0,0,0,0,0,0,0,0,无明显情感,未明确对象,未明确方面,中性,0,0.5553858746786516,0.2772288312832641,0.5553858746786516,0.16738529403808428,中性,中性,,False
学习区,BV1uz4y1475S,【洛必达法则】高考使用指南,6049183,276506,78550,230485,4836,23660,餐便分离,,餐便分离,0,0,2,0,0,0.0,0.0,0.0,0.0,0.0,0.0,0.0,0.0,0,0,0,0,0,0,0,0,无明显情感,未明确对象,未明确方面,中性,0,0.6585046096608349,0.14118285317383877,0.6585046096608349,0.20031253716532643,中性,中性,,False
学习区,BV1uz4y1475S,【洛必达法则】高考使用指南,6049183,276506,78550,230485,4836,23660,不管了，洛就完了,,不管了，洛就完了,0,1,5,0,0,-1.0,0.0,1.0,1.0,0.2,-1.0,0.0,1.0,0,0,0,0,0,0,0,1,对象评价,未明确对象,未明确方面,负面,0,0.46909112433905603,0.32061235988885456,0.46909112433905603,0.21029651577208947,中性,中性,0.0,True
学习区,BV1uz4y1475S,【洛必达法则】高考使用指南,6049183,276506,78550,230485,4836,23660,直接洛没法证明取端点,,直接洛没法证明取端点,0,0,6,0,0,0.0,0.0,0.0,0.0,0.0,0.0,0.0,0.0,0,0,0,0,0,0,0,0,无明显情感,未明确对象,未明确方面,中性,0,0.7271510985843475,0.11463150323390532,0.7271510985843475,0.1582173981817473,中性,中性,,False
学习区,BV1uz4y1475S,【洛必达法则】高考使用指南,6049183,276506,78550,230485,4836,23660,爽了,,爽了,0,0,1,0,0,0.0,0.0,0.0,0.0,0.0,0.0,0.0,0.0,0,0,1,0,0,0,0,0,自身情绪,未明确对象,未明确方面,中性,0,0.5650521410051617,0.264404685410483,0.5650521410051617,0.17054317358435528,中性,正面,,False
学习区,BV1uz4y1475S,【洛必达法则】高考使用指南,6049183,276506,78550,230485,4836,23660,这个题目也可以用端点效应,,这个题目也可以用端点效应,1,0,7,0,0,1.0,1.0,0.0,1.0,0.14285714285714285,1.0,1.0,0.0,0,0,0,0,0,0,0,1,对象评价,课程内容,未明确方面,正面,1,0.5565454166685027,0.18952456398661174,0.2539300193448856,0.5565454166685027,正面,正面,1.0,True
学习区,BV1uz4y1475S,【洛必达法则】高考使用指南,6049183,276506,78550,230485,4836,23660,洛洛必达！,,洛洛必达！,0,0,3,1,0,0.0,0.0,0.0,0.0,0.0,0.0,0.0,0.0,0,0,0,0,0,0,0,0,无明显情感,未明确对象,未明确方面,中性,0,0.6470635011705581,0.2297476043812178,0.6470635011705581,0.12318889444822421,中性,中性,,False
学习区,BV1uz4y1475S,【洛必达法则】高考使用指南,6049183,276506,78550,230485,4836,23660,有极值？,,有极值？,0,0,3,0,1,0.0,0.0,0.0,0.0,0.0,0.0,0.0,0.0,0,0,0,0,0,0,0,0,无明显情感,未明确对象,未明确方面,中性,-1,0.8657759623912644,0.8657759623912644,0.1193838093313162,0.014840228277419449,负面,负面,,False
学习区,BV1uz4y1475S,【洛必达法则】高考使用指南,6049183,276506,78550,230485,4836,23660,再求导一次，怎么是这个等于二了？,,再求导一次，怎么是这个等于二了？,0,0,9,0,1,0.0,0.0,0.0,0.0,0.0,0.0,0.0,0.0,0,0,0,0,0,0,0,0,无明显情感,未明确对象,未明确方面,中性,-1,0.7786734336590022,0.7786734336590022,0.19697286497540684,0.024353701365590938,负面,负面,,False
学习区,BV1uz4y1475S,【洛必达法则】高考使用指南,6049183,276506,78550,230485,4836,23660,分离参数,,分离参数,0,0,2,0,0,0.0,0.0,0.0,0.0,0.0,0.0,0.0,0.0,0,0,0,0,0,0,0,0,无明显情感,未明确对象,未明确方面,中性,0,0.6585046096608349,0.14118285317383877,0.6585046096608349,0.20031253716532643,中性,中性,,False
学习区,BV1uz4y1475S,【洛必达法则】高考使用指南,6049183,276506,78550,230485,4836,23660,再洛一次,,再洛一次,0,0,2,0,0,0.0,0.0,0.0,0.0,0.0,0.0,0.0,0.0,0,0,0,0,0,0,0,0,无明显情感,未明确对象,未明确方面,中性,0,0.6585046096608349,0.14118285317383877,0.6585046096608349,0.20031253716532643,中性,中性,,False
学习区,BV1uz4y1475S,【洛必达法则】高考使用指南,6049183,276506,78550,230485,4836,23660,3/2,,32,0,0,1,0,0,0.0,0.0,0.0,0.0,0.0,0.0,0.0,0.0,0,0,0,0,0,0,0,0,无明显情感,未明确对象,未明确方面,中性,0,0.7717849043067446,0.08657244186653222,0.7717849043067446,0.14164265382672298,中性,中性,,False
学习区,BV1uz4y1475S,【洛必达法则】高考使用指南,6049183,276506,78550,230485,4836,23660,跳伞06：05,,跳伞0605,0,0,2,0,0,0.0,0.0,0.0,0.0,0.0,0.0,0.0,0.0,0,0,0,0,0,0,0,0,无明显情感,未明确对象,未明确方面,中性,0,0.6747084365934145,0.1574264247152155,0.6747084365934145,0.16786513869136996,中性,中性,,False
学习区,BV1uz4y1475S,【洛必达法则】高考使用指南,6049183,276506,78550,230485,4836,23660,06：05,,0605,0,0,1,0,0,0.0,0.0,0.0,0.0,0.0,0.0,0.0,0.0,0,0,0,0,0,0,0,0,无明显情感,未明确对象,未明确方面,中性,0,0.6812550720668495,0.14900755833488985,0.6812550720668495,0.16973736959826063,中性,中性,,False
学习区,BV1uz4y1475S,【洛必达法则】高考使用指南,6049183,276506,78550,230485,4836,23660,好像听懂了,,好像听懂了,1,0,2,0,0,1.0,1.0,0.0,1.0,0.5,1.0,1.0,0.0,0,0,0,0,1,0,0,1,对象评价+认知状态,未明确对象,理解与难度,正面,1,0.8036711139937923,0.15437031678689786,0.04195856921930976,0.8036711139937923,正面,正面,,False
学习区,BV1uz4y1475S,【洛必达法则】高考使用指南,6049183,276506,78550,230485,4836,23660,直接代数,,直接代数,0,0,2,0,0,0.0,0.0,0.0,0.0,0.0,0.0,0.0,0.0,0,0,0,0,0,0,0,0,无明显情感,未明确对象,未明确方面,中性,0,0.817036793006511,0.0533997295435786,0.817036793006511,0.12956347744991037,中性,中性,,False
学习区,BV1uz4y1475S,【洛必达法则】高考使用指南,6049183,276506,78550,230485,4836,23660,一眼选B,,一眼选B,0,0,3,0,0,0.0,0.0,0.0,0.0,0.0,0.0,0.0,0.0,0,0,0,0,0,0,0,0,无明显情感,未明确对象,未明确方面,中性,0,0.7282693324617856,0.0707559081552315,0.7282693324617856,0.20097475938298295,中性,中性,,False
学习区,BV1uz4y1475S,【洛必达法则】高考使用指南,6049183,276506,78550,230485,4836,23660,yangruikee,,yangruikee,0,0,1,0,0,0.0,0.0,0.0,0.0,0.0,0.0,0.0,0.0,0,0,0,0,0,0,0,0,无明显情感,未明确对象,未明确方面,中性,0,0.6641811267415451,0.13348938228347546,0.6641811267415451,0.20232949097497943,中性,中性,,False
学习区,BV1uz4y1475S,【洛必达法则】高考使用指南,6049183,276506,78550,230485,4836,23660,总比0分好,,总比0分好,0,0,3,0,0,0.0,0.0,0.0,0.0,0.0,0.0,0.0,0.0,0,0,0,0,0,0,0,0,无明显情感,未明确对象,未明确方面,中性,0,0.7365121464842472,0.1046935044867495,0.7365121464842472,0.15879434902900316,中性,中性,,False
学习区,BV1uz4y1475S,【洛必达法则】高考使用指南,6049183,276506,78550,230485,4836,23660,左边！,,左边！,0,0,2,1,0,0.0,0.0,0.0,0.0,0.0,0.0,0.0,0.0,0,0,0,0,0,0,0,0,无明显情感,未明确对象,未明确方面,中性,0,0.6014191404432303,0.04859558453785338,0.6014191404432303,0.3499852750189163,中性,中性,,False
学习区,BV1uz4y1475S,【洛必达法则】高考使用指南,6049183,276506,78550,230485,4836,23660,ぃン時磁歪霜に圖司,,時磁歪霜圖司,0,0,2,0,0,0.0,0.0,0.0,0.0,0.0,0.0,0.0,0.0,0,0,0,0,0,0,0,0,无明显情感,未明确对象,未明确方面,中性,0,0.6585046096608349,0.14118285317383877,0.6585046096608349,0.20031253716532643,中性,中性,,False
学习区,BV1uz4y1475S,【洛必达法则】高考使用指南,6049183,276506,78550,230485,4836,23660,拿下！,,拿下！,1,0,2,1,0,1.0,1.0,0.0,1.0,0.5,1.0,1.0,0.0,0,0,0,0,0,0,0,1,对象评价,未明确对象,未明确方面,正面,1,0.8420707682663132,0.033572008486964275,0.12435722324672238,0.8420707682663132,正面,正面,,False
学习区,BV1uz4y1475S,【洛必达法则】高考使用指南,6049183,276506,78550,230485,4836,23660,母亲，我在吗？？？,,母亲，我在吗？？？,0,0,6,0,3,0.0,0.0,0.0,0.0,0.0,0.0,0.0,0.0,0,0,0,0,0,0,0,0,无明显情感,未明确对象,未明确方面,中性,-1,0.876546143381378,0.876546143381378,0.11672263945550176,0.0067312171631201834,负面,负面,,False
学习区,BV1uz4y1475S,【洛必达法则】高考使用指南,6049183,276506,78550,230485,4836,23660,小瘪2,,小瘪2,0,0,2,0,0,0.0,0.0,0.0,0.0,0.0,0.0,0.0,0.0,0,0,0,0,0,0,0,0,无明显情感,未明确对象,未明确方面,中性,0,0.6590926831958619,0.17520962210141566,0.6590926831958619,0.16569769470272236,中性,中性,,False
学习区,BV1uz4y1475S,【洛必达法则】高考使用指南,6049183,276506,78550,230485,4836,23660,形式电荷？？！！,,形式电荷？？！！,0,0,6,2,2,0.0,0.0,0.0,0.0,0.0,0.0,0.0,0.0,0,0,0,0,0,0,0,0,无明显情感,未明确对象,未明确方面,中性,-1,0.9322934118029185,0.9322934118029185,0.0504308885431006,0.017275699653980896,负面,负面,,False
学习区,BV1uz4y1475S,【洛必达法则】高考使用指南,6049183,276506,78550,230485,4836,23660,他好可爱,,他好可爱,1,0,2,0,0,1.0,1.0,0.0,1.0,0.5,1.0,1.0,0.0,0,0,0,0,0,0,0,1,对象评价,未明确对象,未明确方面,正面,1,0.9633527834445831,0.02169813861998964,0.014949077935427345,0.9633527834445831,正面,正面,,False
学习区,BV1uz4y1475S,【洛必达法则】高考使用指南,6049183,276506,78550,230485,4836,23660,谢谢您，昊谦,,谢谢您，昊谦,1,0,3,0,0,1.0,1.0,0.0,1.0,0.3333333333333333,1.0,1.0,0.0,0,0,0,0,0,0,0,1,对象评价,未明确对象,未明确方面,正面,1,0.7209281937862348,0.18786678267348514,0.0912050235402801,0.7209281937862348,正面,正面,1.0,True
学习区,BV1uz4y1475S,【洛必达法则】高考使用指南,6049183,276506,78550,230485,4836,23660,！！！！！！！！,,！！！！！！！！,0,0,8,8,0,0.0,0.0,0.0,0.0,0.0,0.0,0.0,0.0,0,0,0,0,0,0,0,0,无明显情感,未明确对象,未明确方面,中性,1,0.4402146118354944,0.29988165401266137,0.2599037341518443,0.4402146118354944,正面,正面,,False
学习区,BV1uz4y1475S,【洛必达法则】高考使用指南,6049183,276506,78550,230485,4836,23660,lim是什么,,lim是什么,0,0,2,0,0,0.0,0.0,0.0,0.0,0.0,0.0,0.0,0.0,0,0,0,0,0,0,0,0,无明显情感,未明确对象,未明确方面,中性,0,0.8906605710517095,0.06587771609366157,0.8906605710517095,0.04346171285462898,中性,中性,,False
学习区,BV1uz4y1475S,【洛必达法则】高考使用指南,6049183,276506,78550,230485,4836,23660,取不到1/2吧,,取不到12吧,0,0,3,0,0,0.0,0.0,0.0,0.0,0.0,0.0,0.0,0.0,0,0,0,0,0,0,0,0,无明显情感,未明确对象,未明确方面,中性,0,0.651921357805138,0.18925439902189767,0.651921357805138,0.15882424317296434,中性,中性,,False
学习区,BV1uz4y1475S,【洛必达法则】高考使用指南,6049183,276506,78550,230485,4836,23660,1/x在0处不可导吧,,1x在0处不可导吧,0,0,6,0,0,0.0,0.0,0.0,0.0,0.0,0.0,0.0,0.0,0,0,0,0,0,0,0,0,无明显情感,未明确对象,未明确方面,中性,0,0.7714011528384375,0.15507648875065608,0.7714011528384375,0.07352235841090646,中性,中性,,False
学习区,BV1uz4y1475S,【洛必达法则】高考使用指南,6049183,276506,78550,230485,4836,23660,考试作弊是什么很光荣的事吗还拿到这里说。。,,考试作弊是什么很光荣的事吗还拿到这里说。。,0,0,12,0,0,0.0,0.0,0.0,0.0,0.0,0.0,0.0,0.0,0,0,0,0,0,0,0,0,无明显情感,未明确对象,未明确方面,中性,0,0.4970556822121454,0.45851684695826717,0.4970556822121454,0.04442747082958743,中性,中性,,False
学习区,BV1uz4y1475S,【洛必达法则】高考使用指南,6049183,276506,78550,230485,4836,23660,听爽了,,听爽了,0,0,1,0,0,0.0,0.0,0.0,0.0,0.0,0.0,0.0,0.0,0,0,1,0,0,0,0,0,自身情绪,未明确对象,未明确方面,中性,0,0.5650521410051617,0.264404685410483,0.5650521410051617,0.17054317358435528,中性,正面,,False
学习区,BV1uz4y1475S,【洛必达法则】高考使用指南,6049183,276506,78550,230485,4836,23660,也可以用阶数吧？,,也可以用阶数吧？,1,0,4,0,1,1.0,1.0,0.0,1.0,0.25,1.0,1.0,0.0,0,0,0,0,0,0,0,1,对象评价,未明确对象,未明确方面,正面,0,0.5121777537939113,0.27901446414119613,0.5121777537939113,0.20880778206489262,中性,中性,0.0,True
学习区,BV1uz4y1475S,【洛必达法则】高考使用指南,6049183,276506,78550,230485,4836,23660,倒反天罡，sin x的导数是cos x这个结论其实是通过lim x→0 sin x/x=1这个结论来的,,倒反天罡，sinx的导数是cosx这个结论其实是通过limx0sinxx1这个结论来的,1,0,15,0,0,1.0,1.0,0.0,1.0,0.06666666666666667,1.0,1.0,0.0,0,0,0,0,0,0,0,1,对象评价,未明确对象,未明确方面,正面,-1,0.7287180614675758,0.7287180614675758,0.17746163289873626,0.09382030563368786,负面,负面,-1.0,True
学习区,BV1uz4y1475S,【洛必达法则】高考使用指南,6049183,276506,78550,230485,4836,23660,我妈问我在看啥,,我妈问我在看啥,0,0,5,0,0,0.0,0.0,0.0,0.0,0.0,0.0,0.0,0.0,0,0,0,0,0,0,0,0,无明显情感,未明确对象,未明确方面,中性,0,0.6388199548232505,0.22478589323631992,0.6388199548232505,0.13639415194042956,中性,中性,,False
学习区,BV1uz4y1475S,【洛必达法则】高考使用指南,6049183,276506,78550,230485,4836,23660,张囗囗,,张囗囗,0,0,3,0,0,0.0,0.0,0.0,0.0,0.0,0.0,0.0,0.0,0,0,0,0,0,0,0,0,无明显情感,未明确对象,未明确方面,中性,0,0.6525424904832393,0.14924331021065323,0.6525424904832393,0.19821419930610756,中性,中性,,False
学习区,BV1uz4y1475S,【洛必达法则】高考使用指南,6049183,276506,78550,230485,4836,23660,带数秒了,,带数秒了,0,0,2,0,0,0.0,0.0,0.0,0.0,0.0,0.0,0.0,0.0,0,0,0,0,0,0,0,0,无明显情感,未明确对象,未明确方面,中性,0,0.6161676822056655,0.22186726443147117,0.6161676822056655,0.16196505336286318,中性,中性,,False
学习区,BV1uz4y1475S,【洛必达法则】高考使用指南,6049183,276506,78550,230485,4836,23660,极限是微积分的内容,,极限是微积分的内容,0,0,3,0,0,0.0,0.0,0.0,0.0,0.0,0.0,0.0,0.0,0,0,0,0,0,0,0,0,无明显情感,未明确对象,未明确方面,中性,0,0.7120595888509728,0.12969910652071828,0.7120595888509728,0.1582413046283089,中性,中性,,False
学习区,BV1uz4y1475S,【洛必达法则】高考使用指南,6049183,276506,78550,230485,4836,23660,左？,,左？,0,0,2,0,1,0.0,0.0,0.0,0.0,0.0,0.0,0.0,0.0,0,0,0,0,0,0,0,0,无明显情感,未明确对象,未明确方面,中性,-1,0.5188789431336697,0.5188789431336697,0.4167479538484561,0.06437310301787422,负面,负面,,False
学习区,BV1uz4y1475S,【洛必达法则】高考使用指南,6049183,276506,78550,230485,4836,23660,“塔斯汀”！！！！！！！！！！！！！！！！！！！,,塔斯汀！！！！！！！！！！！！！！！！！！！,0,0,21,19,0,0.0,0.0,0.0,0.0,0.0,0.0,0.0,0.0,0,0,0,0,0,0,0,0,无明显情感,未明确对象,未明确方面,中性,1,0.5973214936098694,0.3298267770413549,0.07285172934877569,0.5973214936098694,正面,正面,,False
学习区,BV1uz4y1475S,【洛必达法则】高考使用指南,6049183,276506,78550,230485,4836,23660,《填空题》,,填空题,0,0,1,0,0,0.0,0.0,0.0,0.0,0.0,0.0,0.0,0.0,0,0,0,0,0,0,0,0,无明显情感,未明确对象,未明确方面,中性,0,0.6641811267415451,0.13348938228347546,0.6641811267415451,0.20232949097497943,中性,中性,,False
学习区,BV1uz4y1475S,【洛必达法则】高考使用指南,6049183,276506,78550,230485,4836,23660,anhuang,,anhuang,0,0,1,0,0,0.0,0.0,0.0,0.0,0.0,0.0,0.0,0.0,0,0,0,0,0,0,0,0,无明显情感,未明确对象,未明确方面,中性,0,0.6641811267415451,0.13348938228347546,0.6641811267415451,0.20232949097497943,中性,中性,,False
学习区,BV1uz4y1475S,【洛必达法则】高考使用指南,6049183,276506,78550,230485,4836,23660,洛(天依)呀～,,洛天依呀,0,0,2,0,0,0.0,0.0,0.0,0.0,0.0,0.0,0.0,0.0,0,0,0,0,0,0,0,0,无明显情感,未明确对象,未明确方面,中性,0,0.6161590398762022,0.08901082461617352,0.6161590398762022,0.2948301355076242,中性,中性,,False
学习区,BV1uz4y1475S,【洛必达法则】高考使用指南,6049183,276506,78550,230485,4836,23660,盲猜左边,,盲猜左边,0,0,2,0,0,0.0,0.0,0.0,0.0,0.0,0.0,0.0,0.0,0,0,0,0,0,0,0,0,无明显情感,未明确对象,未明确方面,中性,0,0.6585046096608349,0.14118285317383877,0.6585046096608349,0.20031253716532643,中性,中性,,False
学习区,BV1uz4y1475S,【洛必达法则】高考使用指南,6049183,276506,78550,230485,4836,23660,洛洛洛洛洛必达,,洛洛洛洛洛必达,0,0,2,0,0,0.0,0.0,0.0,0.0,0.0,0.0,0.0,0.0,0,0,0,0,0,0,0,0,无明显情感,未明确对象,未明确方面,中性,-1,0.4948890000843084,0.4948890000843084,0.46827304509158474,0.03683795482410675,负面,负面,,False
学习区,BV1uz4y1475S,【洛必达法则】高考使用指南,6049183,276506,78550,230485,4836,23660,mbd你准初二来这里干啥，打好基础再说，而且你现在来听这个有什么用，乐,,mbd你准初二来这里干啥，打好基础再说，而且你现在来听这个有什么用，乐,0,0,23,0,0,0.0,0.0,0.0,0.0,0.0,0.0,0.0,0.0,0,0,0,0,0,0,0,0,无明显情感,未明确对象,未明确方面,中性,-1,0.9132108886644992,0.9132108886644992,0.0802819879667423,0.006507123368758569,负面,负面,,False
学习区,BV1uz4y1475S,【洛必达法则】高考使用指南,6049183,276506,78550,230485,4836,23660,洛漫漫其必达兮，吾将上下而求导,,洛漫漫其必达兮，吾将上下而求导,0,0,11,0,0,0.0,0.0,0.0,0.0,0.0,0.0,0.0,0.0,0,0,0,0,0,0,0,0,无明显情感,未明确对象,未明确方面,中性,-1,0.495441293752626,0.495441293752626,0.4444226133552172,0.060136092892156705,负面,负面,,False
学习区,BV1uz4y1475S,【洛必达法则】高考使用指南,6049183,276506,78550,230485,4836,23660,荒星！！！,,荒星！！！,0,0,4,3,0,0.0,0.0,0.0,0.0,0.0,0.0,0.0,0.0,0,0,0,0,0,0,0,0,无明显情感,未明确对象,未明确方面,中性,1,0.40328298613887203,0.3072758590980815,0.2894411547630464,0.40328298613887203,正面,中性,0.0,True
学习区,BV1uz4y1475S,【洛必达法则】高考使用指南,6049183,276506,78550,230485,4836,23660,？？？？？？？？？？？？,,？？？？？？？？？？？？,0,0,12,0,12,0.0,0.0,0.0,0.0,0.0,0.0,0.0,0.0,0,0,0,0,0,0,0,0,无明显情感,未明确对象,未明确方面,中性,-1,0.9999991079155042,0.9999991079155042,8.91384691529248e-07,6.998042339519504e-10,负面,负面,,False
学习区,BV1uz4y1475S,【洛必达法则】高考使用指南,6049183,276506,78550,230485,4836,23660,洛洛洛洛洛洛洛洛洛洛洛洛洛洛洛洛洛洛洛洛洛洛洛洛洛洛洛洛洛,,洛洛洛洛洛洛洛洛洛洛洛洛洛洛洛洛洛洛洛洛洛洛洛洛洛洛洛洛洛,0,0,1,0,0,0.0,0.0,0.0,0.0,0.0,0.0,0.0,0.0,0,0,0,0,0,0,0,0,无明显情感,未明确对象,未明确方面,中性,0,0.6641811267415451,0.13348938228347546,0.6641811267415451,0.20232949097497943,中性,中性,,False
学习区,BV1uz4y1475S,【洛必达法则】高考使用指南,6049183,276506,78550,230485,4836,23660,没错，做这种题老能遇到这种情况，我还以为我算错了……,,没错，做这种题老能遇到这种情况，我还以为我算错了,0,1,13,0,0,-1.0,0.0,1.0,1.0,0.07692307692307693,-1.0,0.0,1.0,0,0,0,0,0,0,0,1,对象评价,未明确对象,未明确方面,负面,-1,0.8486275970869611,0.8486275970869611,0.12529926651780948,0.02607313639522946,负面,负面,,False
学习区,BV1uz4y1475S,【洛必达法则】高考使用指南,6049183,276506,78550,230485,4836,23660,哈哈哈哈哈哈哈哈哈哈哈哈哈哈哈哈哈哈哈哈哈哈哈哈哈哈哈哈哈哈哈哈哈哈哈哈,,哈哈哈哈哈哈哈哈哈哈哈哈哈哈哈哈哈哈哈哈哈哈哈哈哈哈哈哈哈哈哈哈哈哈哈哈,12,0,12,0,0,12.0,12.0,0.0,12.0,1.0,12.0,12.0,0.0,0,0,1,0,0,0,0,1,对象评价+自身情绪,未明确对象,娱乐与趣味,正面,1,0.9999999980058727,1.0079551695808528e-09,9.861721952602995e-10,0.9999999980058727,正面,正面,,False
学习区,BV1uz4y1475S,【洛必达法则】高考使用指南,6049183,276506,78550,230485,4836,23660,驾,,驾,0,0,1,0,0,0.0,0.0,0.0,0.0,0.0,0.0,0.0,0.0,0,0,0,0,0,0,0,0,无明显情感,未明确对象,未明确方面,中性,0,0.6641811267415451,0.13348938228347546,0.6641811267415451,0.20232949097497943,中性,中性,,False
学习区,BV1uz4y1475S,【洛必达法则】高考使用指南,6049183,276506,78550,230485,4836,23660,毕导,,毕导,0,0,1,0,0,0.0,0.0,0.0,0.0,0.0,0.0,0.0,0.0,0,0,0,0,0,0,0,0,无明显情感,未明确对象,未明确方面,中性,0,0.6641811267415451,0.13348938228347546,0.6641811267415451,0.20232949097497943,中性,中性,,False
学习区,BV1uz4y1475S,【洛必达法则】高考使用指南,6049183,276506,78550,230485,4836,23660,求导,,求导,0,0,1,0,0,0.0,0.0,0.0,0.0,0.0,0.0,0.0,0.0,0,0,0,0,0,0,0,0,无明显情感,未明确对象,未明确方面,中性,0,0.5828604867759476,0.2961424356431747,0.5828604867759476,0.12099707758087776,中性,中性,,False
学习区,BV1uz4y1475S,【洛必达法则】高考使用指南,6049183,276506,78550,230485,4836,23660,变换主元,,变换主元,0,0,2,0,0,0.0,0.0,0.0,0.0,0.0,0.0,0.0,0.0,0,0,0,0,0,0,0,0,无明显情感,未明确对象,未明确方面,中性,0,0.6585046096608349,0.14118285317383877,0.6585046096608349,0.20031253716532643,中性,中性,,False
学习区,BV1uz4y1475S,【洛必达法则】高考使用指南,6049183,276506,78550,230485,4836,23660,不应该前导后不导，减去后导前不导，再除以底数的平方吗？,,不应该前导后不导，减去后导前不导，再除以底数的平方吗？,0,0,15,0,1,0.0,0.0,0.0,0.0,0.0,0.0,0.0,0.0,0,0,0,0,0,0,0,0,无明显情感,未明确对象,未明确方面,中性,-1,0.6241918483993418,0.6241918483993418,0.3542325790244989,0.02157557257615938,负面,负面,,False
学习区,BV1uz4y1475S,【洛必达法则】高考使用指南,6049183,276506,78550,230485,4836,23660,洛必达法则能推出来吗？用高中知识？,,洛必达法则能推出来吗？用高中知识？,0,0,10,0,2,0.0,0.0,0.0,0.0,0.0,0.0,0.0,0.0,0,0,0,0,0,0,0,0,无明显情感,未明确对象,未明确方面,中性,-1,0.7856416755433216,0.7856416755433216,0.21280551905440445,0.0015528054022738713,负面,负面,,False
学习区,BV1uz4y1475S,【洛必达法则】高考使用指南,6049183,276506,78550,230485,4836,23660,符号抄错了哦,,符号抄错了哦,0,1,3,0,0,-1.0,0.0,1.0,1.0,0.3333333333333333,-1.0,0.0,1.0,0,0,0,0,0,0,0,1,对象评价,未明确对象,未明确方面,负面,-1,0.6475618343681194,0.6475618343681194,0.2468429122544732,0.10559525337740742,负面,负面,,False
学习区,BV1uz4y1475S,【洛必达法则】高考使用指南,6049183,276506,78550,230485,4836,23660,oh,,oh,0,0,1,0,0,0.0,0.0,0.0,0.0,0.0,0.0,0.0,0.0,0,0,0,0,0,0,0,0,无明显情感,未明确对象,未明确方面,中性,0,0.6641811267415451,0.13348938228347546,0.6641811267415451,0.20232949097497943,中性,中性,,False
学习区,BV1uz4y1475S,【洛必达法则】高考使用指南,6049183,276506,78550,230485,4836,23660,y=lxl在x=0处不可导,,ylxl在x0处不可导,0,0,6,0,0,0.0,0.0,0.0,0.0,0.0,0.0,0.0,0.0,0,0,0,0,0,0,0,0,无明显情感,未明确对象,未明确方面,中性,0,0.7101566557590471,0.22605062337398443,0.7101566557590471,0.06379272086696859,中性,中性,,False
学习区,BV1uz4y1475S,【洛必达法则】高考使用指南,6049183,276506,78550,230485,4836,23660,今天是除夕,,今天是除夕,0,0,2,0,0,0.0,0.0,0.0,0.0,0.0,0.0,0.0,0.0,0,0,0,0,0,0,0,0,无明显情感,未明确对象,未明确方面,中性,0,0.7337896398693295,0.1472806063287477,0.7337896398693295,0.11892975380192275,中性,中性,,False
学习区,BV1uz4y1475S,【洛必达法则】高考使用指南,6049183,276506,78550,230485,4836,23660,王源老婆打卡,,王源老婆打卡,0,0,3,0,0,0.0,0.0,0.0,0.0,0.0,0.0,0.0,0.0,0,0,0,0,0,0,0,0,无明显情感,未明确对象,未明确方面,中性,0,0.7771591131114175,0.029580634694967495,0.7771591131114175,0.19326025219361515,中性,中性,,False
学习区,BV1uz4y1475S,【洛必达法则】高考使用指南,6049183,276506,78550,230485,4836,23660,泰安二中魏吸烟不会导,,泰安二中魏吸烟不会导,0,1,6,0,0,-1.0,0.0,1.0,1.0,0.16666666666666666,-1.0,0.0,1.0,0,0,0,0,0,0,0,1,对象评价,未明确对象,未明确方面,负面,0,0.7249196746759613,0.2107600019162906,0.7249196746759613,0.0643203234077481,中性,负面,,False
学习区,BV1uz4y1475S,【洛必达法则】高考使用指南,6049183,276506,78550,230485,4836,23660,这不是第一个重要极限吗？,,这不是第一个重要极限吗？,0,0,5,0,1,0.0,0.0,0.0,0.0,0.0,0.0,0.0,0.0,0,0,0,0,0,0,0,0,无明显情感,未明确对象,未明确方面,中性,0,0.5203821443808614,0.4235537185256608,0.5203821443808614,0.05606413709347775,中性,中性,,False
学习区,BV1uz4y1475S,【洛必达法则】高考使用指南,6049183,276506,78550,230485,4836,23660,右边。,,右边。,0,0,2,0,0,0.0,0.0,0.0,0.0,0.0,0.0,0.0,0.0,0,0,0,0,0,0,0,0,无明显情感,未明确对象,未明确方面,中性,0,0.6414594357828434,0.08540017729748388,0.6414594357828434,0.27314038691967274,中性,中性,,False
学习区,BV1uz4y1475S,【洛必达法则】高考使用指南,6049183,276506,78550,230485,4836,23660,上下同时求导，值不变，等于1。,,上下同时求导，值不变，等于1。,1,0,10,0,0,1.0,1.0,0.0,1.0,0.1,1.0,1.0,0.0,0,0,0,0,0,0,0,1,对象评价,未明确对象,未明确方面,正面,0,0.603851002279595,0.180176852262814,0.603851002279595,0.21597214545759094,中性,中性,0.0,True
学习区,BV1uz4y1475S,【洛必达法则】高考使用指南,6049183,276506,78550,230485,4836,23660,好难啊,,好难啊,0,1,1,0,0,-1.0,0.0,1.0,1.0,1.0,-1.0,0.0,1.0,0,0,0,0,0,0,0,1,对象评价,未明确对象,理解与难度,负面,-1,0.944886901586169,0.944886901586169,0.020621134633649618,0.03449196378018165,负面,负面,,False
学习区,BV1uz4y1475S,【洛必达法则】高考使用指南,6049183,276506,78550,230485,4836,23660,请问怎么判断极限取决于谁，有点不明白，感谢,,请问怎么判断极限取决于谁，有点不明白，感谢,1,1,11,0,0,0.19999999999999996,1.0,0.8,0.19999999999999996,0.18181818181818182,0.19999999999999996,1.0,0.8,0,1,0,1,0,0,0,1,对象评价+认知状态,未明确对象,理解与难度,混合,0,0.6471144300901474,0.20281673767374583,0.6471144300901474,0.1500688322361068,中性,中性,0.0,True
学习区,BV1uz4y1475S,【洛必达法则】高考使用指南,6049183,276506,78550,230485,4836,23660,zdbytnl,,zdbytnl,0,0,1,0,0,0.0,0.0,0.0,0.0,0.0,0.0,0.0,0.0,0,0,0,0,0,0,0,0,无明显情感,未明确对象,未明确方面,中性,0,0.6641811267415451,0.13348938228347546,0.6641811267415451,0.20232949097497943,中性,中性,,False
学习区,BV1uz4y1475S,【洛必达法则】高考使用指南,6049183,276506,78550,230485,4836,23660,zssa,,zssa,0,0,1,0,0,0.0,0.0,0.0,0.0,0.0,0.0,0.0,0.0,0,0,0,0,0,0,0,0,无明显情感,未明确对象,未明确方面,中性,0,0.6641811267415451,0.13348938228347546,0.6641811267415451,0.20232949097497943,中性,中性,,False
学习区,BV1uz4y1475S,【洛必达法则】高考使用指南,6049183,276506,78550,230485,4836,23660,???????????????????????,,???????????????????????,0,0,23,0,23,0.0,0.0,0.0,0.0,0.0,0.0,0.0,0.0,0,0,0,0,0,0,0,0,无明显情感,未明确对象,未明确方面,中性,-1,0.999999999998358,0.999999999998358,1.6421082276263582e-12,7.982099393247453e-18,负面,负面,,False
学习区,BV1uz4y1475S,【洛必达法则】高考使用指南,6049183,276506,78550,230485,4836,23660,爸呀，大哥,,爸呀，大哥,0,0,3,0,0,0.0,0.0,0.0,0.0,0.0,0.0,0.0,0.0,0,0,0,0,0,0,0,0,无明显情感,未明确对象,未明确方面,中性,0,0.46908358028275843,0.17692110176042888,0.46908358028275843,0.3539953179568127,中性,中性,,False
学习区,BV1uz4y1475S,【洛必达法则】高考使用指南,6049183,276506,78550,230485,4836,23660,吓死人了,,吓死人了,0,1,1,0,0,-1.0,0.0,1.0,1.0,1.0,-1.0,0.0,1.0,0,0,0,0,0,0,0,1,对象评价,未明确对象,未明确方面,负面,-1,0.9373044818688282,0.9373044818688282,0.03267303787168814,0.03002248025948365,负面,负面,-1.0,True
学习区,BV1uz4y1475S,【洛必达法则】高考使用指南,6049183,276506,78550,230485,4836,23660,《忐忑》即将开席！！,,忐忑即将开席！！,0,0,5,2,0,0.0,0.0,0.0,0.0,0.0,0.0,0.0,0.0,0,0,0,0,0,0,0,0,无明显情感,未明确对象,未明确方面,中性,0,0.4229324754461693,0.28504470816855154,0.4229324754461693,0.2920228163852791,中性,中性,0.0,True
学习区,BV1uz4y1475S,【洛必达法则】高考使用指南,6049183,276506,78550,230485,4836,23660,省流：有《忐忑》,,省流有忐忑,0,0,3,0,0,0.0,0.0,0.0,0.0,0.0,0.0,0.0,0.0,0,0,0,0,0,0,0,0,无明显情感,未明确对象,未明确方面,中性,0,0.5739618029344572,0.3457763692016776,0.5739618029344572,0.08026182786386514,中性,中性,,False
学习区,BV1uz4y1475S,【洛必达法则】高考使用指南,6049183,276506,78550,230485,4836,23660,为什么一个是趋近0，一个是趋近于无穷？,,为什么一个是趋近0，一个是趋近于无穷？,0,0,8,0,1,0.0,0.0,0.0,0.0,0.0,0.0,0.0,0.0,0,0,0,0,0,0,0,0,无明显情感,未明确对象,未明确方面,中性,0,0.6001453191211655,0.36536035353001955,0.6001453191211655,0.03449432734881494,中性,中性,,False
学习区,BV1uz4y1475S,【洛必达法则】高考使用指南,6049183,276506,78550,230485,4836,23660,学了两年都还不会用……,,学了两年都还不会用,0,1,6,0,0,-1.0,0.0,1.0,1.0,0.16666666666666666,-1.0,0.0,1.0,0,0,0,0,0,0,0,1,对象评价,未明确对象,未明确方面,负面,0,0.7160128589278106,0.23150935619418897,0.7160128589278106,0.0524777848780004,中性,负面,,False
学习区,BV1uz4y1475S,【洛必达法则】高考使用指南,6049183,276506,78550,230485,4836,23660,可以用放缩,,可以用放缩,1,0,3,0,0,1.0,1.0,0.0,1.0,0.3333333333333333,1.0,1.0,0.0,0,0,0,0,0,0,0,1,对象评价,未明确对象,未明确方面,正面,0,0.583907283201525,0.032003760009346856,0.583907283201525,0.3840889567891282,中性,正面,1.0,True
学习区,BV1uz4y1475S,【洛必达法则】高考使用指南,6049183,276506,78550,230485,4836,23660,姥姥:终于不是我了,,姥姥终于不是我了,0,0,3,0,0,0.0,0.0,0.0,0.0,0.0,0.0,0.0,0.0,0,0,0,0,0,0,0,0,无明显情感,未明确对象,未明确方面,中性,-1,0.6542446014752186,0.6542446014752186,0.17278875477788258,0.1729666437468989,负面,负面,,False
学习区,BV1uz4y1475S,【洛必达法则】高考使用指南,6049183,276506,78550,230485,4836,23660,那么怎么证明呢？,,那么怎么证明呢？,0,0,4,0,1,0.0,0.0,0.0,0.0,0.0,0.0,0.0,0.0,0,0,0,0,0,0,0,0,无明显情感,未明确对象,未明确方面,中性,-1,0.8469492295098803,0.8469492295098803,0.1304229820994509,0.022627788390668792,负面,负面,,False
学习区,BV1uz4y1475S,【洛必达法则】高考使用指南,6049183,276506,78550,230485,4836,23660,初二看的津津有味,,初二看的津津有味,1,0,3,0,0,1.0,1.0,0.0,1.0,0.3333333333333333,1.0,1.0,0.0,0,0,0,0,0,0,0,1,对象评价,未明确对象,未明确方面,正面,1,0.6473165763150052,0.2609494474174539,0.09173397626754098,0.6473165763150052,正面,正面,1.0,True
学习区,BV1uz4y1475S,【洛必达法则】高考使用指南,6049183,276506,78550,230485,4836,23660,右边没取所以是对的,,右边没取所以是对的,0,0,5,0,0,0.0,0.0,0.0,0.0,0.0,0.0,0.0,0.0,0,0,0,0,0,0,0,0,无明显情感,未明确对象,未明确方面,中性,0,0.7213115617263717,0.17045342056462875,0.7213115617263717,0.10823501770899968,中性,中性,,False
学习区,BV1uz4y1475S,【洛必达法则】高考使用指南,6049183,276506,78550,230485,4836,23660,"2，因为sin(0)＝0,0/0不可取",,"2，因为sin00,00不可取",0,0,8,0,0,0.0,0.0,0.0,0.0,0.0,0.0,0.0,0.0,0,0,0,0,0,0,0,0,无明显情感,未明确对象,未明确方面,中性,0,0.8173938125454506,0.15512176257888718,0.8173938125454506,0.027484424875662126,中性,中性,,False
学习区,BV1uz4y1475S,【洛必达法则】高考使用指南,6049183,276506,78550,230485,4836,23660,幼儿园小班听懂了,,幼儿园小班听懂了,1,0,3,0,0,1.0,1.0,0.0,1.0,0.3333333333333333,1.0,1.0,0.0,0,0,0,0,1,0,0,1,对象评价+认知状态,未明确对象,理解与难度,正面,1,0.8032419524854589,0.13078189448554717,0.06597615302899389,0.8032419524854589,正面,正面,1.0,True
学习区,BV1uz4y1475S,【洛必达法则】高考使用指南,6049183,276506,78550,230485,4836,23660,撒花～,,撒花,0,0,1,0,0,0.0,0.0,0.0,0.0,0.0,0.0,0.0,0.0,0,0,0,0,0,0,0,0,无明显情感,未明确对象,未明确方面,中性,0,0.6641811267415451,0.13348938228347546,0.6641811267415451,0.20232949097497943,中性,中性,,False
学习区,BV1uz4y1475S,【洛必达法则】高考使用指南,6049183,276506,78550,230485,4836,23660,禁术的代价,,禁术的代价,0,0,2,0,0,0.0,0.0,0.0,0.0,0.0,0.0,0.0,0.0,0,0,0,0,0,0,0,0,无明显情感,未明确对象,未明确方面,中性,0,0.5410847658369836,0.2577186326935726,0.5410847658369836,0.2011966014694437,中性,中性,,False
学习区,BV1uz4y1475S,【洛必达法则】高考使用指南,6049183,276506,78550,230485,4836,23660,边缘效应,,边缘效应,0,0,1,0,0,0.0,0.0,0.0,0.0,0.0,0.0,0.0,0.0,0,0,0,0,0,0,0,0,无明显情感,未明确对象,未明确方面,中性,0,0.4775943959526532,0.1986460137020849,0.4775943959526532,0.3237595903452618,中性,中性,,False
学习区,BV1uz4y1475S,【洛必达法则】高考使用指南,6049183,276506,78550,230485,4836,23660,配色好好看,,配色好好看,1,0,2,0,0,1.0,1.0,0.0,1.0,0.5,1.0,1.0,0.0,0,0,0,0,0,0,0,1,对象评价,未明确对象,视听体验,正面,1,0.8556644347954783,0.0543266660430484,0.0900088991614734,0.8556644347954783,正面,正面,,False
学习区,BV1uz4y1475S,【洛必达法则】高考使用指南,6049183,276506,78550,230485,4836,23660,落你雷霆，吓死我了,,落你雷霆，吓死我了,0,1,4,0,0,-1.0,0.0,1.0,1.0,0.25,-1.0,0.0,1.0,0,0,0,0,0,0,0,1,对象评价,未明确对象,未明确方面,负面,-1,0.9764756785231992,0.9764756785231992,0.014867781323509572,0.008656540153291327,负面,负面,-1.0,True
学习区,BV1uz4y1475S,【洛必达法则】高考使用指南,6049183,276506,78550,230485,4836,23660,再落,,再落,0,0,1,0,0,0.0,0.0,0.0,0.0,0.0,0.0,0.0,0.0,0,0,0,0,0,0,0,0,无明显情感,未明确对象,未明确方面,中性,0,0.6641811267415451,0.13348938228347546,0.6641811267415451,0.20232949097497943,中性,中性,,False
学习区,BV1uz4y1475S,【洛必达法则】高考使用指南,6049183,276506,78550,230485,4836,23660,刚出生就听懂了,,刚出生就听懂了,1,0,3,0,0,1.0,1.0,0.0,1.0,0.3333333333333333,1.0,1.0,0.0,0,0,0,0,1,0,0,1,对象评价+认知状态,未明确对象,理解与难度,正面,1,0.7789377752459339,0.18634880027801617,0.03471342447604998,0.7789377752459339,正面,正面,,False
学习区,BV1uz4y1475S,【洛必达法则】高考使用指南,6049183,276506,78550,230485,4836,23660,别人约会，我上课,,别人约会，我上课,0,0,4,0,0,0.0,0.0,0.0,0.0,0.0,0.0,0.0,0.0,0,0,0,0,0,0,0,0,无明显情感,未明确对象,未明确方面,中性,-1,0.5949795902433123,0.5949795902433123,0.22559458567397156,0.17942582408271615,负面,负面,,False
学习区,BV1uz4y1475S,【洛必达法则】高考使用指南,6049183,276506,78550,230485,4836,23660,[前方高能前方高能前方高能],,前方高能前方高能前方高能,3,0,6,0,0,3.0,3.0,0.0,3.0,0.5,3.0,3.0,0.0,0,0,0,0,0,0,0,1,对象评价,未明确对象,未明确方面,正面,1,0.7678268083982736,0.017725300687586824,0.21444789091413968,0.7678268083982736,正面,正面,,False
学习区,BV1uz4y1475S,【洛必达法则】高考使用指南,6049183,276506,78550,230485,4836,23660,直接我就洛,,直接我就洛,0,0,3,0,0,0.0,0.0,0.0,0.0,0.0,0.0,0.0,0.0,0,0,0,0,0,0,0,0,无明显情感,未明确对象,未明确方面,中性,0,0.6452991625355643,0.15891944583904025,0.6452991625355643,0.19578139162539535,中性,中性,,False
学习区,BV1uz4y1475S,【洛必达法则】高考使用指南,6049183,276506,78550,230485,4836,23660,这就是众多比格信奉的法则吗,,这就是众多比格信奉的法则吗,0,0,5,0,0,0.0,0.0,0.0,0.0,0.0,0.0,0.0,0.0,0,0,0,0,0,0,0,0,无明显情感,未明确对象,未明确方面,中性,0,0.7759620034393561,0.1569892782627069,0.7759620034393561,0.06704871829793708,中性,中性,,False
学习区,BV1uz4y1475S,【洛必达法则】高考使用指南,6049183,276506,78550,230485,4836,23660,可以最后提个X，这里求导求繁了,,可以最后提个X，这里求导求繁了,1,0,8,0,0,1.0,1.0,0.0,1.0,0.125,1.0,1.0,0.0,0,0,0,0,0,0,0,1,对象评价,未明确对象,未明确方面,正面,-1,0.8065847891520607,0.8065847891520607,0.1079893176450386,0.08542589320290059,负面,负面,-1.0,True
学习区,BV1uz4y1475S,【洛必达法则】高考使用指南,6049183,276506,78550,230485,4836,23660,高阶法术,,高阶法术,0,0,2,0,0,0.0,0.0,0.0,0.0,0.0,0.0,0.0,0.0,0,0,0,0,0,0,0,0,无明显情感,未明确对象,未明确方面,中性,0,0.6585046096608349,0.14118285317383877,0.6585046096608349,0.20031253716532643,中性,中性,,False
学习区,BV1uz4y1475S,【洛必达法则】高考使用指南,6049183,276506,78550,230485,4836,23660,有瑕疵点,,有瑕疵点,0,0,3,0,0,0.0,0.0,0.0,0.0,0.0,0.0,0.0,0.0,0,0,0,0,0,0,0,0,无明显情感,未明确对象,未明确方面,中性,-1,0.7581639691607999,0.7581639691607999,0.1764627272817294,0.06537330355747083,负面,负面,-1.0,True
学习区,BV1uz4y1475S,【洛必达法则】高考使用指南,6049183,276506,78550,230485,4836,23660,高三来了啊,,高三来了啊,0,0,2,0,0,0.0,0.0,0.0,0.0,0.0,0.0,0.0,0.0,0,0,0,0,0,0,0,0,无明显情感,未明确对象,未明确方面,中性,0,0.6600854629463181,0.26647392760515765,0.6600854629463181,0.07344060944852433,中性,中性,,False
学习区,BV1uz4y1475S,【洛必达法则】高考使用指南,6049183,276506,78550,230485,4836,23660,一拳打不死再打一拳就好了,,一拳打不死再打一拳就好了,0,0,7,0,0,0.0,0.0,0.0,0.0,0.0,0.0,0.0,0.0,0,0,0,0,0,0,0,0,无明显情感,未明确对象,未明确方面,中性,1,0.6198317529972841,0.13531074211135977,0.2448575048913561,0.6198317529972841,正面,正面,,False
学习区,BV1uz4y1475S,【洛必达法则】高考使用指南,6049183,276506,78550,230485,4836,23660,要求导啊，高二告辞,,要求导啊，高二告辞,0,0,5,0,0,0.0,0.0,0.0,0.0,0.0,0.0,0.0,0.0,0,0,0,0,0,0,0,0,无明显情感,未明确对象,未明确方面,中性,0,0.44559818635630877,0.4212480375943814,0.44559818635630877,0.13315377604930986,中性,中性,,False
学习区,BV1uz4y1475S,【洛必达法则】高考使用指南,6049183,276506,78550,230485,4836,23660,mokoko还是导,,mokoko还是导,0,0,3,0,0,0.0,0.0,0.0,0.0,0.0,0.0,0.0,0.0,0,0,0,0,0,0,0,0,无明显情感,未明确对象,未明确方面,中性,0,0.5850147284359883,0.27099267684683415,0.5850147284359883,0.14399259471717757,中性,中性,,False
学习区,BV1uz4y1475S,【洛必达法则】高考使用指南,6049183,276506,78550,230485,4836,23660,做,,做,0,0,1,0,0,0.0,0.0,0.0,0.0,0.0,0.0,0.0,0.0,0,0,0,0,0,0,0,0,无明显情感,未明确对象,未明确方面,中性,0,0.7426977472868602,0.09853641192553433,0.7426977472868602,0.15876584078760542,中性,中性,,False
学习区,BV1uz4y1475S,【洛必达法则】高考使用指南,6049183,276506,78550,230485,4836,23660,kksk,,kksk,0,0,1,0,0,0.0,0.0,0.0,0.0,0.0,0.0,0.0,0.0,0,0,0,0,0,0,0,0,无明显情感,未明确对象,未明确方面,中性,0,0.6641811267415451,0.13348938228347546,0.6641811267415451,0.20232949097497943,中性,中性,,False
学习区,BV1uz4y1475S,【洛必达法则】高考使用指南,6049183,276506,78550,230485,4836,23660,[前方高能前方高能],,前方高能前方高能,2,0,4,0,0,2.0,2.0,0.0,2.0,0.5,2.0,2.0,0.0,0,0,0,0,0,0,0,1,对象评价,未明确对象,未明确方面,正面,0,0.5443217806200136,0.044018615028350416,0.5443217806200136,0.411659604351636,中性,中性,0.0,True
学习区,BV1uz4y1475S,【洛必达法则】高考使用指南,6049183,276506,78550,230485,4836,23660,零点存在定理也能证,,零点存在定理也能证,0,0,5,0,0,0.0,0.0,0.0,0.0,0.0,0.0,0.0,0.0,0,0,0,0,0,0,0,0,无明显情感,未明确对象,未明确方面,中性,0,0.6118177872415616,0.21497918440134858,0.6118177872415616,0.17320302835708987,中性,中性,,False
学习区,BV1uz4y1475S,【洛必达法则】高考使用指南,6049183,276506,78550,230485,4836,23660,奇函数排除A 正负排除D 求导代点发现先减后增排除C,,奇函数排除A正负排除D求导代点发现先减后增排除C,0,0,13,0,0,0.0,0.0,0.0,0.0,0.0,0.0,0.0,0.0,0,0,0,0,0,0,0,0,无明显情感,未明确对象,未明确方面,中性,0,0.8822003133635596,0.083692603514015,0.8822003133635596,0.03410708312242533,中性,中性,,False
学习区,BV1uz4y1475S,【洛必达法则】高考使用指南,6049183,276506,78550,230485,4836,23660,遇到事情，不能坐以待毙！—lmy,,遇到事情，不能坐以待毙！lmy,0,0,7,1,0,0.0,0.0,0.0,0.0,0.0,0.0,0.0,0.0,0,0,0,0,0,0,0,0,无明显情感,未明确对象,未明确方面,中性,1,0.43152474228481236,0.2350507133306806,0.33342454438450714,0.43152474228481236,正面,正面,,False
学习区,BV1uz4y1475S,【洛必达法则】高考使用指南,6049183,276506,78550,230485,4836,23660,小迪女朋友打卡,,小迪女朋友打卡,0,0,3,0,0,0.0,0.0,0.0,0.0,0.0,0.0,0.0,0.0,0,0,0,0,0,0,0,0,无明显情感,未明确对象,未明确方面,中性,0,0.7771591131114175,0.029580634694967495,0.7771591131114175,0.19326025219361515,中性,中性,,False
学习区,BV1uz4y1475S,【洛必达法则】高考使用指南,6049183,276506,78550,230485,4836,23660,忘记前不导后导了,,忘记前不导后导了,0,0,3,0,0,0.0,0.0,0.0,0.0,0.0,0.0,0.0,0.0,0,0,0,0,0,0,0,0,无明显情感,未明确对象,未明确方面,中性,0,0.5454236327427466,0.29042931988583137,0.5454236327427466,0.16414704737142197,中性,中性,,False
学习区,BV1uz4y1475S,【洛必达法则】高考使用指南,6049183,276506,78550,230485,4836,23660,二阶导的时候求错了,,二阶导的时候求错了,0,1,4,0,0,-1.0,0.0,1.0,1.0,0.25,-1.0,0.0,1.0,0,0,0,0,0,0,0,1,对象评价,未明确对象,未明确方面,负面,-1,0.6877210710172089,0.6877210710172089,0.25274954386260845,0.05952938512018257,负面,负面,-1.0,True
学习区,BV1uz4y1475S,【洛必达法则】高考使用指南,6049183,276506,78550,230485,4836,23660,这一点算错了,,这一点算错了,0,1,2,0,0,-1.0,0.0,1.0,1.0,0.5,-1.0,0.0,1.0,0,0,0,0,0,0,0,1,对象评价,未明确对象,未明确方面,负面,-1,0.7950035170993499,0.7950035170993499,0.1449208505168489,0.06007563238380112,负面,负面,,False
学习区,BV1uz4y1475S,【洛必达法则】高考使用指南,6049183,276506,78550,230485,4836,23660,哦哦哦,,哦哦哦,0,0,1,0,0,0.0,0.0,0.0,0.0,0.0,0.0,0.0,0.0,0,0,0,0,0,0,0,0,无明显情感,未明确对象,未明确方面,中性,0,0.6641811267415451,0.13348938228347546,0.6641811267415451,0.20232949097497943,中性,中性,,False
学习区,BV1uz4y1475S,【洛必达法则】高考使用指南,6049183,276506,78550,230485,4836,23660,右边镀金,,右边镀金,0,0,2,0,0,0.0,0.0,0.0,0.0,0.0,0.0,0.0,0.0,0,0,0,0,0,0,0,0,无明显情感,未明确对象,未明确方面,中性,0,0.6585046096608349,0.14118285317383877,0.6585046096608349,0.20031253716532643,中性,中性,,False
学习区,BV1uz4y1475S,【洛必达法则】高考使用指南,6049183,276506,78550,230485,4836,23660,我寻思左边能行,,我寻思左边能行,0,0,4,0,0,0.0,0.0,0.0,0.0,0.0,0.0,0.0,0.0,0,0,0,0,0,0,0,0,无明显情感,未明确对象,未明确方面,中性,0,0.6099554181226119,0.27805138501468524,0.6099554181226119,0.1119931968627028,中性,中性,,False
学习区,BV1uz4y1475S,【洛必达法则】高考使用指南,6049183,276506,78550,230485,4836,23660,感觉没必要咯 看增速就行,,感觉没必要咯看增速就行,0,0,7,0,0,0.0,0.0,0.0,0.0,0.0,0.0,0.0,0.0,0,0,0,0,0,0,0,0,无明显情感,未明确对象,未明确方面,中性,0,0.4787024496144135,0.3371662458018963,0.4787024496144135,0.18413130458369015,中性,中性,,False
学习区,BV1uz4y1475S,【洛必达法则】高考使用指南,6049183,276506,78550,230485,4836,23660,左边也行,,左边也行,0,0,3,0,0,0.0,0.0,0.0,0.0,0.0,0.0,0.0,0.0,0,0,0,0,0,0,0,0,无明显情感,未明确对象,未明确方面,中性,0,0.522042637251178,0.31096140470039324,0.522042637251178,0.1669959580484287,中性,中性,,False
学习区,BV1uz4y1475S,【洛必达法则】高考使用指南,6049183,276506,78550,230485,4836,23660,变成x/（I/In x）,,变成xIInx,0,0,2,0,0,0.0,0.0,0.0,0.0,0.0,0.0,0.0,0.0,0,0,0,0,0,0,0,0,无明显情感,未明确对象,未明确方面,中性,0,0.5845574766087026,0.26003817100633553,0.5845574766087026,0.15540435238496175,中性,中性,0.0,True
学习区,BV1uz4y1475S,【洛必达法则】高考使用指南,6049183,276506,78550,230485,4836,23660,666，怎么还有电子？,,666，怎么还有电子？,1,0,6,0,1,1.0,1.0,0.0,1.0,0.16666666666666666,1.0,1.0,0.0,0,0,0,0,0,0,0,1,对象评价,未明确对象,未明确方面,正面,-1,0.641321461700822,0.641321461700822,0.08961715979039067,0.26906137850878725,负面,正面,,False
学习区,BV1uz4y1475S,【洛必达法则】高考使用指南,6049183,276506,78550,230485,4836,23660,我喜欢叫（摞n）,,我喜欢叫摞n,1,0,4,0,0,1.0,1.0,0.0,1.0,0.25,1.0,1.0,0.0,0,0,0,0,0,0,0,1,对象评价,未明确对象,未明确方面,正面,1,0.5145857985556855,0.41868929305742414,0.06672490838689027,0.5145857985556855,正面,正面,,False
学习区,BV1uz4y1475S,【洛必达法则】高考使用指南,6049183,276506,78550,230485,4836,23660,我喜欢叫左函乘右导+右函乘左导,,我喜欢叫左函乘右导右函乘左导,1,0,7,0,0,1.0,1.0,0.0,1.0,0.14285714285714285,1.0,1.0,0.0,0,0,0,0,0,0,0,1,对象评价,未明确对象,未明确方面,正面,1,0.48428153087400766,0.43929628682564614,0.07642218230034618,0.48428153087400766,正面,正面,,False
学习区,BV1uz4y1475S,【洛必达法则】高考使用指南,6049183,276506,78550,230485,4836,23660,下面红字↓（你放屁！！！）,,下面红字你放屁！！！,0,0,6,3,0,0.0,0.0,0.0,0.0,0.0,0.0,0.0,0.0,0,0,0,0,0,0,0,0,无明显情感,未明确对象,未明确方面,中性,-1,0.5596511522946614,0.5596511522946614,0.19473968450681772,0.2456091631985208,负面,负面,-1.0,True
学习区,BV1uz4y1475S,【洛必达法则】高考使用指南,6049183,276506,78550,230485,4836,23660,是不是能用斯特林公式,,是不是能用斯特林公式,1,0,5,0,0,1.0,1.0,0.0,1.0,0.2,1.0,1.0,0.0,0,0,0,0,0,0,0,1,对象评价,课程内容,未明确方面,正面,0,0.5047755000486657,0.2346087352940428,0.5047755000486657,0.2606157646572915,中性,中性,0.0,True
学习区,BV1uz4y1475S,【洛必达法则】高考使用指南,6049183,276506,78550,230485,4836,23660,e这个东西求导是它本身,,e这个东西求导是它本身,0,0,5,0,0,0.0,0.0,0.0,0.0,0.0,0.0,0.0,0.0,0,0,0,0,0,0,0,0,无明显情感,未明确对象,未明确方面,中性,0,0.7445876349009362,0.16005066251890418,0.7445876349009362,0.09536170258015961,中性,中性,,False
学习区,BV1uz4y1475S,【洛必达法则】高考使用指南,6049183,276506,78550,230485,4836,23660,下面的那个处处连续，不可求导，是一个拓扑维度,,下面的那个处处连续，不可求导，是一个拓扑维度,0,0,10,0,0,0.0,0.0,0.0,0.0,0.0,0.0,0.0,0.0,0,0,0,0,0,0,0,0,无明显情感,未明确对象,未明确方面,中性,-1,0.7486464816344994,0.7486464816344994,0.19449262870736966,0.05686088965813095,负面,负面,,False
学习区,BV1uz4y1475S,【洛必达法则】高考使用指南,6049183,276506,78550,230485,4836,23660,洛神：当你做出0/0或∞/∞时，你可以假装抄错题目，继续洛,,洛神当你做出00或时，你可以假装抄错题目，继续洛,1,0,13,0,0,1.0,1.0,0.0,1.0,0.07692307692307693,1.0,1.0,0.0,0,0,0,0,0,0,0,1,对象评价,课程内容,未明确方面,正面,1,0.6544639155249615,0.06022737415730067,0.2853087103177378,0.6544639155249615,正面,正面,1.0,True
学习区,BV1uz4y1475S,【洛必达法则】高考使用指南,6049183,276506,78550,230485,4836,23660,0+,,0,0,0,1,0,0,0.0,0.0,0.0,0.0,0.0,0.0,0.0,0.0,0,0,0,0,0,0,0,0,无明显情感,未明确对象,未明确方面,中性,0,0.7456355459566656,0.09314092427411444,0.7456355459566656,0.16122352976921997,中性,中性,,False
学习区,BV1uz4y1475S,【洛必达法则】高考使用指南,6049183,276506,78550,230485,4836,23660,获得了神的力量，但代价是什么呢……,,获得了神的力量，但代价是什么呢,0,0,7,0,0,0.0,0.0,0.0,0.0,0.0,0.0,0.0,0.0,0,0,0,0,0,0,0,0,无明显情感,未明确对象,未明确方面,中性,-1,0.6992799920901227,0.6992799920901227,0.27022921432112146,0.03049079358875588,负面,负面,,False
学习区,BV1uz4y1475S,【洛必达法则】高考使用指南,6049183,276506,78550,230485,4836,23660,岛岛的妈妈,,岛岛的妈妈,0,0,2,0,0,0.0,0.0,0.0,0.0,0.0,0.0,0.0,0.0,0,0,0,0,0,0,0,0,无明显情感,未明确对象,未明确方面,中性,0,0.5410847658369836,0.2577186326935726,0.5410847658369836,0.2011966014694437,中性,中性,,False
学习区,BV1uz4y1475S,【洛必达法则】高考使用指南,6049183,276506,78550,230485,4836,23660,这个原点处不应该打圈,,这个原点处不应该打圈,0,0,6,0,0,0.0,0.0,0.0,0.0,0.0,0.0,0.0,0.0,0,0,0,0,0,0,0,0,无明显情感,未明确对象,未明确方面,中性,-1,0.4829529718176976,0.4829529718176976,0.44229795412817774,0.07474907405412473,负面,负面,,False
学习区,BV1uz4y1475S,【洛必达法则】高考使用指南,6049183,276506,78550,230485,4836,23660,哦～～～～～～～～～～～～～～～～～～～～～～～～～～～～～～～～～～～～～～～～～～～哦～～～～～～～～～～～～～～～～～～～～～～～～～～～～～～～～～～,,哦哦,0,0,2,0,0,0.0,0.0,0.0,0.0,0.0,0.0,0.0,0.0,0,0,0,0,0,0,0,0,无明显情感,未明确对象,未明确方面,中性,0,0.6927523528125363,0.1157548397068081,0.6927523528125363,0.1914928074806557,中性,中性,,False
学习区,BV1uz4y1475S,【洛必达法则】高考使用指南,6049183,276506,78550,230485,4836,23660,这是你奶奶的配乐嘛,,这是你奶奶的配乐嘛,0,0,3,0,0,0.0,0.0,0.0,0.0,0.0,0.0,0.0,0.0,0,0,0,0,0,0,0,0,无明显情感,视频内容,视听体验,中性,0,0.6474438631769154,0.16722036960071016,0.6474438631769154,0.18533576722237458,中性,中性,,False
学习区,BV1uz4y1475S,【洛必达法则】高考使用指南,6049183,276506,78550,230485,4836,23660,谢谢！！,,谢谢！！,1,0,3,2,0,1.0,1.0,0.0,1.0,0.3333333333333333,1.0,1.0,0.0,0,0,0,0,0,0,0,1,对象评价,未明确对象,未明确方面,正面,1,0.8703400453125592,0.05571874244032342,0.0739412122471174,0.8703400453125592,正面,正面,,False
学习区,BV1uz4y1475S,【洛必达法则】高考使用指南,6049183,276506,78550,230485,4836,23660,洛起来，不要停，芜湖,,洛起来，不要停，芜湖,0,0,7,0,0,0.0,0.0,0.0,0.0,0.0,0.0,0.0,0.0,0,0,0,0,0,0,0,0,无明显情感,未明确对象,未明确方面,中性,1,0.41926811817778276,0.2241076572597368,0.35662422456248033,0.41926811817778276,正面,正面,1.0,True
学习区,BV1uz4y1475S,【洛必达法则】高考使用指南,6049183,276506,78550,230485,4836,23660,洛洛洛，不要停，芜湖,,洛洛洛，不要停，芜湖,0,0,6,0,0,0.0,0.0,0.0,0.0,0.0,0.0,0.0,0.0,0,0,0,0,0,0,0,0,无明显情感,未明确对象,未明确方面,中性,1,0.35579481034172067,0.33735269191023,0.30685249774804924,0.35579481034172067,正面,中性,,False
学习区,BV1uz4y1475S,【洛必达法则】高考使用指南,6049183,276506,78550,230485,4836,23660,吃饭用手抓秒了,,吃饭用手抓秒了,0,0,4,0,0,0.0,0.0,0.0,0.0,0.0,0.0,0.0,0.0,0,0,0,0,0,0,0,0,无明显情感,未明确对象,未明确方面,中性,0,0.6390271867060058,0.13835849766989858,0.6390271867060058,0.22261431562409553,中性,中性,,False
学习区,BV1uz4y1475S,【洛必达法则】高考使用指南,6049183,276506,78550,230485,4836,23660,"xlnx洛必达完了是–x,那用这个判断在正无穷是不应该是负无穷吗",,"xlnx洛必达完了是x,那用这个判断在正无穷是不应该是负无穷吗",0,1,15,0,0,-1.0,0.0,1.0,1.0,0.06666666666666667,-1.0,0.0,1.0,0,0,0,0,0,0,0,1,对象评价,未明确对象,未明确方面,负面,0,0.8538482623444089,0.1406796465618167,0.8538482623444089,0.005472091093774492,中性,中性,0.0,True
学习区,BV1uz4y1475S,【洛必达法则】高考使用指南,6049183,276506,78550,230485,4836,23660,《亿点分》,,亿点分,0,0,2,0,0,0.0,0.0,0.0,0.0,0.0,0.0,0.0,0.0,0,0,0,0,0,0,0,0,无明显情感,未明确对象,未明确方面,中性,0,0.6375705460564849,0.1221208943579724,0.6375705460564849,0.2403085595855429,中性,中性,,False
学习区,BV1uz4y1475S,【洛必达法则】高考使用指南,6049183,276506,78550,230485,4836,23660,老笨蛋,,老笨蛋,0,0,2,0,0,0.0,0.0,0.0,0.0,0.0,0.0,0.0,0.0,0,0,0,0,0,0,0,0,无明显情感,未明确对象,未明确方面,中性,0,0.6585046096608349,0.14118285317383877,0.6585046096608349,0.20031253716532643,中性,中性,,False
学习区,BV1uz4y1475S,【洛必达法则】高考使用指南,6049183,276506,78550,230485,4836,23660,幼儿园听懂了,,幼儿园听懂了,1,0,2,0,0,1.0,1.0,0.0,1.0,0.5,1.0,1.0,0.0,0,0,0,0,1,0,0,1,对象评价+认知状态,未明确对象,理解与难度,正面,1,0.7955197036657582,0.16146218258215855,0.043018113752083295,0.7955197036657582,正面,正面,,False
学习区,BV1uz4y1475S,【洛必达法则】高考使用指南,6049183,276506,78550,230485,4836,23660,右下角细节,,右下角细节,0,0,2,0,0,0.0,0.0,0.0,0.0,0.0,0.0,0.0,0.0,0,0,0,0,0,0,0,0,无明显情感,未明确对象,未明确方面,中性,0,0.8257601192894951,0.06790269285236707,0.8257601192894951,0.10633718785813782,中性,中性,,False
学习区,BV1uz4y1475S,【洛必达法则】高考使用指南,6049183,276506,78550,230485,4836,23660,直接指数曝炸秒了（文科生表示很gai）,,直接指数曝炸秒了文科生表示很gai,0,0,8,0,0,0.0,0.0,0.0,0.0,0.0,0.0,0.0,0.0,0,0,0,0,0,0,0,0,无明显情感,未明确对象,未明确方面,中性,0,0.5734199765087725,0.18927165658483328,0.5734199765087725,0.23730836690639415,中性,中性,,False
学习区,BV1uz4y1475S,【洛必达法则】高考使用指南,6049183,276506,78550,230485,4836,23660,落不死，往死里落,,落不死，往死里落,0,0,4,0,0,0.0,0.0,0.0,0.0,0.0,0.0,0.0,0.0,0,0,0,0,0,0,0,0,无明显情感,未明确对象,未明确方面,中性,0,0.4546886731688159,0.25256041357486264,0.4546886731688159,0.29275091325632147,中性,中性,,False
学习区,BV1uz4y1475S,【洛必达法则】高考使用指南,6049183,276506,78550,230485,4836,23660,司空见惯的世界征服,,司空见惯的世界征服,0,0,3,0,0,0.0,0.0,0.0,0.0,0.0,0.0,0.0,0.0,0,0,0,0,0,0,0,0,无明显情感,未明确对象,未明确方面,中性,0,0.5320849056864122,0.27034876686532877,0.5320849056864122,0.19756632744825905,中性,中性,,False
学习区,BV1uz4y1475S,【洛必达法则】高考使用指南,6049183,276506,78550,230485,4836,23660,零点存在定理,,零点存在定理,0,0,3,0,0,0.0,0.0,0.0,0.0,0.0,0.0,0.0,0.0,0,0,0,0,0,0,0,0,无明显情感,未明确对象,未明确方面,中性,0,0.6947216642820064,0.11778039232108951,0.6947216642820064,0.18749794339690412,中性,中性,,False
学习区,BV1uz4y1475S,【洛必达法则】高考使用指南,6049183,276506,78550,230485,4836,23660,好棒,,好棒,1,0,1,0,0,1.0,1.0,0.0,1.0,1.0,1.0,1.0,0.0,0,0,0,0,0,0,0,1,对象评价,未明确对象,未明确方面,正面,1,0.7129372537708775,0.20499468037722357,0.08206806585189903,0.7129372537708775,正面,正面,,False
学习区,BV1uz4y1475S,【洛必达法则】高考使用指南,6049183,276506,78550,230485,4836,23660,曲靖。趋近于某个数,,曲靖。趋近于某个数,0,0,6,0,0,0.0,0.0,0.0,0.0,0.0,0.0,0.0,0.0,0,0,0,0,0,0,0,0,无明显情感,未明确对象,未明确方面,中性,0,0.7460352647053724,0.07361273039916014,0.7460352647053724,0.18035200489546754,中性,中性,,False
学习区,BV1uz4y1475S,【洛必达法则】高考使用指南,6049183,276506,78550,230485,4836,23660,醍醐灌顶,,醍醐灌顶,1,0,1,0,0,1.0,1.0,0.0,1.0,1.0,1.0,1.0,0.0,0,0,0,0,0,0,0,1,对象评价,未明确对象,未明确方面,正面,1,0.7129372537708775,0.20499468037722357,0.08206806585189903,0.7129372537708775,正面,正面,,False
学习区,BV1uz4y1475S,【洛必达法则】高考使用指南,6049183,276506,78550,230485,4836,23660,带两个点,,带两个点,0,0,3,0,0,0.0,0.0,0.0,0.0,0.0,0.0,0.0,0.0,0,0,0,0,0,0,0,0,无明显情感,未明确对象,未明确方面,中性,0,0.6166374176588805,0.18908595681470414,0.6166374176588805,0.19427662552641545,中性,中性,,False
学习区,BV1uz4y1475S,【洛必达法则】高考使用指南,6049183,276506,78550,230485,4836,23660,c吃吃,,c吃吃,0,0,3,0,0,0.0,0.0,0.0,0.0,0.0,0.0,0.0,0.0,0,0,0,0,0,0,0,0,无明显情感,未明确对象,未明确方面,中性,0,0.7291679028265394,0.09681500598485857,0.7291679028265394,0.17401709118860206,中性,中性,,False
学习区,BV1uz4y1475S,【洛必达法则】高考使用指南,6049183,276506,78550,230485,4836,23660,趋近于零并不代表等于零，这与零乘以任何数等于零不矛盾,,趋近于零并不代表等于零，这与零乘以任何数等于零不矛盾,0,0,15,0,0,0.0,0.0,0.0,0.0,0.0,0.0,0.0,0.0,0,0,0,0,0,0,0,0,无明显情感,未明确对象,未明确方面,中性,-1,0.6086428893421416,0.6086428893421416,0.31198341447085143,0.0793736961870069,负面,负面,,False
学习区,BV1uz4y1475S,【洛必达法则】高考使用指南,6049183,276506,78550,230485,4836,23660,《 斗 洛 大 陆 ： 绝 世 洛 门 》,,斗洛大陆绝世洛门,0,0,4,0,0,0.0,0.0,0.0,0.0,0.0,0.0,0.0,0.0,0,0,0,0,0,0,0,0,无明显情感,未明确对象,未明确方面,中性,0,0.6462878438700694,0.15767941730141277,0.6462878438700694,0.19603273882851782,中性,中性,,False
学习区,BV1uz4y1475S,【洛必达法则】高考使用指南,6049183,276506,78550,230485,4836,23660,甜菜,,甜菜,0,0,1,0,0,0.0,0.0,0.0,0.0,0.0,0.0,0.0,0.0,0,0,0,0,0,0,0,0,无明显情感,未明确对象,未明确方面,中性,0,0.6641811267415451,0.13348938228347546,0.6641811267415451,0.20232949097497943,中性,中性,,False
学习区,BV1uz4y1475S,【洛必达法则】高考使用指南,6049183,276506,78550,230485,4836,23660,弹幕护体,,弹幕护体,0,0,2,0,0,0.0,0.0,0.0,0.0,0.0,0.0,0.0,0.0,0,0,0,0,0,0,0,0,无明显情感,未明确对象,未明确方面,中性,0,0.5679148883896582,0.023802866778760118,0.5679148883896582,0.40828224483158176,中性,中性,,False
学习区,BV1uz4y1475S,【洛必达法则】高考使用指南,6049183,276506,78550,230485,4836,23660,攻击函数对低阶函数影响大x次为高阶函数l与dd值函数是影响x大于零点c是多少x无限矩形与零点c是整体无限,,攻击函数对低阶函数影响大x次为高阶函数l与dd值函数是影响x大于零点c是多少x无限矩形与零点c是整体无限,0,0,30,0,0,0.0,0.0,0.0,0.0,0.0,0.0,0.0,0.0,0,0,0,0,0,0,0,0,无明显情感,未明确对象,未明确方面,中性,0,0.7194620827684098,0.24898869488421604,0.7194620827684098,0.031549222347374055,中性,中性,,False
学习区,BV1uz4y1475S,【洛必达法则】高考使用指南,6049183,276506,78550,230485,4836,23660,添彩,,添彩,0,0,1,0,0,0.0,0.0,0.0,0.0,0.0,0.0,0.0,0.0,0,0,0,0,0,0,0,0,无明显情感,未明确对象,未明确方面,中性,0,0.6641811267415451,0.13348938228347546,0.6641811267415451,0.20232949097497943,中性,中性,,False
学习区,BV1uz4y1475S,【洛必达法则】高考使用指南,6049183,276506,78550,230485,4836,23660,俗,,俗,0,0,1,0,0,0.0,0.0,0.0,0.0,0.0,0.0,0.0,0.0,0,0,0,0,0,0,0,0,无明显情感,未明确对象,未明确方面,中性,0,0.6641811267415451,0.13348938228347546,0.6641811267415451,0.20232949097497943,中性,中性,,False
学习区,BV1uz4y1475S,【洛必达法则】高考使用指南,6049183,276506,78550,230485,4836,23660,0除以0等于一嘻嘻,,0除以0等于一嘻嘻,0,0,6,0,0,0.0,0.0,0.0,0.0,0.0,0.0,0.0,0.0,0,0,0,0,0,0,0,0,无明显情感,未明确对象,未明确方面,中性,0,0.7862676542168218,0.0756833149691212,0.7862676542168218,0.13804903081405695,中性,中性,,False
学习区,BV1uz4y1475S,【洛必达法则】高考使用指南,6049183,276506,78550,230485,4836,23660,wbuchi,,wbuchi,0,0,1,0,0,0.0,0.0,0.0,0.0,0.0,0.0,0.0,0.0,0,0,0,0,0,0,0,0,无明显情感,未明确对象,未明确方面,中性,0,0.6641811267415451,0.13348938228347546,0.6641811267415451,0.20232949097497943,中性,中性,,False
学习区,BV1uz4y1475S,【洛必达法则】高考使用指南,6049183,276506,78550,230485,4836,23660,??????,,??????,0,0,6,0,6,0.0,0.0,0.0,0.0,0.0,0.0,0.0,0.0,0,0,0,0,0,0,0,0,无明显情感,未明确对象,未明确方面,中性,-1,0.9970647921208644,0.9970647921208644,0.0028858785522282706,4.932932690729874e-05,负面,负面,,False
学习区,BV1uz4y1475S,【洛必达法则】高考使用指南,6049183,276506,78550,230485,4836,23660,是否连续,,是否连续,0,0,2,0,0,0.0,0.0,0.0,0.0,0.0,0.0,0.0,0.0,0,0,0,0,0,0,0,0,无明显情感,未明确对象,未明确方面,中性,0,0.6585046096608349,0.14118285317383877,0.6585046096608349,0.20031253716532643,中性,中性,,False
学习区,BV1uz4y1475S,【洛必达法则】高考使用指南,6049183,276506,78550,230485,4836,23660,我将去看端点效应,,我将去看端点效应,0,0,5,0,0,0.0,0.0,0.0,0.0,0.0,0.0,0.0,0.0,0,0,0,0,0,0,0,0,无明显情感,未明确对象,未明确方面,中性,-1,0.7282015358180755,0.7282015358180755,0.1591927895836001,0.11260567459832449,负面,负面,,False
学习区,BV1uz4y1475S,【洛必达法则】高考使用指南,6049183,276506,78550,230485,4836,23660,可,,可,0,0,1,0,0,0.0,0.0,0.0,0.0,0.0,0.0,0.0,0.0,0,0,0,0,0,0,0,0,无明显情感,未明确对象,未明确方面,中性,0,0.6641811267415451,0.13348938228347546,0.6641811267415451,0.20232949097497943,中性,中性,,False
学习区,BV1uz4y1475S,【洛必达法则】高考使用指南,6049183,276506,78550,230485,4836,23660,中考能用吗,,中考能用吗,1,0,2,0,0,1.0,1.0,0.0,1.0,0.5,1.0,1.0,0.0,0,0,0,0,0,0,0,1,对象评价,未明确对象,未明确方面,正面,0,0.7652596589096324,0.04970462309694878,0.7652596589096324,0.1850357179934187,中性,中性,0.0,True
学习区,BV1uz4y1475S,【洛必达法则】高考使用指南,6049183,276506,78550,230485,4836,23660,之前用的指数大爆炸，原来还可以这样,,之前用的指数大爆炸，原来还可以这样,1,0,10,0,0,1.0,1.0,0.0,1.0,0.1,1.0,1.0,0.0,0,0,0,0,0,0,0,1,对象评价,未明确对象,未明确方面,正面,1,0.4831321945293031,0.21265098581509623,0.30421681965560077,0.4831321945293031,正面,正面,1.0,True
学习区,BV1uz4y1475S,【洛必达法则】高考使用指南,6049183,276506,78550,230485,4836,23660,路漫漫其修远兮，吾将上下而求导,,路漫漫其修远兮，吾将上下而求导,0,0,7,0,0,0.0,0.0,0.0,0.0,0.0,0.0,0.0,0.0,0,0,0,0,0,0,0,0,无明显情感,未明确对象,未明确方面,中性,-1,0.5135680395626561,0.5135680395626561,0.4350592252148333,0.05137273522251067,负面,负面,,False
学习区,BV1uz4y1475S,【洛必达法则】高考使用指南,6049183,276506,78550,230485,4836,23660,woyao,,woyao,0,0,1,0,0,0.0,0.0,0.0,0.0,0.0,0.0,0.0,0.0,0,0,0,0,0,0,0,0,无明显情感,未明确对象,未明确方面,中性,0,0.6641811267415451,0.13348938228347546,0.6641811267415451,0.20232949097497943,中性,中性,,False
学习区,BV1uz4y1475S,【洛必达法则】高考使用指南,6049183,276506,78550,230485,4836,23660,求导是啥,,求导是啥,0,0,2,0,0,0.0,0.0,0.0,0.0,0.0,0.0,0.0,0.0,0,0,0,0,0,0,0,0,无明显情感,未明确对象,未明确方面,中性,-1,0.4613033188473828,0.4613033188473828,0.44923456157486125,0.08946211957775602,负面,负面,,False
学习区,BV1uz4y1475S,【洛必达法则】高考使用指南,6049183,276506,78550,230485,4836,23660,实际上你可以代个大点的数,,实际上你可以代个大点的数,1,0,5,0,0,1.0,1.0,0.0,1.0,0.2,1.0,1.0,0.0,0,0,0,0,0,0,0,1,对象评价,未明确对象,未明确方面,正面,0,0.5695095020980426,0.09561009128001606,0.5695095020980426,0.3348804066219413,中性,中性,0.0,True
学习区,BV1uz4y1475S,【洛必达法则】高考使用指南,6049183,276506,78550,230485,4836,23660,为啥我高考前你不讲这些？,,为啥我高考前你不讲这些？,0,0,7,0,1,0.0,0.0,0.0,0.0,0.0,0.0,0.0,0.0,0,0,0,0,0,0,0,0,无明显情感,未明确对象,未明确方面,中性,-1,0.9215376712343065,0.9215376712343065,0.0691781851346413,0.009284143631052124,负面,负面,,False
学习区,BV1uz4y1475S,【洛必达法则】高考使用指南,6049183,276506,78550,230485,4836,23660,BBB,,BBB,0,0,1,0,0,0.0,0.0,0.0,0.0,0.0,0.0,0.0,0.0,0,0,0,0,0,0,0,0,无明显情感,未明确对象,未明确方面,中性,0,0.6641811267415451,0.13348938228347546,0.6641811267415451,0.20232949097497943,中性,中性,,False
学习区,BV1uz4y1475S,【洛必达法则】高考使用指南,6049183,276506,78550,230485,4836,23660,搂他,,搂他,0,0,1,0,0,0.0,0.0,0.0,0.0,0.0,0.0,0.0,0.0,0,0,0,0,0,0,0,0,无明显情感,未明确对象,未明确方面,中性,1,0.5227118959479846,0.07351745840422266,0.40377064564779264,0.5227118959479846,正面,正面,,False
学习区,BV1uz4y1475S,【洛必达法则】高考使用指南,6049183,276506,78550,230485,4836,23660,要给钱,,要给钱,0,0,2,0,0,0.0,0.0,0.0,0.0,0.0,0.0,0.0,0.0,0,0,0,0,0,0,0,0,无明显情感,未明确对象,未明确方面,中性,0,0.5676222885187769,0.1841388100978526,0.5676222885187769,0.24823890138337043,中性,中性,,False
学习区,BV1uz4y1475S,【洛必达法则】高考使用指南,6049183,276506,78550,230485,4836,23660,魈,,魈,0,0,1,0,0,0.0,0.0,0.0,0.0,0.0,0.0,0.0,0.0,0,0,0,0,0,0,0,0,无明显情感,未明确对象,未明确方面,中性,0,0.6641811267415451,0.13348938228347546,0.6641811267415451,0.20232949097497943,中性,中性,,False
学习区,BV1uz4y1475S,【洛必达法则】高考使用指南,6049183,276506,78550,230485,4836,23660,《没有B》,,没有B,0,0,2,0,0,0.0,0.0,0.0,0.0,0.0,0.0,0.0,0.0,0,0,0,0,0,0,0,0,无明显情感,未明确对象,未明确方面,中性,0,0.44616867393687265,0.44298526228332974,0.44616867393687265,0.11084606377979755,中性,中性,,False
学习区,BV1uz4y1475S,【洛必达法则】高考使用指南,6049183,276506,78550,230485,4836,23660,其实端点效应应该简单一点吧这个题,,其实端点效应应该简单一点吧这个题,1,0,8,0,0,1.0,1.0,0.0,1.0,0.125,1.0,1.0,0.0,0,0,0,0,0,0,0,1,对象评价,未明确对象,理解与难度,正面,-1,0.7645206586275186,0.7645206586275186,0.07981839183698274,0.1556609495354986,负面,负面,-1.0,True
学习区,BV1uz4y1475S,【洛必达法则】高考使用指南,6049183,276506,78550,230485,4836,23660,其实只需要讨论x大于一的时候即可，因为你x等于一的时候，本身你f(x)就一定大于零,,其实只需要讨论x大于一的时候即可，因为你x等于一的时候，本身你fx就一定大于零,0,0,22,0,0,0.0,0.0,0.0,0.0,0.0,0.0,0.0,0.0,0,0,0,0,0,0,0,0,无明显情感,未明确对象,未明确方面,中性,0,0.4888209656966621,0.4655142157167238,0.4888209656966621,0.04566481858661422,中性,中性,,False
学习区,BV1uz4y1475S,【洛必达法则】高考使用指南,6049183,276506,78550,230485,4836,23660,我选择端点效应,,我选择端点效应,0,0,3,0,0,0.0,0.0,0.0,0.0,0.0,0.0,0.0,0.0,0,0,0,0,0,0,0,0,无明显情感,未明确对象,未明确方面,中性,-1,0.748559481416222,0.748559481416222,0.14528030505208403,0.10616021353169411,负面,负面,,False
学习区,BV1uz4y1475S,【洛必达法则】高考使用指南,6049183,276506,78550,230485,4836,23660,为啥零乘无穷不能等于零啊？我也有这个问题T-T,,为啥零乘无穷不能等于零啊？我也有这个问题TT,0,1,11,0,1,-1.0,0.0,1.0,1.0,0.09090909090909091,-1.0,0.0,1.0,0,0,0,0,0,0,0,1,对象评价,未明确对象,未明确方面,负面,-1,0.9684041427244683,0.9684041427244683,0.029305319507108102,0.002290537768423517,负面,负面,,False
学习区,BV1uz4y1475S,【洛必达法则】高考使用指南,6049183,276506,78550,230485,4836,23660,我继续洛！,,我继续洛！,0,0,3,1,0,0.0,0.0,0.0,0.0,0.0,0.0,0.0,0.0,0,0,0,0,0,0,0,0,无明显情感,未明确对象,未明确方面,中性,0,0.5088515097485078,0.06452142810708002,0.5088515097485078,0.42662706214441226,中性,中性,,False
学习区,BV1uz4y1475S,【洛必达法则】高考使用指南,6049183,276506,78550,230485,4836,23660,这哥们是个奇函数啊，A肯定不对，直接带个1进去，带个x→+∞洛一下，选B,,这哥们是个奇函数啊，A肯定不对，直接带个1进去，带个x洛一下，选B,1,0,20,0,0,1.0,1.0,0.0,1.0,0.05,1.0,1.0,0.0,0,0,0,0,0,0,0,1,对象评价,未明确对象,未明确方面,正面,0,0.5788409654706281,0.28675647369967594,0.5788409654706281,0.13440256082969598,中性,中性,0.0,True
学习区,BV1uz4y1475S,【洛必达法则】高考使用指南,6049183,276506,78550,230485,4836,23660,国服甄姬申请出战，只要洛不死，就往死里洛,,国服甄姬申请出战，只要洛不死，就往死里洛,0,0,11,0,0,0.0,0.0,0.0,0.0,0.0,0.0,0.0,0.0,0,0,0,0,0,0,0,0,无明显情感,未明确对象,未明确方面,中性,1,0.451243901688545,0.244645213694855,0.3041108846165999,0.451243901688545,正面,正面,1.0,True
学习区,BV1uz4y1475S,【洛必达法则】高考使用指南,6049183,276506,78550,230485,4836,23660,x和sin x应该是同阶无穷小,,x和sinx应该是同阶无穷小,0,0,5,0,0,0.0,0.0,0.0,0.0,0.0,0.0,0.0,0.0,0,0,0,0,0,0,0,0,无明显情感,未明确对象,未明确方面,中性,0,0.7739311484560604,0.16907267655939767,0.7739311484560604,0.05699617498454196,中性,中性,,False
学习区,BV1uz4y1475S,【洛必达法则】高考使用指南,6049183,276506,78550,230485,4836,23660,小湖打卡,,小湖打卡,0,0,2,0,0,0.0,0.0,0.0,0.0,0.0,0.0,0.0,0.0,0,0,0,0,0,0,0,0,无明显情感,未明确对象,未明确方面,中性,0,0.7783838125543223,0.02777335835076322,0.7783838125543223,0.19384282909491457,中性,中性,,False
学习区,BV1uz4y1475S,【洛必达法则】高考使用指南,6049183,276506,78550,230485,4836,23660,SA函数,,SA函数,0,0,2,0,0,0.0,0.0,0.0,0.0,0.0,0.0,0.0,0.0,0,0,0,0,0,0,0,0,无明显情感,未明确对象,未明确方面,中性,0,0.9367661275949006,0.02525115356698339,0.9367661275949006,0.03798271883811602,中性,中性,,False
学习区,BV1uz4y1475S,【洛必达法则】高考使用指南,6049183,276506,78550,230485,4836,23660,太有操作了,,太有操作了,0,0,2,0,0,0.0,0.0,0.0,0.0,0.0,0.0,0.0,0.0,0,0,0,0,0,0,0,0,无明显情感,未明确对象,比赛表现,中性,0,0.39696969562335327,0.2553688225752774,0.39696969562335327,0.34766148180136947,中性,中性,,False
学习区,BV1uz4y1475S,【洛必达法则】高考使用指南,6049183,276506,78550,230485,4836,23660,WTF,,WTF,0,0,1,0,0,0.0,0.0,0.0,0.0,0.0,0.0,0.0,0.0,0,0,0,0,0,0,0,0,无明显情感,未明确对象,未明确方面,中性,0,0.6641811267415451,0.13348938228347546,0.6641811267415451,0.20232949097497943,中性,中性,,False
学习区,BV1uz4y1475S,【洛必达法则】高考使用指南,6049183,276506,78550,230485,4836,23660,wtf,,wtf,0,0,1,0,0,0.0,0.0,0.0,0.0,0.0,0.0,0.0,0.0,0,0,0,0,0,0,0,0,无明显情感,未明确对象,未明确方面,中性,0,0.6641811267415451,0.13348938228347546,0.6641811267415451,0.20232949097497943,中性,中性,,False
学习区,BV1uz4y1475S,【洛必达法则】高考使用指南,6049183,276506,78550,230485,4836,23660,内盐！,,内盐！,0,0,3,1,0,0.0,0.0,0.0,0.0,0.0,0.0,0.0,0.0,0,0,0,0,0,0,0,0,无明显情感,未明确对象,未明确方面,中性,0,0.6785598328617609,0.07276343825023766,0.6785598328617609,0.24867672888800138,中性,中性,,False
学习区,BV1uz4y1475S,【洛必达法则】高考使用指南,6049183,276506,78550,230485,4836,23660,有化乱入,,有化乱入,0,0,2,0,0,0.0,0.0,0.0,0.0,0.0,0.0,0.0,0.0,0,0,0,0,0,0,0,0,无明显情感,未明确对象,未明确方面,中性,0,0.6585046096608349,0.14118285317383877,0.6585046096608349,0.20031253716532643,中性,中性,,False
学习区,BV1uz4y1475S,【洛必达法则】高考使用指南,6049183,276506,78550,230485,4836,23660,零乘以任何数不都是零？,,零乘以任何数不都是零？,0,0,8,0,1,0.0,0.0,0.0,0.0,0.0,0.0,0.0,0.0,0,0,0,0,0,0,0,0,无明显情感,未明确对象,未明确方面,中性,-1,0.7323902642554999,0.7323902642554999,0.24593419257312174,0.021675543171378313,负面,负面,,False
学习区,BV1uz4y1475S,【洛必达法则】高考使用指南,6049183,276506,78550,230485,4836,23660,等价无穷小不是更快吗,,等价无穷小不是更快吗,0,0,4,0,0,0.0,0.0,0.0,0.0,0.0,0.0,0.0,0.0,0,0,0,0,0,0,0,0,无明显情感,未明确对象,未明确方面,中性,0,0.7599849959201418,0.2012006932544659,0.7599849959201418,0.03881431082539229,中性,中性,,False
学习区,BV1uz4y1475S,【洛必达法则】高考使用指南,6049183,276506,78550,230485,4836,23660,好复杂啊 放弃了,,好复杂啊放弃了,0,1,3,0,0,-1.0,0.0,1.0,1.0,0.3333333333333333,-1.0,0.0,1.0,0,0,0,0,0,0,0,1,对象评价,未明确对象,未明确方面,负面,-1,0.9435185716169556,0.9435185716169556,0.02452644938448803,0.03195497899855637,负面,负面,,False
学习区,BV1uz4y1475S,【洛必达法则】高考使用指南,6049183,276506,78550,230485,4836,23660,@一英儿,,一英儿,0,0,1,0,0,0.0,0.0,0.0,0.0,0.0,0.0,0.0,0.0,0,0,0,0,0,0,0,0,无明显情感,未明确对象,未明确方面,中性,0,0.6641811267415451,0.13348938228347546,0.6641811267415451,0.20232949097497943,中性,中性,,False
学习区,BV1uz4y1475S,【洛必达法则】高考使用指南,6049183,276506,78550,230485,4836,23660,卵裂期听懂了,,卵裂期听懂了,1,0,3,0,0,1.0,1.0,0.0,1.0,0.3333333333333333,1.0,1.0,0.0,0,0,0,0,1,0,0,1,对象评价+认知状态,未明确对象,理解与难度,正面,1,0.7957206475144332,0.14786204774808073,0.05641730473748614,0.7957206475144332,正面,正面,1.0,True
学习区,BV1uz4y1475S,【洛必达法则】高考使用指南,6049183,276506,78550,230485,4836,23660,座变,,座变,0,0,1,0,0,0.0,0.0,0.0,0.0,0.0,0.0,0.0,0.0,0,0,0,0,0,0,0,0,无明显情感,未明确对象,未明确方面,中性,0,0.6641811267415451,0.13348938228347546,0.6641811267415451,0.20232949097497943,中性,中性,,False
学习区,BV1uz4y1475S,【洛必达法则】高考使用指南,6049183,276506,78550,230485,4836,23660,小猪导完了,,小猪导完了,0,1,2,0,0,-1.0,0.0,1.0,1.0,0.5,-1.0,0.0,1.0,0,0,0,0,0,0,0,1,对象评价,未明确对象,未明确方面,负面,0,0.5409132332040177,0.16488270087285425,0.5409132332040177,0.29420406592312803,中性,中性,0.0,True
学习区,BV1uz4y1475S,【洛必达法则】高考使用指南,6049183,276506,78550,230485,4836,23660,小猪能帮忙导一下吗,,小猪能帮忙导一下吗,0,0,4,0,0,0.0,0.0,0.0,0.0,0.0,0.0,0.0,0.0,0,0,0,0,0,0,0,0,无明显情感,未明确对象,未明确方面,中性,0,0.7895839427937923,0.06754660370914543,0.7895839427937923,0.14286945349706232,中性,中性,,False
学习区,BV1uz4y1475S,【洛必达法则】高考使用指南,6049183,276506,78550,230485,4836,23660,我以为我姥姥手机铃响了,,我以为我姥姥手机铃响了,0,0,4,0,0,0.0,0.0,0.0,0.0,0.0,0.0,0.0,0.0,0,0,0,0,0,0,0,0,无明显情感,未明确对象,未明确方面,中性,-1,0.4876379423573843,0.4876379423573843,0.41047499442386803,0.10188706321874774,负面,负面,,False
学习区,BV1uz4y1475S,【洛必达法则】高考使用指南,6049183,276506,78550,230485,4836,23660,第一反应求导还有救吗,,第一反应求导还有救吗,0,0,5,0,0,0.0,0.0,0.0,0.0,0.0,0.0,0.0,0.0,0,0,0,0,0,0,0,0,无明显情感,未明确对象,未明确方面,中性,0,0.6520648134172902,0.26741139312797296,0.6520648134172902,0.08052379345473687,中性,中性,,False
学习区,BV1uz4y1475S,【洛必达法则】高考使用指南,6049183,276506,78550,230485,4836,23660,双曲三角函数,,双曲三角函数,0,0,2,0,0,0.0,0.0,0.0,0.0,0.0,0.0,0.0,0.0,0,0,0,0,0,0,0,0,无明显情感,未明确对象,未明确方面,中性,0,0.8728794181302388,0.05673803151317545,0.8728794181302388,0.07038255035658561,中性,中性,,False
学习区,BV1uz4y1475S,【洛必达法则】高考使用指南,6049183,276506,78550,230485,4836,23660,恒成立,,恒成立,0,0,2,0,0,0.0,0.0,0.0,0.0,0.0,0.0,0.0,0.0,0,0,0,0,0,0,0,0,无明显情感,未明确对象,未明确方面,中性,0,0.6295734344974214,0.2538459788237233,0.6295734344974214,0.11658058667885533,中性,中性,,False
学习区,BV1uz4y1475S,【洛必达法则】高考使用指南,6049183,276506,78550,230485,4836,23660,你这洛门 洛必达还是洛天依啊,,你这洛门洛必达还是洛天依啊,0,0,5,0,0,0.0,0.0,0.0,0.0,0.0,0.0,0.0,0.0,0,0,0,0,0,0,0,0,无明显情感,未明确对象,未明确方面,中性,-1,0.7416169682950345,0.7416169682950345,0.22349196858126666,0.03489106312369871,负面,负面,,False
学习区,BV1uz4y1475S,【洛必达法则】高考使用指南,6049183,276506,78550,230485,4836,23660,听的正认真 我以为我手机坏了开始唱开歌了,,听的正认真我以为我手机坏了开始唱开歌了,1,1,9,0,0,0.0,1.0,1.0,0.0,0.2222222222222222,0.0,1.0,1.0,0,1,0,0,0,0,0,1,对象评价,未明确对象,未明确方面,混合,0,0.6379649053009135,0.23106560697193104,0.6379649053009135,0.1309694877271554,中性,中性,0.0,True
学习区,BV1uz4y1475S,【洛必达法则】高考使用指南,6049183,276506,78550,230485,4836,23660,辛格函数,,辛格函数,0,0,2,0,0,0.0,0.0,0.0,0.0,0.0,0.0,0.0,0.0,0,0,0,0,0,0,0,0,无明显情感,未明确对象,未明确方面,中性,0,0.9367661275949006,0.02525115356698339,0.9367661275949006,0.03798271883811602,中性,中性,,False
学习区,BV1uz4y1475S,【洛必达法则】高考使用指南,6049183,276506,78550,230485,4836,23660,其实指数会爆炸，根本就不用洛,,其实指数会爆炸，根本就不用洛,0,0,9,0,0,0.0,0.0,0.0,0.0,0.0,0.0,0.0,0.0,0,0,0,0,0,0,0,0,无明显情感,未明确对象,未明确方面,中性,-1,0.5860295645006022,0.5860295645006022,0.2516951111654698,0.1622753243339279,负面,负面,,False
学习区,BV1uz4y1475S,【洛必达法则】高考使用指南,6049183,276506,78550,230485,4836,23660,其实抓大头好像也可以,,其实抓大头好像也可以,1,0,5,0,0,1.0,1.0,0.0,1.0,0.2,1.0,1.0,0.0,0,0,0,0,0,0,0,1,对象评价,未明确对象,未明确方面,正面,0,0.3739878852980497,0.26028821013002723,0.3739878852980497,0.3657239045719231,中性,正面,1.0,True
学习区,BV1uz4y1475S,【洛必达法则】高考使用指南,6049183,276506,78550,230485,4836,23660,因为分母不能得0吧,,因为分母不能得0吧,0,0,5,0,0,0.0,0.0,0.0,0.0,0.0,0.0,0.0,0.0,0,0,0,0,0,0,0,0,无明显情感,未明确对象,未明确方面,中性,0,0.8097019295342159,0.069601400303501,0.8097019295342159,0.12069667016228314,中性,中性,,False
学习区,BV1uz4y1475S,【洛必达法则】高考使用指南,6049183,276506,78550,230485,4836,23660,23,,23,0,0,1,0,0,0.0,0.0,0.0,0.0,0.0,0.0,0.0,0.0,0,0,0,0,0,0,0,0,无明显情感,未明确对象,未明确方面,中性,0,0.7260172244938288,0.08370054942543387,0.7260172244938288,0.19028222608073747,中性,中性,,False
学习区,BV1uz4y1475S,【洛必达法则】高考使用指南,6049183,276506,78550,230485,4836,23660,上课说了,,上课说了,0,0,2,0,0,0.0,0.0,0.0,0.0,0.0,0.0,0.0,0.0,0,0,0,0,0,0,0,0,无明显情感,未明确对象,未明确方面,中性,-1,0.8025659663413335,0.8025659663413335,0.14196233187836033,0.05547170178030617,负面,负面,,False
学习区,BV1uz4y1475S,【洛必达法则】高考使用指南,6049183,276506,78550,230485,4836,23660,难道不会代数吗？这带几个数不就带出来了吗？,,难道不会代数吗？这带几个数不就带出来了吗？,0,1,12,0,2,-1.0,0.0,1.0,1.0,0.08333333333333333,-1.0,0.0,1.0,0,0,0,0,0,0,0,1,对象评价,未明确对象,理解与难度,负面,-1,0.7724890686143344,0.7724890686143344,0.22410589870267333,0.0034050326829922657,负面,负面,,False
学习区,BV1uz4y1475S,【洛必达法则】高考使用指南,6049183,276506,78550,230485,4836,23660,直接开洛,,直接开洛,0,0,2,0,0,0.0,0.0,0.0,0.0,0.0,0.0,0.0,0.0,0,0,0,0,0,0,0,0,无明显情感,未明确对象,未明确方面,中性,0,0.817036793006511,0.0533997295435786,0.817036793006511,0.12956347744991037,中性,中性,,False
学习区,BV1uz4y1475S,【洛必达法则】高考使用指南,6049183,276506,78550,230485,4836,23660,这里直接用端点效应不好吗,,这里直接用端点效应不好吗,0,0,6,0,0,0.0,0.0,0.0,0.0,0.0,0.0,0.0,0.0,0,0,0,0,0,0,0,0,无明显情感,未明确对象,未明确方面,中性,-1,0.5067500597755129,0.5067500597755129,0.39320560318646,0.1000443370380271,负面,负面,,False
学习区,BV1uz4y1475S,【洛必达法则】高考使用指南,6049183,276506,78550,230485,4836,23660,只要洛不死就往死里洛哈哈哈,,只要洛不死就往死里洛哈哈哈,1,0,6,0,0,1.0,1.0,0.0,1.0,0.16666666666666666,1.0,1.0,0.0,0,0,1,0,0,0,0,1,对象评价+自身情绪,未明确对象,娱乐与趣味,正面,1,0.9261696113544212,0.0166144363844863,0.057215952261092475,0.9261696113544212,正面,正面,,False
学习区,BV1uz4y1475S,【洛必达法则】高考使用指南,6049183,276506,78550,230485,4836,23660,连求导都不知道还有必要打开这个视频吗？,,连求导都不知道还有必要打开这个视频吗？,0,0,11,0,1,0.0,0.0,0.0,0.0,0.0,0.0,0.0,0.0,0,0,0,0,0,0,0,0,无明显情感,视频内容,未明确方面,中性,-1,0.8999984456798524,0.8999984456798524,0.08440415206361829,0.015597402256529252,负面,负面,,False
学习区,BV1uz4y1475S,【洛必达法则】高考使用指南,6049183,276506,78550,230485,4836,23660,好简单啊11但是有没有别的方法,,好简单啊11但是有没有别的方法,1,0,7,0,0,1.0,1.0,0.0,1.0,0.14285714285714285,1.0,1.0,0.0,1,0,0,0,0,0,0,1,对象评价,课程内容,理解与难度,正面,1,0.6150513637961524,0.34552749945270633,0.03942113675114125,0.6150513637961524,正面,正面,1.0,True
学习区,BV1uz4y1475S,【洛必达法则】高考使用指南,6049183,276506,78550,230485,4836,23660,2026年南阳高三期末考试数学最后一题的第一问。,,2026年南阳高三期末考试数学最后一题的第一问。,0,0,11,0,0,0.0,0.0,0.0,0.0,0.0,0.0,0.0,0.0,0,0,0,0,0,0,0,0,无明显情感,课程内容,未明确方面,中性,0,0.5191209477771701,0.3561253331740345,0.5191209477771701,0.12475371904879537,中性,中性,,False
学习区,BV1uz4y1475S,【洛必达法则】高考使用指南,6049183,276506,78550,230485,4836,23660,怎么求导,,怎么求导,0,0,2,0,0,0.0,0.0,0.0,0.0,0.0,0.0,0.0,0.0,0,0,0,0,0,0,0,0,无明显情感,未明确对象,未明确方面,中性,-1,0.5335890172085771,0.5335890172085771,0.3570876666567901,0.10932331613463288,负面,负面,,False
学习区,BV1uz4y1475S,【洛必达法则】高考使用指南,6049183,276506,78550,230485,4836,23660,洛天依法则,,洛天依法则,0,0,3,0,0,0.0,0.0,0.0,0.0,0.0,0.0,0.0,0.0,0,0,0,0,0,0,0,0,无明显情感,未明确对象,未明确方面,中性,0,0.7966192212988084,0.0922394564994564,0.7966192212988084,0.11114132220173525,中性,中性,,False
学习区,BV1uz4y1475S,【洛必达法则】高考使用指南,6049183,276506,78550,230485,4836,23660,lim是什么意思啊,,lim是什么意思啊,0,0,3,0,0,0.0,0.0,0.0,0.0,0.0,0.0,0.0,0.0,0,0,0,0,0,0,0,0,无明显情感,未明确对象,未明确方面,中性,0,0.6685472819473404,0.27025742519778767,0.6685472819473404,0.06119529285487197,中性,中性,,False
学习区,BV1uz4y1475S,【洛必达法则】高考使用指南,6049183,276506,78550,230485,4836,23660,呃哈哈哈,,呃哈哈哈,1,0,2,0,0,1.0,1.0,0.0,1.0,0.5,1.0,1.0,0.0,0,0,1,0,0,0,0,1,对象评价+自身情绪,未明确对象,娱乐与趣味,正面,1,0.9082951386537056,0.022650406267253398,0.06905445507904107,0.9082951386537056,正面,正面,,False
学习区,BV1uz4y1475S,【洛必达法则】高考使用指南,6049183,276506,78550,230485,4836,23660,嘎,,嘎,0,0,1,0,0,0.0,0.0,0.0,0.0,0.0,0.0,0.0,0.0,0,0,0,0,0,0,0,0,无明显情感,未明确对象,未明确方面,中性,0,0.6641811267415451,0.13348938228347546,0.6641811267415451,0.20232949097497943,中性,中性,,False
学习区,BV1uz4y1475S,【洛必达法则】高考使用指南,6049183,276506,78550,230485,4836,23660,为啥要加负号,,为啥要加负号,0,0,3,0,0,0.0,0.0,0.0,0.0,0.0,0.0,0.0,0.0,0,0,0,0,0,0,0,0,无明显情感,未明确对象,未明确方面,中性,0,0.4627184499409291,0.37852286663113843,0.4627184499409291,0.1587586834279325,中性,中性,,False
学习区,BV1uz4y1475S,【洛必达法则】高考使用指南,6049183,276506,78550,230485,4836,23660,因为都趋近无穷大，2的影响微乎其微，可以社区，就是1,,因为都趋近无穷大，2的影响微乎其微，可以社区，就是1,1,0,14,0,0,1.0,1.0,0.0,1.0,0.07142857142857142,1.0,1.0,0.0,0,0,0,0,0,0,0,1,对象评价,未明确对象,未明确方面,正面,0,0.5688417283572593,0.09468860305343813,0.5688417283572593,0.33646966858930266,中性,中性,0.0,True
学习区,BV1uz4y1475S,【洛必达法则】高考使用指南,6049183,276506,78550,230485,4836,23660,卧槽！,,卧槽！,0,0,2,1,0,0.0,0.0,0.0,0.0,0.0,0.0,0.0,0.0,0,0,0,0,0,0,0,0,无明显情感,未明确对象,未明确方面,中性,0,0.6014191404432303,0.04859558453785338,0.6014191404432303,0.3499852750189163,中性,中性,,False
学习区,BV1uz4y1475S,【洛必达法则】高考使用指南,6049183,276506,78550,230485,4836,23660,那么牛逼,,那么牛逼,1,0,3,0,0,1.0,1.0,0.0,1.0,0.3333333333333333,1.0,1.0,0.0,0,0,0,0,0,0,0,1,对象评价,未明确对象,未明确方面,正面,1,0.5438096423028281,0.3849877269308945,0.07120263076627742,0.5438096423028281,正面,正面,,False
学习区,BV1uz4y1475S,【洛必达法则】高考使用指南,6049183,276506,78550,230485,4836,23660,骗你的还可以两导，三导……,,骗你的还可以两导，三导,1,0,6,0,0,1.0,1.0,0.0,1.0,0.16666666666666666,1.0,1.0,0.0,0,0,0,0,0,0,0,1,对象评价,未明确对象,未明确方面,正面,1,0.47981074087567255,0.12968912704267607,0.39050013208165124,0.47981074087567255,正面,中性,0.0,True
学习区,BV1uz4y1475S,【洛必达法则】高考使用指南,6049183,276506,78550,230485,4836,23660,什邡中学,,什邡中学,0,0,2,0,0,0.0,0.0,0.0,0.0,0.0,0.0,0.0,0.0,0,0,0,0,0,0,0,0,无明显情感,未明确对象,未明确方面,中性,0,0.8433419895480808,0.0643992719233855,0.8433419895480808,0.0922587385285337,中性,中性,,False
学习区,BV1uz4y1475S,【洛必达法则】高考使用指南,6049183,276506,78550,230485,4836,23660,直接带入两个值就可以避免算奇偶啊，然后再洛必达无穷比无穷,,直接带入两个值就可以避免算奇偶啊，然后再洛必达无穷比无穷,1,0,16,0,0,1.0,1.0,0.0,1.0,0.0625,1.0,1.0,0.0,0,0,0,0,0,0,0,1,对象评价,未明确对象,未明确方面,正面,0,0.7039516898055888,0.11484627435228952,0.7039516898055888,0.18120203584212163,中性,中性,0.0,True
学习区,BV1uz4y1475S,【洛必达法则】高考使用指南,6049183,276506,78550,230485,4836,23660,坏了语气不对,,坏了语气不对,0,1,4,0,0,-1.0,0.0,1.0,1.0,0.25,-1.0,0.0,1.0,0,0,0,0,0,0,0,1,对象评价,未明确对象,未明确方面,负面,-1,0.8945334768182067,0.8945334768182067,0.0875853465757167,0.017881176606076542,负面,负面,-1.0,True
学习区,BV1uz4y1475S,【洛必达法则】高考使用指南,6049183,276506,78550,230485,4836,23660,我一般到这已经出问题了,,我一般到这已经出问题了,0,1,5,0,0,-1.0,0.0,1.0,1.0,0.2,-1.0,0.0,1.0,0,0,0,0,0,0,0,1,对象评价,未明确对象,未明确方面,负面,-1,0.8469563944149874,0.8469563944149874,0.10372930371881389,0.049314301866198805,负面,负面,-1.0,True
学习区,BV1uz4y1475S,【洛必达法则】高考使用指南,6049183,276506,78550,230485,4836,23660,微积分,,微积分,0,0,1,0,0,0.0,0.0,0.0,0.0,0.0,0.0,0.0,0.0,0,0,0,0,0,0,0,0,无明显情感,未明确对象,未明确方面,中性,0,0.7715240432580776,0.09587768517315963,0.7715240432580776,0.13259827156876292,中性,中性,,False
学习区,BV1uz4y1475S,【洛必达法则】高考使用指南,6049183,276506,78550,230485,4836,23660,这个趋近于无穷，对正无穷和负无穷有要求吗？,,这个趋近于无穷，对正无穷和负无穷有要求吗？,0,0,13,0,1,0.0,0.0,0.0,0.0,0.0,0.0,0.0,0.0,0,0,0,0,0,0,0,0,无明显情感,未明确对象,未明确方面,中性,0,0.6949711832622139,0.2801135563302789,0.6949711832622139,0.024915260407507148,中性,中性,,False
学习区,BV1uz4y1475S,【洛必达法则】高考使用指南,6049183,276506,78550,230485,4836,23660,居然是左边,,居然是左边,0,0,2,0,0,0.0,0.0,0.0,0.0,0.0,0.0,0.0,0.0,0,0,0,0,0,0,0,0,无明显情感,未明确对象,未明确方面,中性,0,0.4969165060956058,0.23232767790915995,0.4969165060956058,0.27075581599523424,中性,中性,,False
学习区,BV1uz4y1475S,【洛必达法则】高考使用指南,6049183,276506,78550,230485,4836,23660,我现在就导,,我现在就导,0,0,2,0,0,0.0,0.0,0.0,0.0,0.0,0.0,0.0,0.0,0,0,0,0,0,0,0,0,无明显情感,未明确对象,未明确方面,中性,0,0.73998464442539,0.17402180740508782,0.73998464442539,0.0859935481695222,中性,中性,,False
学习区,BV1uz4y1475S,【洛必达法则】高考使用指南,6049183,276506,78550,230485,4836,23660,oi！,,oi！,0,0,2,1,0,0.0,0.0,0.0,0.0,0.0,0.0,0.0,0.0,0,0,0,0,0,0,0,0,无明显情感,未明确对象,未明确方面,中性,0,0.6014191404432303,0.04859558453785338,0.6014191404432303,0.3499852750189163,中性,中性,,False
学习区,BV1uz4y1475S,【洛必达法则】高考使用指南,6049183,276506,78550,230485,4836,23660,啊啊啊啊啊哦,,啊啊啊啊啊哦,0,0,2,0,0,0.0,0.0,0.0,0.0,0.0,0.0,0.0,0.0,0,0,0,0,0,0,0,0,无明显情感,未明确对象,未明确方面,中性,0,0.5148039975537027,0.28447758441831184,0.5148039975537027,0.20071841802798546,中性,中性,,False
学习区,BV1uz4y1475S,【洛必达法则】高考使用指南,6049183,276506,78550,230485,4836,23660,这个洛吓我一跳,,这个洛吓我一跳,0,0,4,0,0,0.0,0.0,0.0,0.0,0.0,0.0,0.0,0.0,0,0,0,0,0,0,0,0,无明显情感,未明确对象,未明确方面,中性,0,0.6639410329058208,0.25255174174602063,0.6639410329058208,0.08350722534815863,中性,中性,,False
学习区,BV1uz4y1475S,【洛必达法则】高考使用指南,6049183,276506,78550,230485,4836,23660,!!!!!!!!,,!!!!!!!!,0,0,8,8,0,0.0,0.0,0.0,0.0,0.0,0.0,0.0,0.0,0,0,0,0,0,0,0,0,无明显情感,未明确对象,未明确方面,中性,0,0.4066666969833451,0.1921566463902755,0.4066666969833451,0.4011766566263794,中性,中性,,False
学习区,BV1uz4y1475S,【洛必达法则】高考使用指南,6049183,276506,78550,230485,4836,23660,高二爱看,,高二爱看,0,0,2,0,0,0.0,0.0,0.0,0.0,0.0,0.0,0.0,0.0,0,0,0,0,0,0,0,0,无明显情感,未明确对象,未明确方面,中性,0,0.6288751637982279,0.10586590070057901,0.6288751637982279,0.265258935501193,中性,中性,,False
学习区,BV1uz4y1475S,【洛必达法则】高考使用指南,6049183,276506,78550,230485,4836,23660,大一也在看,,大一也在看,0,0,4,0,0,0.0,0.0,0.0,0.0,0.0,0.0,0.0,0.0,0,0,0,0,0,0,0,0,无明显情感,未明确对象,未明确方面,中性,0,0.6290862043076084,0.21494516981036507,0.6290862043076084,0.15596862588202648,中性,中性,,False
学习区,BV1uz4y1475S,【洛必达法则】高考使用指南,6049183,276506,78550,230485,4836,23660,没学求导看这干啥,,没学求导看这干啥,0,0,6,0,0,0.0,0.0,0.0,0.0,0.0,0.0,0.0,0.0,0,0,0,0,0,0,0,0,无明显情感,未明确对象,未明确方面,中性,-1,0.5645927042335989,0.5645927042335989,0.35553034162630465,0.07987695414009643,负面,负面,,False
学习区,BV1uz4y1475S,【洛必达法则】高考使用指南,6049183,276506,78550,230485,4836,23660,趋近于1,,趋近于1,0,0,3,0,0,0.0,0.0,0.0,0.0,0.0,0.0,0.0,0.0,0,0,0,0,0,0,0,0,无明显情感,未明确对象,未明确方面,中性,0,0.8210454918665561,0.06480087627284782,0.8210454918665561,0.11415363186059609,中性,中性,,False
学习区,BV1uz4y1475S,【洛必达法则】高考使用指南,6049183,276506,78550,230485,4836,23660,1111,,1111,0,0,1,0,0,0.0,0.0,0.0,0.0,0.0,0.0,0.0,0.0,0,0,0,0,0,0,0,0,无明显情感,未明确对象,未明确方面,中性,0,0.7570987096380719,0.07559295211248483,0.7570987096380719,0.16730833824944333,中性,中性,,False
学习区,BV1uz4y1475S,【洛必达法则】高考使用指南,6049183,276506,78550,230485,4836,23660,断电秒了,,断电秒了,0,0,2,0,0,0.0,0.0,0.0,0.0,0.0,0.0,0.0,0.0,0,0,0,0,0,0,0,0,无明显情感,未明确对象,未明确方面,中性,0,0.5782202703759592,0.14973492429216795,0.5782202703759592,0.27204480533187286,中性,中性,,False
学习区,BV1uz4y1475S,【洛必达法则】高考使用指南,6049183,276506,78550,230485,4836,23660,取1的话x方减一分母为零,,取1的话x方减一分母为零,0,0,9,0,0,0.0,0.0,0.0,0.0,0.0,0.0,0.0,0.0,0,0,0,0,0,0,0,0,无明显情感,未明确对象,未明确方面,中性,0,0.8060418803092351,0.10370700051396578,0.8060418803092351,0.09025111917679907,中性,中性,,False
学习区,BV1uz4y1475S,【洛必达法则】高考使用指南,6049183,276506,78550,230485,4836,23660,刚用端点效应给他秒了发现果然是错的,,刚用端点效应给他秒了发现果然是错的,0,0,8,0,0,0.0,0.0,0.0,0.0,0.0,0.0,0.0,0.0,0,0,0,0,0,0,0,0,无明显情感,未明确对象,未明确方面,中性,-1,0.5588596621220295,0.5588596621220295,0.16931528525042797,0.2718250526275426,负面,负面,,False
学习区,BV1uz4y1475S,【洛必达法则】高考使用指南,6049183,276506,78550,230485,4836,23660,变化率,,变化率,0,0,1,0,0,0.0,0.0,0.0,0.0,0.0,0.0,0.0,0.0,0,0,0,0,0,0,0,0,无明显情感,未明确对象,未明确方面,中性,0,0.6641811267415451,0.13348938228347546,0.6641811267415451,0.20232949097497943,中性,中性,,False
学习区,BV1uz4y1475S,【洛必达法则】高考使用指南,6049183,276506,78550,230485,4836,23660,只要落不死，就往死里落,,只要落不死，就往死里落,0,0,8,0,0,0.0,0.0,0.0,0.0,0.0,0.0,0.0,0.0,0,0,0,0,0,0,0,0,无明显情感,未明确对象,未明确方面,中性,1,0.4696122979203183,0.17591352426601875,0.3544741778136629,0.4696122979203183,正面,正面,,False
学习区,BV1uz4y1475S,【洛必达法则】高考使用指南,6049183,276506,78550,230485,4836,23660,哈哈哈哈哈哈哈,,哈哈哈哈哈哈哈,2,0,2,0,0,2.0,2.0,0.0,2.0,1.0,2.0,2.0,0.0,0,0,1,0,0,0,0,1,对象评价+自身情绪,未明确对象,娱乐与趣味,正面,1,0.9908669414178417,0.00559194092193024,0.003541117660227924,0.9908669414178417,正面,正面,,False
学习区,BV1uz4y1475S,【洛必达法则】高考使用指南,6049183,276506,78550,230485,4836,23660,魏尔肖,,魏尔肖,0,0,1,0,0,0.0,0.0,0.0,0.0,0.0,0.0,0.0,0.0,0,0,0,0,0,0,0,0,无明显情感,未明确对象,未明确方面,中性,0,0.6641811267415451,0.13348938228347546,0.6641811267415451,0.20232949097497943,中性,中性,,False
学习区,BV1uz4y1475S,【洛必达法则】高考使用指南,6049183,276506,78550,230485,4836,23660,只要洛不死，就往死里洛，洛死了抄错题目继续洛,,只要洛不死，就往死里洛，洛死了抄错题目继续洛,0,0,13,0,0,0.0,0.0,0.0,0.0,0.0,0.0,0.0,0.0,0,0,0,0,0,0,0,0,无明显情感,课程内容,未明确方面,中性,1,0.6414088431955044,0.11957665456604923,0.23901450223844642,0.6414088431955044,正面,正面,,False
生活区,BV1YBvhBhE1f,史上最无聊比赛,12666077,370364,50295,71025,3628,6526,难他天，最难的方式赢了,,难他天，最难的方式赢了,0,0,6,0,0,0.0,0.0,0.0,0.0,0.0,0.0,0.0,0.0,0,0,0,0,0,0,0,0,无明显情感,未明确对象,理解与难度+比赛表现,中性,1,0.6325787121677569,0.12224544134797584,0.24517584648426735,0.6325787121677569,正面,正面,1.0,True
生活区,BV1YBvhBhE1f,史上最无聊比赛,12666077,370364,50295,71025,3628,6526,复旦航系的实力,,复旦航系的实力,0,0,3,0,0,0.0,0.0,0.0,0.0,0.0,0.0,0.0,0.0,0,0,0,0,0,0,0,0,无明显情感,未明确对象,未明确方面,中性,0,0.4699890272843803,0.17317853096638117,0.4699890272843803,0.35683244174923845,中性,中性,,False
生活区,BV1YBvhBhE1f,史上最无聊比赛,12666077,370364,50295,71025,3628,6526,亡语形替身,,亡语形替身,0,0,3,0,0,0.0,0.0,0.0,0.0,0.0,0.0,0.0,0.0,0,0,0,0,0,0,0,0,无明显情感,未明确对象,未明确方面,中性,0,0.6525424904832393,0.14924331021065323,0.6525424904832393,0.19821419930610756,中性,中性,,False
生活区,BV1YBvhBhE1f,史上最无聊比赛,12666077,370364,50295,71025,3628,6526,《莫高窟 莫低窟 莫东窟 莫西窟》,,莫高窟莫低窟莫东窟莫西窟,0,0,6,0,0,0.0,0.0,0.0,0.0,0.0,0.0,0.0,0.0,0,0,0,0,0,0,0,0,无明显情感,未明确对象,未明确方面,中性,0,0.632876516271921,0.1757089502636794,0.632876516271921,0.19141453346439954,中性,中性,,False
生活区,BV1YBvhBhE1f,史上最无聊比赛,12666077,370364,50295,71025,3628,6526,哈哈哈哈，在线改名,,哈哈哈哈，在线改名,1,0,4,0,0,1.0,1.0,0.0,1.0,0.25,1.0,1.0,0.0,0,0,1,0,0,0,0,1,对象评价+自身情绪,未明确对象,娱乐与趣味,正面,1,0.8917737365779802,0.0345335537503595,0.07369270967166025,0.8917737365779802,正面,正面,,False
生活区,BV1YBvhBhE1f,史上最无聊比赛,12666077,370364,50295,71025,3628,6526,她好帅啊她好帅啊她好帅！！！（amz音,,她好帅啊她好帅啊她好帅！！！amz音,0,0,8,3,0,0.0,0.0,0.0,0.0,0.0,0.0,0.0,0.0,0,0,0,0,0,0,0,0,无明显情感,未明确对象,未明确方面,中性,-1,0.5200802299336398,0.5200802299336398,0.15001617859351196,0.32990359147284815,负面,负面,,False
生活区,BV1YBvhBhE1f,史上最无聊比赛,12666077,370364,50295,71025,3628,6526,还是番茄最懂番茄,,还是番茄最懂番茄,0,0,5,0,0,0.0,0.0,0.0,0.0,0.0,0.0,0.0,0.0,0,0,0,0,0,0,0,0,无明显情感,未明确对象,未明确方面,中性,-1,0.38422296411571527,0.38422296411571527,0.3132529859453155,0.3025240499389692,负面,正面,1.0,True
生活区,BV1YBvhBhE1f,史上最无聊比赛,12666077,370364,50295,71025,3628,6526,《尽可量的发出更小的声不让老师听到》,,尽可量的发出更小的声不让老师听到,0,0,8,0,0,0.0,0.0,0.0,0.0,0.0,0.0,0.0,0.0,0,0,0,0,0,0,0,0,无明显情感,讲解者,未明确方面,中性,0,0.6141925210990822,0.17148827087770477,0.6141925210990822,0.21431920802321294,中性,中性,,False
生活区,BV1YBvhBhE1f,史上最无聊比赛,12666077,370364,50295,71025,3628,6526,三短一长选最长,,三短一长选最长,0,0,4,0,0,0.0,0.0,0.0,0.0,0.0,0.0,0.0,0.0,0,0,0,0,0,0,0,0,无明显情感,未明确对象,未明确方面,中性,0,0.7833397529544481,0.07730040881346212,0.7833397529544481,0.13935983823208978,中性,中性,,False
生活区,BV1YBvhBhE1f,史上最无聊比赛,12666077,370364,50295,71025,3628,6526,我切我自己,,我切我自己,0,0,2,0,0,0.0,0.0,0.0,0.0,0.0,0.0,0.0,0.0,0,0,0,0,0,0,0,0,无明显情感,未明确对象,未明确方面,中性,0,0.6980234704876113,0.17333719954150406,0.6980234704876113,0.12863932997088473,中性,中性,,False
生活区,BV1YBvhBhE1f,史上最无聊比赛,12666077,370364,50295,71025,3628,6526,我勒个心理学带师,,我勒个心理学带师,0,0,3,0,0,0.0,0.0,0.0,0.0,0.0,0.0,0.0,0.0,0,0,0,0,0,0,0,0,无明显情感,未明确对象,未明确方面,中性,1,0.6877519528156832,0.0646885098742078,0.24755953731010893,0.6877519528156832,正面,正面,,False
生活区,BV1YBvhBhE1f,史上最无聊比赛,12666077,370364,50295,71025,3628,6526,从郭雨那儿过来的集合！,,从郭雨那儿过来的集合！,0,0,6,1,0,0.0,0.0,0.0,0.0,0.0,0.0,0.0,0.0,0,0,0,0,0,0,0,0,无明显情感,未明确对象,未明确方面,中性,-1,0.6690908935097284,0.6690908935097284,0.2231729135823285,0.10773619290794309,负面,负面,,False
生活区,BV1YBvhBhE1f,史上最无聊比赛,12666077,370364,50295,71025,3628,6526,我可以把圆周率背到第20位,,我可以把圆周率背到第20位,1,0,7,0,0,1.0,1.0,0.0,1.0,0.14285714285714285,1.0,1.0,0.0,0,0,0,0,0,0,0,1,对象评价,未明确对象,未明确方面,正面,0,0.5087436511646289,0.30406904491961423,0.5087436511646289,0.18718730391575675,中性,中性,0.0,True
生活区,BV1YBvhBhE1f,史上最无聊比赛,12666077,370364,50295,71025,3628,6526,众所周知，二选一的正确率是0％,,众所周知，二选一的正确率是0,1,0,6,0,0,1.0,1.0,0.0,1.0,0.16666666666666666,1.0,1.0,0.0,0,0,0,0,0,0,0,1,对象评价,未明确对象,未明确方面,正面,1,0.47218240228096564,0.15926000608623958,0.3685575916327948,0.47218240228096564,正面,中性,0.0,True
生活区,BV1YBvhBhE1f,史上最无聊比赛,12666077,370364,50295,71025,3628,6526,《小零食》,,小零食,0,0,2,0,0,0.0,0.0,0.0,0.0,0.0,0.0,0.0,0.0,0,0,0,0,0,0,0,0,无明显情感,未明确对象,未明确方面,中性,0,0.6122982113539315,0.10764783724846305,0.6122982113539315,0.28005395139760547,中性,中性,,False
生活区,BV1YBvhBhE1f,史上最无聊比赛,12666077,370364,50295,71025,3628,6526,其实还得保证不被老师看到呀！,,其实还得保证不被老师看到呀！,0,0,9,1,0,0.0,0.0,0.0,0.0,0.0,0.0,0.0,0.0,0,0,0,0,0,0,0,0,无明显情感,讲解者,未明确方面,中性,0,0.5928440038570632,0.24004859244990745,0.5928440038570632,0.16710740369302943,中性,中性,0.0,True
生活区,BV1YBvhBhE1f,史上最无聊比赛,12666077,370364,50295,71025,3628,6526,果然番茄对番茄最熟悉（）,,果然番茄对番茄最熟悉,0,0,6,0,0,0.0,0.0,0.0,0.0,0.0,0.0,0.0,0.0,0,0,0,0,0,0,0,0,无明显情感,未明确对象,未明确方面,中性,-1,0.6463602137944606,0.6463602137944606,0.17579685833383218,0.17784292787170725,负面,负面,,False
生活区,BV1YBvhBhE1f,史上最无聊比赛,12666077,370364,50295,71025,3628,6526,哎呀到底谁在吃零食啊，好难猜啊？,,哎呀到底谁在吃零食啊，好难猜啊？,0,1,9,0,1,-1.0,0.0,1.0,1.0,0.1111111111111111,-1.0,0.0,1.0,0,0,0,0,0,0,0,1,对象评价,未明确对象,理解与难度,负面,-1,0.7838122037944352,0.7838122037944352,0.21054566616063528,0.005642130044929682,负面,负面,,False
生活区,BV1YBvhBhE1f,史上最无聊比赛,12666077,370364,50295,71025,3628,6526,裁判是水老师哎！,,裁判是水老师哎！,0,0,5,1,0,0.0,0.0,0.0,0.0,0.0,0.0,0.0,0.0,0,0,0,0,0,0,0,0,无明显情感,讲解者+比赛内容,比赛表现,中性,1,0.5579003509975057,0.050088431296436794,0.39201121770605746,0.5579003509975057,正面,正面,,False
生活区,BV1YBvhBhE1f,史上最无聊比赛,12666077,370364,50295,71025,3628,6526,清一色的红色啊哈哈哈哈哈,,清一色的红色啊哈哈哈哈哈,2,0,4,0,0,2.0,2.0,0.0,2.0,0.5,2.0,2.0,0.0,0,0,1,0,0,0,0,1,对象评价+自身情绪,未明确对象,娱乐与趣味,正面,1,0.9828169590079932,0.006830697660890531,0.010352343331116344,0.9828169590079932,正面,正面,,False
生活区,BV1YBvhBhE1f,史上最无聊比赛,12666077,370364,50295,71025,3628,6526,赢在了贪吃上,,赢在了贪吃上,0,0,4,0,0,0.0,0.0,0.0,0.0,0.0,0.0,0.0,0.0,0,0,0,0,0,0,0,0,无明显情感,未明确对象,比赛表现,中性,0,0.5689241282298142,0.16800381116314606,0.5689241282298142,0.26307206060703975,中性,中性,,False
生活区,BV1YBvhBhE1f,史上最无聊比赛,12666077,370364,50295,71025,3628,6526,郭雨同学像是在玩手机doge,,郭雨同学像是在玩手机doge,0,0,7,0,0,0.0,0.0,0.0,0.0,0.0,0.0,0.0,0.0,0,0,0,0,0,0,0,0,无明显情感,未明确对象,未明确方面,中性,0,0.454865746790957,0.40924118650102387,0.454865746790957,0.13589306670801904,中性,中性,,False
生活区,BV1YBvhBhE1f,史上最无聊比赛,12666077,370364,50295,71025,3628,6526,《下巴戳人很疼》,,下巴戳人很疼,0,0,5,0,0,0.0,0.0,0.0,0.0,0.0,0.0,0.0,0.0,0,0,0,0,0,0,0,0,无明显情感,未明确对象,未明确方面,中性,0,0.8069422345298907,0.04405261869132994,0.8069422345298907,0.14900514677877927,中性,中性,,False
生活区,BV1YBvhBhE1f,史上最无聊比赛,12666077,370364,50295,71025,3628,6526,裁判禁止下场参赛,,裁判禁止下场参赛,0,0,4,0,0,0.0,0.0,0.0,0.0,0.0,0.0,0.0,0.0,0,0,0,0,0,0,0,0,无明显情感,比赛内容,比赛表现,中性,1,0.45182609645826977,0.09677488446718711,0.45139901907454316,0.45182609645826977,正面,正面,,False
生活区,BV1YBvhBhE1f,史上最无聊比赛,12666077,370364,50295,71025,3628,6526,老吃家来的,,老吃家来的,0,0,2,0,0,0.0,0.0,0.0,0.0,0.0,0.0,0.0,0.0,0,0,0,0,0,0,0,0,无明显情感,未明确对象,未明确方面,中性,0,0.7990938847607941,0.12952862707413154,0.7990938847607941,0.07137748816507429,中性,中性,,False
生活区,BV1YBvhBhE1f,史上最无聊比赛,12666077,370364,50295,71025,3628,6526,不经意间露出婚戒(bushi,,不经意间露出婚戒bushi,0,0,5,0,0,0.0,0.0,0.0,0.0,0.0,0.0,0.0,0.0,0,0,0,0,0,0,0,0,无明显情感,未明确对象,未明确方面,中性,0,0.6397343740647244,0.16649900707806428,0.6397343740647244,0.19376661885721125,中性,中性,,False
生活区,BV1YBvhBhE1f,史上最无聊比赛,12666077,370364,50295,71025,3628,6526,上学时这么吃更容易被发现吧？,,上学时这么吃更容易被发现吧？,0,0,8,0,1,0.0,0.0,0.0,0.0,0.0,0.0,0.0,0.0,0,0,0,0,0,0,0,0,无明显情感,未明确对象,未明确方面,中性,-1,0.5382778728182104,0.5382778728182104,0.3906928270465782,0.0710293001352114,负面,负面,,False
生活区,BV1YBvhBhE1f,史上最无聊比赛,12666077,370364,50295,71025,3628,6526,《纯属巧合了都没能猜到如果取掉这个》,,纯属巧合了都没能猜到如果取掉这个,0,0,8,0,0,0.0,0.0,0.0,0.0,0.0,0.0,0.0,0.0,0,0,0,0,0,0,0,0,无明显情感,未明确对象,未明确方面,中性,0,0.5459432531368089,0.2713606184619695,0.5459432531368089,0.18269612840122162,中性,中性,,False
生活区,BV1YBvhBhE1f,史上最无聊比赛,12666077,370364,50295,71025,3628,6526,考试不会写连题目都没看就开蒙的我：,,考试不会写连题目都没看就开蒙的我,0,1,10,0,0,-1.0,0.0,1.0,1.0,0.1,-1.0,0.0,1.0,0,0,0,0,0,0,0,1,对象评价,课程内容,未明确方面,负面,0,0.6076467883546169,0.33577834322797045,0.6076467883546169,0.05657486841741263,中性,负面,,False
生活区,BV1YBvhBhE1f,史上最无聊比赛,12666077,370364,50295,71025,3628,6526,心理学带师,,心理学带师,0,0,2,0,0,0.0,0.0,0.0,0.0,0.0,0.0,0.0,0.0,0,0,0,0,0,0,0,0,无明显情感,未明确对象,未明确方面,中性,1,0.6908537859386099,0.06082682789704848,0.24831938616434154,0.6908537859386099,正面,正面,,False
生活区,BV1YBvhBhE1f,史上最无聊比赛,12666077,370364,50295,71025,3628,6526,《没有幸存的目击者就是完美的暗杀》,,没有幸存的目击者就是完美的暗杀,1,0,6,0,0,1.0,1.0,0.0,1.0,0.16666666666666666,1.0,1.0,0.0,0,0,0,0,0,0,0,1,对象评价,未明确对象,未明确方面,正面,-1,0.33925431442633264,0.33925431442633264,0.3243536551827779,0.3363920303908894,负面,中性,0.0,True
生活区,BV1YBvhBhE1f,史上最无聊比赛,12666077,370364,50295,71025,3628,6526,郭雨离开了下一个是谁发现外面根本没有下雨,,郭雨离开了下一个是谁发现外面根本没有下雨,0,0,9,0,0,0.0,0.0,0.0,0.0,0.0,0.0,0.0,0.0,0,0,0,0,0,0,0,0,无明显情感,未明确对象,未明确方面,中性,-1,0.48267754307571537,0.48267754307571537,0.46963221666272553,0.047690240261559234,负面,负面,,False
生活区,BV1YBvhBhE1f,史上最无聊比赛,12666077,370364,50295,71025,3628,6526,《盲狙的神》,,盲狙的神,0,0,3,0,0,0.0,0.0,0.0,0.0,0.0,0.0,0.0,0.0,0,0,0,0,0,0,0,0,无明显情感,未明确对象,未明确方面,中性,0,0.5320849056864122,0.27034876686532877,0.5320849056864122,0.19756632744825905,中性,中性,,False
生活区,BV1YBvhBhE1f,史上最无聊比赛,12666077,370364,50295,71025,3628,6526,《选手干扰一下，他没说这个规则吧》,,选手干扰一下，他没说这个规则吧,0,0,7,0,0,0.0,0.0,0.0,0.0,0.0,0.0,0.0,0.0,0,0,0,0,0,0,0,0,无明显情感,比赛内容,比赛表现,中性,-1,0.4587194728110166,0.4587194728110166,0.4169375625275496,0.12434296466143381,负面,负面,,False
生活区,BV1YBvhBhE1f,史上最无聊比赛,12666077,370364,50295,71025,3628,6526,《四家店》,,四家店,0,0,2,0,0,0.0,0.0,0.0,0.0,0.0,0.0,0.0,0.0,0,0,0,0,0,0,0,0,无明显情感,未明确对象,未明确方面,中性,0,0.6585046096608349,0.14118285317383877,0.6585046096608349,0.20031253716532643,中性,中性,,False
生活区,BV1YBvhBhE1f,史上最无聊比赛,12666077,370364,50295,71025,3628,6526,为什么不是伸长下巴,,为什么不是伸长下巴,0,0,4,0,0,0.0,0.0,0.0,0.0,0.0,0.0,0.0,0.0,0,0,0,0,0,0,0,0,无明显情感,未明确对象,未明确方面,中性,0,0.731628201463088,0.2283384899500504,0.731628201463088,0.04003330858686143,中性,中性,,False
生活区,BV1YBvhBhE1f,史上最无聊比赛,12666077,370364,50295,71025,3628,6526,数学的胜利,,数学的胜利,1,0,2,0,0,1.0,1.0,0.0,1.0,0.5,1.0,1.0,0.0,0,0,0,0,0,0,0,1,对象评价,课程内容,未明确方面,正面,-1,0.7271556519587329,0.7271556519587329,0.06889816060822893,0.20394618743303813,负面,正面,,False
生活区,BV1YBvhBhE1f,史上最无聊比赛,12666077,370364,50295,71025,3628,6526,小精灵高16.9厘米（doge,,小精灵高16.9厘米doge,0,0,5,0,0,0.0,0.0,0.0,0.0,0.0,0.0,0.0,0.0,0,0,0,0,0,0,0,0,无明显情感,未明确对象,未明确方面,中性,0,0.41509278689072726,0.2607350674437322,0.41509278689072726,0.32417214566554065,中性,中性,0.0,True
生活区,BV1YBvhBhE1f,史上最无聊比赛,12666077,370364,50295,71025,3628,6526,“只要不被发现就不算出千”,,只要不被发现就不算出千,0,0,7,0,0,0.0,0.0,0.0,0.0,0.0,0.0,0.0,0.0,0,0,0,0,0,0,0,0,无明显情感,未明确对象,未明确方面,中性,0,0.3791030699953047,0.3782310306669431,0.3791030699953047,0.24266589933775223,中性,中性,,False
生活区,BV1YBvhBhE1f,史上最无聊比赛,12666077,370364,50295,71025,3628,6526,可以去羊村打赌。,,可以去羊村打赌。,1,0,5,0,0,1.0,1.0,0.0,1.0,0.2,1.0,1.0,0.0,0,0,0,0,0,0,0,1,对象评价,未明确对象,未明确方面,正面,1,0.530464250465047,0.07879560046679936,0.39074014906815363,0.530464250465047,正面,正面,1.0,True
生活区,BV1YBvhBhE1f,史上最无聊比赛,12666077,370364,50295,71025,3628,6526,假装白线外面是岩浆,,假装白线外面是岩浆,0,0,4,0,0,0.0,0.0,0.0,0.0,0.0,0.0,0.0,0.0,0,0,0,0,0,0,0,0,无明显情感,未明确对象,未明确方面,中性,0,0.729703802845878,0.12997769497303138,0.729703802845878,0.14031850218109063,中性,中性,,False
生活区,BV1YBvhBhE1f,史上最无聊比赛,12666077,370364,50295,71025,3628,6526,同济VS复旦,,同济VS复旦,0,0,3,0,0,0.0,0.0,0.0,0.0,0.0,0.0,0.0,0.0,0,0,0,0,0,0,0,0,无明显情感,未明确对象,未明确方面,中性,0,0.5012289857491007,0.13332686935621882,0.5012289857491007,0.3654441448946806,中性,中性,,False
生活区,BV1YBvhBhE1f,史上最无聊比赛,12666077,370364,50295,71025,3628,6526,狠人,,狠人,0,0,1,0,0,0.0,0.0,0.0,0.0,0.0,0.0,0.0,0.0,0,0,0,0,0,0,0,0,无明显情感,未明确对象,未明确方面,中性,0,0.6641811267415451,0.13348938228347546,0.6641811267415451,0.20232949097497943,中性,中性,,False
生活区,BV1YBvhBhE1f,史上最无聊比赛,12666077,370364,50295,71025,3628,6526,脸尖的像钟乳石纯正的自然风光,,脸尖的像钟乳石纯正的自然风光,0,0,5,0,0,0.0,0.0,0.0,0.0,0.0,0.0,0.0,0.0,0,0,0,0,0,0,0,0,无明显情感,未明确对象,未明确方面,中性,0,0.6017896063343766,0.17679744358597524,0.6017896063343766,0.2214129500796482,中性,中性,,False
生活区,BV1YBvhBhE1f,史上最无聊比赛,12666077,370364,50295,71025,3628,6526,番茄不愧是写出《情商》的人，端水端到骨子里了,,番茄不愧是写出情商的人，端水端到骨子里了,1,0,10,0,0,1.0,1.0,0.0,1.0,0.1,1.0,1.0,0.0,0,0,0,0,0,0,0,1,对象评价,未明确对象,未明确方面,正面,1,0.5480255474365224,0.18034102612162073,0.27163342644185673,0.5480255474365224,正面,中性,0.0,True
生活区,BV1YBvhBhE1f,史上最无聊比赛,12666077,370364,50295,71025,3628,6526,雨哥你又薅别人脖领子,,雨哥你又薅别人脖领子,0,0,5,0,0,0.0,0.0,0.0,0.0,0.0,0.0,0.0,0.0,0,0,0,0,0,0,0,0,无明显情感,未明确对象,未明确方面,中性,0,0.7641278697314853,0.09028732925097864,0.7641278697314853,0.14558480101753615,中性,中性,,False
生活区,BV1YBvhBhE1f,史上最无聊比赛,12666077,370364,50295,71025,3628,6526,不吃袁记云饺了吗,,不吃袁记云饺了吗,0,0,3,0,0,0.0,0.0,0.0,0.0,0.0,0.0,0.0,0.0,0,0,0,0,0,0,0,0,无明显情感,未明确对象,未明确方面,中性,0,0.8559937780891748,0.08607838482724754,0.8559937780891748,0.05792783708357779,中性,中性,,False
生活区,BV1YBvhBhE1f,史上最无聊比赛,12666077,370364,50295,71025,3628,6526,黑色指甲油和小老师真的很适配,,黑色指甲油和小老师真的很适配,0,0,6,0,0,0.0,0.0,0.0,0.0,0.0,0.0,0.0,0.0,0,0,0,0,0,0,0,0,无明显情感,讲解者,未明确方面,中性,0,0.48143076255295025,0.08632511197354267,0.48143076255295025,0.43224412547350727,中性,中性,,False
生活区,BV1YBvhBhE1f,史上最无聊比赛,12666077,370364,50295,71025,3628,6526,三点定位，根据这个信息已经能定出番茄家的位置了,,三点定位，根据这个信息已经能定出番茄家的位置了,0,0,12,0,0,0.0,0.0,0.0,0.0,0.0,0.0,0.0,0.0,0,0,0,0,0,0,0,0,无明显情感,未明确对象,未明确方面,中性,-1,0.7069589229138274,0.7069589229138274,0.16194886483062595,0.13109221225554646,负面,负面,,False
生活区,BV1YBvhBhE1f,史上最无聊比赛,12666077,370364,50295,71025,3628,6526,我用美团团购团了券！（王建华音）,,我用美团团购团了券！王建华音,0,0,8,1,0,0.0,0.0,0.0,0.0,0.0,0.0,0.0,0.0,0,0,0,0,0,0,0,0,无明显情感,未明确对象,未明确方面,中性,0,0.5741988672721001,0.11483807442839722,0.5741988672721001,0.31096305829950277,中性,中性,,False
生活区,BV1YBvhBhE1f,史上最无聊比赛,12666077,370364,50295,71025,3628,6526,《经常口嗨的小伙子》,,经常口嗨的小伙子,0,0,4,0,0,0.0,0.0,0.0,0.0,0.0,0.0,0.0,0.0,0,0,0,0,0,0,0,0,无明显情感,未明确对象,未明确方面,中性,0,0.5227986383220038,0.2833615006953987,0.5227986383220038,0.19383986098259762,中性,中性,,False
生活区,BV1YBvhBhE1f,史上最无聊比赛,12666077,370364,50295,71025,3628,6526,不吃袁记云饺了吗(bushi),,不吃袁记云饺了吗bushi,0,0,4,0,0,0.0,0.0,0.0,0.0,0.0,0.0,0.0,0.0,0,0,0,0,0,0,0,0,无明显情感,未明确对象,未明确方面,中性,0,0.8511738283737476,0.09130713272494752,0.8511738283737476,0.05751903890130502,中性,中性,,False
生活区,BV1YBvhBhE1f,史上最无聊比赛,12666077,370364,50295,71025,3628,6526,所以说这就是为什么不让裁判参赛的原因,,所以说这就是为什么不让裁判参赛的原因,0,0,8,0,0,0.0,0.0,0.0,0.0,0.0,0.0,0.0,0.0,0,0,0,0,0,0,0,0,无明显情感,比赛内容,比赛表现,中性,0,0.6849238004127679,0.21455172142387982,0.6849238004127679,0.10052447816335225,中性,中性,,False
生活区,BV1YBvhBhE1f,史上最无聊比赛,12666077,370364,50295,71025,3628,6526,雨哥，我也错愕了,,雨哥，我也错愕了,0,0,4,0,0,0.0,0.0,0.0,0.0,0.0,0.0,0.0,0.0,0,0,0,0,0,0,0,0,无明显情感,未明确对象,未明确方面,中性,0,0.607049996810446,0.18657308951124682,0.607049996810446,0.2063769136783071,中性,中性,0.0,True
生活区,BV1YBvhBhE1f,史上最无聊比赛,12666077,370364,50295,71025,3628,6526,还有心理学！！,,还有心理学！！,0,0,4,2,0,0.0,0.0,0.0,0.0,0.0,0.0,0.0,0.0,0,0,0,0,0,0,0,0,无明显情感,未明确对象,未明确方面,中性,1,0.7279735312639293,0.12388196122605714,0.1481445075100136,0.7279735312639293,正面,正面,1.0,True
生活区,BV1YBvhBhE1f,史上最无聊比赛,12666077,370364,50295,71025,3628,6526,这是老吃家,,这是老吃家,0,0,2,0,0,0.0,0.0,0.0,0.0,0.0,0.0,0.0,0.0,0,0,0,0,0,0,0,0,无明显情感,未明确对象,未明确方面,中性,0,0.8160803533984788,0.0991078893695915,0.8160803533984788,0.08481175723192952,中性,中性,,False
生活区,BV1YBvhBhE1f,史上最无聊比赛,12666077,370364,50295,71025,3628,6526,居然比番茄的还准？！,,居然比番茄的还准？！,0,0,6,1,1,0.0,0.0,0.0,0.0,0.0,0.0,0.0,0.0,0,0,0,0,0,0,0,0,无明显情感,未明确对象,未明确方面,中性,-1,0.6789714508999422,0.6789714508999422,0.2320678263758796,0.08896072272417825,负面,负面,,False
生活区,BV1YBvhBhE1f,史上最无聊比赛,12666077,370364,50295,71025,3628,6526,史上最权威的裁判——水裁判,,史上最权威的裁判水裁判,1,0,6,0,0,1.0,1.0,0.0,1.0,0.16666666666666666,1.0,1.0,0.0,0,0,0,0,0,0,0,1,对象评价,比赛内容,比赛表现,正面,1,0.8684140162072358,0.041960349370176356,0.08962563442258777,0.8684140162072358,正面,正面,1.0,True
生活区,BV1YBvhBhE1f,史上最无聊比赛,12666077,370364,50295,71025,3628,6526,下一个是谁也来了,,下一个是谁也来了,0,0,4,0,0,0.0,0.0,0.0,0.0,0.0,0.0,0.0,0.0,0,0,0,0,0,0,0,0,无明显情感,未明确对象,未明确方面,中性,0,0.8670183337911948,0.08342171576224623,0.8670183337911948,0.04955995044655906,中性,中性,,False
生活区,BV1YBvhBhE1f,史上最无聊比赛,12666077,370364,50295,71025,3628,6526,禁止裁判参赛,,禁止裁判参赛,0,0,3,0,0,0.0,0.0,0.0,0.0,0.0,0.0,0.0,0.0,0,0,0,0,0,0,0,0,无明显情感,比赛内容,比赛表现,中性,1,0.45493472302492965,0.09121245562798205,0.4538528213470884,0.45493472302492965,正面,正面,,False
生活区,BV1YBvhBhE1f,史上最无聊比赛,12666077,370364,50295,71025,3628,6526,真正的复旦之光出现了,,真正的复旦之光出现了,0,0,4,0,0,0.0,0.0,0.0,0.0,0.0,0.0,0.0,0.0,0,0,0,0,0,0,0,0,无明显情感,未明确对象,未明确方面,中性,1,0.5106737117224776,0.12411127619699693,0.36521501208052554,0.5106737117224776,正面,正面,,False
生活区,BV1YBvhBhE1f,史上最无聊比赛,12666077,370364,50295,71025,3628,6526,复旦之光,,复旦之光,0,0,2,0,0,0.0,0.0,0.0,0.0,0.0,0.0,0.0,0.0,0,0,0,0,0,0,0,0,无明显情感,未明确对象,未明确方面,中性,1,0.5884555120134606,0.09316840255778082,0.3183760854287586,0.5884555120134606,正面,正面,,False
生活区,BV1YBvhBhE1f,史上最无聊比赛,12666077,370364,50295,71025,3628,6526,展示雄厚的财力,,展示雄厚的财力,0,0,3,0,0,0.0,0.0,0.0,0.0,0.0,0.0,0.0,0.0,0,0,0,0,0,0,0,0,无明显情感,未明确对象,未明确方面,中性,0,0.5320849056864122,0.27034876686532877,0.5320849056864122,0.19756632744825905,中性,中性,,False
生活区,BV1YBvhBhE1f,史上最无聊比赛,12666077,370364,50295,71025,3628,6526,这真是老吃家,,这真是老吃家,0,0,2,0,0,0.0,0.0,0.0,0.0,0.0,0.0,0.0,0.0,0,0,0,0,0,0,0,0,无明显情感,未明确对象,未明确方面,中性,0,0.5552546442853383,0.11858235886859905,0.5552546442853383,0.32616299684606265,中性,中性,,False
生活区,BV1YBvhBhE1f,史上最无聊比赛,12666077,370364,50295,71025,3628,6526,《饮冰室主人》,,饮冰室主人,0,0,3,0,0,0.0,0.0,0.0,0.0,0.0,0.0,0.0,0.0,0,0,0,0,0,0,0,0,无明显情感,未明确对象,未明确方面,中性,0,0.6525424904832393,0.14924331021065323,0.6525424904832393,0.19821419930610756,中性,中性,,False
生活区,BV1YBvhBhE1f,史上最无聊比赛,12666077,370364,50295,71025,3628,6526,切翡翠原石？？,,切翡翠原石？？,0,0,5,0,2,0.0,0.0,0.0,0.0,0.0,0.0,0.0,0.0,0,0,0,0,0,0,0,0,无明显情感,未明确对象,未明确方面,中性,-1,0.8177298843130002,0.8177298843130002,0.16680062818005104,0.015469487506948775,负面,负面,,False
生活区,BV1YBvhBhE1f,史上最无聊比赛,12666077,370364,50295,71025,3628,6526,如果你的压力大可以想象一下他们的老师,,如果你的压力大可以想象一下他们的老师,1,1,7,0,0,0.0,1.0,1.0,0.0,0.2857142857142857,0.0,1.0,1.0,0,1,0,0,0,0,0,1,对象评价,讲解者,未明确方面,混合,0,0.5916383711377692,0.08668065819131407,0.5916383711377692,0.32168097067091667,中性,中性,0.0,True
生活区,BV1YBvhBhE1f,史上最无聊比赛,12666077,370364,50295,71025,3628,6526,《他们过了会叫的》,,他们过了会叫的,0,0,4,0,0,0.0,0.0,0.0,0.0,0.0,0.0,0.0,0.0,0,0,0,0,0,0,0,0,无明显情感,未明确对象,未明确方面,中性,-1,0.579499072556184,0.579499072556184,0.2928959791401026,0.12760494830371327,负面,负面,-1.0,True
生活区,BV1YBvhBhE1f,史上最无聊比赛,12666077,370364,50295,71025,3628,6526,这个节目最大的看点就是反超！（误,,这个节目最大的看点就是反超！误,0,0,8,1,0,0.0,0.0,0.0,0.0,0.0,0.0,0.0,0.0,0,0,0,0,0,0,0,0,无明显情感,未明确对象,未明确方面,中性,0,0.6194177088554521,0.15978304268478713,0.6194177088554521,0.22079924845976073,中性,中性,,False
生活区,BV1YBvhBhE1f,史上最无聊比赛,12666077,370364,50295,71025,3628,6526,？停停停太拼了吧！,,？停停停太拼了吧！,0,0,4,1,1,0.0,0.0,0.0,0.0,0.0,0.0,0.0,0.0,0,0,0,0,0,0,0,0,无明显情感,未明确对象,未明确方面,中性,0,0.522270720643064,0.38628264185018063,0.522270720643064,0.09144663750675537,中性,中性,,False
生活区,BV1YBvhBhE1f,史上最无聊比赛,12666077,370364,50295,71025,3628,6526,这种戛然而止的话最好笑了,,这种戛然而止的话最好笑了,1,0,5,0,0,1.55,1.55,0.0,1.55,0.2,1.55,1.55,0.0,1,0,0,0,0,0,0,1,对象评价,未明确对象,娱乐与趣味,正面,1,0.6950600680866448,0.051223403522657106,0.25371652839069825,0.6950600680866448,正面,正面,,False
生活区,BV1YBvhBhE1f,史上最无聊比赛,12666077,370364,50295,71025,3628,6526,黑色美甲太萌了…,,黑色美甲太萌了,0,0,3,0,0,0.0,0.0,0.0,0.0,0.0,0.0,0.0,0.0,0,0,0,0,0,0,0,0,无明显情感,未明确对象,未明确方面,中性,0,0.5767095878837278,0.17389940139303073,0.5767095878837278,0.2493910107232414,中性,中性,,False
生活区,BV1YBvhBhE1f,史上最无聊比赛,12666077,370364,50295,71025,3628,6526,太有生活了还是神券价,,太有生活了还是神券价,0,0,4,0,0,0.0,0.0,0.0,0.0,0.0,0.0,0.0,0.0,0,0,0,0,0,0,0,0,无明显情感,未明确对象,未明确方面,中性,0,0.5280297315979876,0.25258562831916614,0.5280297315979876,0.21938464008284625,中性,中性,,False
生活区,BV1YBvhBhE1f,史上最无聊比赛,12666077,370364,50295,71025,3628,6526,所有人都会被拎领子传染哈哈哈哈,,所有人都会被拎领子传染哈哈哈哈,1,0,8,0,0,1.0,1.0,0.0,1.0,0.125,1.0,1.0,0.0,0,0,1,0,0,0,0,1,对象评价+自身情绪,未明确对象,娱乐与趣味,正面,1,0.8706628847706234,0.034923771477712334,0.09441334375166432,0.8706628847706234,正面,正面,,False
生活区,BV1YBvhBhE1f,史上最无聊比赛,12666077,370364,50295,71025,3628,6526,是个狼灭,,是个狼灭,0,0,3,0,0,0.0,0.0,0.0,0.0,0.0,0.0,0.0,0.0,0,0,0,0,0,0,0,0,无明显情感,未明确对象,未明确方面,中性,0,0.6087454143629173,0.279091780040132,0.6087454143629173,0.11216280559695078,中性,中性,,False
生活区,BV1YBvhBhE1f,史上最无聊比赛,12666077,370364,50295,71025,3628,6526,《见证崎寄》,,见证崎寄,0,0,3,0,0,0.0,0.0,0.0,0.0,0.0,0.0,0.0,0.0,0,0,0,0,0,0,0,0,无明显情感,未明确对象,未明确方面,中性,0,0.6525424904832393,0.14924331021065323,0.6525424904832393,0.19821419930610756,中性,中性,,False
生活区,BV1YBvhBhE1f,史上最无聊比赛,12666077,370364,50295,71025,3628,6526,复旦之光！,,复旦之光！,0,0,3,1,0,0.0,0.0,0.0,0.0,0.0,0.0,0.0,0.0,0,0,0,0,0,0,0,0,无明显情感,未明确对象,未明确方面,中性,1,0.6623930150437517,0.06325426351083056,0.27435272144541767,0.6623930150437517,正面,正面,,False
生活区,BV1YBvhBhE1f,史上最无聊比赛,12666077,370364,50295,71025,3628,6526,依旧揪领子,,依旧揪领子,0,0,3,0,0,0.0,0.0,0.0,0.0,0.0,0.0,0.0,0.0,0,0,0,0,0,0,0,0,无明显情感,未明确对象,未明确方面,中性,0,0.6525424904832393,0.14924331021065323,0.6525424904832393,0.19821419930610756,中性,中性,,False
生活区,BV1YBvhBhE1f,史上最无聊比赛,12666077,370364,50295,71025,3628,6526,看体态就知道谁是王,,看体态就知道谁是王,0,0,6,0,0,0.0,0.0,0.0,0.0,0.0,0.0,0.0,0.0,0,0,0,0,0,0,0,0,无明显情感,未明确对象,未明确方面,中性,0,0.48116779488576605,0.39252154207305695,0.48116779488576605,0.12631066304117713,中性,中性,,False
生活区,BV1YBvhBhE1f,史上最无聊比赛,12666077,370364,50295,71025,3628,6526,有人懂吗好像索隆在挑刀啊哈哈哈哈,,有人懂吗好像索隆在挑刀啊哈哈哈哈,1,0,7,0,0,1.0,1.0,0.0,1.0,0.14285714285714285,1.0,1.0,0.0,0,0,1,0,0,0,0,1,对象评价+自身情绪,未明确对象,娱乐与趣味,正面,1,0.8403857305802749,0.0658274599239872,0.09378680949573781,0.8403857305802749,正面,正面,,False
生活区,BV1YBvhBhE1f,史上最无聊比赛,12666077,370364,50295,71025,3628,6526,超越人类,,超越人类,0,0,2,0,0,0.0,0.0,0.0,0.0,0.0,0.0,0.0,0.0,0,0,0,0,0,0,0,0,无明显情感,未明确对象,未明确方面,中性,0,0.6585046096608349,0.14118285317383877,0.6585046096608349,0.20031253716532643,中性,中性,,False
生活区,BV1YBvhBhE1f,史上最无聊比赛,12666077,370364,50295,71025,3628,6526,这技能其实还挺有用的（,,这技能其实还挺有用的,1,0,5,0,0,1.0,1.0,0.0,1.0,0.2,1.0,1.0,0.0,0,0,0,0,0,0,0,1,对象评价,未明确对象,实用与收获,正面,1,0.6858349345146613,0.11913970346748272,0.1950253620178561,0.6858349345146613,正面,正面,1.0,True
生活区,BV1YBvhBhE1f,史上最无聊比赛,12666077,370364,50295,71025,3628,6526,右边那瓣儿番茄滚了一圈然后立住了诶！！！,,右边那瓣儿番茄滚了一圈然后立住了诶！！！,0,0,12,3,0,0.0,0.0,0.0,0.0,0.0,0.0,0.0,0.0,0,0,0,0,0,0,0,0,无明显情感,未明确对象,未明确方面,中性,1,0.3918224564003852,0.3440814913539071,0.2640960522457077,0.3918224564003852,正面,正面,1.0,True
生活区,BV1YBvhBhE1f,史上最无聊比赛,12666077,370364,50295,71025,3628,6526,下一个是谁选手在这里面还是太超模了,,下一个是谁选手在这里面还是太超模了,0,0,8,0,0,0.0,0.0,0.0,0.0,0.0,0.0,0.0,0.0,0,0,0,0,0,0,0,0,无明显情感,比赛内容,比赛表现,中性,0,0.6338511436771161,0.29554852580491153,0.6338511436771161,0.07060033051797242,中性,中性,,False
生活区,BV1YBvhBhE1f,史上最无聊比赛,12666077,370364,50295,71025,3628,6526,还有心里博弈的,,还有心里博弈的,0,0,3,0,0,0.0,0.0,0.0,0.0,0.0,0.0,0.0,0.0,0,0,0,0,0,0,0,0,无明显情感,未明确对象,未明确方面,中性,-1,0.48241452907980953,0.48241452907980953,0.3145172761181792,0.20306819480201127,负面,负面,,False
生活区,BV1YBvhBhE1f,史上最无聊比赛,12666077,370364,50295,71025,3628,6526,←肯定的啊，都请了周杰伦代言了，必须一波热度挣回来，不然岂不亏大了？,,肯定的啊，都请了周杰伦代言了，必须一波热度挣回来，不然岂不亏大了？,1,0,17,0,1,1.0,1.0,0.0,1.0,0.058823529411764705,1.0,1.0,0.0,0,0,0,0,0,0,0,1,对象评价,未明确对象,未明确方面,正面,-1,0.9719764150659973,0.9719764150659973,0.009254612307218992,0.01876897262678366,负面,负面,,False
生活区,BV1YBvhBhE1f,史上最无聊比赛,12666077,370364,50295,71025,3628,6526,你的郭雨，实力允许！,,你的郭雨，实力允许！,0,0,5,1,0,0.0,0.0,0.0,0.0,0.0,0.0,0.0,0.0,0,0,0,0,0,0,0,0,无明显情感,未明确对象,未明确方面,中性,0,0.40824697640371305,0.21598455044381001,0.40824697640371305,0.37576847315247697,中性,中性,,False
生活区,BV1YBvhBhE1f,史上最无聊比赛,12666077,370364,50295,71025,3628,6526,还有心理学,,还有心理学,0,0,2,0,0,0.0,0.0,0.0,0.0,0.0,0.0,0.0,0.0,0,0,0,0,0,0,0,0,无明显情感,未明确对象,未明确方面,中性,1,0.6367277303934944,0.13958547609295807,0.2236867935135476,0.6367277303934944,正面,正面,,False
生活区,BV1YBvhBhE1f,史上最无聊比赛,12666077,370364,50295,71025,3628,6526,精灵兵法之明讲话暗关机,,精灵兵法之明讲话暗关机,0,0,6,0,0,0.0,0.0,0.0,0.0,0.0,0.0,0.0,0.0,0,0,0,0,0,0,0,0,无明显情感,未明确对象,未明确方面,中性,0,0.5600976944657948,0.24945213563131718,0.5600976944657948,0.19045016990288793,中性,中性,,False
生活区,BV1YBvhBhE1f,史上最无聊比赛,12666077,370364,50295,71025,3628,6526,你的番茄，举世称绝!!!,,你的番茄，举世称绝!!!,0,0,7,3,0,0.0,0.0,0.0,0.0,0.0,0.0,0.0,0.0,0,0,0,0,0,0,0,0,无明显情感,未明确对象,未明确方面,中性,-1,0.5499297819176823,0.5499297819176823,0.21619729266889465,0.23387292541342317,负面,负面,,False
生活区,BV1YBvhBhE1f,史上最无聊比赛,12666077,370364,50295,71025,3628,6526,我靠，真9000阿,,我靠，真9000阿,0,0,5,0,0,0.0,0.0,0.0,0.0,0.0,0.0,0.0,0.0,0,0,0,0,0,0,0,0,无明显情感,未明确对象,未明确方面,中性,-1,0.4180851226484607,0.4180851226484607,0.40535887530511355,0.17655600204642563,负面,负面,,False
生活区,BV1YBvhBhE1f,史上最无聊比赛,12666077,370364,50295,71025,3628,6526,这可能是番茄租的场地 既然能发出来那就代表这不是番茄的个人地址,,这可能是番茄租的场地既然能发出来那就代表这不是番茄的个人地址,0,0,14,0,0,0.0,0.0,0.0,0.0,0.0,0.0,0.0,0.0,0,0,0,0,0,0,0,0,无明显情感,未明确对象,未明确方面,中性,-1,0.6065833607545514,0.6065833607545514,0.2801289512199694,0.11328768802547919,负面,负面,,False
生活区,BV1YBvhBhE1f,史上最无聊比赛,12666077,370364,50295,71025,3628,6526,肯定不是番茄家，不然怎么会不知道周边最近的店,,肯定不是番茄家，不然怎么会不知道周边最近的店,1,0,13,0,0,1.0,1.0,0.0,1.0,0.07692307692307693,1.0,1.0,0.0,0,0,0,0,0,0,0,1,对象评价,未明确对象,未明确方面,正面,-1,0.9268480977569035,0.9268480977569035,0.019156319602097644,0.053995582640998956,负面,负面,-1.0,True
生活区,BV1YBvhBhE1f,史上最无聊比赛,12666077,370364,50295,71025,3628,6526,下一个是谁,,下一个是谁,0,0,2,0,0,0.0,0.0,0.0,0.0,0.0,0.0,0.0,0.0,0,0,0,0,0,0,0,0,无明显情感,未明确对象,未明确方面,中性,0,0.7374985634491258,0.15761384181438523,0.7374985634491258,0.10488759473648888,中性,中性,,False
生活区,BV1YBvhBhE1f,史上最无聊比赛,12666077,370364,50295,71025,3628,6526,《见证奇寄》,,见证奇寄,0,0,3,0,0,0.0,0.0,0.0,0.0,0.0,0.0,0.0,0.0,0,0,0,0,0,0,0,0,无明显情感,未明确对象,未明确方面,中性,0,0.6525424904832393,0.14924331021065323,0.6525424904832393,0.19821419930610756,中性,中性,,False
生活区,BV1YBvhBhE1f,史上最无聊比赛,12666077,370364,50295,71025,3628,6526,天啊，那是接近的,,天啊，那是接近的,0,0,3,0,0,0.0,0.0,0.0,0.0,0.0,0.0,0.0,0.0,0,0,0,0,0,0,0,0,无明显情感,未明确对象,未明确方面,中性,0,0.547949904068114,0.22000871902708966,0.547949904068114,0.2320413769047964,中性,中性,,False
生活区,BV1YBvhBhE1f,史上最无聊比赛,12666077,370364,50295,71025,3628,6526,美团还是打不过没红包的闪购，没什么好说的,,美团还是打不过没红包的闪购，没什么好说的,0,0,11,0,0,0.0,0.0,0.0,0.0,0.0,0.0,0.0,0.0,1,0,0,0,0,0,0,0,无明显情感,未明确对象,未明确方面,中性,-1,0.8690356572116732,0.8690356572116732,0.09250458839018108,0.03845975439814571,负面,负面,-1.0,True
生活区,BV1YBvhBhE1f,史上最无聊比赛,12666077,370364,50295,71025,3628,6526,她好帅啊！！她好帅！！！,,她好帅啊！！她好帅！！！,0,0,7,5,0,0.0,0.0,0.0,0.0,0.0,0.0,0.0,0.0,0,0,0,0,0,0,0,0,无明显情感,未明确对象,未明确方面,中性,1,0.5980388952569972,0.26386159314355595,0.13809951159944686,0.5980388952569972,正面,正面,,False
生活区,BV1YBvhBhE1f,史上最无聊比赛,12666077,370364,50295,71025,3628,6526,太有节目了哈哈哈哈,,太有节目了哈哈哈哈,1,0,3,0,0,1.8,1.8,0.0,1.8,0.3333333333333333,1.8,1.8,0.0,0,0,1,0,0,0,0,1,对象评价+自身情绪,未明确对象,娱乐与趣味,正面,1,0.9195931487236871,0.01479064084803105,0.06561621042828192,0.9195931487236871,正面,正面,,False
生活区,BV1YBvhBhE1f,史上最无聊比赛,12666077,370364,50295,71025,3628,6526,番茄用下巴戳开包装！（bushi）,,番茄用下巴戳开包装！bushi,0,0,8,1,0,0.0,0.0,0.0,0.0,0.0,0.0,0.0,0.0,0,0,0,0,0,0,0,0,无明显情感,未明确对象,未明确方面,中性,0,0.751296795424046,0.136986768682528,0.751296795424046,0.11171643589342586,中性,中性,,False
生活区,BV1YBvhBhE1f,史上最无聊比赛,12666077,370364,50295,71025,3628,6526,下一个是谁的小曲（,,下一个是谁的小曲,0,0,3,0,0,0.0,0.0,0.0,0.0,0.0,0.0,0.0,0.0,0,0,0,0,0,0,0,0,无明显情感,未明确对象,未明确方面,中性,0,0.7051425643740669,0.1891390668893605,0.7051425643740669,0.10571836873657273,中性,中性,,False
生活区,BV1YBvhBhE1f,史上最无聊比赛,12666077,370364,50295,71025,3628,6526,贪吃王实至名归,,贪吃王实至名归,0,0,3,0,0,0.0,0.0,0.0,0.0,0.0,0.0,0.0,0.0,0,0,0,0,0,0,0,0,无明显情感,未明确对象,未明确方面,中性,0,0.6525424904832393,0.14924331021065323,0.6525424904832393,0.19821419930610756,中性,中性,,False
生活区,BV1YBvhBhE1f,史上最无聊比赛,12666077,370364,50295,71025,3628,6526,竟然还有田野调查吗？,,竟然还有田野调查吗？,0,0,5,0,1,0.0,0.0,0.0,0.0,0.0,0.0,0.0,0.0,0,0,0,0,0,0,0,0,无明显情感,未明确对象,未明确方面,中性,-1,0.5044150516609022,0.5044150516609022,0.4307152872340482,0.06486966110504971,负面,负面,,False
生活区,BV1YBvhBhE1f,史上最无聊比赛,12666077,370364,50295,71025,3628,6526,那很帅了,,那很帅了,0,0,1,0,0,0.0,0.0,0.0,0.0,0.0,0.0,0.0,0.0,0,0,0,0,0,0,0,0,无明显情感,未明确对象,未明确方面,中性,0,0.6231152593465632,0.18686188793481595,0.6231152593465632,0.1900228527186208,中性,中性,,False
生活区,BV1YBvhBhE1f,史上最无聊比赛,12666077,370364,50295,71025,3628,6526,下巴更长了！！,,下巴更长了！！,0,0,4,2,0,0.0,0.0,0.0,0.0,0.0,0.0,0.0,0.0,0,0,0,0,0,0,0,0,无明显情感,未明确对象,未明确方面,中性,0,0.707359088035527,0.09232805630846645,0.707359088035527,0.20031285565600657,中性,中性,0.0,True
生活区,BV1YBvhBhE1f,史上最无聊比赛,12666077,370364,50295,71025,3628,6526,《那不这不是失败了这噪声》,,那不这不是失败了这噪声,0,1,4,0,0,-1.0,0.0,1.0,1.0,0.25,-1.0,0.0,1.0,0,0,0,0,0,0,0,1,对象评价,未明确对象,未明确方面,负面,-1,0.8527954270880319,0.8527954270880319,0.13148960704007384,0.015714965871894204,负面,负面,,False
生活区,BV1YBvhBhE1f,史上最无聊比赛,12666077,370364,50295,71025,3628,6526,雨哥在展示雄厚的财力（）,,雨哥在展示雄厚的财力,0,0,5,0,0,0.0,0.0,0.0,0.0,0.0,0.0,0.0,0.0,0,0,0,0,0,0,0,0,无明显情感,未明确对象,未明确方面,中性,0,0.7977977028765328,0.09906187295827681,0.7977977028765328,0.10314042416519026,中性,中性,,False
生活区,BV1YBvhBhE1f,史上最无聊比赛,12666077,370364,50295,71025,3628,6526,复旦保送生的智慧！！！,,复旦保送生的智慧！！！,1,0,6,3,0,1.0,1.0,0.0,1.0,0.16666666666666666,1.0,1.0,0.0,0,0,0,0,0,0,0,1,对象评价,未明确对象,未明确方面,正面,1,0.8205559114068156,0.11265212170309097,0.06679196689009341,0.8205559114068156,正面,正面,,False
生活区,BV1YBvhBhE1f,史上最无聊比赛,12666077,370364,50295,71025,3628,6526,重新定义小零食,,重新定义小零食,0,0,4,0,0,0.0,0.0,0.0,0.0,0.0,0.0,0.0,0.0,0,0,0,0,0,0,0,0,无明显情感,未明确对象,未明确方面,中性,0,0.6038158023002664,0.12080159733002176,0.6038158023002664,0.27538260036971174,中性,中性,,False
生活区,BV1YBvhBhE1f,史上最无聊比赛,12666077,370364,50295,71025,3628,6526,确实是最后一回合了,,确实是最后一回合了,0,0,4,0,0,0.0,0.0,0.0,0.0,0.0,0.0,0.0,0.0,0,0,0,0,0,0,0,0,无明显情感,未明确对象,未明确方面,中性,0,0.6288109428496785,0.22333020349702257,0.6288109428496785,0.1478588536532989,中性,中性,,False
生活区,BV1YBvhBhE1f,史上最无聊比赛,12666077,370364,50295,71025,3628,6526,甚至在选项序号上也动手脚了,,甚至在选项序号上也动手脚了,0,0,7,0,0,0.0,0.0,0.0,0.0,0.0,0.0,0.0,0.0,0,0,0,0,0,0,0,0,无明显情感,未明确对象,未明确方面,中性,0,0.5086405657430368,0.29930430534022495,0.5086405657430368,0.1920551289167382,中性,中性,,False
生活区,BV1YBvhBhE1f,史上最无聊比赛,12666077,370364,50295,71025,3628,6526,极限二选一必错定律（）,,极限二选一必错定律,0,0,4,0,0,0.0,0.0,0.0,0.0,0.0,0.0,0.0,0.0,0,0,0,0,0,0,0,0,无明显情感,未明确对象,未明确方面,中性,0,0.6583838943626202,0.0907237203999088,0.6583838943626202,0.2508923852374709,中性,中性,,False
生活区,BV1YBvhBhE1f,史上最无聊比赛,12666077,370364,50295,71025,3628,6526,小精灵是搞节目效果吧,,小精灵是搞节目效果吧,0,0,4,0,0,0.0,0.0,0.0,0.0,0.0,0.0,0.0,0.0,0,0,0,0,0,0,0,0,无明显情感,未明确对象,娱乐与趣味,中性,0,0.4043738629198121,0.39455026677934396,0.4043738629198121,0.20107587030084398,中性,中性,0.0,True
生活区,BV1YBvhBhE1f,史上最无聊比赛,12666077,370364,50295,71025,3628,6526,这是真爱吃,,这是真爱吃,0,0,3,0,0,0.0,0.0,0.0,0.0,0.0,0.0,0.0,0.0,0,0,0,0,0,0,0,0,无明显情感,未明确对象,未明确方面,中性,0,0.7966455818650695,0.10338383387814777,0.7966455818650695,0.09997058425678275,中性,中性,,False
生活区,BV1YBvhBhE1f,史上最无聊比赛,12666077,370364,50295,71025,3628,6526,666还有干扰赛,,666还有干扰赛,1,0,4,0,0,1.0,1.0,0.0,1.0,0.25,1.0,1.0,0.0,0,0,0,0,0,0,0,1,对象评价,未明确对象,未明确方面,正面,1,0.7543945963091546,0.09141351138151212,0.1541918923093333,0.7543945963091546,正面,正面,,False
生活区,BV1YBvhBhE1f,史上最无聊比赛,12666077,370364,50295,71025,3628,6526,上课吃生姜？！,,上课吃生姜？！,0,0,5,1,1,0.0,0.0,0.0,0.0,0.0,0.0,0.0,0.0,0,0,0,0,0,0,0,0,无明显情感,未明确对象,未明确方面,中性,-1,0.850418588334986,0.850418588334986,0.10698197699650859,0.04259943466850538,负面,负面,,False
生活区,BV1YBvhBhE1f,史上最无聊比赛,12666077,370364,50295,71025,3628,6526,《搞得像螃蟹钳子一样》,,搞得像螃蟹钳子一样,0,0,6,0,0,0.0,0.0,0.0,0.0,0.0,0.0,0.0,0.0,0,0,0,0,0,0,0,0,无明显情感,未明确对象,未明确方面,中性,0,0.6635742279324081,0.09691337724251474,0.6635742279324081,0.2395123948250771,中性,中性,,False
生活区,BV1YBvhBhE1f,史上最无聊比赛,12666077,370364,50295,71025,3628,6526,也能看出 出题人是很有梗、有智慧的哈哈哈,,也能看出出题人是很有梗有智慧的哈哈哈,2,0,11,0,0,2.5,2.5,0.0,2.5,0.18181818181818182,2.5,2.5,0.0,0,0,1,0,0,0,0,1,对象评价+自身情绪,未明确对象,娱乐与趣味,正面,1,0.9137925904042711,0.03261209286144994,0.05359531673427904,0.9137925904042711,正面,正面,,False
生活区,BV1YBvhBhE1f,史上最无聊比赛,12666077,370364,50295,71025,3628,6526,番茄看似输了实则是最大的赢家,,番茄看似输了实则是最大的赢家,0,0,6,0,0,0.0,0.0,0.0,0.0,0.0,0.0,0.0,0.0,0,0,0,0,0,0,0,0,无明显情感,未明确对象,比赛表现,中性,-1,0.6083752380994967,0.6083752380994967,0.30122526383894427,0.090399498061559,负面,负面,,False
生活区,BV1YBvhBhE1f,史上最无聊比赛,12666077,370364,50295,71025,3628,6526,《  索  隆  选  刀  》,,索隆选刀,0,0,2,0,0,0.0,0.0,0.0,0.0,0.0,0.0,0.0,0.0,0,0,0,0,0,0,0,0,无明显情感,未明确对象,未明确方面,中性,0,0.6585046096608349,0.14118285317383877,0.6585046096608349,0.20031253716532643,中性,中性,,False
生活区,BV1YBvhBhE1f,史上最无聊比赛,12666077,370364,50295,71025,3628,6526,那没得说，我确实崇拜,,那没得说，我确实崇拜,1,0,4,0,0,1.0,1.0,0.0,1.0,0.25,1.0,1.0,0.0,0,0,0,0,0,0,0,1,对象评价,未明确对象,未明确方面,正面,1,0.7795025634612683,0.05251947461302147,0.16797796192571007,0.7795025634612683,正面,正面,1.0,True
生活区,BV1YBvhBhE1f,史上最无聊比赛,12666077,370364,50295,71025,3628,6526,黑色指甲好看啊,,黑色指甲好看啊,1,0,3,0,0,1.0,1.0,0.0,1.0,0.3333333333333333,1.0,1.0,0.0,0,0,0,0,0,0,0,1,对象评价,未明确对象,视听体验,正面,1,0.766505778861544,0.11249184134752091,0.12100237979093503,0.766505778861544,正面,正面,1.0,True
生活区,BV1YBvhBhE1f,史上最无聊比赛,12666077,370364,50295,71025,3628,6526,啥？没发现就不犯规？？,,啥？没发现就不犯规？？,0,0,9,0,3,0.0,0.0,0.0,0.0,0.0,0.0,0.0,0.0,0,0,0,0,0,0,0,0,无明显情感,未明确对象,未明确方面,中性,-1,0.993411514814618,0.993411514814618,0.006141493245495544,0.00044699193988661276,负面,负面,,False
生活区,BV1YBvhBhE1f,史上最无聊比赛,12666077,370364,50295,71025,3628,6526,重度水土不服,,重度水土不服,0,0,2,0,0,0.0,0.0,0.0,0.0,0.0,0.0,0.0,0.0,0,0,0,0,0,0,0,0,无明显情感,未明确对象,未明确方面,中性,0,0.6585046096608349,0.14118285317383877,0.6585046096608349,0.20031253716532643,中性,中性,,False
生活区,BV1YBvhBhE1f,史上最无聊比赛,12666077,370364,50295,71025,3628,6526,一看就是老持家了,,一看就是老持家了,0,0,4,0,0,0.0,0.0,0.0,0.0,0.0,0.0,0.0,0.0,0,0,0,0,0,0,0,0,无明显情感,未明确对象,未明确方面,中性,0,0.6785809276087604,0.1579202763918687,0.6785809276087604,0.1634987959993708,中性,中性,,False
生活区,BV1YBvhBhE1f,史上最无聊比赛,12666077,370364,50295,71025,3628,6526,这里可能不是蕃茄家,,这里可能不是蕃茄家,0,0,5,0,0,0.0,0.0,0.0,0.0,0.0,0.0,0.0,0.0,0,0,0,0,0,0,0,0,无明显情感,未明确对象,未明确方面,中性,-1,0.604065205988191,0.604065205988191,0.36283508700724354,0.033099707004565375,负面,负面,,False
生活区,BV1YBvhBhE1f,史上最无聊比赛,12666077,370364,50295,71025,3628,6526,复旦大学不是吹的,,复旦大学不是吹的,0,0,3,0,0,0.0,0.0,0.0,0.0,0.0,0.0,0.0,0.0,0,0,0,0,0,0,0,0,无明显情感,未明确对象,未明确方面,中性,-1,0.522265442581741,0.522265442581741,0.3494816126887336,0.12825294472952534,负面,负面,,False
生活区,BV1YBvhBhE1f,史上最无聊比赛,12666077,370364,50295,71025,3628,6526,胜负亦在棋盘之外,,胜负亦在棋盘之外,0,0,5,0,0,0.0,0.0,0.0,0.0,0.0,0.0,0.0,0.0,0,0,0,0,0,0,0,0,无明显情感,未明确对象,未明确方面,中性,0,0.6929074854675842,0.21258603438830045,0.6929074854675842,0.09450648014411539,中性,中性,,False
生活区,BV1YBvhBhE1f,史上最无聊比赛,12666077,370364,50295,71025,3628,6526,谁都要被拎一下hhh,,谁都要被拎一下hhh,1,0,6,0,0,1.2,1.2,0.0,1.2,0.16666666666666666,1.2,1.2,0.0,0,0,0,0,0,0,0,1,对象评价,未明确对象,未明确方面,正面,0,0.5160199241599448,0.07927538196943884,0.5160199241599448,0.40470469387061625,中性,正面,,False
生活区,BV1YBvhBhE1f,史上最无聊比赛,12666077,370364,50295,71025,3628,6526,听成招牌红烧雨哥了。,,听成招牌红烧雨哥了。,0,0,6,0,0,0.0,0.0,0.0,0.0,0.0,0.0,0.0,0.0,0,0,0,0,0,0,0,0,无明显情感,未明确对象,未明确方面,中性,0,0.6439934076926283,0.1406292546817021,0.6439934076926283,0.2153773376256696,中性,中性,,False
生活区,BV1YBvhBhE1f,史上最无聊比赛,12666077,370364,50295,71025,3628,6526,《搞得跟个螃蟹的钳子一样》,,搞得跟个螃蟹的钳子一样,0,0,7,0,0,0.0,0.0,0.0,0.0,0.0,0.0,0.0,0.0,0,0,0,0,0,0,0,0,无明显情感,未明确对象,未明确方面,中性,0,0.605445108466219,0.18795963872156718,0.605445108466219,0.2065952528122139,中性,中性,,False
生活区,BV1YBvhBhE1f,史上最无聊比赛,12666077,370364,50295,71025,3628,6526,我去，我还以为是小精灵凭运气赢的，没想到这么有实力,,我去，我还以为是小精灵凭运气赢的，没想到这么有实力,0,0,13,0,0,0.0,0.0,0.0,0.0,0.0,0.0,0.0,0.0,0,0,0,0,0,0,0,0,无明显情感,未明确对象,比赛表现,中性,-1,0.949897753812485,0.949897753812485,0.022593549484445617,0.027508696703069286,负面,负面,,False
生活区,BV1YBvhBhE1f,史上最无聊比赛,12666077,370364,50295,71025,3628,6526,一看就知道上课没吃过瓜子，这个要拿手剥,,一看就知道上课没吃过瓜子，这个要拿手剥,0,0,11,0,0,0.0,0.0,0.0,0.0,0.0,0.0,0.0,0.0,0,0,0,0,0,0,0,0,无明显情感,未明确对象,未明确方面,中性,-1,0.9564627918059618,0.9564627918059618,0.024176423588667183,0.01936078460537088,负面,负面,,False
生活区,BV1YBvhBhE1f,史上最无聊比赛,12666077,370364,50295,71025,3628,6526,番茄头上的红叉叉像番茄的俯视图,,番茄头上的红叉叉像番茄的俯视图,0,0,6,0,0,0.0,0.0,0.0,0.0,0.0,0.0,0.0,0.0,0,0,0,0,0,0,0,0,无明显情感,未明确对象,未明确方面,中性,0,0.44005327805522987,0.4098647190357926,0.44005327805522987,0.15008200290897744,中性,中性,0.0,True
生活区,BV1YBvhBhE1f,史上最无聊比赛,12666077,370364,50295,71025,3628,6526,《依旧是差距过大给是减半了》,,依旧是差距过大给是减半了,0,0,5,0,0,0.0,0.0,0.0,0.0,0.0,0.0,0.0,0.0,0,0,0,0,0,0,0,0,无明显情感,未明确对象,未明确方面,中性,0,0.6206610220660617,0.255675771575918,0.6206610220660617,0.12366320635802042,中性,负面,,False
生活区,BV1YBvhBhE1f,史上最无聊比赛,12666077,370364,50295,71025,3628,6526,大家好我是超级小能猫,,大家好我是超级小能猫,0,0,5,0,0,0.0,0.0,0.0,0.0,0.0,0.0,0.0,0.0,0,0,0,0,0,0,0,0,无明显情感,未明确对象,未明确方面,中性,0,0.7266703318102328,0.196790939789032,0.7266703318102328,0.07653872840073521,中性,中性,,False
生活区,BV1YBvhBhE1f,史上最无聊比赛,12666077,370364,50295,71025,3628,6526,干嘛。。。,,干嘛。。。,0,0,4,0,0,0.0,0.0,0.0,0.0,0.0,0.0,0.0,0.0,0,0,0,0,0,0,0,0,无明显情感,未明确对象,未明确方面,中性,0,0.6625504354947133,0.14432685410893098,0.6625504354947133,0.19312271039635565,中性,中性,,False
生活区,BV1YBvhBhE1f,史上最无聊比赛,12666077,370364,50295,71025,3628,6526,袁记云饺:所以爱会消失的对吗？,,袁记云饺所以爱会消失的对吗？,0,0,7,0,1,0.0,0.0,0.0,0.0,0.0,0.0,0.0,0.0,0,0,0,0,0,0,0,0,无明显情感,未明确对象,未明确方面,中性,0,0.6870029731838961,0.2652418074996431,0.6870029731838961,0.04775521931646068,中性,中性,,False
生活区,BV1YBvhBhE1f,史上最无聊比赛,12666077,370364,50295,71025,3628,6526,* 雨,,雨,0,0,1,0,0,0.0,0.0,0.0,0.0,0.0,0.0,0.0,0.0,0,0,0,0,0,0,0,0,无明显情感,未明确对象,未明确方面,中性,0,0.6641811267415451,0.13348938228347546,0.6641811267415451,0.20232949097497943,中性,中性,,False
生活区,BV1YBvhBhE1f,史上最无聊比赛,12666077,370364,50295,71025,3628,6526,不说以为在练习beatbox,,不说以为在练习beatbox,0,0,5,0,0,0.0,0.0,0.0,0.0,0.0,0.0,0.0,0.0,0,0,0,0,0,0,0,0,无明显情感,未明确对象,未明确方面,中性,0,0.6376439783262277,0.2615783859434817,0.6376439783262277,0.1007776357302907,中性,中性,,False
生活区,BV1YBvhBhE1f,史上最无聊比赛,12666077,370364,50295,71025,3628,6526,那自然是切一个朋友,,那自然是切一个朋友,0,0,3,0,0,0.0,0.0,0.0,0.0,0.0,0.0,0.0,0.0,0,0,0,0,0,0,0,0,无明显情感,未明确对象,未明确方面,中性,0,0.6258687946538077,0.24423132305706755,0.6258687946538077,0.12989988228912455,中性,中性,,False
生活区,BV1YBvhBhE1f,史上最无聊比赛,12666077,370364,50295,71025,3628,6526,天才！,,天才！,0,0,2,1,0,0.0,0.0,0.0,0.0,0.0,0.0,0.0,0.0,0,0,0,0,0,0,0,0,无明显情感,未明确对象,未明确方面,中性,0,0.6014191404432303,0.04859558453785338,0.6014191404432303,0.3499852750189163,中性,中性,,False
生活区,BV1YBvhBhE1f,史上最无聊比赛,12666077,370364,50295,71025,3628,6526,可以用手剥瓜子啊，小时候我不会嗑，就直接剥，声音绝对比嗑的小,,可以用手剥瓜子啊，小时候我不会嗑，就直接剥，声音绝对比嗑的小,1,1,18,0,0,0.0,1.0,1.0,0.0,0.1111111111111111,0.0,1.0,1.0,0,1,0,0,0,0,0,1,对象评价,视频内容,视听体验,混合,0,0.5652378273652752,0.28266760246721023,0.5652378273652752,0.15209457016751474,中性,中性,0.0,True
生活区,BV1YBvhBhE1f,史上最无聊比赛,12666077,370364,50295,71025,3628,6526,察言观色之王小精灵,,察言观色之王小精灵,0,0,3,0,0,0.0,0.0,0.0,0.0,0.0,0.0,0.0,0.0,0,0,0,0,0,0,0,0,无明显情感,未明确对象,未明确方面,中性,-1,0.513358274102318,0.513358274102318,0.20307835754706624,0.2835633683506157,负面,正面,1.0,True
生活区,BV1YBvhBhE1f,史上最无聊比赛,12666077,370364,50295,71025,3628,6526,小精灵太可惜了最后三轮都是第二,,小精灵太可惜了最后三轮都是第二,0,0,7,0,0,0.0,0.0,0.0,0.0,0.0,0.0,0.0,0.0,0,0,0,0,0,0,0,0,无明显情感,未明确对象,未明确方面,中性,-1,0.7498030898564934,0.7498030898564934,0.1462883244476322,0.10390858569587445,负面,负面,-1.0,True
生活区,BV1YBvhBhE1f,史上最无聊比赛,12666077,370364,50295,71025,3628,6526,呜呜呜水老师眼里全是番茄磕到了,,呜呜呜水老师眼里全是番茄磕到了,0,0,7,0,0,0.0,0.0,0.0,0.0,0.0,0.0,0.0,0.0,0,0,0,0,0,0,0,0,无明显情感,讲解者,未明确方面,中性,1,0.44447028959906265,0.3032329009037651,0.25229680949717215,0.44447028959906265,正面,正面,1.0,True
生活区,BV1YBvhBhE1f,史上最无聊比赛,12666077,370364,50295,71025,3628,6526,当过老师的表示这完全没有班上那群牛鬼蛇神花样多（≖_≖ ),,当过老师的表示这完全没有班上那群牛鬼蛇神花样多,0,0,11,0,0,0.0,0.0,0.0,0.0,0.0,0.0,0.0,0.0,0,0,0,0,0,0,0,0,无明显情感,讲解者,未明确方面,中性,0,0.5019861486647443,0.3774065583983146,0.5019861486647443,0.12060729293694111,中性,中性,,False
生活区,BV1YBvhBhE1f,史上最无聊比赛,12666077,370364,50295,71025,3628,6526,公平正义需要牺牲(,,公平正义需要牺牲,0,0,3,0,0,0.0,0.0,0.0,0.0,0.0,0.0,0.0,0.0,0,0,0,0,0,0,0,0,无明显情感,未明确对象,未明确方面,中性,0,0.49243833236604345,0.29288465740853337,0.49243833236604345,0.21467701022542304,中性,中性,,False
生活区,BV1YBvhBhE1f,史上最无聊比赛,12666077,370364,50295,71025,3628,6526,裁判是水老师吗？,,裁判是水老师吗？,0,0,4,0,1,0.0,0.0,0.0,0.0,0.0,0.0,0.0,0.0,0,0,0,0,0,0,0,0,无明显情感,讲解者+比赛内容,比赛表现,中性,0,0.609083334002787,0.18690994122786123,0.609083334002787,0.2040067247693518,中性,中性,0.0,True
生活区,BV1YBvhBhE1f,史上最无聊比赛,12666077,370364,50295,71025,3628,6526,谁在学校吃生姜啊？！,,谁在学校吃生姜啊？！,0,0,7,1,1,0.0,0.0,0.0,0.0,0.0,0.0,0.0,0.0,0,0,0,0,0,0,0,0,无明显情感,未明确对象,未明确方面,中性,-1,0.7599794805657907,0.7599794805657907,0.20407866020915588,0.03594185922505347,负面,负面,,False
生活区,BV1YBvhBhE1f,史上最无聊比赛,12666077,370364,50295,71025,3628,6526,美甲真好看,,美甲真好看,1,0,3,0,0,1.0,1.0,0.0,1.0,0.3333333333333333,1.0,1.0,0.0,0,0,0,0,0,0,0,1,对象评价,未明确对象,视听体验,正面,1,0.8054254016812479,0.08079034248791944,0.1137842558308327,0.8054254016812479,正面,正面,,False
生活区,BV1YBvhBhE1f,史上最无聊比赛,12666077,370364,50295,71025,3628,6526,这是水老师的声音嘛！,,这是水老师的声音嘛！,0,0,5,1,0,0.0,0.0,0.0,0.0,0.0,0.0,0.0,0.0,0,0,0,0,0,0,0,0,无明显情感,讲解者+视频内容,视听体验,中性,0,0.5784967378390582,0.147765152556852,0.5784967378390582,0.27373810960408984,中性,中性,0.0,True
生活区,BV1YBvhBhE1f,史上最无聊比赛,12666077,370364,50295,71025,3628,6526,《算一下半径》,,算一下半径,0,0,2,0,0,0.0,0.0,0.0,0.0,0.0,0.0,0.0,0.0,0,0,0,0,0,0,0,0,无明显情感,未明确对象,未明确方面,中性,0,0.856696230582129,0.06474256466563838,0.856696230582129,0.07856120475223262,中性,中性,,False
生活区,BV1YBvhBhE1f,史上最无聊比赛,12666077,370364,50295,71025,3628,6526,那真的是贪吃王了,,那真的是贪吃王了,0,0,2,0,0,0.0,0.0,0.0,0.0,0.0,0.0,0.0,0.0,0,0,0,0,0,0,0,0,无明显情感,未明确对象,未明确方面,中性,0,0.7760639255453847,0.07399932580476093,0.7760639255453847,0.14993674864985426,中性,中性,,False
生活区,BV1YBvhBhE1f,史上最无聊比赛,12666077,370364,50295,71025,3628,6526,一语双关,,一语双关,0,0,1,0,0,0.0,0.0,0.0,0.0,0.0,0.0,0.0,0.0,0,0,0,0,0,0,0,0,无明显情感,未明确对象,未明确方面,中性,0,0.6641811267415451,0.13348938228347546,0.6641811267415451,0.20232949097497943,中性,中性,,False
生活区,BV1YBvhBhE1f,史上最无聊比赛,12666077,370364,50295,71025,3628,6526,真正的贪吃王,,真正的贪吃王,0,0,3,0,0,0.0,0.0,0.0,0.0,0.0,0.0,0.0,0.0,0,0,0,0,0,0,0,0,无明显情感,未明确对象,未明确方面,中性,0,0.5320849056864122,0.27034876686532877,0.5320849056864122,0.19756632744825905,中性,中性,,False
生活区,BV1YBvhBhE1f,史上最无聊比赛,12666077,370364,50295,71025,3628,6526,《那颜色的消失的消息就是短暂绝望》,,那颜色的消失的消息就是短暂绝望,0,1,6,0,0,-1.0,0.0,1.0,1.0,0.16666666666666666,-1.0,0.0,1.0,0,0,0,0,0,0,0,1,对象评价,未明确对象,未明确方面,负面,0,0.6476470102076864,0.2572138280330561,0.6476470102076864,0.09513916175925745,中性,中性,0.0,True
生活区,BV1YBvhBhE1f,史上最无聊比赛,12666077,370364,50295,71025,3628,6526,他有道具！,,他有道具！,0,0,3,1,0,0.0,0.0,0.0,0.0,0.0,0.0,0.0,0.0,0,0,0,0,0,0,0,0,无明显情感,未明确对象,未明确方面,中性,0,0.3895818506928288,0.255132855374818,0.3895818506928288,0.3552852939323532,中性,中性,0.0,True
生活区,BV1YBvhBhE1f,史上最无聊比赛,12666077,370364,50295,71025,3628,6526,只要把瓜子壳放嘴里一直泡着，慢慢的用牙咬，可以做到无声,,只要把瓜子壳放嘴里一直泡着，慢慢的用牙咬，可以做到无声,1,0,16,0,0,1.0,1.0,0.0,1.0,0.0625,1.0,1.0,0.0,0,0,0,0,0,0,0,1,对象评价,未明确对象,未明确方面,正面,1,0.4768560277091678,0.3667724509197252,0.156371521371107,0.4768560277091678,正面,正面,1.0,True
生活区,BV1YBvhBhE1f,史上最无聊比赛,12666077,370364,50295,71025,3628,6526,《你的外卖》,,你的外卖,0,0,1,0,0,0.0,0.0,0.0,0.0,0.0,0.0,0.0,0.0,0,0,0,0,0,0,0,0,无明显情感,未明确对象,未明确方面,中性,0,0.5136315901566744,0.20465785070771267,0.5136315901566744,0.28171055913561294,中性,中性,,False
生活区,BV1YBvhBhE1f,史上最无聊比赛,12666077,370364,50295,71025,3628,6526,《星雨》,,星雨,0,0,1,0,0,0.0,0.0,0.0,0.0,0.0,0.0,0.0,0.0,0,0,0,0,0,0,0,0,无明显情感,未明确对象,未明确方面,中性,0,0.6641811267415451,0.13348938228347546,0.6641811267415451,0.20232949097497943,中性,中性,,False
生活区,BV1YBvhBhE1f,史上最无聊比赛,12666077,370364,50295,71025,3628,6526,哪里的身高？,,哪里的身高？,0,0,3,0,1,0.0,0.0,0.0,0.0,0.0,0.0,0.0,0.0,0,0,0,0,0,0,0,0,无明显情感,未明确对象,未明确方面,中性,-1,0.4755061513584296,0.4755061513584296,0.46094943009885203,0.06354441854271829,负面,负面,,False
生活区,BV1YBvhBhE1f,史上最无聊比赛,12666077,370364,50295,71025,3628,6526,这个时候游戏的性质已经变了（）,,这个时候游戏的性质已经变了,0,0,6,0,0,0.0,0.0,0.0,0.0,0.0,0.0,0.0,0.0,0,0,0,0,0,0,0,0,无明显情感,未明确对象,未明确方面,中性,0,0.45417014548176615,0.2573128781500811,0.45417014548176615,0.2885169763681527,中性,中性,0.0,True
生活区,BV1YBvhBhE1f,史上最无聊比赛,12666077,370364,50295,71025,3628,6526,贪吃王，实至名归,,贪吃王，实至名归,0,0,4,0,0,0.0,0.0,0.0,0.0,0.0,0.0,0.0,0.0,0,0,0,0,0,0,0,0,无明显情感,未明确对象,未明确方面,中性,-1,0.4462447906566208,0.4462447906566208,0.34542727763630304,0.20832793170707625,负面,负面,,False
生活区,BV1YBvhBhE1f,史上最无聊比赛,12666077,370364,50295,71025,3628,6526,裁判之所以能当裁判是有道理的,,裁判之所以能当裁判是有道理的,1,0,6,0,0,1.0,1.0,0.0,1.0,0.16666666666666666,1.0,1.0,0.0,0,0,0,0,0,0,0,1,对象评价,比赛内容,比赛表现,正面,1,0.66355196902243,0.16746259043474843,0.1689854405428216,0.66355196902243,正面,正面,1.0,True
生活区,BV1YBvhBhE1f,史上最无聊比赛,12666077,370364,50295,71025,3628,6526,差值不能直接比绝对值啊，不应该做标准化吗,,差值不能直接比绝对值啊，不应该做标准化吗,1,0,10,0,0,1.0,1.0,0.0,1.0,0.1,1.0,1.0,0.0,0,0,0,0,0,0,0,1,对象评价,未明确对象,未明确方面,正面,0,0.43145305517180743,0.1791409043340086,0.43145305517180743,0.3894060404941841,中性,中性,0.0,True
生活区,BV1YBvhBhE1f,史上最无聊比赛,12666077,370364,50295,71025,3628,6526,《这眼睛怎么这么绿好家伙会反光》,,这眼睛怎么这么绿好家伙会反光,0,0,7,0,0,0.0,0.0,0.0,0.0,0.0,0.0,0.0,0.0,0,0,0,0,0,0,0,0,无明显情感,未明确对象,未明确方面,中性,-1,0.4943008189187421,0.4943008189187421,0.2799206923518569,0.22577848872940098,负面,中性,0.0,True
生活区,BV1YBvhBhE1f,史上最无聊比赛,12666077,370364,50295,71025,3628,6526,上课吃瓜子的诀窍不是用嘴磕，放手里扭两圈就能掰开了（本人亲测有效）,,上课吃瓜子的诀窍不是用嘴磕，放手里扭两圈就能掰开了本人亲测有效,1,0,19,0,0,1.0,1.0,0.0,1.0,0.05263157894736842,1.0,1.0,0.0,0,0,0,0,0,0,0,1,对象评价,未明确对象,未明确方面,正面,-1,0.8797477054442892,0.8797477054442892,0.03944066010521374,0.0808116344504971,负面,负面,,False
生活区,BV1YBvhBhE1f,史上最无聊比赛,12666077,370364,50295,71025,3628,6526,难怪是裁判！！职业选手禁止参赛！,,难怪是裁判！！职业选手禁止参赛！,0,0,9,3,0,0.0,0.0,0.0,0.0,0.0,0.0,0.0,0.0,0,0,0,0,0,0,0,0,无明显情感,比赛内容,理解与难度+比赛表现,中性,1,0.5361271045933671,0.17283465559419645,0.29103823981243643,0.5361271045933671,正面,正面,,False
生活区,BV1YBvhBhE1f,史上最无聊比赛,12666077,370364,50295,71025,3628,6526,贪吃这一块,,贪吃这一块,0,0,2,0,0,0.0,0.0,0.0,0.0,0.0,0.0,0.0,0.0,0,0,0,0,0,0,0,0,无明显情感,未明确对象,未明确方面,中性,1,0.5660586008834745,0.09135063142227104,0.34259076769425445,0.5660586008834745,正面,正面,,False
生活区,BV1YBvhBhE1f,史上最无聊比赛,12666077,370364,50295,71025,3628,6526,这关开始就说他们不知道周边店铺，要是谁家的话你是觉得他们从来不出门和点外卖的吗,,这关开始就说他们不知道周边店铺，要是谁家的话你是觉得他们从来不出门和点外卖的吗,0,0,19,0,0,0.0,0.0,0.0,0.0,0.0,0.0,0.0,0.0,0,0,0,0,0,0,0,0,无明显情感,未明确对象,未明确方面,中性,-1,0.7930503492755847,0.7930503492755847,0.17547984567840536,0.031469805046009984,负面,负面,,False
生活区,BV1YBvhBhE1f,史上最无聊比赛,12666077,370364,50295,71025,3628,6526,小馋猫,,小馋猫,0,0,2,0,0,0.0,0.0,0.0,0.0,0.0,0.0,0.0,0.0,0,0,0,0,0,0,0,0,无明显情感,未明确对象,未明确方面,中性,0,0.6122982113539315,0.10764783724846305,0.6122982113539315,0.28005395139760547,中性,中性,,False
生活区,BV1YBvhBhE1f,史上最无聊比赛,12666077,370364,50295,71025,3628,6526,F1N1＝F2N2，所以离支点远的部分能用更少的重量压平杠杆,,F1N1F2N2，所以离支点远的部分能用更少的重量压平杠杆,1,0,12,0,0,1.0,1.0,0.0,1.0,0.08333333333333333,1.0,1.0,0.0,0,0,0,0,0,0,0,1,对象评价,未明确对象,未明确方面,正面,0,0.7761220335481274,0.05030851466732728,0.7761220335481274,0.17356945178454525,中性,中性,0.0,True
生活区,BV1YBvhBhE1f,史上最无聊比赛,12666077,370364,50295,71025,3628,6526,奇迹在哪,,奇迹在哪,0,0,3,0,0,0.0,0.0,0.0,0.0,0.0,0.0,0.0,0.0,0,0,0,0,0,0,0,0,无明显情感,未明确对象,未明确方面,中性,-1,0.5409786521818931,0.5409786521818931,0.42790603187070586,0.03111531594740097,负面,负面,,False
生活区,BV1YBvhBhE1f,史上最无聊比赛,12666077,370364,50295,71025,3628,6526,《完美人类》,,完美人类,1,0,2,0,0,1.0,1.0,0.0,1.0,0.5,1.0,1.0,0.0,0,0,0,0,0,0,0,1,对象评价,未明确对象,未明确方面,正面,1,0.708668337338602,0.09754226542590794,0.1937893972354901,0.708668337338602,正面,正面,,False
生活区,BV1YBvhBhE1f,史上最无聊比赛,12666077,370364,50295,71025,3628,6526,竟然怀疑雨哥吃不完吗有意思。。,,竟然怀疑雨哥吃不完吗有意思。。,0,0,7,0,0,0.0,0.0,0.0,0.0,0.0,0.0,0.0,0.0,0,0,0,0,0,0,0,0,无明显情感,未明确对象,未明确方面,中性,0,0.8295884635461231,0.06507247023362928,0.8295884635461231,0.10533906622024757,中性,中性,,False
生活区,BV1YBvhBhE1f,史上最无聊比赛,12666077,370364,50295,71025,3628,6526,原来是小零食啊，我还以为小零食呢,,原来是小零食啊，我还以为小零食呢,0,0,8,0,0,0.0,0.0,0.0,0.0,0.0,0.0,0.0,0.0,0,0,0,0,0,0,0,0,无明显情感,未明确对象,未明确方面,中性,-1,0.4519692105299221,0.4519692105299221,0.43225739892497134,0.11577339054510648,负面,负面,,False
生活区,BV1YBvhBhE1f,史上最无聊比赛,12666077,370364,50295,71025,3628,6526,可以去下一个是谁当正义女神了,,可以去下一个是谁当正义女神了,1,0,7,0,0,1.0,1.0,0.0,1.0,0.14285714285714285,1.0,1.0,0.0,0,0,0,0,0,0,0,1,对象评价,未明确对象,未明确方面,正面,0,0.5418999097008056,0.1445006083246412,0.5418999097008056,0.3135994819745533,中性,中性,0.0,True
生活区,BV1YBvhBhE1f,史上最无聊比赛,12666077,370364,50295,71025,3628,6526,本是同根生,,本是同根生,0,0,3,0,0,0.0,0.0,0.0,0.0,0.0,0.0,0.0,0.0,0,0,0,0,0,0,0,0,无明显情感,未明确对象,未明确方面,中性,0,0.6525424904832393,0.14924331021065323,0.6525424904832393,0.19821419930610756,中性,中性,,False
生活区,BV1YBvhBhE1f,史上最无聊比赛,12666077,370364,50295,71025,3628,6526,《博学者之怒》,,博学者之怒,1,0,4,0,0,1.0,1.0,0.0,1.0,0.25,1.0,1.0,0.0,0,0,0,0,0,0,0,1,对象评价,未明确对象,未明确方面,正面,1,0.6365179559769066,0.08925471882896535,0.274227325194128,0.6365179559769066,正面,正面,1.0,True
生活区,BV1YBvhBhE1f,史上最无聊比赛,12666077,370364,50295,71025,3628,6526,胜负不止在棋盘之内,,胜负不止在棋盘之内,0,0,5,0,0,0.0,0.0,0.0,0.0,0.0,0.0,0.0,0.0,0,0,0,0,0,0,0,0,无明显情感,未明确对象,未明确方面,中性,0,0.6929074854675842,0.21258603438830045,0.6929074854675842,0.09450648014411539,中性,中性,,False
生活区,BV1YBvhBhE1f,史上最无聊比赛,12666077,370364,50295,71025,3628,6526,老师：后边那个戴帽子的站起来！,,老师后边那个戴帽子的站起来！,0,0,7,1,0,0.0,0.0,0.0,0.0,0.0,0.0,0.0,0.0,0,0,0,0,0,0,0,0,无明显情感,讲解者,未明确方面,中性,0,0.4975868869904702,0.10483189813528607,0.4975868869904702,0.39758121487424386,中性,中性,,False
生活区,BV1YBvhBhE1f,史上最无聊比赛,12666077,370364,50295,71025,3628,6526,用剪刀啊，笔袋里面放剪刀可是基操啊,,用剪刀啊，笔袋里面放剪刀可是基操啊,0,0,9,0,0,0.0,0.0,0.0,0.0,0.0,0.0,0.0,0.0,1,0,0,0,0,0,0,0,无明显情感,未明确对象,未明确方面,中性,0,0.579062543328596,0.2981732528311747,0.579062543328596,0.12276420384022943,中性,中性,0.0,True
生活区,BV1YBvhBhE1f,史上最无聊比赛,12666077,370364,50295,71025,3628,6526,（赌上厨师职业生涯的炒饭！锄禾蛋）,,赌上厨师职业生涯的炒饭！锄禾蛋,0,0,7,1,0,0.0,0.0,0.0,0.0,0.0,0.0,0.0,0.0,0,0,0,0,0,0,0,0,无明显情感,未明确对象,未明确方面,中性,0,0.5524713067818752,0.12156134159092394,0.5524713067818752,0.3259673516272008,中性,中性,,False
生活区,BV1YBvhBhE1f,史上最无聊比赛,12666077,370364,50295,71025,3628,6526,确实结束了（）,,确实结束了,0,0,2,0,0,0.0,0.0,0.0,0.0,0.0,0.0,0.0,0.0,0,0,0,0,0,0,0,0,无明显情感,未明确对象,未明确方面,中性,0,0.7886015392104887,0.042972791695511464,0.7886015392104887,0.1684256690939997,中性,中性,,False
生活区,BV1YBvhBhE1f,史上最无聊比赛,12666077,370364,50295,71025,3628,6526,下一个是谁哈哈哈哈,,下一个是谁哈哈哈哈,1,0,3,0,0,1.0,1.0,0.0,1.0,0.3333333333333333,1.0,1.0,0.0,0,0,1,0,0,0,0,1,对象评价+自身情绪,未明确对象,娱乐与趣味,正面,1,0.7905943068784477,0.04589573976364485,0.1635099533579074,0.7905943068784477,正面,正面,,False
生活区,BV1YBvhBhE1f,史上最无聊比赛,12666077,370364,50295,71025,3628,6526,草莓小熊，睥睨群雄！,,草莓小熊，睥睨群雄！,0,0,5,1,0,0.0,0.0,0.0,0.0,0.0,0.0,0.0,0.0,0,0,0,0,0,0,0,0,无明显情感,未明确对象,未明确方面,中性,0,0.47673231091910684,0.14833828237999003,0.47673231091910684,0.37492940670090313,中性,中性,,False
生活区,BV1YBvhBhE1f,史上最无聊比赛,12666077,370364,50295,71025,3628,6526,16.9分米吗,,16.9分米吗,0,0,2,0,0,0.0,0.0,0.0,0.0,0.0,0.0,0.0,0.0,0,0,0,0,0,0,0,0,无明显情感,未明确对象,未明确方面,中性,0,0.9282047482308158,0.03113609318579645,0.9282047482308158,0.040659158583387825,中性,中性,,False
生活区,BV1YBvhBhE1f,史上最无聊比赛,12666077,370364,50295,71025,3628,6526,《依旧是他的第一》,,依旧是他的第一,0,0,2,0,0,0.0,0.0,0.0,0.0,0.0,0.0,0.0,0.0,0,0,0,0,0,0,0,0,无明显情感,未明确对象,未明确方面,中性,0,0.5178381064832454,0.08715514360778183,0.5178381064832454,0.39500674990897283,中性,中性,,False
生活区,BV1YBvhBhE1f,史上最无聊比赛,12666077,370364,50295,71025,3628,6526,《着急的想要结束的感觉》,,着急的想要结束的感觉,0,0,4,0,0,0.0,0.0,0.0,0.0,0.0,0.0,0.0,0.0,0,0,0,0,0,0,0,0,无明显情感,未明确对象,未明确方面,中性,0,0.5211609165370132,0.22060298315505456,0.5211609165370132,0.2582361003079322,中性,中性,,False
生活区,BV1YBvhBhE1f,史上最无聊比赛,12666077,370364,50295,71025,3628,6526,而且雨哥已经吃完了，小精灵还没吃完,,而且雨哥已经吃完了，小精灵还没吃完,0,1,11,0,0,-1.0,0.0,1.0,1.0,0.09090909090909091,-1.0,0.0,1.0,0,0,0,0,0,0,0,1,对象评价,未明确对象,未明确方面,负面,-1,0.536936705245104,0.536936705245104,0.35330314684362313,0.10976014791127288,负面,中性,0.0,True
生活区,BV1YBvhBhE1f,史上最无聊比赛,12666077,370364,50295,71025,3628,6526,我去水老师还是太强了,,我去水老师还是太强了,1,0,5,0,0,1.0,1.0,0.0,1.0,0.2,1.0,1.0,0.0,0,0,0,0,0,0,0,1,对象评价,讲解者,未明确方面,正面,1,0.7260357042992814,0.11508539044303376,0.1588789052576849,0.7260357042992814,正面,正面,,False
生活区,BV1YBvhBhE1f,史上最无聊比赛,12666077,370364,50295,71025,3628,6526,《整数超市》,,整数超市,0,0,2,0,0,0.0,0.0,0.0,0.0,0.0,0.0,0.0,0.0,0,0,0,0,0,0,0,0,无明显情感,未明确对象,未明确方面,中性,0,0.6585046096608349,0.14118285317383877,0.6585046096608349,0.20031253716532643,中性,中性,,False
生活区,BV1YBvhBhE1f,史上最无聊比赛,12666077,370364,50295,71025,3628,6526,初见端疑,,初见端疑,0,0,2,0,0,0.0,0.0,0.0,0.0,0.0,0.0,0.0,0.0,0,0,0,0,0,0,0,0,无明显情感,未明确对象,未明确方面,中性,0,0.6585046096608349,0.14118285317383877,0.6585046096608349,0.20031253716532643,中性,中性,,False
生活区,BV1YBvhBhE1f,史上最无聊比赛,12666077,370364,50295,71025,3628,6526,每日有说法,,每日有说法,0,0,3,0,0,0.0,0.0,0.0,0.0,0.0,0.0,0.0,0.0,0,0,0,0,0,0,0,0,无明显情感,未明确对象,未明确方面,中性,-1,0.7320456937847674,0.7320456937847674,0.2222578159731942,0.04569649024203838,负面,负面,,False
生活区,BV1YBvhBhE1f,史上最无聊比赛,12666077,370364,50295,71025,3628,6526,这真的是无用技能吗( ),,这真的是无用技能吗,0,1,2,0,0,-1.4,0.0,1.4,1.4,0.5,-1.4,0.0,1.4,0,0,0,0,0,0,0,1,对象评价,未明确对象,未明确方面,负面,0,0.7968451340677399,0.09960098337602379,0.7968451340677399,0.10355388255623628,中性,负面,,False
生活区,BV1YBvhBhE1f,史上最无聊比赛,12666077,370364,50295,71025,3628,6526,4！＝24,,4！24,0,0,3,1,0,0.0,0.0,0.0,0.0,0.0,0.0,0.0,0.0,0,0,0,0,0,0,0,0,无明显情感,未明确对象,未明确方面,中性,0,0.6766428871166574,0.08318416874526606,0.6766428871166574,0.24017294413807647,中性,中性,,False
生活区,BV1YBvhBhE1f,史上最无聊比赛,12666077,370364,50295,71025,3628,6526,她好帅啊她好帅啊她好帅！！！,,她好帅啊她好帅啊她好帅！！！,0,0,6,3,0,0.0,0.0,0.0,0.0,0.0,0.0,0.0,0.0,0,0,0,0,0,0,0,0,无明显情感,未明确对象,未明确方面,中性,-1,0.48729157113463384,0.48729157113463384,0.159949371086316,0.3527590577790501,负面,负面,,False
生活区,BV1YBvhBhE1f,史上最无聊比赛,12666077,370364,50295,71025,3628,6526,神一局鬼一局,,神一局鬼一局,0,0,4,0,0,0.0,0.0,0.0,0.0,0.0,0.0,0.0,0.0,0,0,0,0,0,0,0,0,无明显情感,未明确对象,未明确方面,中性,0,0.6462878438700694,0.15767941730141277,0.6462878438700694,0.19603273882851782,中性,中性,,False
生活区,BV1YBvhBhE1f,史上最无聊比赛,12666077,370364,50295,71025,3628,6526,这个选项标号很幽默了,,这个选项标号很幽默了,1,0,5,0,0,1.5,1.5,0.0,1.5,0.2,1.5,1.5,0.0,0,0,0,0,0,0,0,1,对象评价,未明确对象,未明确方面,正面,1,0.6774558348235833,0.12932009934139022,0.1932240658350266,0.6774558348235833,正面,中性,0.0,True
生活区,BV1YBvhBhE1f,史上最无聊比赛,12666077,370364,50295,71025,3628,6526,《镜子会反光绿看比赛呢》,,镜子会反光绿看比赛呢,0,0,5,0,0,0.0,0.0,0.0,0.0,0.0,0.0,0.0,0.0,0,0,0,0,0,0,0,0,无明显情感,比赛内容,比赛表现,中性,0,0.5024152400280669,0.37804768423740354,0.5024152400280669,0.11953707573452971,中性,中性,,False
生活区,BV1YBvhBhE1f,史上最无聊比赛,12666077,370364,50295,71025,3628,6526,并非盲狙↑,,并非盲狙,0,0,3,0,0,0.0,0.0,0.0,0.0,0.0,0.0,0.0,0.0,0,0,0,0,0,0,0,0,无明显情感,未明确对象,未明确方面,中性,0,0.6525424904832393,0.14924331021065323,0.6525424904832393,0.19821419930610756,中性,中性,,False
生活区,BV1YBvhBhE1f,史上最无聊比赛,12666077,370364,50295,71025,3628,6526,她好帅啊她好帅,,她好帅啊她好帅,0,0,2,0,0,0.0,0.0,0.0,0.0,0.0,0.0,0.0,0.0,0,0,0,0,0,0,0,0,无明显情感,未明确对象,未明确方面,中性,0,0.4746265856835372,0.20418779922129518,0.4746265856835372,0.3211856150951677,中性,中性,,False
生活区,BV1YBvhBhE1f,史上最无聊比赛,12666077,370364,50295,71025,3628,6526,好胜心这一块,,好胜心这一块,0,0,2,0,0,0.0,0.0,0.0,0.0,0.0,0.0,0.0,0.0,0,0,0,0,0,0,0,0,无明显情感,未明确对象,未明确方面,中性,1,0.5660586008834745,0.09135063142227104,0.34259076769425445,0.5660586008834745,正面,正面,,False
生活区,BV1YBvhBhE1f,史上最无聊比赛,12666077,370364,50295,71025,3628,6526,天哪！是timing侠！,,天哪！是timing侠！,0,0,6,2,0,0.0,0.0,0.0,0.0,0.0,0.0,0.0,0.0,0,0,0,0,0,0,0,0,无明显情感,未明确对象,未明确方面,中性,0,0.5398512208081464,0.09727289648459415,0.5398512208081464,0.36287588270725935,中性,中性,,False
生活区,BV1YBvhBhE1f,史上最无聊比赛,12666077,370364,50295,71025,3628,6526,采用了最不保险的打法,,采用了最不保险的打法,0,1,5,0,0,-1.0,0.0,1.0,1.0,0.2,-1.0,0.0,1.0,0,0,0,0,0,0,0,1,对象评价,未明确对象,未明确方面,负面,-1,0.8742484999899124,0.8742484999899124,0.09751152701896834,0.02823997299111932,负面,负面,-1.0,True
生活区,BV1YBvhBhE1f,史上最无聊比赛,12666077,370364,50295,71025,3628,6526,啊，还有我吗。,,啊，还有我吗。,0,0,3,0,0,0.0,0.0,0.0,0.0,0.0,0.0,0.0,0.0,0,0,0,0,0,0,0,0,无明显情感,未明确对象,未明确方面,中性,0,0.5702776997353342,0.33773958808810667,0.5702776997353342,0.09198271217655925,中性,中性,,False
生活区,BV1YBvhBhE1f,史上最无聊比赛,12666077,370364,50295,71025,3628,6526,还是番茄懂番茄,,还是番茄懂番茄,0,0,4,0,0,0.0,0.0,0.0,0.0,0.0,0.0,0.0,0.0,0,0,0,0,0,0,0,0,无明显情感,未明确对象,未明确方面,中性,-1,0.37461278633308454,0.37461278633308454,0.363626289212085,0.2617609244548304,负面,中性,,False
生活区,BV1YBvhBhE1f,史上最无聊比赛,12666077,370364,50295,71025,3628,6526,果然是老吃家,,果然是老吃家,0,0,2,0,0,0.0,0.0,0.0,0.0,0.0,0.0,0.0,0.0,0,0,0,0,0,0,0,0,无明显情感,未明确对象,未明确方面,中性,0,0.6549387542739727,0.14331107111883074,0.6549387542739727,0.20175017460719644,中性,中性,,False
生活区,BV1YBvhBhE1f,史上最无聊比赛,12666077,370364,50295,71025,3628,6526,番茄这个刀法一看就经常做饭,,番茄这个刀法一看就经常做饭,0,0,7,0,0,0.0,0.0,0.0,0.0,0.0,0.0,0.0,0.0,0,0,0,0,0,0,0,0,无明显情感,未明确对象,未明确方面,中性,-1,0.6673052440381498,0.6673052440381498,0.21733838166888333,0.1153563742929667,负面,负面,,False
生活区,BV1YBvhBhE1f,史上最无聊比赛,12666077,370364,50295,71025,3628,6526,坐着不吃等别人吃淘汰,,坐着不吃等别人吃淘汰,0,0,7,0,0,0.0,0.0,0.0,0.0,0.0,0.0,0.0,0.0,0,0,0,0,0,0,0,0,无明显情感,未明确对象,未明确方面,中性,0,0.5662955903912507,0.21594565006160157,0.5662955903912507,0.21775875954714785,中性,中性,,False
生活区,BV1YBvhBhE1f,史上最无聊比赛,12666077,370364,50295,71025,3628,6526,心理学大师。,,心理学大师。,0,0,3,0,0,0.0,0.0,0.0,0.0,0.0,0.0,0.0,0.0,0,0,0,0,0,0,0,0,无明显情感,未明确对象,未明确方面,中性,1,0.6066000012538316,0.11993321319512922,0.27346678555103915,0.6066000012538316,正面,正面,,False
生活区,BV1YBvhBhE1f,史上最无聊比赛,12666077,370364,50295,71025,3628,6526,小精灵美甲好好看,,小精灵美甲好好看,1,0,3,0,0,1.0,1.0,0.0,1.0,0.3333333333333333,1.0,1.0,0.0,0,0,0,0,0,0,0,1,对象评价,未明确对象,视听体验,正面,1,0.8331914211331671,0.11439813311986019,0.0524104457469727,0.8331914211331671,正面,正面,1.0,True
生活区,BV1YBvhBhE1f,史上最无聊比赛,12666077,370364,50295,71025,3628,6526,二选一必错定律,,二选一必错定律,0,0,3,0,0,0.0,0.0,0.0,0.0,0.0,0.0,0.0,0.0,0,0,0,0,0,0,0,0,无明显情感,未明确对象,未明确方面,中性,0,0.6525424904832393,0.14924331021065323,0.6525424904832393,0.19821419930610756,中性,中性,,False
生活区,BV1YBvhBhE1f,史上最无聊比赛,12666077,370364,50295,71025,3628,6526,正确答案：都不可能，不管距离你多近，一定会给你拖延到20分钟以上,,正确答案都不可能，不管距离你多近，一定会给你拖延到20分钟以上,1,1,18,0,0,0.0,1.0,1.0,0.0,0.1111111111111111,0.0,1.0,1.0,0,1,0,0,0,0,0,1,对象评价,未明确对象,节奏与效率,混合,-1,0.8125195015893312,0.8125195015893312,0.12165311087914486,0.06582738753152385,负面,负面,-1.0,True
生活区,BV1YBvhBhE1f,史上最无聊比赛,12666077,370364,50295,71025,3628,6526,这道题根本不看都能做的出来，九龙属于很常见的地名，出自龙生九子,,这道题根本不看都能做的出来，九龙属于很常见的地名，出自龙生九子,0,0,16,0,0,0.0,0.0,0.0,0.0,0.0,0.0,0.0,0.0,0,0,0,0,0,0,0,0,无明显情感,未明确对象,未明确方面,中性,-1,0.5777384681538134,0.5777384681538134,0.28191711486139226,0.1403444169847944,负面,负面,,False
生活区,BV1YBvhBhE1f,史上最无聊比赛,12666077,370364,50295,71025,3628,6526,小馋猫 还得是你会吃啊,,小馋猫还得是你会吃啊,0,0,6,0,0,0.0,0.0,0.0,0.0,0.0,0.0,0.0,0.0,0,0,0,0,0,0,0,0,无明显情感,未明确对象,未明确方面,中性,0,0.41251804681935494,0.29162051716045173,0.41251804681935494,0.29586143602019327,中性,正面,1.0,True
生活区,BV1YBvhBhE1f,史上最无聊比赛,12666077,370364,50295,71025,3628,6526,她好帅啊！,,她好帅啊！,0,0,2,1,0,0.0,0.0,0.0,0.0,0.0,0.0,0.0,0.0,0,0,0,0,0,0,0,0,无明显情感,未明确对象,未明确方面,中性,1,0.645465828945113,0.07830241587125877,0.2762317551836282,0.645465828945113,正面,正面,,False
生活区,BV1YBvhBhE1f,史上最无聊比赛,12666077,370364,50295,71025,3628,6526,前面的，内蒙也算是东北那块的，所以番茄也算是东北人,,前面的，内蒙也算是东北那块的，所以番茄也算是东北人,0,0,14,0,0,0.0,0.0,0.0,0.0,0.0,0.0,0.0,0.0,0,0,0,0,0,0,0,0,无明显情感,未明确对象,未明确方面,中性,0,0.5199190078969924,0.3667073186632885,0.5199190078969924,0.11337367343971913,中性,中性,,False
生活区,BV1YBvhBhE1f,史上最无聊比赛,12666077,370364,50295,71025,3628,6526,水老师太强了,,水老师太强了,1,0,3,0,0,1.0,1.0,0.0,1.0,0.3333333333333333,1.0,1.0,0.0,0,0,0,0,0,0,0,1,对象评价,讲解者,未明确方面,正面,1,0.858542262700976,0.0399183172360014,0.1015394200630227,0.858542262700976,正面,正面,,False
生活区,BV1YBvhBhE1f,史上最无聊比赛,12666077,370364,50295,71025,3628,6526,就在楼下吧,,就在楼下吧,0,0,3,0,0,0.0,0.0,0.0,0.0,0.0,0.0,0.0,0.0,0,0,0,0,0,0,0,0,无明显情感,未明确对象,未明确方面,中性,0,0.6223919572384039,0.24008679936772911,0.6223919572384039,0.13752124339386698,中性,中性,,False
生活区,BV1YBvhBhE1f,史上最无聊比赛,12666077,370364,50295,71025,3628,6526,番茄：啊我吗？,,番茄啊我吗？,0,0,2,0,1,0.0,0.0,0.0,0.0,0.0,0.0,0.0,0.0,0,0,0,0,0,0,0,0,无明显情感,未明确对象,未明确方面,中性,-1,0.7430028505678212,0.7430028505678212,0.22490325192496344,0.03209389750721536,负面,负面,,False
生活区,BV1YBvhBhE1f,史上最无聊比赛,12666077,370364,50295,71025,3628,6526,所以小老师那个茄子也是同样的道理，只是恰好切的确实比较均匀，哈哈哈，但它还是稍微规则的，所以常规切误差比较小,,所以小老师那个茄子也是同样的道理，只是恰好切的确实比较均匀，哈哈哈，但它还是稍微规则的，所以常规切误差比较小,1,0,29,0,0,1.0,1.0,0.0,1.0,0.034482758620689655,1.0,1.0,0.0,1,0,1,0,0,0,0,1,对象评价+自身情绪,讲解者,娱乐与趣味,正面,-1,0.5203842769345602,0.5203842769345602,0.24637771476285544,0.23323800830258437,负面,中性,0.0,True
生活区,BV1YBvhBhE1f,史上最无聊比赛,12666077,370364,50295,71025,3628,6526,这个技能已经不是声音小是什么都能吃了,,这个技能已经不是声音小是什么都能吃了,0,1,10,0,0,-1.0,0.0,1.0,1.0,0.1,-1.0,0.0,1.0,0,0,0,0,0,0,0,1,对象评价,视频内容,视听体验,负面,-1,0.7510631778096926,0.7510631778096926,0.2160255068816206,0.032911315308686684,负面,负面,,False
生活区,BV1YBvhBhE1f,史上最无聊比赛,12666077,370364,50295,71025,3628,6526,索隆同款方法,,索隆同款方法,0,0,3,0,0,0.0,0.0,0.0,0.0,0.0,0.0,0.0,0.0,0,0,0,0,0,0,0,0,无明显情感,课程内容,未明确方面,中性,0,0.5823797901484398,0.18530393826702177,0.5823797901484398,0.23231627158453852,中性,中性,,False
生活区,BV1YBvhBhE1f,史上最无聊比赛,12666077,370364,50295,71025,3628,6526,《轻易把所有请客都拿下》,,轻易把所有请客都拿下,1,0,6,0,0,1.0,1.0,0.0,1.0,0.16666666666666666,1.0,1.0,0.0,0,0,0,0,0,0,0,1,对象评价,未明确对象,未明确方面,正面,1,0.6603025258885309,0.0895148907584842,0.2501825833529849,0.6603025258885309,正面,正面,1.0,True
生活区,BV1YBvhBhE1f,史上最无聊比赛,12666077,370364,50295,71025,3628,6526,《有个手机会操控另外一个手机》,,有个手机会操控另外一个手机,0,0,6,0,0,0.0,0.0,0.0,0.0,0.0,0.0,0.0,0.0,0,0,0,0,0,0,0,0,无明显情感,未明确对象,未明确方面,中性,0,0.6107998836573052,0.2358081953809938,0.6107998836573052,0.15339192096170098,中性,中性,,False
生活区,BV1YBvhBhE1f,史上最无聊比赛,12666077,370364,50295,71025,3628,6526,把瓜子皮变软就不会发出清脆的声音了,,把瓜子皮变软就不会发出清脆的声音了,0,1,8,0,0,-1.0,0.0,1.0,1.0,0.125,-1.0,0.0,1.0,0,0,0,0,0,0,0,1,对象评价,视频内容,视听体验,负面,-1,0.7098985754551945,0.7098985754551945,0.24047027245913852,0.04963115208566697,负面,负面,,False
生活区,BV1YBvhBhE1f,史上最无聊比赛,12666077,370364,50295,71025,3628,6526,切糕切法,,切糕切法,0,0,2,0,0,0.0,0.0,0.0,0.0,0.0,0.0,0.0,0.0,0,0,0,0,0,0,0,0,无明显情感,未明确对象,未明确方面,中性,0,0.6585046096608349,0.14118285317383877,0.6585046096608349,0.20031253716532643,中性,中性,,False
生活区,BV1YBvhBhE1f,史上最无聊比赛,12666077,370364,50295,71025,3628,6526,小老师好忧郁啊,,小老师好忧郁啊,0,0,4,0,0,0.0,0.0,0.0,0.0,0.0,0.0,0.0,0.0,0,0,0,0,0,0,0,0,无明显情感,讲解者,未明确方面,中性,1,0.6192515632074459,0.2117650910193591,0.1689833457731951,0.6192515632074459,正面,正面,,False
生活区,BV1YBvhBhE1f,史上最无聊比赛,12666077,370364,50295,71025,3628,6526,小精灵小小一只在旁边好有学生感，真好穿得像校服,,小精灵小小一只在旁边好有学生感，真好穿得像校服,1,0,15,0,0,1.0,1.0,0.0,1.0,0.06666666666666667,1.0,1.0,0.0,0,0,0,0,0,0,0,1,对象评价,未明确对象,未明确方面,正面,1,0.544979288517953,0.3976711366351082,0.05734957484693875,0.544979288517953,正面,正面,1.0,True
生活区,BV1YBvhBhE1f,史上最无聊比赛,12666077,370364,50295,71025,3628,6526,6666，真是贪吃王,,6666，真是贪吃王,1,0,5,0,0,1.0,1.0,0.0,1.0,0.2,1.0,1.0,0.0,0,0,0,0,0,0,0,1,对象评价,未明确对象,未明确方面,正面,1,0.7104453113685735,0.16117479641105778,0.1283798922203688,0.7104453113685735,正面,正面,,False
生活区,BV1YBvhBhE1f,史上最无聊比赛,12666077,370364,50295,71025,3628,6526,你的郭雨！实力允许！,,你的郭雨！实力允许！,0,0,5,2,0,0.0,0.0,0.0,0.0,0.0,0.0,0.0,0.0,0,0,0,0,0,0,0,0,无明显情感,未明确对象,未明确方面,中性,0,0.454834525050734,0.11581368378089858,0.454834525050734,0.42935179116836736,中性,中性,,False
生活区,BV1YBvhBhE1f,史上最无聊比赛,12666077,370364,50295,71025,3628,6526,这应该不是番茄家吧要不暴露住址了，哈哈,,这应该不是番茄家吧要不暴露住址了，哈哈,1,0,10,0,0,1.0,1.0,0.0,1.0,0.1,1.0,1.0,0.0,0,0,1,0,0,0,0,1,对象评价+自身情绪,未明确对象,娱乐与趣味,正面,-1,0.5822021313334677,0.5822021313334677,0.13512129481453822,0.282676573851994,负面,正面,,False
生活区,BV1YBvhBhE1f,史上最无聊比赛,12666077,370364,50295,71025,3628,6526,瓜子居然可以含化吗,,瓜子居然可以含化吗,1,0,4,0,0,1.0,1.0,0.0,1.0,0.25,1.0,1.0,0.0,0,0,0,0,0,0,0,1,对象评价,未明确对象,未明确方面,正面,1,0.432888771858841,0.2561636400306035,0.3109475881105555,0.432888771858841,正面,正面,1.0,True
生活区,BV1YBvhBhE1f,史上最无聊比赛,12666077,370364,50295,71025,3628,6526,细节物理不要求非常精确，只关注近似,,细节物理不要求非常精确，只关注近似,1,0,10,0,0,1.0,1.0,0.0,1.0,0.1,1.0,1.0,0.0,0,0,0,0,0,0,0,1,对象评价,未明确对象,未明确方面,正面,0,0.4091565921617886,0.23307523748403924,0.4091565921617886,0.3577681703541721,中性,中性,0.0,True
生活区,BV1YBvhBhE1f,史上最无聊比赛,12666077,370364,50295,71025,3628,6526,怎么也走上了下一个是谁企划,,怎么也走上了下一个是谁企划,0,0,6,0,0,0.0,0.0,0.0,0.0,0.0,0.0,0.0,0.0,0,0,0,0,0,0,0,0,无明显情感,未明确对象,未明确方面,中性,0,0.4944604979132432,0.4182425843519503,0.4944604979132432,0.08729691773480663,中性,中性,,False
生活区,BV1YBvhBhE1f,史上最无聊比赛,12666077,370364,50295,71025,3628,6526,这就是哔哩哔哩下一个是谁第一季第五季总冠军的实力,,这就是哔哩哔哩下一个是谁第一季第五季总冠军的实力,0,0,10,0,0,0.0,0.0,0.0,0.0,0.0,0.0,0.0,0.0,0,0,0,0,0,0,0,0,无明显情感,未明确对象,未明确方面,中性,0,0.5654134291943774,0.33850865405080005,0.5654134291943774,0.09607791675482252,中性,中性,,False
生活区,BV1YBvhBhE1f,史上最无聊比赛,12666077,370364,50295,71025,3628,6526,666还有亡语,,666还有亡语,1,0,3,0,0,1.0,1.0,0.0,1.0,0.3333333333333333,1.0,1.0,0.0,0,0,0,0,0,0,0,1,对象评价,未明确对象,未明确方面,正面,1,0.7707880649650024,0.09372688665837858,0.1354850483766191,0.7707880649650024,正面,正面,,False
生活区,BV1YBvhBhE1f,史上最无聊比赛,12666077,370364,50295,71025,3628,6526,茄哥还是太完美了，居然会标出处,,茄哥还是太完美了，居然会标出处,1,0,8,0,0,1.8,1.8,0.0,1.8,0.125,1.8,1.8,0.0,0,0,0,0,0,0,0,1,对象评价,未明确对象,未明确方面,正面,1,0.6830982611934616,0.20056140645444256,0.11634033235209582,0.6830982611934616,正面,正面,1.0,True
生活区,BV1YBvhBhE1f,史上最无聊比赛,12666077,370364,50295,71025,3628,6526,下巴更长了！！！,,下巴更长了！！！,0,0,5,3,0,0.0,0.0,0.0,0.0,0.0,0.0,0.0,0.0,0,0,0,0,0,0,0,0,无明显情感,未明确对象,未明确方面,中性,0,0.5851217924892042,0.15427346824827348,0.5851217924892042,0.2606047392625223,中性,中性,0.0,True
生活区,BV1YBvhBhE1f,史上最无聊比赛,12666077,370364,50295,71025,3628,6526,这个超级小熊猫讲过诶，挺有意思的节目，看到这个游戏就想起来了,,这个超级小熊猫讲过诶，挺有意思的节目，看到这个游戏就想起来了,0,0,16,0,0,0.0,0.0,0.0,0.0,0.0,0.0,0.0,0.0,0,0,0,0,0,0,0,0,无明显情感,未明确对象,未明确方面,中性,0,0.5286578254457533,0.37599839371305277,0.5286578254457533,0.09534378084119395,中性,中性,,False
生活区,BV1YBvhBhE1f,史上最无聊比赛,12666077,370364,50295,71025,3628,6526,上课吃这些吗,,上课吃这些吗,0,0,3,0,0,0.0,0.0,0.0,0.0,0.0,0.0,0.0,0.0,0,0,0,0,0,0,0,0,无明显情感,未明确对象,未明确方面,中性,-1,0.5688582563053018,0.5688582563053018,0.34519968040758103,0.08594206328711702,负面,负面,,False
生活区,BV1YBvhBhE1f,史上最无聊比赛,12666077,370364,50295,71025,3628,6526,这已经是超能力了吧喂！,,这已经是超能力了吧喂！,0,0,4,1,0,0.0,0.0,0.0,0.0,0.0,0.0,0.0,0.0,0,0,0,0,0,0,0,0,无明显情感,未明确对象,未明确方面,中性,1,0.5117660642675282,0.15243076531112806,0.33580317042134367,0.5117660642675282,正面,正面,,False
生活区,BV1YBvhBhE1f,史上最无聊比赛,12666077,370364,50295,71025,3628,6526,败因：雨哥想吃,,败因雨哥想吃,0,0,4,0,0,0.0,0.0,0.0,0.0,0.0,0.0,0.0,0.0,0,0,0,0,0,0,0,0,无明显情感,未明确对象,未明确方面,中性,0,0.7816529610455051,0.06920572305789931,0.7816529610455051,0.1491413158965956,中性,中性,,False
生活区,BV1YBvhBhE1f,史上最无聊比赛,12666077,370364,50295,71025,3628,6526,女神！！！无限崇拜聪明的能力,,女神！！！无限崇拜聪明的能力,1,1,8,3,0,0.0,1.0,1.0,0.0,0.25,0.0,1.0,1.0,0,1,0,0,0,0,0,1,对象评价,未明确对象,未明确方面,混合,1,0.5237268703896767,0.28292680720559904,0.19334632240472432,0.5237268703896767,正面,正面,1.0,True
生活区,BV1YBvhBhE1f,史上最无聊比赛,12666077,370364,50295,71025,3628,6526,你真当他五六季的下谁白玩了啊,,你真当他五六季的下谁白玩了啊,0,0,6,0,0,0.0,0.0,0.0,0.0,0.0,0.0,0.0,0.0,0,0,0,0,0,0,0,0,无明显情感,未明确对象,未明确方面,中性,0,0.4058770656141712,0.39935822067003324,0.4058770656141712,0.19476471371579548,中性,中性,,False
生活区,BV1YBvhBhE1f,史上最无聊比赛,12666077,370364,50295,71025,3628,6526,新定义初中物理,,新定义初中物理,0,0,4,0,0,0.0,0.0,0.0,0.0,0.0,0.0,0.0,0.0,0,0,0,0,0,0,0,0,无明显情感,未明确对象,未明确方面,中性,0,0.7580467615728057,0.10574403810098199,0.7580467615728057,0.13620920032621228,中性,中性,,False
生活区,BV1YBvhBhE1f,史上最无聊比赛,12666077,370364,50295,71025,3628,6526,顺手的事,,顺手的事,0,0,2,0,0,0.0,0.0,0.0,0.0,0.0,0.0,0.0,0.0,0,0,0,0,0,0,0,0,无明显情感,未明确对象,未明确方面,中性,0,0.5590133674319743,0.2194023146156664,0.5590133674319743,0.22158431795235925,中性,中性,,False
生活区,BV1YBvhBhE1f,史上最无聊比赛,12666077,370364,50295,71025,3628,6526,都是番茄！！！！,,都是番茄！！！！,0,0,6,4,0,0.0,0.0,0.0,0.0,0.0,0.0,0.0,0.0,0,0,0,0,0,0,0,0,无明显情感,未明确对象,未明确方面,中性,-1,0.42434171950248195,0.42434171950248195,0.2887028141572156,0.28695546634030256,负面,中性,0.0,True
生活区,BV1YBvhBhE1f,史上最无聊比赛,12666077,370364,50295,71025,3628,6526,不愧是裁判,,不愧是裁判,1,0,2,0,0,1.0,1.0,0.0,1.0,0.5,1.0,1.0,0.0,0,0,0,0,0,0,0,1,对象评价,比赛内容,比赛表现,正面,1,0.8887595697837092,0.03581770757594159,0.0754227226403493,0.8887595697837092,正面,正面,1.0,True
生活区,BV1YBvhBhE1f,史上最无聊比赛,12666077,370364,50295,71025,3628,6526,雨哥这个眼神，我猜他是来的时候在楼下看到了,,雨哥这个眼神，我猜他是来的时候在楼下看到了,0,0,10,0,0,0.0,0.0,0.0,0.0,0.0,0.0,0.0,0.0,0,0,0,0,0,0,0,0,无明显情感,未明确对象,未明确方面,中性,0,0.7236579867045254,0.1665845458159597,0.7236579867045254,0.10975746747951497,中性,中性,,False
生活区,BV1YBvhBhE1f,史上最无聊比赛,12666077,370364,50295,71025,3628,6526,专升本加油,,专升本加油,1,0,2,0,0,1.0,1.0,0.0,1.0,0.5,1.0,1.0,0.0,0,0,0,0,0,0,0,1,对象评价,未明确对象,未明确方面,正面,1,0.9326400255773736,0.028735542469607633,0.03862443195301886,0.9326400255773736,正面,正面,,False
生活区,BV1YBvhBhE1f,史上最无聊比赛,12666077,370364,50295,71025,3628,6526,我都没听懂水老师说的，哭了,,我都没听懂水老师说的，哭了,0,1,8,0,0,-1.0,0.0,1.0,1.0,0.125,-1.0,0.0,1.0,0,0,0,0,0,0,0,1,对象评价,讲解者,未明确方面,负面,-1,0.8922595058298002,0.8922595058298002,0.07942436837328984,0.028316125796909838,负面,负面,-1.0,True
生活区,BV1YBvhBhE1f,史上最无聊比赛,12666077,370364,50295,71025,3628,6526,小精灵在他高三18岁的时候就染过黑指甲了，最近因为拍MV复刻一下,,小精灵在他高三18岁的时候就染过黑指甲了，最近因为拍MV复刻一下,0,0,16,0,0,0.0,0.0,0.0,0.0,0.0,0.0,0.0,0.0,0,0,0,0,0,0,0,0,无明显情感,未明确对象,未明确方面,中性,-1,0.6262602031825258,0.6262602031825258,0.2729556492830194,0.10078414753445485,负面,负面,,False
生活区,BV1YBvhBhE1f,史上最无聊比赛,12666077,370364,50295,71025,3628,6526,《猜》,,猜,0,0,1,0,0,0.0,0.0,0.0,0.0,0.0,0.0,0.0,0.0,0,0,0,0,0,0,0,0,无明显情感,未明确对象,未明确方面,中性,0,0.6641811267415451,0.13348938228347546,0.6641811267415451,0.20232949097497943,中性,中性,,False
生活区,BV1YBvhBhE1f,史上最无聊比赛,12666077,370364,50295,71025,3628,6526,那很厉害了,,那很厉害了,1,0,2,0,0,1.0,1.0,0.0,1.0,0.5,1.0,1.0,0.0,0,0,0,0,0,0,0,1,对象评价,未明确对象,未明确方面,正面,1,0.7605723498845123,0.12148512615423415,0.11794252396125351,0.7605723498845123,正面,正面,,False
生活区,BV1YBvhBhE1f,史上最无聊比赛,12666077,370364,50295,71025,3628,6526,举个例子跷跷板，力臂越短一方需要使用的力更大才能和力臂长的一方保持平衡,,举个例子跷跷板，力臂越短一方需要使用的力更大才能和力臂长的一方保持平衡,0,0,17,0,0,0.0,0.0,0.0,0.0,0.0,0.0,0.0,0.0,0,0,0,0,0,0,0,0,无明显情感,未明确对象,未明确方面,中性,0,0.5115020113695854,0.3233877075323136,0.5115020113695854,0.16511028109810105,中性,中性,,False
生活区,BV1YBvhBhE1f,史上最无聊比赛,12666077,370364,50295,71025,3628,6526,工业设计！bushi,,工业设计！bushi,0,0,4,1,0,0.0,0.0,0.0,0.0,0.0,0.0,0.0,0.0,0,0,0,0,0,0,0,0,无明显情感,未明确对象,未明确方面,中性,0,0.5980099615664506,0.05498622027219896,0.5980099615664506,0.34700381816135034,中性,中性,,False
生活区,BV1YBvhBhE1f,史上最无聊比赛,12666077,370364,50295,71025,3628,6526,零在哪里？,,零在哪里？,0,0,3,0,1,0.0,0.0,0.0,0.0,0.0,0.0,0.0,0.0,0,0,0,0,0,0,0,0,无明显情感,未明确对象,未明确方面,中性,-1,0.6586951608317737,0.6586951608317737,0.32098735673053014,0.020317482437696197,负面,负面,,False
生活区,BV1YBvhBhE1f,史上最无聊比赛,12666077,370364,50295,71025,3628,6526,这个特写我真救命了,,这个特写我真救命了,0,0,4,0,0,0.0,0.0,0.0,0.0,0.0,0.0,0.0,0.0,0,0,0,0,0,0,0,0,无明显情感,未明确对象,未明确方面,中性,-1,0.6624318002343429,0.6624318002343429,0.274071820189522,0.06349637957613516,负面,负面,,False
生活区,BV1YBvhBhE1f,史上最无聊比赛,12666077,370364,50295,71025,3628,6526,就是力矩，“力距” 属于误写,,就是力矩，力距属于误写,0,0,6,0,0,0.0,0.0,0.0,0.0,0.0,0.0,0.0,0.0,0,0,0,0,0,0,0,0,无明显情感,未明确对象,未明确方面,中性,0,0.5448135988431674,0.25841191928546753,0.5448135988431674,0.19677448187136506,中性,中性,,False
生活区,BV1YBvhBhE1f,史上最无聊比赛,12666077,370364,50295,71025,3628,6526,番茄之王,,番茄之王,0,0,2,0,0,0.0,0.0,0.0,0.0,0.0,0.0,0.0,0.0,0,0,0,0,0,0,0,0,无明显情感,未明确对象,未明确方面,中性,-1,0.429528407233122,0.429528407233122,0.3972092859252472,0.17326230684163077,负面,负面,,False
生活区,BV1YBvhBhE1f,史上最无聊比赛,12666077,370364,50295,71025,3628,6526,虽然但是  不同账号每天的神券价不一样吧,,虽然但是不同账号每天的神券价不一样吧,0,0,8,0,0,0.0,0.0,0.0,0.0,0.0,0.0,0.0,0.0,2,0,0,0,0,0,0,0,无明显情感,未明确对象,未明确方面,中性,0,0.5610481769918542,0.3721099054802029,0.5610481769918542,0.0668419175279429,中性,中性,0.0,True
生活区,BV1YBvhBhE1f,史上最无聊比赛,12666077,370364,50295,71025,3628,6526,下巴更长了,,下巴更长了,0,0,2,0,0,0.0,0.0,0.0,0.0,0.0,0.0,0.0,0.0,0,0,0,0,0,0,0,0,无明显情感,未明确对象,未明确方面,中性,0,0.8624318649762014,0.06327249732474498,0.8624318649762014,0.07429563769905363,中性,中性,,False
生活区,BV1YBvhBhE1f,史上最无聊比赛,12666077,370364,50295,71025,3628,6526,想起超级小熊猫了,,想起超级小熊猫了,0,0,3,0,0,0.0,0.0,0.0,0.0,0.0,0.0,0.0,0.0,0,0,0,0,0,0,0,0,无明显情感,未明确对象,未明确方面,中性,0,0.701478921618225,0.18813941118878327,0.701478921618225,0.11038166719299171,中性,中性,,False
生活区,BV1YBvhBhE1f,史上最无聊比赛,12666077,370364,50295,71025,3628,6526,好萌的猫爪鞋,,好萌的猫爪鞋,0,0,3,0,0,0.0,0.0,0.0,0.0,0.0,0.0,0.0,0.0,0,0,0,0,0,0,0,0,无明显情感,未明确对象,未明确方面,中性,0,0.5320849056864122,0.27034876686532877,0.5320849056864122,0.19756632744825905,中性,中性,,False
生活区,BV1YBvhBhE1f,史上最无聊比赛,12666077,370364,50295,71025,3628,6526,我吃瓜子也是不吐壳的一起吃下去,,我吃瓜子也是不吐壳的一起吃下去,0,0,7,0,0,0.0,0.0,0.0,0.0,0.0,0.0,0.0,0.0,0,0,0,0,0,0,0,0,无明显情感,未明确对象,未明确方面,中性,0,0.58579472150202,0.23758137122005377,0.58579472150202,0.17662390727792615,中性,中性,0.0,True
生活区,BV1YBvhBhE1f,史上最无聊比赛,12666077,370364,50295,71025,3628,6526,真正的老吃家来了,,真正的老吃家来了,0,0,3,0,0,0.0,0.0,0.0,0.0,0.0,0.0,0.0,0.0,0,0,0,0,0,0,0,0,无明显情感,未明确对象,未明确方面,中性,0,0.9077094078323663,0.041009815037339595,0.9077094078323663,0.0512807771302942,中性,中性,,False
生活区,BV1YBvhBhE1f,史上最无聊比赛,12666077,370364,50295,71025,3628,6526,她好帅她好帅！（amz音）,,她好帅她好帅！amz音,0,0,5,1,0,0.0,0.0,0.0,0.0,0.0,0.0,0.0,0.0,0,0,0,0,0,0,0,0,无明显情感,未明确对象,未明确方面,中性,0,0.5226661014389963,0.13414331462677295,0.5226661014389963,0.3431905839342307,中性,中性,,False
生活区,BV1YBvhBhE1f,史上最无聊比赛,12666077,370364,50295,71025,3628,6526,力矩大小等于力的大小与力臂的乘积，公式 M = F ·LL 是从转动轴到力的作用线的垂直距离）。,,力矩大小等于力的大小与力臂的乘积，公式MFLL是从转动轴到力的作用线的垂直距离。,0,0,18,0,0,0.0,0.0,0.0,0.0,0.0,0.0,0.0,0.0,0,0,0,0,0,0,0,0,无明显情感,课程内容,未明确方面,中性,0,0.5847126701847309,0.21842773211051722,0.5847126701847309,0.19685959770475195,中性,中性,,False
生活区,BV1YBvhBhE1f,史上最无聊比赛,12666077,370364,50295,71025,3628,6526,老————番————茄————！,,老番茄！,0,0,3,1,0,0.0,0.0,0.0,0.0,0.0,0.0,0.0,0.0,0,0,0,0,0,0,0,0,无明显情感,未明确对象,未明确方面,中性,0,0.43792440583067643,0.3814527738840334,0.43792440583067643,0.18062282028529003,中性,中性,,False
生活区,BV1YBvhBhE1f,史上最无聊比赛,12666077,370364,50295,71025,3628,6526,雨哥太聪明啦,,雨哥太聪明啦,1,0,4,0,0,1.8,1.8,0.0,1.8,0.25,1.8,1.8,0.0,0,0,0,0,0,0,0,1,对象评价,未明确对象,未明确方面,正面,1,0.7240072630073172,0.03467242773298897,0.2413203092596939,0.7240072630073172,正面,正面,,False
生活区,BV1YBvhBhE1f,史上最无聊比赛,12666077,370364,50295,71025,3628,6526,请了周杰伦肯定得赚回来啊，给点优惠后面就自费了，而且美团最近优惠其实少很多,,请了周杰伦肯定得赚回来啊，给点优惠后面就自费了，而且美团最近优惠其实少很多,1,0,21,0,0,1.0,1.0,0.0,1.0,0.047619047619047616,1.0,1.0,0.0,0,0,0,0,0,0,0,1,对象评价,未明确对象,未明确方面,正面,-1,0.8821289575758849,0.8821289575758849,0.049073917169685566,0.06879712525442949,负面,负面,-1.0,True
生活区,BV1YBvhBhE1f,史上最无聊比赛,12666077,370364,50295,71025,3628,6526,小选手,,小选手,0,0,2,0,0,0.0,0.0,0.0,0.0,0.0,0.0,0.0,0.0,0,0,0,0,0,0,0,0,无明显情感,比赛内容,比赛表现,中性,0,0.6122982113539315,0.10764783724846305,0.6122982113539315,0.28005395139760547,中性,中性,,False
生活区,BV1YBvhBhE1f,史上最无聊比赛,12666077,370364,50295,71025,3628,6526,还得是小馋猫,,还得是小馋猫,0,0,4,0,0,0.0,0.0,0.0,0.0,0.0,0.0,0.0,0.0,0,0,0,0,0,0,0,0,无明显情感,未明确对象,未明确方面,中性,0,0.5550966581923548,0.1289044550208408,0.5550966581923548,0.31599888678680443,中性,中性,,False
生活区,BV1YBvhBhE1f,史上最无聊比赛,12666077,370364,50295,71025,3628,6526,这下看懂了,,这下看懂了,1,0,3,0,0,1.0,1.0,0.0,1.0,0.3333333333333333,1.0,1.0,0.0,0,0,0,0,1,0,0,1,对象评价+认知状态,未明确对象,理解与难度,正面,1,0.9157406292324787,0.032350165462636984,0.05190920530488446,0.9157406292324787,正面,正面,1.0,True
生活区,BV1YBvhBhE1f,史上最无聊比赛,12666077,370364,50295,71025,3628,6526,下一个是谁后遗症揪领子,,下一个是谁后遗症揪领子,0,0,5,0,0,0.0,0.0,0.0,0.0,0.0,0.0,0.0,0.0,0,0,0,0,0,0,0,0,无明显情感,未明确对象,未明确方面,中性,0,0.7137551143129924,0.1851702597370079,0.7137551143129924,0.10107462594999973,中性,中性,,False
生活区,BV1YBvhBhE1f,史上最无聊比赛,12666077,370364,50295,71025,3628,6526,没办法小精灵太想进步了,,没办法小精灵太想进步了,1,0,5,0,0,1.8,1.8,0.0,1.8,0.2,1.8,1.8,0.0,0,0,0,0,0,0,0,1,对象评价,未明确对象,未明确方面,正面,-1,0.4808237679603824,0.4808237679603824,0.0577416086344047,0.461434623405213,负面,正面,1.0,True
生活区,BV1YBvhBhE1f,史上最无聊比赛,12666077,370364,50295,71025,3628,6526,阿尔法，贝塔，伽马，德尔塔，所以选项是4捏我,,阿尔法，贝塔，伽马，德尔塔，所以选项是4捏我,0,0,12,0,0,0.0,0.0,0.0,0.0,0.0,0.0,0.0,0.0,0,0,0,0,0,0,0,0,无明显情感,未明确对象,未明确方面,中性,0,0.8751089465930628,0.0792772400908072,0.8751089465930628,0.04561381331612999,中性,中性,,False
生活区,BV1YBvhBhE1f,史上最无聊比赛,12666077,370364,50295,71025,3628,6526,卧槽小精灵这么猛,,卧槽小精灵这么猛,0,0,4,0,0,0.0,0.0,0.0,0.0,0.0,0.0,0.0,0.0,0,0,0,0,0,0,0,0,无明显情感,未明确对象,未明确方面,中性,-1,0.5062844935000753,0.5062844935000753,0.19717348045097227,0.2965420260489525,负面,正面,1.0,True
生活区,BV1YBvhBhE1f,史上最无聊比赛,12666077,370364,50295,71025,3628,6526,雨哥：路完视频去楼下加餐,,雨哥路完视频去楼下加餐,0,0,6,0,0,0.0,0.0,0.0,0.0,0.0,0.0,0.0,0.0,0,0,0,0,0,0,0,0,无明显情感,视频内容,未明确方面,中性,0,0.6830758734996356,0.09525129854063287,0.6830758734996356,0.22167282795973153,中性,中性,,False
生活区,BV1YBvhBhE1f,史上最无聊比赛,12666077,370364,50295,71025,3628,6526,我希望在下一个是谁第七季里看见这个游戏，误差要更小！,,我希望在下一个是谁第七季里看见这个游戏，误差要更小！,0,0,15,1,0,0.0,0.0,0.0,0.0,0.0,0.0,0.0,0.0,0,0,0,0,0,0,0,0,无明显情感,未明确对象,未明确方面,中性,0,0.5326655199900499,0.31149624060889614,0.5326655199900499,0.15583823940105407,中性,负面,,False
生活区,BV1YBvhBhE1f,史上最无聊比赛,12666077,370364,50295,71025,3628,6526,那很健康了,,那很健康了,1,0,2,0,0,1.5,1.5,0.0,1.5,0.5,1.5,1.5,0.0,0,0,0,0,0,0,0,1,对象评价,未明确对象,未明确方面,正面,1,0.8025956996116655,0.07958767198354542,0.11781662840478899,0.8025956996116655,正面,正面,,False
生活区,BV1YBvhBhE1f,史上最无聊比赛,12666077,370364,50295,71025,3628,6526,鬼马小精灵！！！！！,,鬼马小精灵！！！！！,0,0,7,5,0,0.0,0.0,0.0,0.0,0.0,0.0,0.0,0.0,0,0,0,0,0,0,0,0,无明显情感,未明确对象,未明确方面,中性,-1,0.43914611886245863,0.43914611886245863,0.18170683802319654,0.3791470431143447,负面,负面,,False
生活区,BV1YBvhBhE1f,史上最无聊比赛,12666077,370364,50295,71025,3628,6526,这个是最绝的，前后呼应啊,,这个是最绝的，前后呼应啊,0,0,5,0,0,0.0,0.0,0.0,0.0,0.0,0.0,0.0,0.0,0,0,0,0,0,0,0,0,无明显情感,未明确对象,未明确方面,中性,-1,0.8019566177568931,0.8019566177568931,0.14290437681487259,0.05513900542823425,负面,负面,,False
生活区,BV1YBvhBhE1f,史上最无聊比赛,12666077,370364,50295,71025,3628,6526,《就地取材》,,就地取材,0,0,1,0,0,0.0,0.0,0.0,0.0,0.0,0.0,0.0,0.0,0,0,0,0,0,0,0,0,无明显情感,未明确对象,未明确方面,中性,0,0.6641811267415451,0.13348938228347546,0.6641811267415451,0.20232949097497943,中性,中性,,False
生活区,BV1YBvhBhE1f,史上最无聊比赛,12666077,370364,50295,71025,3628,6526,水老师简直神来着,,水老师简直神来着,0,0,5,0,0,0.0,0.0,0.0,0.0,0.0,0.0,0.0,0.0,0,0,0,0,0,0,0,0,无明显情感,讲解者,未明确方面,中性,1,0.4584382734667682,0.10692621916316768,0.43463550737006423,0.4584382734667682,正面,正面,1.0,True
生活区,BV1YBvhBhE1f,史上最无聊比赛,12666077,370364,50295,71025,3628,6526,截图做表情包干嘛愣着啊,,截图做表情包干嘛愣着啊,0,0,7,0,0,0.0,0.0,0.0,0.0,0.0,0.0,0.0,0.0,0,0,0,0,0,0,0,0,无明显情感,未明确对象,未明确方面,中性,0,0.5001984093053756,0.3496478502427351,0.5001984093053756,0.15015374045188934,中性,中性,,False
生活区,BV1YBvhBhE1f,史上最无聊比赛,12666077,370364,50295,71025,3628,6526,D.钝角,,D.钝角,0,0,3,0,0,0.0,0.0,0.0,0.0,0.0,0.0,0.0,0.0,0,0,0,0,0,0,0,0,无明显情感,未明确对象,未明确方面,中性,0,0.537657624131372,0.25615858896303917,0.537657624131372,0.20618378690558886,中性,中性,,False
生活区,BV1YBvhBhE1f,史上最无聊比赛,12666077,370364,50295,71025,3628,6526,超级小能猫,,超级小能猫,0,0,3,0,0,0.0,0.0,0.0,0.0,0.0,0.0,0.0,0.0,0,0,0,0,0,0,0,0,无明显情感,未明确对象,未明确方面,中性,0,0.7784753955045304,0.11853827616847273,0.7784753955045304,0.10298632832699692,中性,中性,,False
生活区,BV1YBvhBhE1f,史上最无聊比赛,12666077,370364,50295,71025,3628,6526,还有小馋猫,,还有小馋猫,0,0,3,0,0,0.0,0.0,0.0,0.0,0.0,0.0,0.0,0.0,0,0,0,0,0,0,0,0,无明显情感,未明确对象,未明确方面,中性,0,0.3956630031947249,0.31598126953851124,0.3956630031947249,0.28835572726676384,中性,中性,,False
生活区,BV1YBvhBhE1f,史上最无聊比赛,12666077,370364,50295,71025,3628,6526,原来九千在这里,,原来九千在这里,0,0,4,0,0,0.0,0.0,0.0,0.0,0.0,0.0,0.0,0.0,0,0,0,0,0,0,0,0,无明显情感,未明确对象,未明确方面,中性,0,0.6771018601370813,0.2716095656220675,0.6771018601370813,0.05128857424085115,中性,中性,,False
生活区,BV1YBvhBhE1f,史上最无聊比赛,12666077,370364,50295,71025,3628,6526,不愧是下一个是谁的选手。,,不愧是下一个是谁的选手。,1,0,5,0,0,1.0,1.0,0.0,1.0,0.2,1.0,1.0,0.0,0,0,0,0,0,0,0,1,对象评价,比赛内容,比赛表现,正面,1,0.6379649801716645,0.0783174169655917,0.2837176028627438,0.6379649801716645,正面,正面,1.0,True
生活区,BV1YBvhBhE1f,史上最无聊比赛,12666077,370364,50295,71025,3628,6526,还有亡语,,还有亡语,0,0,2,0,0,0.0,0.0,0.0,0.0,0.0,0.0,0.0,0.0,0,0,0,0,0,0,0,0,无明显情感,未明确对象,未明确方面,中性,-1,0.40669486657860926,0.40669486657860926,0.36682439026828967,0.22648074315310113,负面,负面,,False
生活区,BV1YBvhBhE1f,史上最无聊比赛,12666077,370364,50295,71025,3628,6526,她好美啊，又聪明！！！,,她好美啊，又聪明！！！,2,0,8,3,0,2.0,2.0,0.0,2.0,0.25,2.0,2.0,0.0,0,0,0,0,0,0,0,1,对象评价,未明确对象,未明确方面,正面,1,0.9152938860167351,0.07064160651570735,0.014064507467557634,0.9152938860167351,正面,正面,,False
生活区,BV1YBvhBhE1f,史上最无聊比赛,12666077,370364,50295,71025,3628,6526,不应该算差百分比吗？,,不应该算差百分比吗？,0,0,5,0,1,0.0,0.0,0.0,0.0,0.0,0.0,0.0,0.0,0,0,0,0,0,0,0,0,无明显情感,未明确对象,未明确方面,中性,0,0.5090077890746754,0.45085494677089727,0.5090077890746754,0.04013726415442723,中性,负面,,False
生活区,BV1YBvhBhE1f,史上最无聊比赛,12666077,370364,50295,71025,3628,6526,＊不要在上课时偷吃东西噢！,,不要在上课时偷吃东西噢！,0,0,7,1,0,0.0,0.0,0.0,0.0,0.0,0.0,0.0,0.0,0,0,0,0,0,0,0,0,无明显情感,未明确对象,未明确方面,中性,0,0.5791752809126655,0.2510185695704065,0.5791752809126655,0.16980614951692796,中性,中性,,False
生活区,BV1YBvhBhE1f,史上最无聊比赛,12666077,370364,50295,71025,3628,6526,有点像鞋垫。。,,有点像鞋垫。。,0,0,4,0,0,0.0,0.0,0.0,0.0,0.0,0.0,0.0,0.0,0,0,0,0,0,0,0,0,无明显情感,未明确对象,未明确方面,中性,0,0.7435696473603993,0.09329729352289808,0.7435696473603993,0.16313305911670267,中性,中性,,False
生活区,BV1YBvhBhE1f,史上最无聊比赛,12666077,370364,50295,71025,3628,6526,等等上课偷吃，关键不是不被发现吗，而不是吃的没声音啊,,等等上课偷吃，关键不是不被发现吗，而不是吃的没声音啊,0,0,15,0,0,0.0,0.0,0.0,0.0,0.0,0.0,0.0,0.0,0,0,0,0,0,0,0,0,无明显情感,视频内容,视听体验,中性,-1,0.9859249420652697,0.9859249420652697,0.011564703181375709,0.002510354753354717,负面,负面,,False
生活区,BV1YBvhBhE1f,史上最无聊比赛,12666077,370364,50295,71025,3628,6526,跷脚牛肉是川菜啊啊啊啊啊,,跷脚牛肉是川菜啊啊啊啊啊,0,0,5,0,0,0.0,0.0,0.0,0.0,0.0,0.0,0.0,0.0,0,0,0,0,0,0,0,0,无明显情感,未明确对象,未明确方面,中性,0,0.5261037260367314,0.3077780365060212,0.5261037260367314,0.1661182374572474,中性,中性,,False
生活区,BV1YBvhBhE1f,史上最无聊比赛,12666077,370364,50295,71025,3628,6526,因为美团最近被闪购干碎了,,因为美团最近被闪购干碎了,0,0,6,0,0,0.0,0.0,0.0,0.0,0.0,0.0,0.0,0.0,0,0,0,0,0,0,0,0,无明显情感,未明确对象,未明确方面,中性,0,0.8395611756153478,0.10496332371805862,0.8395611756153478,0.055475500666593576,中性,中性,,False
生活区,BV1YBvhBhE1f,史上最无聊比赛,12666077,370364,50295,71025,3628,6526,我曾经能把圆周率背到100位,,我曾经能把圆周率背到100位,0,0,7,0,0,0.0,0.0,0.0,0.0,0.0,0.0,0.0,0.0,0,0,0,0,0,0,0,0,无明显情感,未明确对象,未明确方面,中性,0,0.6527084086122525,0.26703867639354284,0.6527084086122525,0.0802529149942047,中性,中性,,False
生活区,BV1YBvhBhE1f,史上最无聊比赛,12666077,370364,50295,71025,3628,6526,要是伸长下巴那茄哥赢的,,要是伸长下巴那茄哥赢的,0,0,5,0,0,0.0,0.0,0.0,0.0,0.0,0.0,0.0,0.0,0,0,0,0,0,0,0,0,无明显情感,未明确对象,比赛表现,中性,0,0.6291412596965401,0.21154708456248128,0.6291412596965401,0.15931165574097852,中性,中性,0.0,True
生活区,BV1YBvhBhE1f,史上最无聊比赛,12666077,370364,50295,71025,3628,6526,这一对一急送要是王师傅送过来是不是效果爆炸,,这一对一急送要是王师傅送过来是不是效果爆炸,0,0,8,0,0,0.0,0.0,0.0,0.0,0.0,0.0,0.0,0.0,0,0,0,0,0,0,0,0,无明显情感,未明确对象,未明确方面,中性,-1,0.5440443440277543,0.5440443440277543,0.31930268123221084,0.136652974740035,负面,负面,,False
生活区,BV1YBvhBhE1f,史上最无聊比赛,12666077,370364,50295,71025,3628,6526,这不是泄露信息了嘛,,这不是泄露信息了嘛,0,0,4,0,0,0.0,0.0,0.0,0.0,0.0,0.0,0.0,0.0,0,0,0,0,0,0,0,0,无明显情感,未明确对象,未明确方面,中性,-1,0.47312784517009426,0.47312784517009426,0.4439311961683629,0.08294095866154287,负面,负面,,False
生活区,BV1YBvhBhE1f,史上最无聊比赛,12666077,370364,50295,71025,3628,6526,按照一般理性来讲，应该是九龙冰室，因为香港有九龙,,按照一般理性来讲，应该是九龙冰室，因为香港有九龙,0,0,13,0,0,0.0,0.0,0.0,0.0,0.0,0.0,0.0,0.0,0,0,0,0,0,0,0,0,无明显情感,未明确对象,未明确方面,中性,0,0.7587536538855983,0.19718599170230167,0.7587536538855983,0.044060354412100065,中性,中性,,False
生活区,BV1YBvhBhE1f,史上最无聊比赛,12666077,370364,50295,71025,3628,6526,刚刷完雨哥的视频，火速赶来,,刚刷完雨哥的视频，火速赶来,0,0,6,0,0,0.0,0.0,0.0,0.0,0.0,0.0,0.0,0.0,0,0,0,0,0,0,0,0,无明显情感,视频内容,未明确方面,中性,0,0.5550615869172274,0.1747166721070463,0.5550615869172274,0.2702217409757262,中性,中性,,False
生活区,BV1YBvhBhE1f,史上最无聊比赛,12666077,370364,50295,71025,3628,6526,盯到现在，小精灵真的好适合黑色指甲油,,盯到现在，小精灵真的好适合黑色指甲油,1,0,9,0,0,1.0,1.0,0.0,1.0,0.1111111111111111,1.0,1.0,0.0,0,0,0,0,0,0,0,1,对象评价,未明确对象,未明确方面,正面,1,0.7140359114354425,0.17358699834939087,0.11237709021516656,0.7140359114354425,正面,正面,1.0,True
生活区,BV1YBvhBhE1f,史上最无聊比赛,12666077,370364,50295,71025,3628,6526,上课到底为什么要吃姜,,上课到底为什么要吃姜,0,0,6,0,0,0.0,0.0,0.0,0.0,0.0,0.0,0.0,0.0,0,0,0,0,0,0,0,0,无明显情感,未明确对象,未明确方面,中性,0,0.505949459626258,0.4064651784169897,0.505949459626258,0.08758536195675222,中性,中性,,False
生活区,BV1YBvhBhE1f,史上最无聊比赛,12666077,370364,50295,71025,3628,6526,请问在什么情况下，上课会吃或者用到茄子？,,请问在什么情况下，上课会吃或者用到茄子？,0,0,13,0,1,0.0,0.0,0.0,0.0,0.0,0.0,0.0,0.0,0,0,0,0,0,0,0,0,无明显情感,未明确对象,未明确方面,中性,-1,0.8174537712575021,0.8174537712575021,0.17010192991967413,0.012444298822823774,负面,负面,,False
生活区,BV1YBvhBhE1f,史上最无聊比赛,12666077,370364,50295,71025,3628,6526,我不行了小老师还比杨和苏高1cm,,我不行了小老师还比杨和苏高1cm,0,1,8,0,0,-1.0,0.0,1.0,1.0,0.125,-1.0,0.0,1.0,0,0,0,0,0,0,0,1,对象评价,讲解者,未明确方面,负面,0,0.44374976548728096,0.40829491078881996,0.44374976548728096,0.147955323723899,中性,负面,,False
生活区,BV1YBvhBhE1f,史上最无聊比赛,12666077,370364,50295,71025,3628,6526,下面有请张雨带来月亮惹的祸,,下面有请张雨带来月亮惹的祸,0,0,8,0,0,0.0,0.0,0.0,0.0,0.0,0.0,0.0,0.0,0,0,0,0,0,0,0,0,无明显情感,未明确对象,未明确方面,中性,-1,0.798473513138544,0.798473513138544,0.16146902352816653,0.04005746333328949,负面,负面,,False
生活区,BV1YBvhBhE1f,史上最无聊比赛,12666077,370364,50295,71025,3628,6526,雅：这是修行！,,雅这是修行！,0,0,3,1,0,0.0,0.0,0.0,0.0,0.0,0.0,0.0,0.0,0,0,0,0,0,0,0,0,无明显情感,未明确对象,未明确方面,中性,0,0.6647959841330078,0.154318045158106,0.6647959841330078,0.18088597070888626,中性,中性,,False
生活区,BV1YBvhBhE1f,史上最无聊比赛,12666077,370364,50295,71025,3628,6526,真正的复旦之光,,真正的复旦之光,0,0,3,0,0,0.0,0.0,0.0,0.0,0.0,0.0,0.0,0.0,0,0,0,0,0,0,0,0,无明显情感,未明确对象,未明确方面,中性,1,0.5778211296423349,0.1165359754722424,0.3056428948854227,0.5778211296423349,正面,正面,,False
生活区,BV1YBvhBhE1f,史上最无聊比赛,12666077,370364,50295,71025,3628,6526,郭气,,郭气,0,0,1,0,0,0.0,0.0,0.0,0.0,0.0,0.0,0.0,0.0,0,0,0,0,0,0,0,0,无明显情感,未明确对象,未明确方面,中性,0,0.6641811267415451,0.13348938228347546,0.6641811267415451,0.20232949097497943,中性,中性,,False
生活区,BV1YBvhBhE1f,史上最无聊比赛,12666077,370364,50295,71025,3628,6526,房主有神器！,,房主有神器！,0,0,4,1,0,0.0,0.0,0.0,0.0,0.0,0.0,0.0,0.0,0,0,0,0,0,0,0,0,无明显情感,未明确对象,未明确方面,中性,-1,0.43326814251261175,0.43326814251261175,0.4171668107385331,0.14956504674885499,负面,负面,,False
生活区,BV1YBvhBhE1f,史上最无聊比赛,12666077,370364,50295,71025,3628,6526,666碰到学霸了,,666碰到学霸了,1,0,3,0,0,1.0,1.0,0.0,1.0,0.3333333333333333,1.0,1.0,0.0,0,0,0,0,0,0,0,1,对象评价,未明确对象,未明确方面,正面,1,0.7525442242480526,0.05591400545207949,0.19154177029986788,0.7525442242480526,正面,正面,,False
生活区,BV1YBvhBhE1f,史上最无聊比赛,12666077,370364,50295,71025,3628,6526,冷知识长短不一样。根据杠杆原理，短的那一边更重,,冷知识长短不一样。根据杠杆原理，短的那一边更重,0,0,12,0,0,0.0,0.0,0.0,0.0,0.0,0.0,0.0,0.0,0,0,0,0,0,0,0,0,无明显情感,未明确对象,未明确方面,中性,0,0.4865263841804166,0.40242037333459857,0.4865263841804166,0.1110532424849848,中性,中性,,False
生活区,BV1YBvhBhE1f,史上最无聊比赛,12666077,370364,50295,71025,3628,6526,财大牛逼！财大の光啊——,,财大牛逼！财大光啊,1,0,6,1,0,1.0,1.0,0.0,1.0,0.16666666666666666,1.0,1.0,0.0,0,0,0,0,0,0,0,1,对象评价,未明确对象,未明确方面,正面,1,0.5658168095504469,0.3776083142858949,0.056574876163658236,0.5658168095504469,正面,正面,,False
生活区,BV1YBvhBhE1f,史上最无聊比赛,12666077,370364,50295,71025,3628,6526,陈峥宇太可爱了,,陈峥宇太可爱了,1,0,3,0,0,1.0,1.0,0.0,1.0,0.3333333333333333,1.0,1.0,0.0,0,0,0,0,0,0,0,1,对象评价,未明确对象,未明确方面,正面,1,0.8204463346069675,0.10517758364118716,0.0743760817518453,0.8204463346069675,正面,正面,,False
生活区,BV1YBvhBhE1f,史上最无聊比赛,12666077,370364,50295,71025,3628,6526,让老吃家赢了,,让老吃家赢了,0,0,3,0,0,0.0,0.0,0.0,0.0,0.0,0.0,0.0,0.0,0,0,0,0,0,0,0,0,无明显情感,未明确对象,比赛表现,中性,0,0.591345192384792,0.13810220227403838,0.591345192384792,0.27055260534116965,中性,中性,,False
生活区,BV1YBvhBhE1f,史上最无聊比赛,12666077,370364,50295,71025,3628,6526,她好帅啊！她好帅啊！,,她好帅啊！她好帅啊！,0,0,4,2,0,0.0,0.0,0.0,0.0,0.0,0.0,0.0,0.0,0,0,0,0,0,0,0,0,无明显情感,未明确对象,未明确方面,中性,1,0.6686120660278234,0.0839391790858191,0.2474487548863575,0.6686120660278234,正面,正面,,False
生活区,BV1YBvhBhE1f,史上最无聊比赛,12666077,370364,50295,71025,3628,6526,《一看上学的时候就没少偷吃》,,一看上学的时候就没少偷吃,0,0,6,0,0,0.0,0.0,0.0,0.0,0.0,0.0,0.0,0.0,0,0,0,0,0,0,0,0,无明显情感,未明确对象,未明确方面,中性,0,0.5230462412024801,0.31486318520106854,0.5230462412024801,0.1620905735964513,中性,中性,0.0,True
生活区,BV1YBvhBhE1f,史上最无聊比赛,12666077,370364,50295,71025,3628,6526,展示他雄厚的财力,,展示他雄厚的财力,0,0,3,0,0,0.0,0.0,0.0,0.0,0.0,0.0,0.0,0.0,0,0,0,0,0,0,0,0,无明显情感,未明确对象,未明确方面,中性,1,0.47497925988830275,0.12413001970971439,0.40089072040198276,0.47497925988830275,正面,正面,1.0,True
生活区,BV1YBvhBhE1f,史上最无聊比赛,12666077,370364,50295,71025,3628,6526,不是你真的会啊,,不是你真的会啊,0,0,2,0,0,0.0,0.0,0.0,0.0,0.0,0.0,0.0,0.0,0,0,0,0,0,0,0,0,无明显情感,未明确对象,未明确方面,中性,-1,0.7095489367881438,0.7095489367881438,0.21128778630157216,0.079163276910284,负面,负面,,False
生活区,BV1YBvhBhE1f,史上最无聊比赛,12666077,370364,50295,71025,3628,6526,《只是对不准》,,只是对不准,0,0,3,0,0,0.0,0.0,0.0,0.0,0.0,0.0,0.0,0.0,1,0,0,0,0,0,0,0,无明显情感,未明确对象,未明确方面,中性,-1,0.6371855793300839,0.6371855793300839,0.24490757397470111,0.11790684669521496,负面,负面,-1.0,True
生活区,BV1YBvhBhE1f,史上最无聊比赛,12666077,370364,50295,71025,3628,6526,暗黑心理学,,暗黑心理学,0,1,2,0,0,-1.0,0.0,1.0,1.0,0.5,-1.0,0.0,1.0,0,0,0,0,0,0,0,1,对象评价,未明确对象,未明确方面,负面,1,0.5780620651455061,0.1895290686420627,0.2324088662124313,0.5780620651455061,正面,正面,1.0,True
生活区,BV1YBvhBhE1f,史上最无聊比赛,12666077,370364,50295,71025,3628,6526,让物体在刀上尽量平衡后再切不行吗（思考）,,让物体在刀上尽量平衡后再切不行吗思考,0,1,11,0,0,-1.0,0.0,1.0,1.0,0.09090909090909091,-1.0,0.0,1.0,0,0,0,0,0,0,0,1,对象评价,未明确对象,未明确方面,负面,0,0.5552414757319106,0.3824493673838032,0.5552414757319106,0.06230915688428632,中性,负面,,False
生活区,BV1YBvhBhE1f,史上最无聊比赛,12666077,370364,50295,71025,3628,6526,哈哈哈哈《下巴戳人很疼》。我不行了吧！,,哈哈哈哈下巴戳人很疼。我不行了吧！,1,1,9,1,0,0.0,1.0,1.0,0.0,0.2222222222222222,0.0,1.0,1.0,0,1,1,0,0,0,0,1,对象评价+自身情绪,未明确对象,娱乐与趣味,混合,1,0.7287697993638116,0.040656787332397096,0.2305734133037913,0.7287697993638116,正面,正面,1.0,True
生活区,BV1YBvhBhE1f,史上最无聊比赛,12666077,370364,50295,71025,3628,6526,所以水老师是裁判。（doge,,所以水老师是裁判。doge,0,0,6,0,0,0.0,0.0,0.0,0.0,0.0,0.0,0.0,0.0,0,0,0,0,0,0,0,0,无明显情感,讲解者+比赛内容,比赛表现,中性,0,0.5872434688752862,0.036138477933550586,0.5872434688752862,0.37661805319116315,中性,中性,,False
生活区,BV1YBvhBhE1f,史上最无聊比赛,12666077,370364,50295,71025,3628,6526,每一脚都踩在白线上是因为腿短吧阿喂！！,,每一脚都踩在白线上是因为腿短吧阿喂！！,0,0,13,2,0,0.0,0.0,0.0,0.0,0.0,0.0,0.0,0.0,0,0,0,0,0,0,0,0,无明显情感,未明确对象,未明确方面,中性,0,0.5346454206801089,0.31662754669328674,0.5346454206801089,0.14872703262660442,中性,中性,,False
生活区,BV1YBvhBhE1f,史上最无聊比赛,12666077,370364,50295,71025,3628,6526,压力一个番茄？,,压力一个番茄？,0,1,3,0,1,-1.0,0.0,1.0,1.0,0.3333333333333333,-1.0,0.0,1.0,0,0,0,0,0,0,0,1,对象评价,未明确对象,未明确方面,负面,-1,0.8801722026949577,0.8801722026949577,0.10553280658672838,0.014294990718314008,负面,负面,-1.0,True
生活区,BV1YBvhBhE1f,史上最无聊比赛,12666077,370364,50295,71025,3628,6526,你是否在寻找：Roselia静音吃播挑战,,你是否在寻找Roselia静音吃播挑战,0,0,7,0,0,0.0,0.0,0.0,0.0,0.0,0.0,0.0,0.0,0,0,0,0,0,0,0,0,无明显情感,未明确对象,未明确方面,中性,0,0.7094413720006874,0.1999655467667059,0.7094413720006874,0.09059308123260672,中性,中性,,False
生活区,BV1YBvhBhE1f,史上最无聊比赛,12666077,370364,50295,71025,3628,6526,老——番——茄————,,老番茄,0,0,2,0,0,0.0,0.0,0.0,0.0,0.0,0.0,0.0,0.0,0,0,0,0,0,0,0,0,无明显情感,未明确对象,未明确方面,中性,-1,0.429528407233122,0.429528407233122,0.3972092859252472,0.17326230684163077,负面,负面,,False
生活区,BV1YBvhBhE1f,史上最无聊比赛,12666077,370364,50295,71025,3628,6526,一对一专送！（即答,,一对一专送！即答,0,0,4,1,0,0.0,0.0,0.0,0.0,0.0,0.0,0.0,0.0,0,0,0,0,0,0,0,0,无明显情感,未明确对象,未明确方面,中性,0,0.5980099615664506,0.05498622027219896,0.5980099615664506,0.34700381816135034,中性,中性,,False
生活区,BV1YBvhBhE1f,史上最无聊比赛,12666077,370364,50295,71025,3628,6526,她好帅啊她好帅！,,她好帅啊她好帅！,0,0,3,1,0,0.0,0.0,0.0,0.0,0.0,0.0,0.0,0.0,0,0,0,0,0,0,0,0,无明显情感,未明确对象,未明确方面,中性,0,0.4456292112100689,0.17800245800817588,0.4456292112100689,0.37636833078175536,中性,中性,,False
生活区,BV1YBvhBhE1f,史上最无聊比赛,12666077,370364,50295,71025,3628,6526,小老师你去年要是有这股机灵劲你也不会变成NPC,,小老师你去年要是有这股机灵劲你也不会变成NPC,1,1,12,0,0,0.0,1.0,1.0,0.0,0.16666666666666666,0.0,1.0,1.0,0,1,0,0,0,0,0,1,对象评价,讲解者,未明确方面,混合,-1,0.715855655491921,0.715855655491921,0.1488934726888166,0.13525087181926235,负面,负面,-1.0,True
生活区,BV1YBvhBhE1f,史上最无聊比赛,12666077,370364,50295,71025,3628,6526,反复看了好几遍终于听懂了 水老师意思是前面番茄雨哥测重心的时候姜是横放的 比较长 力臂影响大，水老师竖着放到刀力臂小所以影响小,,反复看了好几遍终于听懂了水老师意思是前面番茄雨哥测重心的时候姜是横放的比较长力臂影响大，水老师竖着放到刀力臂小所以影响小,1,0,32,0,0,1.0,1.0,0.0,1.0,0.03125,1.0,1.0,0.0,0,0,0,0,1,0,0,1,对象评价+认知状态,讲解者,理解与难度,正面,1,0.6189952170469768,0.2724977965803883,0.10850698637263502,0.6189952170469768,正面,正面,1.0,True
生活区,BV1YBvhBhE1f,史上最无聊比赛,12666077,370364,50295,71025,3628,6526,屏幕外伸出猫爪鞋子好可爱啊,,屏幕外伸出猫爪鞋子好可爱啊,1,0,7,0,0,1.0,1.0,0.0,1.0,0.14285714285714285,1.0,1.0,0.0,0,0,0,0,0,0,0,1,对象评价,未明确对象,未明确方面,正面,1,0.8699153330025686,0.07876684163124793,0.05131782536618344,0.8699153330025686,正面,正面,1.0,True
生活区,BV1YBvhBhE1f,史上最无聊比赛,12666077,370364,50295,71025,3628,6526,九为数字之极，猜也猜九,,九为数字之极，猜也猜九,0,0,8,0,0,0.0,0.0,0.0,0.0,0.0,0.0,0.0,0.0,0,0,0,0,0,0,0,0,无明显情感,未明确对象,未明确方面,中性,-1,0.5371533843166605,0.5371533843166605,0.31988628418180814,0.14296033150153126,负面,负面,,False
生活区,BV1YBvhBhE1f,史上最无聊比赛,12666077,370364,50295,71025,3628,6526,黄力元投球,,黄力元投球,0,0,3,0,0,0.0,0.0,0.0,0.0,0.0,0.0,0.0,0.0,0,0,0,0,0,0,0,0,无明显情感,未明确对象,未明确方面,中性,0,0.6525424904832393,0.14924331021065323,0.6525424904832393,0.19821419930610756,中性,中性,,False
生活区,BV1YBvhBhE1f,史上最无聊比赛,12666077,370364,50295,71025,3628,6526,本乐山人郑重声明：那叫肖四嬢！niang！,,本乐山人郑重声明那叫肖四嬢！niang！,0,0,10,2,0,0.0,0.0,0.0,0.0,0.0,0.0,0.0,0.0,0,0,0,0,0,0,0,0,无明显情感,未明确对象,未明确方面,中性,0,0.5815495885134844,0.14286825355188684,0.5815495885134844,0.2755821579346287,中性,中性,,False
生活区,BV1YBvhBhE1f,史上最无聊比赛,12666077,370364,50295,71025,3628,6526,《狂茄日记》,,狂茄日记,0,0,2,0,0,0.0,0.0,0.0,0.0,0.0,0.0,0.0,0.0,0,0,0,0,0,0,0,0,无明显情感,未明确对象,未明确方面,中性,0,0.6585046096608349,0.14118285317383877,0.6585046096608349,0.20031253716532643,中性,中性,,False
生活区,BV1YBvhBhE1f,史上最无聊比赛,12666077,370364,50295,71025,3628,6526,从撕包装就输了,,从撕包装就输了,0,0,5,0,0,0.0,0.0,0.0,0.0,0.0,0.0,0.0,0.0,0,0,0,0,0,0,0,0,无明显情感,未明确对象,比赛表现,中性,-1,0.7309016708481295,0.7309016708481295,0.158118047441769,0.1109802817101015,负面,负面,-1.0,True
生活区,BV1YBvhBhE1f,史上最无聊比赛,12666077,370364,50295,71025,3628,6526,我甚至没听懂,,我甚至没听懂,0,0,3,0,0,0.0,0.0,0.0,0.0,0.0,0.0,0.0,0.0,0,0,0,0,0,0,0,0,无明显情感,未明确对象,未明确方面,中性,-1,0.8632842179585054,0.8632842179585054,0.08155808477550473,0.05515769726598976,负面,负面,,False
生活区,BV1YBvhBhE1f,史上最无聊比赛,12666077,370364,50295,71025,3628,6526,理论上番茄越小越好赢吧，反正称差值,,理论上番茄越小越好赢吧，反正称差值,0,0,10,0,0,0.0,0.0,0.0,0.0,0.0,0.0,0.0,0.0,0,0,0,0,0,0,0,0,无明显情感,未明确对象,比赛表现,中性,0,0.338192352829423,0.33648670743227554,0.338192352829423,0.32532093973830156,中性,正面,1.0,True
生活区,BV1YBvhBhE1f,史上最无聊比赛,12666077,370364,50295,71025,3628,6526,杠杆 一头长重量轻也能平衡过来,,杠杆一头长重量轻也能平衡过来,0,0,8,0,0,0.0,0.0,0.0,0.0,0.0,0.0,0.0,0.0,0,0,0,0,0,0,0,0,无明显情感,未明确对象,未明确方面,中性,-1,0.6273548310453394,0.6273548310453394,0.265219505714877,0.10742566323978349,负面,负面,,False
生活区,BV1YBvhBhE1f,史上最无聊比赛,12666077,370364,50295,71025,3628,6526,其实难的是不被看出来,,其实难的是不被看出来,0,0,6,0,0,0.0,0.0,0.0,0.0,0.0,0.0,0.0,0.0,0,0,0,0,0,0,0,0,无明显情感,未明确对象,理解与难度,中性,0,0.5730644756337752,0.3685182488781508,0.5730644756337752,0.058417275488074044,中性,中性,,False
生活区,BV1YBvhBhE1f,史上最无聊比赛,12666077,370364,50295,71025,3628,6526,物理重心有力矩的问题，所以要向短的一边移动一点再切,,物理重心有力矩的问题，所以要向短的一边移动一点再切,0,1,14,0,0,-1.0,0.0,1.0,1.0,0.07142857142857142,-1.0,0.0,1.0,0,0,0,0,0,0,0,1,对象评价,未明确对象,未明确方面,负面,0,0.6696535698119063,0.3159818422822039,0.6696535698119063,0.014364587905889844,中性,中性,0.0,True
生活区,BV1YBvhBhE1f,史上最无聊比赛,12666077,370364,50295,71025,3628,6526,竟然还有心理学！？,,竟然还有心理学！？,0,0,5,1,1,0.0,0.0,0.0,0.0,0.0,0.0,0.0,0.0,0,0,0,0,0,0,0,0,无明显情感,未明确对象,未明确方面,中性,-1,0.39963073364406076,0.39963073364406076,0.2034688669950995,0.3969003993608397,负面,负面,,False
生活区,BV1YBvhBhE1f,史上最无聊比赛,12666077,370364,50295,71025,3628,6526,铁网切割月光，绷带缠绕指掌,,铁网切割月光，绷带缠绕指掌,0,0,7,0,0,0.0,0.0,0.0,0.0,0.0,0.0,0.0,0.0,0,0,0,0,0,0,0,0,无明显情感,未明确对象,未明确方面,中性,-1,0.49490383164332846,0.49490383164332846,0.3155843516884846,0.18951181666818687,负面,负面,,False
生活区,BV1YBvhBhE1f,史上最无聊比赛,12666077,370364,50295,71025,3628,6526,什么？！！？（教主哨音）,,什么？！！？教主哨音,0,0,7,2,2,0.0,0.0,0.0,0.0,0.0,0.0,0.0,0.0,0,0,0,0,0,0,0,0,无明显情感,未明确对象,未明确方面,中性,-1,0.8640612696348223,0.8640612696348223,0.12368035951017439,0.012258370855003439,负面,负面,,False
生活区,BV1YBvhBhE1f,史上最无聊比赛,12666077,370364,50295,71025,3628,6526,下巴戳人没绷住,,下巴戳人没绷住,0,0,5,0,0,0.0,0.0,0.0,0.0,0.0,0.0,0.0,0.0,0,0,0,0,0,0,0,0,无明显情感,未明确对象,未明确方面,中性,0,0.7503814050858214,0.1619835468920238,0.7503814050858214,0.08763504802215483,中性,中性,,False
生活区,BV1YBvhBhE1f,史上最无聊比赛,12666077,370364,50295,71025,3628,6526,下一个是谁！是谁·····,,下一个是谁！是谁,0,0,4,1,0,0.0,0.0,0.0,0.0,0.0,0.0,0.0,0.0,0,0,0,0,0,0,0,0,无明显情感,未明确对象,未明确方面,中性,0,0.7255853605685911,0.14977823773441168,0.7255853605685911,0.12463640169699731,中性,中性,,False
生活区,BV1YBvhBhE1f,史上最无聊比赛,12666077,370364,50295,71025,3628,6526,对半切的神,,对半切的神,0,0,2,0,0,0.0,0.0,0.0,0.0,0.0,0.0,0.0,0.0,0,0,0,0,0,0,0,0,无明显情感,未明确对象,未明确方面,中性,0,0.5410847658369836,0.2577186326935726,0.5410847658369836,0.2011966014694437,中性,中性,,False
生活区,BV1YBvhBhE1f,史上最无聊比赛,12666077,370364,50295,71025,3628,6526,达比：“没被发现就不算作弊”,,达比没被发现就不算作弊,0,0,8,0,0,0.0,0.0,0.0,0.0,0.0,0.0,0.0,0.0,0,0,0,0,0,0,0,0,无明显情感,未明确对象,未明确方面,中性,-1,0.49055516174206754,0.49055516174206754,0.3744416238413798,0.1350032144165527,负面,负面,,False
生活区,BV1YBvhBhE1f,史上最无聊比赛,12666077,370364,50295,71025,3628,6526,《甲 B 3 △》,,甲B3,0,0,2,0,0,0.0,0.0,0.0,0.0,0.0,0.0,0.0,0.0,0,0,0,0,0,0,0,0,无明显情感,未明确对象,未明确方面,中性,0,0.6585046096608349,0.14118285317383877,0.6585046096608349,0.20031253716532643,中性,中性,,False
生活区,BV1YBvhBhE1f,史上最无聊比赛,12666077,370364,50295,71025,3628,6526,离神越来越近，离人越来越远,,离神越来越近，离人越来越远,0,0,7,0,0,0.0,0.0,0.0,0.0,0.0,0.0,0.0,0.0,0,0,0,0,0,0,0,0,无明显情感,未明确对象,未明确方面,中性,0,0.6708046972641895,0.15721556427035663,0.6708046972641895,0.17197973846545392,中性,中性,,False
生活区,BV1YBvhBhE1f,史上最无聊比赛,12666077,370364,50295,71025,3628,6526,肯定不是他家，说了对这个小区不熟,,肯定不是他家，说了对这个小区不熟,1,0,10,0,0,1.0,1.0,0.0,1.0,0.1,1.0,1.0,0.0,0,0,0,0,0,0,0,1,对象评价,未明确对象,未明确方面,正面,-1,0.9411334345984189,0.9411334345984189,0.02029520920268207,0.03857135619889896,负面,负面,-1.0,True
生活区,BV1YBvhBhE1f,史上最无聊比赛,12666077,370364,50295,71025,3628,6526,工业设计！,,工业设计！,0,0,3,1,0,0.0,0.0,0.0,0.0,0.0,0.0,0.0,0.0,0,0,0,0,0,0,0,0,无明显情感,未明确对象,未明确方面,中性,0,0.5997746699199505,0.05169762921059101,0.5997746699199505,0.3485277008694585,中性,中性,,False
生活区,BV1YBvhBhE1f,史上最无聊比赛,12666077,370364,50295,71025,3628,6526,下一个是谁の小曲！,,下一个是谁小曲！,0,0,4,1,0,0.0,0.0,0.0,0.0,0.0,0.0,0.0,0.0,0,0,0,0,0,0,0,0,无明显情感,未明确对象,未明确方面,中性,0,0.7199400512483971,0.14153316331177415,0.7199400512483971,0.13852678543982863,中性,中性,,False
生活区,BV1YBvhBhE1f,史上最无聊比赛,12666077,370364,50295,71025,3628,6526,撕袋子那就是更有说法了下课的时候先把袋子撕开上课就可以好好享受了！此乃三胜！,,撕袋子那就是更有说法了下课的时候先把袋子撕开上课就可以好好享受了！此乃三胜！,1,0,20,2,0,1.0,1.0,0.0,1.0,0.05,1.0,1.0,0.0,0,0,0,0,0,0,0,1,对象评价,未明确对象,未明确方面,正面,1,0.6056500617335606,0.19859078799368066,0.19575915027275873,0.6056500617335606,正面,正面,,False
生活区,BV1YBvhBhE1f,史上最无聊比赛,12666077,370364,50295,71025,3628,6526,冷知识：重心不能保证两边的重量相同,,冷知识重心不能保证两边的重量相同,0,0,8,0,0,0.0,0.0,0.0,0.0,0.0,0.0,0.0,0.0,0,0,0,0,0,0,0,0,无明显情感,未明确对象,未明确方面,中性,0,0.5322996427114872,0.23235515008693539,0.5322996427114872,0.23534520720157737,中性,中性,,False
生活区,BV1YBvhBhE1f,史上最无聊比赛,12666077,370364,50295,71025,3628,6526,bgm是女人善变。？！？？,,bgm是女人善变。？！？？,0,0,8,1,3,0.0,0.0,0.0,0.0,0.0,0.0,0.0,0.0,0,0,0,0,0,0,0,0,无明显情感,未明确对象,未明确方面,中性,-1,0.9114345162130857,0.9114345162130857,0.0802974675932947,0.008268016193619637,负面,负面,,False
生活区,BV1YBvhBhE1f,史上最无聊比赛,12666077,370364,50295,71025,3628,6526,致胜关键不只在比赛中，还有比赛外,,致胜关键不只在比赛中，还有比赛外,0,0,11,0,0,0.0,0.0,0.0,0.0,0.0,0.0,0.0,0.0,0,0,0,0,0,0,0,0,无明显情感,比赛内容,比赛表现,中性,-1,0.7507149259116875,0.7507149259116875,0.19923397819377056,0.05005109589454199,负面,负面,,False
生活区,BV1YBvhBhE1f,史上最无聊比赛,12666077,370364,50295,71025,3628,6526,好帅她好帅她好帅她好帅她好帅,,好帅她好帅她好帅她好帅她好帅,0,0,5,0,0,0.0,0.0,0.0,0.0,0.0,0.0,0.0,0.0,0,0,0,0,0,0,0,0,无明显情感,未明确对象,未明确方面,中性,0,0.5489736977867838,0.16270952016909912,0.5489736977867838,0.28831678204411704,中性,中性,,False
生活区,BV1YBvhBhE1f,史上最无聊比赛,12666077,370364,50295,71025,3628,6526,蔬菜之王！！！,,蔬菜之王！！！,0,0,5,3,0,0.0,0.0,0.0,0.0,0.0,0.0,0.0,0.0,0,0,0,0,0,0,0,0,无明显情感,未明确对象,未明确方面,中性,1,0.3948345414283093,0.3213808304446681,0.28378462812702265,0.3948345414283093,正面,正面,1.0,True
生活区,BV1YBvhBhE1f,史上最无聊比赛,12666077,370364,50295,71025,3628,6526,你的郭雨 实力允许,,你的郭雨实力允许,0,0,3,0,0,0.0,0.0,0.0,0.0,0.0,0.0,0.0,0.0,0,0,0,0,0,0,0,0,无明显情感,未明确对象,未明确方面,中性,0,0.49992053084056276,0.22667495562541662,0.49992053084056276,0.2734045135340206,中性,中性,,False
生活区,BV1YBvhBhE1f,史上最无聊比赛,12666077,370364,50295,71025,3628,6526,我宣布！最适合涂黑色指甲的人出现了,,我宣布！最适合涂黑色指甲的人出现了,0,0,9,1,0,0.0,0.0,0.0,0.0,0.0,0.0,0.0,0.0,0,0,0,0,0,0,0,0,无明显情感,未明确对象,未明确方面,中性,0,0.6022197779620012,0.11769628720074829,0.6022197779620012,0.2800839348372505,中性,中性,,False
生活区,BV1YBvhBhE1f,史上最无聊比赛,12666077,370364,50295,71025,3628,6526,！！某种意义上这也算不是很有用小技能诶,,！！某种意义上这也算不是很有用小技能诶,1,0,12,2,0,1.0,1.0,0.0,1.0,0.08333333333333333,1.0,1.0,0.0,0,0,0,0,0,0,0,1,对象评价,未明确对象,实用与收获,正面,1,0.6623501709430322,0.23844767828396207,0.0992021507730057,0.6623501709430322,正面,正面,,False
生活区,BV1YBvhBhE1f,史上最无聊比赛,12666077,370364,50295,71025,3628,6526,其实可以把整个瓜子含进嘴里，用里面的大牙咬开,,其实可以把整个瓜子含进嘴里，用里面的大牙咬开,1,0,12,0,0,1.0,1.0,0.0,1.0,0.08333333333333333,1.0,1.0,0.0,0,0,0,0,0,0,0,1,对象评价,未明确对象,未明确方面,正面,-1,0.7460937466965423,0.7460937466965423,0.12661414754271638,0.12729210576074124,负面,负面,-1.0,True
生活区,BV1YBvhBhE1f,史上最无聊比赛,12666077,370364,50295,71025,3628,6526,乳鸽的话应该不会十几块吧,,乳鸽的话应该不会十几块吧,0,1,5,0,0,-1.0,0.0,1.0,1.0,0.2,-1.0,0.0,1.0,0,0,0,0,0,0,0,1,对象评价,未明确对象,未明确方面,负面,0,0.8156526469640065,0.12179569964204506,0.8156526469640065,0.06255165339394837,中性,负面,,False
生活区,BV1YBvhBhE1f,史上最无聊比赛,12666077,370364,50295,71025,3628,6526,对的对的，这就到位了,,对的对的，这就到位了,1,0,5,0,0,1.0,1.0,0.0,1.0,0.2,1.0,1.0,0.0,0,0,0,0,0,0,0,1,对象评价,未明确对象,未明确方面,正面,-1,0.5584396560294642,0.5584396560294642,0.05629268230045536,0.3852676616700804,负面,正面,1.0,True
生活区,BV1YBvhBhE1f,史上最无聊比赛,12666077,370364,50295,71025,3628,6526,无想的一刀,,无想的一刀,0,0,2,0,0,0.0,0.0,0.0,0.0,0.0,0.0,0.0,0.0,0,0,0,0,0,0,0,0,无明显情感,未明确对象,未明确方面,中性,0,0.6372273705279684,0.14928515486718025,0.6372273705279684,0.2134874746048514,中性,中性,,False
生活区,BV1YBvhBhE1f,史上最无聊比赛,12666077,370364,50295,71025,3628,6526,《点瓜子大战》,,点瓜子大战,0,0,3,0,0,0.0,0.0,0.0,0.0,0.0,0.0,0.0,0.0,0,0,0,0,0,0,0,0,无明显情感,未明确对象,未明确方面,中性,-1,0.690287207994152,0.690287207994152,0.19079010477502556,0.11892268723082249,负面,负面,,False
生活区,BV1YBvhBhE1f,史上最无聊比赛,12666077,370364,50295,71025,3628,6526,抱紧你，却抓不住，你的爱，剩一点点,,抱紧你，却抓不住，你的爱，剩一点点,0,0,9,0,0,0.0,0.0,0.0,0.0,0.0,0.0,0.0,0.0,1,0,0,0,0,0,0,0,无明显情感,未明确对象,未明确方面,中性,1,0.41711520360887006,0.26022503580615924,0.3226597605849707,0.41711520360887006,正面,正面,1.0,True
生活区,BV1YBvhBhE1f,史上最无聊比赛,12666077,370364,50295,71025,3628,6526,[ohhhh],,ohhhh,1,0,1,0,0,1.2,1.2,0.0,1.2,1.0,1.2,1.2,0.0,0,0,0,0,0,0,0,1,对象评价,未明确对象,未明确方面,正面,1,0.7406135643783034,0.17598250810310373,0.08340392751859296,0.7406135643783034,正面,正面,,False
生活区,BV1YBvhBhE1f,史上最无聊比赛,12666077,370364,50295,71025,3628,6526,《新雨》,,新雨,0,0,1,0,0,0.0,0.0,0.0,0.0,0.0,0.0,0.0,0.0,0,0,0,0,0,0,0,0,无明显情感,未明确对象,未明确方面,中性,0,0.6641811267415451,0.13348938228347546,0.6641811267415451,0.20232949097497943,中性,中性,,False
生活区,BV1YBvhBhE1f,史上最无聊比赛,12666077,370364,50295,71025,3628,6526,火花！,,火花！,0,0,2,1,0,0.0,0.0,0.0,0.0,0.0,0.0,0.0,0.0,0,0,0,0,0,0,0,0,无明显情感,未明确对象,未明确方面,中性,0,0.6014191404432303,0.04859558453785338,0.6014191404432303,0.3499852750189163,中性,中性,,False
生活区,BV1YBvhBhE1f,史上最无聊比赛,12666077,370364,50295,71025,3628,6526,与番茄属性加成,,与番茄属性加成,0,0,4,0,0,0.0,0.0,0.0,0.0,0.0,0.0,0.0,0.0,0,0,0,0,0,0,0,0,无明显情感,未明确对象,未明确方面,中性,0,0.5035112968482792,0.3545141955512472,0.5035112968482792,0.14197450760047362,中性,中性,,False
生活区,BV1YBvhBhE1f,史上最无聊比赛,12666077,370364,50295,71025,3628,6526,偷吃瓜子，我都是含在嘴里把壳含软了在用牙齿开瓜子,,偷吃瓜子，我都是含在嘴里把壳含软了在用牙齿开瓜子,0,0,15,0,0,0.0,0.0,0.0,0.0,0.0,0.0,0.0,0.0,0,0,0,0,0,0,0,0,无明显情感,未明确对象,未明确方面,中性,-1,0.76703752583553,0.76703752583553,0.1922865824200478,0.04067589174442223,负面,负面,,False
生活区,BV1YBvhBhE1f,史上最无聊比赛,12666077,370364,50295,71025,3628,6526,飞沙走石！,,飞沙走石！,0,0,2,1,0,0.0,0.0,0.0,0.0,0.0,0.0,0.0,0.0,0,0,0,0,0,0,0,0,无明显情感,未明确对象,未明确方面,中性,0,0.6014191404432303,0.04859558453785338,0.6014191404432303,0.3499852750189163,中性,中性,,False
生活区,BV1YBvhBhE1f,史上最无聊比赛,12666077,370364,50295,71025,3628,6526,甲方出现！！！,,甲方出现！！！,0,0,5,3,0,0.0,0.0,0.0,0.0,0.0,0.0,0.0,0.0,0,0,0,0,0,0,0,0,无明显情感,未明确对象,未明确方面,中性,1,0.36377779322312925,0.29909226078417417,0.3371299459926966,0.36377779322312925,正面,中性,0.0,True
生活区,BV1YBvhBhE1f,史上最无聊比赛,12666077,370364,50295,71025,3628,6526,哈哈哈哈  赢在了贪吃上,,哈哈哈哈赢在了贪吃上,1,0,5,0,0,1.0,1.0,0.0,1.0,0.2,1.0,1.0,0.0,0,0,1,0,0,0,0,1,对象评价+自身情绪,未明确对象,娱乐与趣味+比赛表现,正面,1,0.9089546142886272,0.02038455564345955,0.0706608300679132,0.9089546142886272,正面,正面,,False
生活区,BV1YBvhBhE1f,史上最无聊比赛,12666077,370364,50295,71025,3628,6526,水老师才是复旦之光,,水老师才是复旦之光,0,0,5,0,0,0.0,0.0,0.0,0.0,0.0,0.0,0.0,0.0,0,0,0,0,0,0,0,0,无明显情感,讲解者,未明确方面,中性,1,0.5357474433380491,0.0894349788883888,0.374817577773562,0.5357474433380491,正面,中性,,False
生活区,BV1YBvhBhE1f,史上最无聊比赛,12666077,370364,50295,71025,3628,6526,计算器里有汇率,,计算器里有汇率,0,0,4,0,0,0.0,0.0,0.0,0.0,0.0,0.0,0.0,0.0,0,0,0,0,0,0,0,0,无明显情感,未明确对象,未明确方面,中性,-1,0.7706717346582849,0.7706717346582849,0.19465846857264804,0.034669796769067125,负面,负面,,False
生活区,BV1YBvhBhE1f,史上最无聊比赛,12666077,370364,50295,71025,3628,6526,下巴哈哈哈哈哈哈哈哈哈这个赢了,,下巴哈哈哈哈哈哈哈哈哈这个赢了,3,0,6,0,0,3.0,3.0,0.0,3.0,0.5,3.0,3.0,0.0,0,0,1,0,0,0,0,1,对象评价+自身情绪,未明确对象,娱乐与趣味+比赛表现,正面,1,0.9948056798748979,0.0015311887346752364,0.003663131390426803,0.9948056798748979,正面,正面,,False
生活区,BV1YBvhBhE1f,史上最无聊比赛,12666077,370364,50295,71025,3628,6526,白马探？,,白马探？,0,0,3,0,1,0.0,0.0,0.0,0.0,0.0,0.0,0.0,0.0,0,0,0,0,0,0,0,0,无明显情感,未明确对象,未明确方面,中性,-1,0.5350327343451675,0.5350327343451675,0.40283281497238527,0.062134450682447204,负面,负面,,False
生活区,BV1YBvhBhE1f,史上最无聊比赛,12666077,370364,50295,71025,3628,6526,小老师太机灵了哈哈哈哈,,小老师太机灵了哈哈哈哈,2,0,5,0,0,3.6,3.6,0.0,3.6,0.4,3.6,3.6,0.0,0,0,1,0,0,0,0,1,对象评价+自身情绪,讲解者,娱乐与趣味,正面,1,0.9880701795617088,0.0013182257790706673,0.01061159465922045,0.9880701795617088,正面,正面,,False
生活区,BV1YBvhBhE1f,史上最无聊比赛,12666077,370364,50295,71025,3628,6526,姐妹们,,姐妹们,0,0,2,0,0,0.0,0.0,0.0,0.0,0.0,0.0,0.0,0.0,0,0,0,0,0,0,0,0,无明显情感,未明确对象,未明确方面,中性,0,0.7722491368176774,0.025156183269543813,0.7722491368176774,0.20259467991277885,中性,中性,,False
生活区,BV1YBvhBhE1f,史上最无聊比赛,12666077,370364,50295,71025,3628,6526,恍然大悟,,恍然大悟,1,0,1,0,0,1.0,1.0,0.0,1.0,1.0,1.0,1.0,0.0,0,0,0,0,0,0,0,1,对象评价,未明确对象,未明确方面,正面,1,0.7129372537708775,0.20499468037722357,0.08206806585189903,0.7129372537708775,正面,正面,,False
生活区,BV1YBvhBhE1f,史上最无聊比赛,12666077,370364,50295,71025,3628,6526,小老师拍那一下好像猫捣乱啊哈哈哈哈哈哈,,小老师拍那一下好像猫捣乱啊哈哈哈哈哈哈,2,0,8,0,0,2.0,2.0,0.0,2.0,0.25,2.0,2.0,0.0,0,0,1,0,0,0,0,1,对象评价+自身情绪,讲解者,娱乐与趣味,正面,1,0.9665027447344549,0.009079356226284746,0.02441789903926034,0.9665027447344549,正面,正面,,False
生活区,BV1YBvhBhE1f,史上最无聊比赛,12666077,370364,50295,71025,3628,6526,这是真贪吃啊小馋猫,,这是真贪吃啊小馋猫,0,0,4,0,0,0.0,0.0,0.0,0.0,0.0,0.0,0.0,0.0,0,0,0,0,0,0,0,0,无明显情感,未明确对象,未明确方面,中性,-1,0.49420399639015394,0.49420399639015394,0.345338125358721,0.16045787825112506,负面,负面,,False
生活区,BV1YBvhBhE1f,史上最无聊比赛,12666077,370364,50295,71025,3628,6526,裁判在热身！！！裁判在热身！！！！！！,,裁判在热身！！！裁判在热身！！！！！！,0,0,15,9,0,0.0,0.0,0.0,0.0,0.0,0.0,0.0,0.0,0,0,0,0,0,0,0,0,无明显情感,比赛内容,比赛表现,中性,1,0.46447997783928957,0.3496836403956752,0.1858363817650352,0.46447997783928957,正面,正面,,False
生活区,BV1YBvhBhE1f,史上最无聊比赛,12666077,370364,50295,71025,3628,6526,《爱赢才会拼》,,爱赢才会拼,0,0,5,0,0,0.0,0.0,0.0,0.0,0.0,0.0,0.0,0.0,0,0,0,0,0,0,0,0,无明显情感,未明确对象,比赛表现,中性,0,0.42862196153726984,0.1441053568871421,0.42862196153726984,0.427272681575588,中性,正面,1.0,True
生活区,BV1YBvhBhE1f,史上最无聊比赛,12666077,370364,50295,71025,3628,6526,依旧揪衣领,,依旧揪衣领,0,0,3,0,0,0.0,0.0,0.0,0.0,0.0,0.0,0.0,0.0,0,0,0,0,0,0,0,0,无明显情感,未明确对象,未明确方面,中性,0,0.6525424904832393,0.14924331021065323,0.6525424904832393,0.19821419930610756,中性,中性,,False
生活区,BV1YBvhBhE1f,史上最无聊比赛,12666077,370364,50295,71025,3628,6526,我经常吃瓜子，用手慢慢剥声音最小，所以这场其实没必要用嘴awa,,我经常吃瓜子，用手慢慢剥声音最小，所以这场其实没必要用嘴awa,0,0,18,0,0,0.0,0.0,0.0,0.0,0.0,0.0,0.0,0.0,0,0,0,0,0,0,0,0,无明显情感,视频内容,视听体验,中性,-1,0.6333395527707028,0.6333395527707028,0.3359615703923808,0.03069887683691647,负面,负面,,False
生活区,BV1YBvhBhE1f,史上最无聊比赛,12666077,370364,50295,71025,3628,6526,贝叶斯是吧,,贝叶斯是吧,0,0,1,0,0,0.0,0.0,0.0,0.0,0.0,0.0,0.0,0.0,0,0,0,0,0,0,0,0,无明显情感,未明确对象,未明确方面,中性,0,0.7771048213856561,0.11683134429620867,0.7771048213856561,0.10606383431813518,中性,中性,,False
生活区,BV1YBvhBhE1f,史上最无聊比赛,12666077,370364,50295,71025,3628,6526,她好帅！！她好帅啊！！,,她好帅！！她好帅啊！！,0,0,6,4,0,0.0,0.0,0.0,0.0,0.0,0.0,0.0,0.0,0,0,0,0,0,0,0,0,无明显情感,未明确对象,未明确方面,中性,1,0.6139021564012882,0.22838214359364262,0.15771570000506918,0.6139021564012882,正面,正面,,False
生活区,BV1YBvhBhE1f,史上最无聊比赛,12666077,370364,50295,71025,3628,6526,盲狙的神！,,盲狙的神！,0,0,4,1,0,0.0,0.0,0.0,0.0,0.0,0.0,0.0,0.0,0,0,0,0,0,0,0,0,无明显情感,未明确对象,未明确方面,中性,0,0.563754825617746,0.10218501268120461,0.563754825617746,0.33406016170104935,中性,中性,,False
生活区,BV1YBvhBhE1f,史上最无聊比赛,12666077,370364,50295,71025,3628,6526,还有VAR,,还有VAR,0,0,2,0,0,0.0,0.0,0.0,0.0,0.0,0.0,0.0,0.0,0,0,0,0,0,0,0,0,无明显情感,未明确对象,未明确方面,中性,-1,0.3890716376529715,0.3890716376529715,0.36484314306080395,0.24608521928622448,负面,中性,,False
生活区,BV1YBvhBhE1f,史上最无聊比赛,12666077,370364,50295,71025,3628,6526,这个好厉害,,这个好厉害,1,0,3,0,0,1.0,1.0,0.0,1.0,0.3333333333333333,1.0,1.0,0.0,0,0,0,0,0,0,0,1,对象评价,未明确对象,未明确方面,正面,1,0.8287837156853999,0.1463691209949091,0.02484716331969109,0.8287837156853999,正面,正面,,False
生活区,BV1YBvhBhE1f,史上最无聊比赛,12666077,370364,50295,71025,3628,6526,[前方高能],,前方高能,1,0,2,0,0,1.0,1.0,0.0,1.0,0.5,1.0,1.0,0.0,0,0,0,0,0,0,0,1,对象评价,未明确对象,未明确方面,正面,0,0.8071909546722592,0.06386542074493343,0.8071909546722592,0.12894362458280734,中性,中性,0.0,True
生活区,BV1YBvhBhE1f,史上最无聊比赛,12666077,370364,50295,71025,3628,6526,力矩这个概念第一次学还是在大学建筑物理这门课里面学的,,力矩这个概念第一次学还是在大学建筑物理这门课里面学的,0,0,14,0,0,0.0,0.0,0.0,0.0,0.0,0.0,0.0,0.0,0,0,0,0,0,0,0,0,无明显情感,未明确对象,未明确方面,中性,0,0.586206709399328,0.32231401361762807,0.586206709399328,0.09147927698304395,中性,中性,,False
生活区,BV1YBvhBhE1f,史上最无聊比赛,12666077,370364,50295,71025,3628,6526,权威老吃家,,权威老吃家,1,0,2,0,0,1.0,1.0,0.0,1.0,0.5,1.0,1.0,0.0,0,0,0,0,0,0,0,1,对象评价,未明确对象,未明确方面,正面,1,0.7409730579173535,0.11066895807443898,0.14835798400820752,0.7409730579173535,正面,正面,1.0,True
生活区,BV1YBvhBhE1f,史上最无聊比赛,12666077,370364,50295,71025,3628,6526,哈哈哈哈哈哈哈哈我服了小精灵,,哈哈哈哈哈哈哈哈我服了小精灵,4,0,4,0,0,4.0,4.0,0.0,4.0,1.0,4.0,4.0,0.0,0,0,1,0,0,0,0,1,对象评价+自身情绪,未明确对象,娱乐与趣味,正面,1,0.9993038597701582,0.0005878930718060237,0.00010824715803575997,0.9993038597701582,正面,正面,,False
生活区,BV1YBvhBhE1f,史上最无聊比赛,12666077,370364,50295,71025,3628,6526,小老师萌萌哒,,小老师萌萌哒,0,0,4,0,0,0.0,0.0,0.0,0.0,0.0,0.0,0.0,0.0,0,0,0,0,0,0,0,0,无明显情感,讲解者,未明确方面,中性,0,0.5946756583076651,0.1142467356158796,0.5946756583076651,0.2910776060764554,中性,中性,,False
生活区,BV1YBvhBhE1f,史上最无聊比赛,12666077,370364,50295,71025,3628,6526,《江海职业技术学院》,,江海职业技术学院,0,0,4,0,0,0.0,0.0,0.0,0.0,0.0,0.0,0.0,0.0,0,0,0,0,0,0,0,0,无明显情感,未明确对象,未明确方面,中性,0,0.6392035832054014,0.27097484221522794,0.6392035832054014,0.08982157457937075,中性,中性,,False
生活区,BV1YBvhBhE1f,史上最无聊比赛,12666077,370364,50295,71025,3628,6526,水老师！,,水老师！,0,0,3,1,0,0.0,0.0,0.0,0.0,0.0,0.0,0.0,0.0,0,0,0,0,0,0,0,0,无明显情感,讲解者,未明确方面,中性,1,0.5475232615656571,0.04397642141663696,0.40850031701770595,0.5475232615656571,正面,中性,,False
生活区,BV1YBvhBhE1f,史上最无聊比赛,12666077,370364,50295,71025,3628,6526,黑色美甲好好看！！！,,黑色美甲好好看！！！,1,0,6,3,0,1.0,1.0,0.0,1.0,0.16666666666666666,1.0,1.0,0.0,0,0,0,0,0,0,0,1,对象评价,未明确对象,视听体验,正面,1,0.8870527539850271,0.055693026176031495,0.05725421983894134,0.8870527539850271,正面,正面,,False
生活区,BV1YBvhBhE1f,史上最无聊比赛,12666077,370364,50295,71025,3628,6526,其实这个不用记都知道，因为只有九龙这个地方。,,其实这个不用记都知道，因为只有九龙这个地方。,0,0,12,0,0,0.0,0.0,0.0,0.0,0.0,0.0,0.0,0.0,0,0,0,0,0,0,0,0,无明显情感,未明确对象,未明确方面,中性,0,0.61494970612684,0.3297167623365115,0.61494970612684,0.055333531536648585,中性,中性,,False
生活区,BV1YBvhBhE1f,史上最无聊比赛,12666077,370364,50295,71025,3628,6526,老利～,,老利,0,0,1,0,0,0.0,0.0,0.0,0.0,0.0,0.0,0.0,0.0,0,0,0,0,0,0,0,0,无明显情感,未明确对象,未明确方面,中性,0,0.6641811267415451,0.13348938228347546,0.6641811267415451,0.20232949097497943,中性,中性,,False
生活区,BV1YBvhBhE1f,史上最无聊比赛,12666077,370364,50295,71025,3628,6526,揪领子好好玩呀哈哈哈哈,,揪领子好好玩呀哈哈哈哈,2,0,5,0,0,2.0,2.0,0.0,2.0,0.4,2.0,2.0,0.0,0,0,1,0,0,0,0,1,对象评价+自身情绪,未明确对象,娱乐与趣味,正面,1,0.9922269696199574,0.004797334098411838,0.0029756962816307486,0.9922269696199574,正面,正面,,False
生活区,BV1YBvhBhE1f,史上最无聊比赛,12666077,370364,50295,71025,3628,6526,正义女神水老师！,,正义女神水老师！,0,0,5,1,0,0.0,0.0,0.0,0.0,0.0,0.0,0.0,0.0,0,0,0,0,0,0,0,0,无明显情感,讲解者,未明确方面,中性,1,0.5076094977060673,0.0536609176637752,0.4387295846301575,0.5076094977060673,正面,中性,,False
生活区,BV1YBvhBhE1f,史上最无聊比赛,12666077,370364,50295,71025,3628,6526,裁判就是裁判！,,裁判就是裁判！,0,0,4,1,0,0.0,0.0,0.0,0.0,0.0,0.0,0.0,0.0,0,0,0,0,0,0,0,0,无明显情感,比赛内容,比赛表现,中性,1,0.5001865280356248,0.06067617289656032,0.4391372990678148,0.5001865280356248,正面,正面,,False
生活区,BV1YBvhBhE1f,史上最无聊比赛,12666077,370364,50295,71025,3628,6526,洽洽瓜子打钱（,,洽洽瓜子打钱,0,0,3,0,0,0.0,0.0,0.0,0.0,0.0,0.0,0.0,0.0,0,0,0,0,0,0,0,0,无明显情感,未明确对象,未明确方面,中性,-1,0.5041299963961604,0.5041299963961604,0.3420590479921115,0.15381095561172808,负面,负面,,False
生活区,BV1YBvhBhE1f,史上最无聊比赛,12666077,370364,50295,71025,3628,6526,因为吃牛肉，拍黄瓜解腻。,,因为吃牛肉，拍黄瓜解腻。,0,0,8,0,0,0.0,0.0,0.0,0.0,0.0,0.0,0.0,0.0,0,0,0,0,0,0,0,0,无明显情感,未明确对象,未明确方面,中性,0,0.8475808778258279,0.06457777079257661,0.8475808778258279,0.0878413513815954,中性,中性,,False
生活区,BV1YBvhBhE1f,史上最无聊比赛,12666077,370364,50295,71025,3628,6526,上楼前随便乱看瞄一眼说不定还能有印象的,,上楼前随便乱看瞄一眼说不定还能有印象的,0,1,12,0,0,-1.0,0.0,1.0,1.0,0.08333333333333333,-1.0,0.0,1.0,0,0,0,0,0,0,0,1,对象评价,未明确对象,未明确方面,负面,0,0.5935838499806152,0.352367034510313,0.5935838499806152,0.054049115509071696,中性,中性,0.0,True
生活区,BV1YBvhBhE1f,史上最无聊比赛,12666077,370364,50295,71025,3628,6526,不等臂，不完全准确,,不等臂，不完全准确,0,1,5,0,0,-1.0,0.0,1.0,1.0,0.2,-1.0,0.0,1.0,0,0,0,0,0,0,0,1,对象评价,未明确对象,未明确方面,负面,-1,0.7703460246915308,0.7703460246915308,0.18142470358981516,0.04822927171865398,负面,负面,,False
生活区,BV1YBvhBhE1f,史上最无聊比赛,12666077,370364,50295,71025,3628,6526,《偷吃》,,偷吃,0,0,1,0,0,0.0,0.0,0.0,0.0,0.0,0.0,0.0,0.0,0,0,0,0,0,0,0,0,无明显情感,未明确对象,未明确方面,中性,0,0.6807631832565546,0.1811147925701896,0.6807631832565546,0.13812202417325567,中性,中性,,False
生活区,BV1YBvhBhE1f,史上最无聊比赛,12666077,370364,50295,71025,3628,6526,中山人告诉你们乳鸽一般都是38,,中山人告诉你们乳鸽一般都是38,0,0,8,0,0,0.0,0.0,0.0,0.0,0.0,0.0,0.0,0.0,0,0,0,0,0,0,0,0,无明显情感,未明确对象,未明确方面,中性,0,0.6051434425095723,0.2186420758585619,0.6051434425095723,0.1762144816318659,中性,中性,,False
生活区,BV1YBvhBhE1f,史上最无聊比赛,12666077,370364,50295,71025,3628,6526,他总是买单一号,,他总是买单一号,0,0,3,0,0,0.0,0.0,0.0,0.0,0.0,0.0,0.0,0.0,0,0,0,0,0,0,0,0,无明显情感,未明确对象,未明确方面,中性,1,0.5167468344835188,0.08294276358982988,0.40031040192665135,0.5167468344835188,正面,正面,,False
生活区,BV1YBvhBhE1f,史上最无聊比赛,12666077,370364,50295,71025,3628,6526,嘉豪（确信）,,嘉豪确信,0,0,2,0,0,0.0,0.0,0.0,0.0,0.0,0.0,0.0,0.0,0,0,0,0,0,0,0,0,无明显情感,未明确对象,未明确方面,中性,0,0.6585046096608349,0.14118285317383877,0.6585046096608349,0.20031253716532643,中性,中性,,False
生活区,BV1YBvhBhE1f,史上最无聊比赛,12666077,370364,50295,71025,3628,6526,《僵尸漫步》,,僵尸漫步,0,0,2,0,0,0.0,0.0,0.0,0.0,0.0,0.0,0.0,0.0,0,0,0,0,0,0,0,0,无明显情感,未明确对象,未明确方面,中性,0,0.6585046096608349,0.14118285317383877,0.6585046096608349,0.20031253716532643,中性,中性,,False
生活区,BV1YBvhBhE1f,史上最无聊比赛,12666077,370364,50295,71025,3628,6526,还得是点门！！,,还得是点门！！,0,0,5,2,0,0.0,0.0,0.0,0.0,0.0,0.0,0.0,0.0,0,0,0,0,0,0,0,0,无明显情感,未明确对象,未明确方面,中性,1,0.40028969211282545,0.32352230417138894,0.2761880037157857,0.40028969211282545,正面,正面,,False
生活区,BV1YBvhBhE1f,史上最无聊比赛,12666077,370364,50295,71025,3628,6526,美团疯了吧最近要干啥,,美团疯了吧最近要干啥,0,0,6,0,0,0.0,0.0,0.0,0.0,0.0,0.0,0.0,0.0,0,0,0,0,0,0,0,0,无明显情感,未明确对象,未明确方面,中性,0,0.4724330611065221,0.388728596667079,0.4724330611065221,0.13883834222639882,中性,中性,,False
生活区,BV1YBvhBhE1f,史上最无聊比赛,12666077,370364,50295,71025,3628,6526,君名bgm好评,,君名bgm好评,1,0,3,0,0,1.0,1.0,0.0,1.0,0.3333333333333333,1.0,1.0,0.0,0,0,0,0,0,0,0,1,对象评价,未明确对象,未明确方面,正面,1,0.7516537570770483,0.0841363375949634,0.16420990532798838,0.7516537570770483,正面,正面,1.0,True
生活区,BV1YBvhBhE1f,史上最无聊比赛,12666077,370364,50295,71025,3628,6526,这把我投小蓝，因为小蓝是后期选手,,这把我投小蓝，因为小蓝是后期选手,0,0,7,0,0,0.0,0.0,0.0,0.0,0.0,0.0,0.0,0.0,0,0,0,0,0,0,0,0,无明显情感,比赛内容,比赛表现,中性,0,0.8988941633796497,0.0520967515960007,0.8988941633796497,0.04900908502434966,中性,中性,,False
生活区,BV1YBvhBhE1f,史上最无聊比赛,12666077,370364,50295,71025,3628,6526,装甲重拳唉,,装甲重拳唉,0,0,3,0,0,0.0,0.0,0.0,0.0,0.0,0.0,0.0,0.0,0,0,0,0,0,0,0,0,无明显情感,未明确对象,未明确方面,中性,0,0.6525424904832393,0.14924331021065323,0.6525424904832393,0.19821419930610756,中性,中性,,False
生活区,BV1YBvhBhE1f,史上最无聊比赛,12666077,370364,50295,71025,3628,6526,真有同学吃这个！！,,真有同学吃这个！！,0,0,6,2,0,0.0,0.0,0.0,0.0,0.0,0.0,0.0,0.0,0,0,0,0,0,0,0,0,无明显情感,未明确对象,未明确方面,中性,-1,0.5846968100530388,0.5846968100530388,0.2143635242404385,0.2009396657065228,负面,负面,,False
生活区,BV1YBvhBhE1f,史上最无聊比赛,12666077,370364,50295,71025,3628,6526,小精灵衣服耐久度-25%,,小精灵衣服耐久度25,0,0,4,0,0,0.0,0.0,0.0,0.0,0.0,0.0,0.0,0.0,0,0,0,0,0,0,0,0,无明显情感,未明确对象,未明确方面,中性,-1,0.7330358050647766,0.7330358050647766,0.13914764920582864,0.12781654572939477,负面,负面,-1.0,True
生活区,BV1YBvhBhE1f,史上最无聊比赛,12666077,370364,50295,71025,3628,6526,小老师依旧小巧思,,小老师依旧小巧思,0,0,5,0,0,0.0,0.0,0.0,0.0,0.0,0.0,0.0,0.0,0,0,0,0,0,0,0,0,无明显情感,讲解者,未明确方面,中性,0,0.589979977730179,0.11014751804533786,0.589979977730179,0.29987250422448314,中性,中性,,False
生活区,BV1YBvhBhE1f,史上最无聊比赛,12666077,370364,50295,71025,3628,6526,复旦之光！！！,,复旦之光！！！,0,0,5,3,0,0.0,0.0,0.0,0.0,0.0,0.0,0.0,0.0,0,0,0,0,0,0,0,0,无明显情感,未明确对象,未明确方面,中性,1,0.6881561358393422,0.12994104576592685,0.18190281839473102,0.6881561358393422,正面,正面,1.0,True
生活区,BV1YBvhBhE1f,史上最无聊比赛,12666077,370364,50295,71025,3628,6526,对不起UP主，我以为小零食是鼻夹子呢,,对不起UP主，我以为小零食是鼻夹子呢,0,0,9,0,0,0.0,0.0,0.0,0.0,0.0,0.0,0.0,0.0,0,0,0,0,0,0,0,0,无明显情感,讲解者,未明确方面,中性,0,0.4452249164530913,0.4040462663025249,0.4452249164530913,0.1507288172443838,中性,中性,,False
生活区,BV1YBvhBhE1f,史上最无聊比赛,12666077,370364,50295,71025,3628,6526,你的郭雨，实力允许！！！,,你的郭雨，实力允许！！！,0,0,7,3,0,0.0,0.0,0.0,0.0,0.0,0.0,0.0,0.0,0,0,0,0,0,0,0,0,无明显情感,未明确对象,未明确方面,中性,-1,0.4294754929568967,0.4294754929568967,0.20285647123573472,0.3676680358073686,负面,正面,1.0,True
生活区,BV1YBvhBhE1f,史上最无聊比赛,12666077,370364,50295,71025,3628,6526,索隆和鬼彻三代：这个我熟,,索隆和鬼彻三代这个我熟,0,0,5,0,0,0.0,0.0,0.0,0.0,0.0,0.0,0.0,0.0,0,0,0,0,0,0,0,0,无明显情感,未明确对象,未明确方面,中性,0,0.6873528242392586,0.21480565862074777,0.6873528242392586,0.09784151713999359,中性,中性,,False
生活区,BV1YBvhBhE1f,史上最无聊比赛,12666077,370364,50295,71025,3628,6526,小老师涂黑色指甲真的绝配！尤其这个黑色衣服,,小老师涂黑色指甲真的绝配！尤其这个黑色衣服,0,0,11,1,0,0.0,0.0,0.0,0.0,0.0,0.0,0.0,0.0,0,0,0,0,0,0,0,0,无明显情感,讲解者,未明确方面,中性,0,0.5690932311508475,0.11270150464938145,0.5690932311508475,0.318205264199771,中性,中性,,False
生活区,BV1YBvhBhE1f,史上最无聊比赛,12666077,370364,50295,71025,3628,6526,三个人拼尽全力，最后获得平分,,三个人拼尽全力，最后获得平分,0,0,8,0,0,0.0,0.0,0.0,0.0,0.0,0.0,0.0,0.0,0,0,0,0,0,0,0,0,无明显情感,未明确对象,未明确方面,中性,-1,0.49902509052746025,0.49902509052746025,0.3408753924504649,0.16009951702207484,负面,负面,,False
生活区,BV1YBvhBhE1f,史上最无聊比赛,12666077,370364,50295,71025,3628,6526,这个黑色美甲好好看,,这个黑色美甲好好看,1,0,4,0,0,1.0,1.0,0.0,1.0,0.25,1.0,1.0,0.0,0,0,0,0,0,0,0,1,对象评价,未明确对象,视听体验,正面,1,0.8105275717326147,0.060898269910389165,0.12857415835699615,0.8105275717326147,正面,正面,1.0,True
生活区,BV1YBvhBhE1f,史上最无聊比赛,12666077,370364,50295,71025,3628,6526,你们上课吃姜？,,你们上课吃姜？,0,0,5,0,1,0.0,0.0,0.0,0.0,0.0,0.0,0.0,0.0,0,0,0,0,0,0,0,0,无明显情感,未明确对象,未明确方面,中性,-1,0.7933943455595486,0.7933943455595486,0.15806819724757712,0.04853745719287419,负面,负面,,False
生活区,BV1YBvhBhE1f,史上最无聊比赛,12666077,370364,50295,71025,3628,6526,有脚本！！！！！（小精灵音）,,有脚本！！！！！小精灵音,0,0,9,5,0,0.0,0.0,0.0,0.0,0.0,0.0,0.0,0.0,0,0,0,0,0,0,0,0,无明显情感,未明确对象,未明确方面,中性,-1,0.6765767488987959,0.6765767488987959,0.11555993906716103,0.2078633120340431,负面,负面,-1.0,True
生活区,BV1YBvhBhE1f,史上最无聊比赛,12666077,370364,50295,71025,3628,6526,原理用的是杠杆吧定理吧,,原理用的是杠杆吧定理吧,0,0,4,0,0,0.0,0.0,0.0,0.0,0.0,0.0,0.0,0.0,0,0,0,0,0,0,0,0,无明显情感,未明确对象,未明确方面,中性,0,0.8216776692670048,0.06267806724908129,0.8216776692670048,0.11564426348391389,中性,中性,,False
生活区,BV1YBvhBhE1f,史上最无聊比赛,12666077,370364,50295,71025,3628,6526,下一个是谁的主题曲！,,下一个是谁的主题曲！,0,0,4,1,0,0.0,0.0,0.0,0.0,0.0,0.0,0.0,0.0,0,0,0,0,0,0,0,0,无明显情感,未明确对象,未明确方面,中性,0,0.6977442570607514,0.16126407747630522,0.6977442570607514,0.14099166546294334,中性,中性,,False
生活区,BV1YBvhBhE1f,史上最无聊比赛,12666077,370364,50295,71025,3628,6526,小精灵：有脚本,,小精灵有脚本,0,0,3,0,0,0.0,0.0,0.0,0.0,0.0,0.0,0.0,0.0,0,0,0,0,0,0,0,0,无明显情感,未明确对象,未明确方面,中性,-1,0.8548338137714647,0.8548338137714647,0.07733521129835716,0.06783097493017809,负面,负面,,False
生活区,BV1YBvhBhE1f,史上最无聊比赛,12666077,370364,50295,71025,3628,6526,《12元吗》,,12元吗,0,0,2,0,0,0.0,0.0,0.0,0.0,0.0,0.0,0.0,0.0,0,0,0,0,0,0,0,0,无明显情感,未明确对象,未明确方面,中性,0,0.8721345715142592,0.048872592154983435,0.8721345715142592,0.07899283633075731,中性,中性,,False
生活区,BV1YBvhBhE1f,史上最无聊比赛,12666077,370364,50295,71025,3628,6526,我去？真来,,我去？真来,0,0,3,0,1,0.0,0.0,0.0,0.0,0.0,0.0,0.0,0.0,0,0,0,0,0,0,0,0,无明显情感,未明确对象,未明确方面,中性,-1,0.6703849057602408,0.6703849057602408,0.2872533243248542,0.04236176991490504,负面,负面,,False
生活区,BV1YBvhBhE1f,史上最无聊比赛,12666077,370364,50295,71025,3628,6526,《我的下巴独立升级》,,我的下巴独立升级,0,0,3,0,0,0.0,0.0,0.0,0.0,0.0,0.0,0.0,0.0,0,0,0,0,0,0,0,0,无明显情感,未明确对象,未明确方面,中性,0,0.8067667544676533,0.1061133113778961,0.8067667544676533,0.08711993415445053,中性,中性,,False
生活区,BV1YBvhBhE1f,史上最无聊比赛,12666077,370364,50295,71025,3628,6526,雅科长,,雅科长,0,0,2,0,0,0.0,0.0,0.0,0.0,0.0,0.0,0.0,0.0,0,0,0,0,0,0,0,0,无明显情感,未明确对象,未明确方面,中性,0,0.6585046096608349,0.14118285317383877,0.6585046096608349,0.20031253716532643,中性,中性,,False
生活区,BV1YBvhBhE1f,史上最无聊比赛,12666077,370364,50295,71025,3628,6526,可以先放手指上试试平衡点的,,可以先放手指上试试平衡点的,1,0,6,0,0,1.0,1.0,0.0,1.0,0.16666666666666666,1.0,1.0,0.0,0,0,0,0,0,0,0,1,对象评价,未明确对象,未明确方面,正面,0,0.5188484740181151,0.08181844433761037,0.5188484740181151,0.39933308164427456,中性,中性,0.0,True
生活区,BV1YBvhBhE1f,史上最无聊比赛,12666077,370364,50295,71025,3628,6526,女人善变！有品！,,女人善变！有品！,0,0,5,2,0,0.0,0.0,0.0,0.0,0.0,0.0,0.0,0.0,0,0,0,0,0,0,0,0,无明显情感,未明确对象,未明确方面,中性,0,0.5633484700524286,0.0581082119802693,0.5633484700524286,0.378543317967302,中性,中性,,False
生活区,BV1YBvhBhE1f,史上最无聊比赛,12666077,370364,50295,71025,3628,6526,很容易发出声响的，岂不是都能躺赢,,很容易发出声响的，岂不是都能躺赢,0,0,10,0,0,0.0,0.0,0.0,0.0,0.0,0.0,0.0,0.0,0,0,0,0,0,0,0,0,无明显情感,未明确对象,比赛表现,中性,-1,0.7380767838702067,0.7380767838702067,0.18498259166419045,0.07694062446560283,负面,负面,,False
生活区,BV1YBvhBhE1f,史上最无聊比赛,12666077,370364,50295,71025,3628,6526,上课吃瓜子的核心之一就是手剥,,上课吃瓜子的核心之一就是手剥,0,0,8,0,0,0.0,0.0,0.0,0.0,0.0,0.0,0.0,0.0,0,0,0,0,0,0,0,0,无明显情感,未明确对象,未明确方面,中性,-1,0.6034604311937748,0.6034604311937748,0.28753172878831257,0.10900784001791271,负面,负面,,False
生活区,BV1YBvhBhE1f,史上最无聊比赛,12666077,370364,50295,71025,3628,6526,女神女神女神水老师太牛了,,女神女神女神水老师太牛了,1,0,6,0,0,1.0,1.0,0.0,1.0,0.16666666666666666,1.0,1.0,0.0,0,0,0,0,0,0,0,1,对象评价,讲解者,未明确方面,正面,1,0.7881852084155252,0.04445956250776784,0.1673552290767069,0.7881852084155252,正面,正面,,False
生活区,BV1YBvhBhE1f,史上最无聊比赛,12666077,370364,50295,71025,3628,6526,他的下巴甚至把屏幕也给戳破了……太厉害啦。,,他的下巴甚至把屏幕也给戳破了太厉害啦。,1,0,11,0,0,1.0,1.0,0.0,1.0,0.09090909090909091,1.0,1.0,0.0,0,0,0,0,0,0,0,1,对象评价,未明确对象,未明确方面,正面,1,0.6604455850720267,0.07657448662981056,0.26297992829816286,0.6604455850720267,正面,正面,,False
生活区,BV1YBvhBhE1f,史上最无聊比赛,12666077,370364,50295,71025,3628,6526,小老师真的吃了吗？,,小老师真的吃了吗？,0,0,4,0,1,0.0,0.0,0.0,0.0,0.0,0.0,0.0,0.0,0,0,0,0,0,0,0,0,无明显情感,讲解者,未明确方面,中性,0,0.6869679199325467,0.19448999088298444,0.6869679199325467,0.11854208918446883,中性,中性,,False
生活区,BV1YBvhBhE1f,史上最无聊比赛,12666077,370364,50295,71025,3628,6526,梅开二度,,梅开二度,0,0,1,0,0,0.0,0.0,0.0,0.0,0.0,0.0,0.0,0.0,0,0,0,0,0,0,0,0,无明显情感,未明确对象,未明确方面,中性,0,0.6641811267415451,0.13348938228347546,0.6641811267415451,0.20232949097497943,中性,中性,,False
生活区,BV1YBvhBhE1f,史上最无聊比赛,12666077,370364,50295,71025,3628,6526,[OHHHHHHH],,OHHHHHHH,1,0,1,0,0,1.2,1.2,0.0,1.2,1.0,1.2,1.2,0.0,0,0,0,0,0,0,0,1,对象评价,未明确对象,未明确方面,正面,1,0.7406135643783034,0.17598250810310373,0.08340392751859296,0.7406135643783034,正面,正面,,False
生活区,BV1YBvhBhE1f,史上最无聊比赛,12666077,370364,50295,71025,3628,6526,只踩白线的修行,,只踩白线的修行,0,0,4,0,0,0.0,0.0,0.0,0.0,0.0,0.0,0.0,0.0,0,0,0,0,0,0,0,0,无明显情感,未明确对象,未明确方面,中性,0,0.5227986383220038,0.2833615006953987,0.5227986383220038,0.19383986098259762,中性,中性,,False
生活区,BV1YBvhBhE1f,史上最无聊比赛,12666077,370364,50295,71025,3628,6526,我凯他超23333,,我凯他超23333,1,0,3,0,0,1.2,1.2,0.0,1.2,0.3333333333333333,1.2,1.2,0.0,0,0,0,0,0,0,0,1,对象评价,未明确对象,未明确方面,正面,1,0.92220753524758,0.018195463243571724,0.059597001508848224,0.92220753524758,正面,正面,,False
生活区,BV1YBvhBhE1f,史上最无聊比赛,12666077,370364,50295,71025,3628,6526,[ohh],,ohh,1,0,1,0,0,1.2,1.2,0.0,1.2,1.0,1.2,1.2,0.0,0,0,0,0,0,0,0,1,对象评价,未明确对象,未明确方面,正面,1,0.7406135643783034,0.17598250810310373,0.08340392751859296,0.7406135643783034,正面,正面,,False
生活区,BV1YBvhBhE1f,史上最无聊比赛,12666077,370364,50295,71025,3628,6526,《文献检索》,,文献检索,0,0,1,0,0,0.0,0.0,0.0,0.0,0.0,0.0,0.0,0.0,0,0,0,0,0,0,0,0,无明显情感,未明确对象,未明确方面,中性,0,0.6641811267415451,0.13348938228347546,0.6641811267415451,0.20232949097497943,中性,中性,,False
生活区,BV1YBvhBhE1f,史上最无聊比赛,12666077,370364,50295,71025,3628,6526,水老师好可爱,,水老师好可爱,1,0,4,0,0,1.0,1.0,0.0,1.0,0.25,1.0,1.0,0.0,0,0,0,0,0,0,0,1,对象评价,讲解者,未明确方面,正面,1,0.9605672097303765,0.014526635283540923,0.024906154986082597,0.9605672097303765,正面,正面,,False
生活区,BV1YBvhBhE1f,史上最无聊比赛,12666077,370364,50295,71025,3628,6526,我不行了甲和△哈哈哈哈哈哈哈哈,,我不行了甲和哈哈哈哈哈哈哈哈,3,1,4,0,0,2.0,3.0,1.0,2.0,1.0,2.0,3.0,1.0,0,1,1,0,0,0,0,1,对象评价+自身情绪,未明确对象,娱乐与趣味,混合,1,0.9912191231835628,0.005779412828788687,0.003001463987648508,0.9912191231835628,正面,正面,,False
生活区,BV1YBvhBhE1f,史上最无聊比赛,12666077,370364,50295,71025,3628,6526,不愧是小精灵哈哈哈哈,,不愧是小精灵哈哈哈哈,2,0,3,0,0,2.0,2.0,0.0,2.0,0.6666666666666666,2.0,2.0,0.0,0,0,1,0,0,0,0,1,对象评价+自身情绪,未明确对象,娱乐与趣味,正面,1,0.9857480935014213,0.009395624154705238,0.004856282343873527,0.9857480935014213,正面,正面,,False
生活区,BV1YBvhBhE1f,史上最无聊比赛,12666077,370364,50295,71025,3628,6526,我能用鼻子吹口哨（嗯，是的，可以变调）,,我能用鼻子吹口哨嗯，是的，可以变调,2,0,9,0,0,2.0,2.0,0.0,2.0,0.2222222222222222,2.0,2.0,0.0,0,0,0,0,0,0,0,1,对象评价,未明确对象,未明确方面,正面,1,0.7556047855276687,0.1443885068732493,0.10000670759908188,0.7556047855276687,正面,正面,1.0,True
生活区,BV1YBvhBhE1f,史上最无聊比赛,12666077,370364,50295,71025,3628,6526,甜菜！,,甜菜！,0,0,2,1,0,0.0,0.0,0.0,0.0,0.0,0.0,0.0,0.0,0,0,0,0,0,0,0,0,无明显情感,未明确对象,未明确方面,中性,0,0.6014191404432303,0.04859558453785338,0.6014191404432303,0.3499852750189163,中性,中性,,False
生活区,BV1YBvhBhE1f,史上最无聊比赛,12666077,370364,50295,71025,3628,6526,瓜子啃有技术含量放在嘴里面先细品，然后他的歌就会松动在嘴里面就很简单的就剥开了,,瓜子啃有技术含量放在嘴里面先细品，然后他的歌就会松动在嘴里面就很简单的就剥开了,1,0,22,0,0,1.5,1.5,0.0,1.5,0.045454545454545456,1.5,1.5,0.0,0,0,0,0,0,0,0,1,对象评价,未明确对象,理解与难度,正面,-1,0.4793280374783875,0.4793280374783875,0.12876045525982496,0.39191150726178764,负面,正面,1.0,True
生活区,BV1YBvhBhE1f,史上最无聊比赛,12666077,370364,50295,71025,3628,6526,强迫症日常行为（,,强迫症日常行为,0,0,2,0,0,0.0,0.0,0.0,0.0,0.0,0.0,0.0,0.0,0,0,0,0,0,0,0,0,无明显情感,未明确对象,未明确方面,中性,0,0.6664262434752188,0.11967557807380362,0.6664262434752188,0.21389817845097753,中性,中性,,False
生活区,BV1YBvhBhE1f,史上最无聊比赛,12666077,370364,50295,71025,3628,6526,不是麦当劳吗？,,不是麦当劳吗？,0,0,3,0,1,0.0,0.0,0.0,0.0,0.0,0.0,0.0,0.0,0,0,0,0,0,0,0,0,无明显情感,未明确对象,未明确方面,中性,-1,0.5537364221530795,0.5537364221530795,0.4167723104422809,0.029491267404639476,负面,负面,,False
生活区,BV1YBvhBhE1f,史上最无聊比赛,12666077,370364,50295,71025,3628,6526,她真的好帅啊！！！,,她真的好帅啊！！！,1,0,4,3,0,1.0,1.0,0.0,1.0,0.25,1.0,1.0,0.0,0,0,0,0,0,0,0,1,对象评价,未明确对象,未明确方面,正面,1,0.8969301635376544,0.06726281116428165,0.03580702529806389,0.8969301635376544,正面,正面,,False
生活区,BV1YBvhBhE1f,史上最无聊比赛,12666077,370364,50295,71025,3628,6526,郭雨还是个老吃家,,郭雨还是个老吃家,0,0,4,0,0,0.0,0.0,0.0,0.0,0.0,0.0,0.0,0.0,0,0,0,0,0,0,0,0,无明显情感,未明确对象,未明确方面,中性,0,0.5717635103583991,0.3062152296287457,0.5717635103583991,0.12202126001285517,中性,中性,,False
生活区,BV1YBvhBhE1f,史上最无聊比赛,12666077,370364,50295,71025,3628,6526,五杀五杀五杀！（调整0.5倍速）,,五杀五杀五杀！调整0.5倍速,0,0,7,1,0,0.0,0.0,0.0,0.0,0.0,0.0,0.0,0.0,0,0,0,0,0,0,0,0,无明显情感,未明确对象,节奏与效率,中性,0,0.6262485387567329,0.09468388838803769,0.6262485387567329,0.27906757285522926,中性,中性,,False
生活区,BV1YBvhBhE1f,史上最无聊比赛,12666077,370364,50295,71025,3628,6526,她好帅！,,她好帅！,0,0,2,1,0,0.0,0.0,0.0,0.0,0.0,0.0,0.0,0.0,0,0,0,0,0,0,0,0,无明显情感,未明确对象,未明确方面,中性,0,0.5333455234481782,0.09938089926464551,0.5333455234481782,0.36727357728717613,中性,中性,,False
生活区,BV1YBvhBhE1f,史上最无聊比赛,12666077,370364,50295,71025,3628,6526,你的锅鱼实力允许！,,你的锅鱼实力允许！,0,0,5,1,0,0.0,0.0,0.0,0.0,0.0,0.0,0.0,0.0,0,0,0,0,0,0,0,0,无明显情感,未明确对象,未明确方面,中性,0,0.47890950087909956,0.15435776913676397,0.47890950087909956,0.36673272998413636,中性,中性,,False
生活区,BV1YBvhBhE1f,史上最无聊比赛,12666077,370364,50295,71025,3628,6526,谁会上课拿生姜当零食啊喂,,谁会上课拿生姜当零食啊喂,0,0,8,0,0,0.0,0.0,0.0,0.0,0.0,0.0,0.0,0.0,0,0,0,0,0,0,0,0,无明显情感,未明确对象,未明确方面,中性,-1,0.8796698638602336,0.8796698638602336,0.0827860528628489,0.037544083276917606,负面,负面,-1.0,True
生活区,BV1YBvhBhE1f,史上最无聊比赛,12666077,370364,50295,71025,3628,6526,[ohhh],,ohhh,1,0,1,0,0,1.2,1.2,0.0,1.2,1.0,1.2,1.2,0.0,0,0,0,0,0,0,0,1,对象评价,未明确对象,未明确方面,正面,1,0.7406135643783034,0.17598250810310373,0.08340392751859296,0.7406135643783034,正面,正面,,False
生活区,BV1YBvhBhE1f,史上最无聊比赛,12666077,370364,50295,71025,3628,6526,你还真别说，我同桌上课还真会吃这个,,你还真别说，我同桌上课还真会吃这个,0,0,10,0,0,0.0,0.0,0.0,0.0,0.0,0.0,0.0,0.0,0,0,0,0,0,0,0,0,无明显情感,未明确对象,未明确方面,中性,-1,0.7120547977803975,0.7120547977803975,0.15140015690839972,0.1365450453112029,负面,负面,,False
生活区,BV1YBvhBhE1f,史上最无聊比赛,12666077,370364,50295,71025,3628,6526,哈哈哈哈哈,,哈哈哈哈哈,2,0,2,0,0,2.0,2.0,0.0,2.0,1.0,2.0,2.0,0.0,0,0,1,0,0,0,0,1,对象评价+自身情绪,未明确对象,娱乐与趣味,正面,1,0.9831479669358976,0.00843019829629489,0.008421834767807562,0.9831479669358976,正面,正面,,False
生活区,BV1YBvhBhE1f,史上最无聊比赛,12666077,370364,50295,71025,3628,6526,上课正在吃东西，被老师叫起来答题，我一时答不上来干脆拿上桌面边吃边想边撇笑,,上课正在吃东西，被老师叫起来答题，我一时答不上来干脆拿上桌面边吃边想边撇笑,0,0,26,0,0,0.0,0.0,0.0,0.0,0.0,0.0,0.0,0.0,0,0,0,0,0,0,0,0,无明显情感,讲解者,未明确方面,中性,-1,0.7245873357357387,0.7245873357357387,0.19024341511441661,0.08516924914984464,负面,负面,,False
生活区,BV1YBvhBhE1f,史上最无聊比赛,12666077,370364,50295,71025,3628,6526,我甚至觉得没问题…,,我甚至觉得没问题,1,0,4,0,0,1.0,1.0,0.0,1.0,0.25,1.0,1.0,0.0,0,0,0,0,0,0,0,1,对象评价,未明确对象,未明确方面,正面,-1,0.4729889743412195,0.4729889743412195,0.0886523640501507,0.43835866160862985,负面,正面,1.0,True
生活区,BV1YBvhBhE1f,史上最无聊比赛,12666077,370364,50295,71025,3628,6526,一看就是美团的广,,一看就是美团的广,0,0,4,0,0,0.0,0.0,0.0,0.0,0.0,0.0,0.0,0.0,0,0,0,0,0,0,0,0,无明显情感,未明确对象,未明确方面,中性,0,0.653890616158264,0.1670045638515772,0.653890616158264,0.1791048199901587,中性,中性,,False
生活区,BV1YBvhBhE1f,史上最无聊比赛,12666077,370364,50295,71025,3628,6526,粤→广东→香港→九龙,,粤广东香港九龙,0,0,4,0,0,0.0,0.0,0.0,0.0,0.0,0.0,0.0,0.0,0,0,0,0,0,0,0,0,无明显情感,未明确对象,未明确方面,中性,0,0.6462878438700694,0.15767941730141277,0.6462878438700694,0.19603273882851782,中性,中性,,False
生活区,BV1YBvhBhE1f,史上最无聊比赛,12666077,370364,50295,71025,3628,6526,那为什么更近的反而排在后面？美团算法不行啊~~,,那为什么更近的反而排在后面？美团算法不行啊,0,1,10,0,1,-1.0,0.0,1.0,1.0,0.1,-1.0,0.0,1.0,1,0,0,0,0,0,0,1,对象评价,未明确对象,未明确方面,负面,-1,0.9036113716621252,0.9036113716621252,0.09194695687519909,0.004441671462675617,负面,负面,,False
生活区,BV1YBvhBhE1f,史上最无聊比赛,12666077,370364,50295,71025,3628,6526,概率,,概率,0,0,1,0,0,0.0,0.0,0.0,0.0,0.0,0.0,0.0,0.0,0,0,0,0,0,0,0,0,无明显情感,未明确对象,未明确方面,中性,0,0.6641811267415451,0.13348938228347546,0.6641811267415451,0.20232949097497943,中性,中性,,False
生活区,BV1YBvhBhE1f,史上最无聊比赛,12666077,370364,50295,71025,3628,6526,番茄最近推流很多,,番茄最近推流很多,0,0,4,0,0,0.0,0.0,0.0,0.0,0.0,0.0,0.0,0.0,0,0,0,0,0,0,0,0,无明显情感,未明确对象,未明确方面,中性,-1,0.41923969048984094,0.41923969048984094,0.41030766760799364,0.17045264190216539,负面,负面,,False
生活区,BV1YBvhBhE1f,史上最无聊比赛,12666077,370364,50295,71025,3628,6526,李四维!,,李四维!,0,0,3,1,0,0.0,0.0,0.0,0.0,0.0,0.0,0.0,0.0,0,0,0,0,0,0,0,0,无明显情感,未明确对象,未明确方面,中性,0,0.6278364039600505,0.1510026513050224,0.6278364039600505,0.22116094473492712,中性,中性,,False
生活区,BV1YBvhBhE1f,史上最无聊比赛,12666077,370364,50295,71025,3628,6526,用手指剥开就行,,用手指剥开就行,0,0,4,0,0,0.0,0.0,0.0,0.0,0.0,0.0,0.0,0.0,0,0,0,0,0,0,0,0,无明显情感,未明确对象,未明确方面,中性,0,0.7452189506251006,0.12286402488345027,0.7452189506251006,0.13191702449144918,中性,中性,,False
生活区,BV1YBvhBhE1f,史上最无聊比赛,12666077,370364,50295,71025,3628,6526,压力番茄的来了,,压力番茄的来了,0,1,3,0,0,-1.0,0.0,1.0,1.0,0.3333333333333333,-1.0,0.0,1.0,0,0,0,0,0,0,0,1,对象评价,未明确对象,未明确方面,负面,0,0.7144295711087995,0.2395658209510496,0.7144295711087995,0.04600460794015103,中性,中性,0.0,True
生活区,BV1YBvhBhE1f,史上最无聊比赛,12666077,370364,50295,71025,3628,6526,羽毛球赛同款“鹰眼”系统吗(Doge,,羽毛球赛同款鹰眼系统吗Doge,1,0,5,0,0,1.0,1.0,0.0,1.0,0.2,1.0,1.0,0.0,0,0,0,0,0,0,0,1,对象评价,未明确对象,未明确方面,正面,0,0.780908977041181,0.03950510612017533,0.780908977041181,0.17958591683864358,中性,中性,,False
生活区,BV1YBvhBhE1f,史上最无聊比赛,12666077,370364,50295,71025,3628,6526,小老师这个发型这个眼镜好萌,,小老师这个发型这个眼镜好萌,0,0,7,0,0,0.0,0.0,0.0,0.0,0.0,0.0,0.0,0.0,0,0,0,0,0,0,0,0,无明显情感,讲解者,未明确方面,中性,0,0.5725040378779526,0.23489083349699375,0.5725040378779526,0.19260512862505363,中性,中性,,False
生活区,BV1YBvhBhE1f,史上最无聊比赛,12666077,370364,50295,71025,3628,6526,二分之一必错定律哈哈哈我上学一直这样,,二分之一必错定律哈哈哈我上学一直这样,1,0,7,0,0,1.0,1.0,0.0,1.0,0.14285714285714285,1.0,1.0,0.0,0,0,1,0,0,0,0,1,对象评价+自身情绪,未明确对象,娱乐与趣味,正面,1,0.7454789323003995,0.13387288086022228,0.12064818683937806,0.7454789323003995,正面,正面,,False
生活区,BV1YBvhBhE1f,史上最无聊比赛,12666077,370364,50295,71025,3628,6526,计算器里面有,,计算器里面有,0,0,3,0,0,0.0,0.0,0.0,0.0,0.0,0.0,0.0,0.0,0,0,0,0,0,0,0,0,无明显情感,未明确对象,未明确方面,中性,-1,0.4831928966307124,0.4831928966307124,0.43816398853061245,0.0786431148386752,负面,负面,,False
生活区,BV1YBvhBhE1f,史上最无聊比赛,12666077,370364,50295,71025,3628,6526,雨哥：就不给你就不给你,,雨哥就不给你就不给你,0,0,7,0,0,0.0,0.0,0.0,0.0,0.0,0.0,0.0,0.0,0,0,0,0,0,0,0,0,无明显情感,未明确对象,未明确方面,中性,-1,0.45855511095324125,0.45855511095324125,0.43665954976242266,0.10478533928433606,负面,负面,,False
生活区,BV1YBvhBhE1f,史上最无聊比赛,12666077,370364,50295,71025,3628,6526,三个人拼尽全力，最后获得评分,,三个人拼尽全力，最后获得评分,0,0,8,0,0,0.0,0.0,0.0,0.0,0.0,0.0,0.0,0.0,0,0,0,0,0,0,0,0,无明显情感,未明确对象,未明确方面,中性,-1,0.49902509052746025,0.49902509052746025,0.3408753924504649,0.16009951702207484,负面,负面,,False
生活区,BV1YBvhBhE1f,史上最无聊比赛,12666077,370364,50295,71025,3628,6526,这个游戏的看点是反超！,,这个游戏的看点是反超！,0,0,5,1,0,0.0,0.0,0.0,0.0,0.0,0.0,0.0,0.0,0,0,0,0,0,0,0,0,无明显情感,未明确对象,未明确方面,中性,0,0.6413603515524076,0.17504479510073503,0.6413603515524076,0.1835948533468574,中性,中性,,False
生活区,BV1YBvhBhE1f,史上最无聊比赛,12666077,370364,50295,71025,3628,6526,竖着是对的,,竖着是对的,0,0,3,0,0,0.0,0.0,0.0,0.0,0.0,0.0,0.0,0.0,0,0,0,0,0,0,0,0,无明显情感,未明确对象,未明确方面,中性,0,0.570680572185281,0.2372070060448805,0.570680572185281,0.19211242176983853,中性,中性,0.0,True
生活区,BV1YBvhBhE1f,史上最无聊比赛,12666077,370364,50295,71025,3628,6526,霉开二度,,霉开二度,0,0,2,0,0,0.0,0.0,0.0,0.0,0.0,0.0,0.0,0.0,0,0,0,0,0,0,0,0,无明显情感,未明确对象,未明确方面,中性,0,0.6585046096608349,0.14118285317383877,0.6585046096608349,0.20031253716532643,中性,中性,,False
生活区,BV1YBvhBhE1f,史上最无聊比赛,12666077,370364,50295,71025,3628,6526,广州人秒答,,广州人秒答,0,0,4,0,0,0.0,0.0,0.0,0.0,0.0,0.0,0.0,0.0,0,0,0,0,0,0,0,0,无明显情感,未明确对象,未明确方面,中性,0,0.6423429188616835,0.08280013115379718,0.6423429188616835,0.2748569499845192,中性,中性,,False
生活区,BV1YBvhBhE1f,史上最无聊比赛,12666077,370364,50295,71025,3628,6526,木子米,,木子米,0,0,2,0,0,0.0,0.0,0.0,0.0,0.0,0.0,0.0,0.0,0,0,0,0,0,0,0,0,无明显情感,未明确对象,未明确方面,中性,0,0.6585046096608349,0.14118285317383877,0.6585046096608349,0.20031253716532643,中性,中性,,False
生活区,BV1YBvhBhE1f,史上最无聊比赛,12666077,370364,50295,71025,3628,6526,我震惊了，你们该不会在德必创意园吧,,我震惊了，你们该不会在德必创意园吧,0,1,9,0,0,-1.0,0.0,1.0,1.0,0.1111111111111111,-1.0,0.0,1.0,0,0,0,0,0,0,0,1,对象评价,未明确对象,未明确方面,负面,-1,0.5785934624528616,0.5785934624528616,0.38052590670532416,0.0408806308418143,负面,负面,,False
生活区,BV1YBvhBhE1f,史上最无聊比赛,12666077,370364,50295,71025,3628,6526,我只能说出个大致的时间。。,,我只能说出个大致的时间。。,0,0,7,0,0,0.0,0.0,0.0,0.0,0.0,0.0,0.0,0.0,0,0,0,0,0,0,0,0,无明显情感,未明确对象,未明确方面,中性,0,0.4629626684286818,0.4102134057286497,0.4629626684286818,0.12682392584266855,中性,中性,,False
生活区,BV1YBvhBhE1f,史上最无聊比赛,12666077,370364,50295,71025,3628,6526,诶老师他也吃了（bushi,,诶老师他也吃了bushi,0,0,5,0,0,0.0,0.0,0.0,0.0,0.0,0.0,0.0,0.0,0,0,0,0,0,0,0,0,无明显情感,讲解者,未明确方面,中性,0,0.46052989674570727,0.11247791412850401,0.46052989674570727,0.42699218912578873,中性,中性,,False
生活区,BV1YBvhBhE1f,史上最无聊比赛,12666077,370364,50295,71025,3628,6526,下一个是谁第六季到目前没赢过（,,下一个是谁第六季到目前没赢过,0,0,7,0,0,0.0,0.0,0.0,0.0,0.0,0.0,0.0,0.0,0,0,0,0,0,0,0,0,无明显情感,未明确对象,比赛表现,中性,0,0.5828036584633525,0.31177716725581395,0.5828036584633525,0.10541917428083367,中性,中性,,False
生活区,BV1YBvhBhE1f,史上最无聊比赛,12666077,370364,50295,71025,3628,6526,iPhone Air    PuraX   iPhone16Pro,,iPhoneAirPuraXiPhone16Pro,0,0,1,0,0,0.0,0.0,0.0,0.0,0.0,0.0,0.0,0.0,0,0,0,0,0,0,0,0,无明显情感,未明确对象,未明确方面,中性,0,0.7465766204193479,0.08437162640825147,0.7465766204193479,0.16905175317240045,中性,中性,,False
生活区,BV1YBvhBhE1f,史上最无聊比赛,12666077,370364,50295,71025,3628,6526,我能打一个小时............,,我能打一个小时............,0,0,4,0,0,0.0,0.0,0.0,0.0,0.0,0.0,0.0,0.0,0,0,0,0,0,0,0,0,无明显情感,未明确对象,未明确方面,中性,0,0.5603459303391717,0.2089946082612435,0.5603459303391717,0.23065946139958485,中性,中性,,False
生活区,BV1YBvhBhE1f,史上最无聊比赛,12666077,370364,50295,71025,3628,6526,老是听不到但老师早就看到了,,老是听不到但老师早就看到了,0,0,7,0,0,0.0,0.0,0.0,0.0,0.0,0.0,0.0,0.0,0,0,0,0,0,0,0,0,无明显情感,讲解者,未明确方面,中性,0,0.5662923631389675,0.218216242110723,0.5662923631389675,0.21549139475030948,中性,中性,,False
生活区,BV1YBvhBhE1f,史上最无聊比赛,12666077,370364,50295,71025,3628,6526,真神出现了！！！,,真神出现了！！！,0,0,5,3,0,0.0,0.0,0.0,0.0,0.0,0.0,0.0,0.0,0,0,0,0,0,0,0,0,无明显情感,未明确对象,未明确方面,中性,0,0.43533357762811237,0.19008386438477617,0.43533357762811237,0.3745825579871114,中性,正面,1.0,True
生活区,BV1YBvhBhE1f,史上最无聊比赛,12666077,370364,50295,71025,3628,6526,下一个切青椒正好来一个东北乱炖,,下一个切青椒正好来一个东北乱炖,0,0,7,0,0,0.0,0.0,0.0,0.0,0.0,0.0,0.0,0.0,0,0,0,0,0,0,0,0,无明显情感,未明确对象,未明确方面,中性,0,0.659674342992596,0.23146792923977358,0.659674342992596,0.10885772776763038,中性,中性,,False
生活区,BV1YBvhBhE1f,史上最无聊比赛,12666077,370364,50295,71025,3628,6526,吃一口哈哈哈哈哈夺笋啊,,吃一口哈哈哈哈哈夺笋啊,2,0,5,0,0,2.0,2.0,0.0,2.0,0.4,2.0,2.0,0.0,0,0,1,0,0,0,0,1,对象评价+自身情绪,未明确对象,娱乐与趣味,正面,1,0.9718105542128079,0.011396986595425106,0.016792459191766966,0.9718105542128079,正面,正面,,False
生活区,BV1YBvhBhE1f,史上最无聊比赛,12666077,370364,50295,71025,3628,6526,说是力矩，就是杠杆。,,说是力矩，就是杠杆。,0,0,6,0,0,0.0,0.0,0.0,0.0,0.0,0.0,0.0,0.0,0,0,0,0,0,0,0,0,无明显情感,未明确对象,未明确方面,中性,0,0.6375405481367223,0.18228729134535393,0.6375405481367223,0.18017216051792376,中性,中性,,False
生活区,BV1YBvhBhE1f,史上最无聊比赛,12666077,370364,50295,71025,3628,6526,居然是自相残杀吗,,居然是自相残杀吗,0,0,2,0,0,0.0,0.0,0.0,0.0,0.0,0.0,0.0,0.0,0,0,0,0,0,0,0,0,无明显情感,未明确对象,未明确方面,中性,0,0.6881738007916602,0.1559986943414606,0.6881738007916602,0.15582750486687913,中性,中性,,False
生活区,BV1YBvhBhE1f,史上最无聊比赛,12666077,370364,50295,71025,3628,6526,小老师手好好看,,小老师手好好看,1,0,4,0,0,1.0,1.0,0.0,1.0,0.25,1.0,1.0,0.0,0,0,0,0,0,0,0,1,对象评价,讲解者,视听体验,正面,1,0.8376480425999275,0.0422200120546296,0.12013194534544273,0.8376480425999275,正面,正面,,False
生活区,BV1YBvhBhE1f,史上最无聊比赛,12666077,370364,50295,71025,3628,6526,所有题用的都是ABCD，所以只有B是对的 是嘛,,所有题用的都是ABCD，所以只有B是对的是嘛,0,0,10,0,0,0.0,0.0,0.0,0.0,0.0,0.0,0.0,0.0,0,0,0,0,0,0,0,0,无明显情感,未明确对象,未明确方面,中性,0,0.8453491016981793,0.06695833691689178,0.8453491016981793,0.08769256138492895,中性,中性,,False
生活区,BV1YBvhBhE1f,史上最无聊比赛,12666077,370364,50295,71025,3628,6526,不要磕最下面，从头开始磕，有一点裂纹就不吵了,,不要磕最下面，从头开始磕，有一点裂纹就不吵了,0,0,14,0,0,0.0,0.0,0.0,0.0,0.0,0.0,0.0,0.0,0,0,0,0,0,0,0,0,无明显情感,未明确对象,未明确方面,中性,-1,0.777612478556747,0.777612478556747,0.18742039962525642,0.034967121817996605,负面,负面,,False
生活区,BV1YBvhBhE1f,史上最无聊比赛,12666077,370364,50295,71025,3628,6526,请不要在戏院里食用,,请不要在戏院里食用,0,0,6,0,0,0.0,0.0,0.0,0.0,0.0,0.0,0.0,0.0,0,0,0,0,0,0,0,0,无明显情感,未明确对象,未明确方面,中性,0,0.6229226720903495,0.1896133763211602,0.6229226720903495,0.1874639515884903,中性,中性,,False
生活区,BV1YBvhBhE1f,史上最无聊比赛,12666077,370364,50295,71025,3628,6526,应该要换的朋友们,,应该要换的朋友们,0,0,4,0,0,0.0,0.0,0.0,0.0,0.0,0.0,0.0,0.0,0,0,0,0,0,0,0,0,无明显情感,未明确对象,未明确方面,中性,0,0.6488320649024699,0.125815091711853,0.6488320649024699,0.2253528433856771,中性,中性,,False
生活区,BV1YBvhBhE1f,史上最无聊比赛,12666077,370364,50295,71025,3628,6526,是小精灵！他用了Misdirection！,,是小精灵！他用了Misdirection！,0,0,5,2,0,0.0,0.0,0.0,0.0,0.0,0.0,0.0,0.0,0,0,0,0,0,0,0,0,无明显情感,未明确对象,未明确方面,中性,1,0.3812963000200237,0.3714445998363764,0.24725910014359992,0.3812963000200237,正面,正面,,False
生活区,BV1YBvhBhE1f,史上最无聊比赛,12666077,370364,50295,71025,3628,6526,老师：？,,老师？,0,0,2,0,1,0.0,0.0,0.0,0.0,0.0,0.0,0.0,0.0,0,0,0,0,0,0,0,0,无明显情感,讲解者,未明确方面,中性,0,0.5264920541197791,0.3349847210780255,0.5264920541197791,0.13852322480219556,中性,中性,,False
生活区,BV1YBvhBhE1f,史上最无聊比赛,12666077,370364,50295,71025,3628,6526,节目效果这块,,节目效果这块,0,0,3,0,0,0.0,0.0,0.0,0.0,0.0,0.0,0.0,0.0,0,0,0,0,0,0,0,0,无明显情感,未明确对象,娱乐与趣味,中性,0,0.6525424904832393,0.14924331021065323,0.6525424904832393,0.19821419930610756,中性,中性,,False
生活区,BV1YBvhBhE1f,史上最无聊比赛,12666077,370364,50295,71025,3628,6526,掰着一点一点吃呗～,,掰着一点一点吃呗,0,0,5,0,0,0.0,0.0,0.0,0.0,0.0,0.0,0.0,0.0,0,0,0,0,0,0,0,0,无明显情感,未明确对象,未明确方面,中性,0,0.6158667326826528,0.24537135367780286,0.6158667326826528,0.1387619136395443,中性,中性,,False
生活区,BV1YBvhBhE1f,史上最无聊比赛,12666077,370364,50295,71025,3628,6526,广东中山人告诉你石岐乳鸽外面卖至少35,,广东中山人告诉你石岐乳鸽外面卖至少35,0,0,10,0,0,0.0,0.0,0.0,0.0,0.0,0.0,0.0,0.0,0,0,0,0,0,0,0,0,无明显情感,未明确对象,未明确方面,中性,0,0.6466908190711121,0.1596653829541692,0.6466908190711121,0.1936437979747187,中性,中性,,False
生活区,BV1YBvhBhE1f,史上最无聊比赛,12666077,370364,50295,71025,3628,6526,她好帅 她好帅啊,,她好帅她好帅啊,0,0,2,0,0,0.0,0.0,0.0,0.0,0.0,0.0,0.0,0.0,0,0,0,0,0,0,0,0,无明显情感,未明确对象,未明确方面,中性,0,0.4746265856835372,0.20418779922129518,0.4746265856835372,0.3211856150951677,中性,中性,,False
生活区,BV1YBvhBhE1f,史上最无聊比赛,12666077,370364,50295,71025,3628,6526,其实老师能看到只是看你已经尽量降低存在感了就假装没发现,,其实老师能看到只是看你已经尽量降低存在感了就假装没发现,0,0,15,0,0,0.0,0.0,0.0,0.0,0.0,0.0,0.0,0.0,1,0,0,0,0,0,0,0,无明显情感,讲解者,未明确方面,中性,-1,0.4610484897095801,0.4610484897095801,0.39847269507501076,0.14047881521540911,负面,中性,0.0,True
生活区,BV1YBvhBhE1f,史上最无聊比赛,12666077,370364,50295,71025,3628,6526,水老师好萌,,水老师好萌,0,0,3,0,0,0.0,0.0,0.0,0.0,0.0,0.0,0.0,0.0,0,0,0,0,0,0,0,0,无明显情感,讲解者,未明确方面,中性,1,0.5427378187113865,0.06327634097104073,0.3939858403175728,0.5427378187113865,正面,中性,,False
生活区,BV1YBvhBhE1f,史上最无聊比赛,12666077,370364,50295,71025,3628,6526,九龙吧，毕竟九龙区,,九龙吧，毕竟九龙区,0,0,4,0,0,0.0,0.0,0.0,0.0,0.0,0.0,0.0,0.0,0,0,0,0,0,0,0,0,无明显情感,未明确对象,未明确方面,中性,0,0.5995691057980053,0.24426720830440737,0.5995691057980053,0.15616368589758728,中性,中性,,False
生活区,BV1YBvhBhE1f,史上最无聊比赛,12666077,370364,50295,71025,3628,6526,一点点超快的！我有过一公里十分钟之内送达的记录 可能是因为单少,,一点点超快的！我有过一公里十分钟之内送达的记录可能是因为单少,0,0,14,1,0,0.0,0.0,0.0,0.0,0.0,0.0,0.0,0.0,0,0,0,0,0,0,0,0,无明显情感,未明确对象,未明确方面,中性,-1,0.5041581334466654,0.5041581334466654,0.45128241716496176,0.04455944938837278,负面,负面,,False
生活区,BV1YBvhBhE1f,史上最无聊比赛,12666077,370364,50295,71025,3628,6526,她好帅啊！！！！！！,,她好帅啊！！！！！！,0,0,7,6,0,0.0,0.0,0.0,0.0,0.0,0.0,0.0,0.0,0,0,0,0,0,0,0,0,无明显情感,未明确对象,未明确方面,中性,1,0.5232163801262752,0.2955731410401834,0.18121047883354138,0.5232163801262752,正面,正面,,False
生活区,BV1YBvhBhE1f,史上最无聊比赛,12666077,370364,50295,71025,3628,6526,她好帅啊,,她好帅啊,0,0,1,0,0,0.0,0.0,0.0,0.0,0.0,0.0,0.0,0.0,0,0,0,0,0,0,0,0,无明显情感,未明确对象,未明确方面,中性,0,0.4374061314636949,0.2348698159477488,0.4374061314636949,0.32772405258855636,中性,中性,,False
生活区,BV1YBvhBhE1f,史上最无聊比赛,12666077,370364,50295,71025,3628,6526,为啥我的手机计算器没有汇率换算？,,为啥我的手机计算器没有汇率换算？,0,0,7,0,1,0.0,0.0,0.0,0.0,0.0,0.0,0.0,0.0,0,0,0,0,0,0,0,0,无明显情感,未明确对象,未明确方面,中性,-1,0.8755519122564304,0.8755519122564304,0.11361881187311335,0.01082927587045636,负面,负面,,False
生活区,BV1YBvhBhE1f,史上最无聊比赛,12666077,370364,50295,71025,3628,6526,用牙齿咬破洞放气，然后咬开,,用牙齿咬破洞放气，然后咬开,0,0,7,0,0,0.0,0.0,0.0,0.0,0.0,0.0,0.0,0.0,0,0,0,0,0,0,0,0,无明显情感,未明确对象,未明确方面,中性,0,0.8090236858785599,0.09084967070340931,0.8090236858785599,0.10012664341803083,中性,中性,,False
生活区,BV1YBvhBhE1f,史上最无聊比赛,12666077,370364,50295,71025,3628,6526,录制地点在家旁边,,录制地点在家旁边,0,0,4,0,0,0.0,0.0,0.0,0.0,0.0,0.0,0.0,0.0,0,0,0,0,0,0,0,0,无明显情感,未明确对象,未明确方面,中性,0,0.6462878438700694,0.15767941730141277,0.6462878438700694,0.19603273882851782,中性,中性,,False
生活区,BV1YBvhBhE1f,史上最无聊比赛,12666077,370364,50295,71025,3628,6526,哈哈 并不需要偷吃,,哈哈并不需要偷吃,1,0,3,0,0,1.0,1.0,0.0,1.0,0.3333333333333333,1.0,1.0,0.0,0,0,1,0,0,0,0,1,对象评价+自身情绪,未明确对象,娱乐与趣味,正面,1,0.5127952903712059,0.14346511037977117,0.3437395992490229,0.5127952903712059,正面,正面,,False
生活区,BV1YBvhBhE1f,史上最无聊比赛,12666077,370364,50295,71025,3628,6526,学超级小能猫呢？,,学超级小能猫呢？,0,0,5,0,1,0.0,0.0,0.0,0.0,0.0,0.0,0.0,0.0,0,0,0,0,0,0,0,0,无明显情感,未明确对象,未明确方面,中性,-1,0.5000268737293987,0.5000268737293987,0.47582558502524747,0.024147541245353805,负面,负面,,False
生活区,BV1YBvhBhE1f,史上最无聊比赛,12666077,370364,50295,71025,3628,6526,麦当劳是粤菜，麦当劳在所有省份中密度最大的是广东,,麦当劳是粤菜，麦当劳在所有省份中密度最大的是广东,0,0,10,0,0,0.0,0.0,0.0,0.0,0.0,0.0,0.0,0.0,0,0,0,0,0,0,0,0,无明显情感,未明确对象,未明确方面,中性,0,0.7226920634389205,0.16233940071998712,0.7226920634389205,0.11496853584109225,中性,中性,,False
生活区,BV1YBvhBhE1f,史上最无聊比赛,12666077,370364,50295,71025,3628,6526,番茄之光,,番茄之光,0,0,2,0,0,0.0,0.0,0.0,0.0,0.0,0.0,0.0,0.0,0,0,0,0,0,0,0,0,无明显情感,未明确对象,未明确方面,中性,0,0.41272839194966887,0.2764706495611689,0.41272839194966887,0.3108009584891622,中性,中性,,False
生活区,BV1YBvhBhE1f,史上最无聊比赛,12666077,370364,50295,71025,3628,6526,听愚人码头知道的九龙冰室,,听愚人码头知道的九龙冰室,0,0,6,0,0,0.0,0.0,0.0,0.0,0.0,0.0,0.0,0.0,0,0,0,0,0,0,0,0,无明显情感,未明确对象,未明确方面,中性,-1,0.525340609111601,0.525340609111601,0.30317454757275236,0.17148484331564678,负面,负面,,False
生活区,BV1YBvhBhE1f,史上最无聊比赛,12666077,370364,50295,71025,3628,6526,谁？,,谁？,0,0,2,0,1,0.0,0.0,0.0,0.0,0.0,0.0,0.0,0.0,0,0,0,0,0,0,0,0,无明显情感,未明确对象,未明确方面,中性,0,0.5027729389018437,0.4525505944204992,0.5027729389018437,0.04467646667765705,中性,中性,,False
生活区,BV1YBvhBhE1f,史上最无聊比赛,12666077,370364,50295,71025,3628,6526,她好帅啊！！,,她好帅啊！！,0,0,3,2,0,0.0,0.0,0.0,0.0,0.0,0.0,0.0,0.0,0,0,0,0,0,0,0,0,无明显情感,未明确对象,未明确方面,中性,1,0.6425875405397172,0.16691388316821254,0.19049857629207012,0.6425875405397172,正面,正面,,False
生活区,BV1YBvhBhE1f,史上最无聊比赛,12666077,370364,50295,71025,3628,6526,怎么可能16.9的,,怎么可能16.9的,0,0,3,0,0,0.0,0.0,0.0,0.0,0.0,0.0,0.0,0.0,0,0,0,0,0,0,0,0,无明显情感,未明确对象,未明确方面,中性,0,0.4500707019696865,0.4072383668762575,0.4500707019696865,0.14269093115405593,中性,中性,,False
生活区,BV1YBvhBhE1f,史上最无聊比赛,12666077,370364,50295,71025,3628,6526,复旦之光！！,,复旦之光！！,0,0,4,2,0,0.0,0.0,0.0,0.0,0.0,0.0,0.0,0.0,0,0,0,0,0,0,0,0,无明显情感,未明确对象,未明确方面,中性,1,0.694728648789111,0.09310937368980583,0.21216197752108315,0.694728648789111,正面,正面,1.0,True
生活区,BV1YBvhBhE1f,史上最无聊比赛,12666077,370364,50295,71025,3628,6526,她好帅！！,,她好帅！！,0,0,3,2,0,0.0,0.0,0.0,0.0,0.0,0.0,0.0,0.0,0,0,0,0,0,0,0,0,无明显情感,未明确对象,未明确方面,中性,1,0.4155317872370381,0.3073003892454982,0.27716782351746383,0.4155317872370381,正面,正面,,False
生活区,BV1YBvhBhE1f,史上最无聊比赛,12666077,370364,50295,71025,3628,6526,重心两边的质量其实是不对称的，长的一边更轻,,重心两边的质量其实是不对称的，长的一边更轻,0,0,11,0,0,0.0,0.0,0.0,0.0,0.0,0.0,0.0,0.0,0,0,0,0,0,0,0,0,无明显情感,未明确对象,未明确方面,中性,-1,0.7569076213789461,0.7569076213789461,0.21564665425234153,0.027445724368712378,负面,负面,,False
生活区,BV1YBvhBhE1f,史上最无聊比赛,12666077,370364,50295,71025,3628,6526,真正的复旦之光啊！,,真正的复旦之光啊！,0,0,4,1,0,0.0,0.0,0.0,0.0,0.0,0.0,0.0,0.0,0,0,0,0,0,0,0,0,无明显情感,未明确对象,未明确方面,中性,1,0.7325580502085468,0.09867519949582294,0.1687667502956302,0.7325580502085468,正面,正面,1.0,True
生活区,BV1YBvhBhE1f,史上最无聊比赛,12666077,370364,50295,71025,3628,6526,我听学霸讨论be like：,,我听学霸讨论belike,0,0,4,0,0,0.0,0.0,0.0,0.0,0.0,0.0,0.0,0.0,0,0,0,0,0,0,0,0,无明显情感,未明确对象,未明确方面,中性,0,0.621024359212175,0.23588417098859824,0.621024359212175,0.1430914697992267,中性,中性,0.0,True
生活区,BV1YBvhBhE1f,史上最无聊比赛,12666077,370364,50295,71025,3628,6526,当然是自己一口气吃完,,当然是自己一口气吃完,0,0,5,0,0,0.0,0.0,0.0,0.0,0.0,0.0,0.0,0.0,0,0,0,0,0,0,0,0,无明显情感,未明确对象,未明确方面,中性,0,0.7535105536888311,0.09635653725668404,0.7535105536888311,0.1501329090544849,中性,中性,,False
生活区,BV1YBvhBhE1f,史上最无聊比赛,12666077,370364,50295,71025,3628,6526,还有心理战术,,还有心理战术,0,0,2,0,0,0.0,0.0,0.0,0.0,0.0,0.0,0.0,0.0,0,0,0,0,0,0,0,0,无明显情感,未明确对象,未明确方面,中性,0,0.34839426652430927,0.315149535313164,0.34839426652430927,0.33645619816252686,中性,中性,,False
生活区,BV1YBvhBhE1f,史上最无聊比赛,12666077,370364,50295,71025,3628,6526,怎么还有作弊飞蛾,,怎么还有作弊飞蛾,0,0,4,0,0,0.0,0.0,0.0,0.0,0.0,0.0,0.0,0.0,0,0,0,0,0,0,0,0,无明显情感,未明确对象,未明确方面,中性,-1,0.6301441099003019,0.6301441099003019,0.22077990661539448,0.1490759834843036,负面,负面,,False
生活区,BV1YBvhBhE1f,史上最无聊比赛,12666077,370364,50295,71025,3628,6526,少用牙齿，多用舌头的力量啊！,,少用牙齿，多用舌头的力量啊！,0,0,8,1,0,0.0,0.0,0.0,0.0,0.0,0.0,0.0,0.0,0,0,0,0,0,0,0,0,无明显情感,未明确对象,未明确方面,中性,1,0.41859932378703263,0.22253226932083958,0.3588684068921278,0.41859932378703263,正面,中性,0.0,True
生活区,BV1YBvhBhE1f,史上最无聊比赛,12666077,370364,50295,71025,3628,6526,如果你没好好读书你就无法一碗水端平！,,如果你没好好读书你就无法一碗水端平！,0,0,8,1,0,0.0,0.0,0.0,0.0,0.0,0.0,0.0,0.0,0,0,0,0,0,0,0,0,无明显情感,未明确对象,未明确方面,中性,1,0.3774922246241285,0.31360519800483555,0.30890257737103594,0.3774922246241285,正面,中性,,False
生活区,BV1YBvhBhE1f,史上最无聊比赛,12666077,370364,50295,71025,3628,6526,翘脚牛肉一般是青椒皮蛋擂茄子,,翘脚牛肉一般是青椒皮蛋擂茄子,0,0,7,0,0,0.0,0.0,0.0,0.0,0.0,0.0,0.0,0.0,0,0,0,0,0,0,0,0,无明显情感,未明确对象,未明确方面,中性,0,0.6008646171709441,0.25751635788950866,0.6008646171709441,0.14161902493954723,中性,中性,,False
生活区,BV1YBvhBhE1f,史上最无聊比赛,12666077,370364,50295,71025,3628,6526,小老师用的好像是华为的小胖墩,,小老师用的好像是华为的小胖墩,0,0,7,0,0,0.0,0.0,0.0,0.0,0.0,0.0,0.0,0.0,0,0,0,0,0,0,0,0,无明显情感,讲解者,未明确方面,中性,0,0.5935088103111366,0.1303371699404778,0.5935088103111366,0.27615401974838555,中性,中性,,False
生活区,BV1YBvhBhE1f,史上最无聊比赛,12666077,370364,50295,71025,3628,6526,我靠，我以为是我手机铃声响了,,我靠，我以为是我手机铃声响了,0,0,6,0,0,0.0,0.0,0.0,0.0,0.0,0.0,0.0,0.0,0,0,0,0,0,0,0,0,无明显情感,未明确对象,未明确方面,中性,0,0.47339030264169224,0.3438037742878994,0.47339030264169224,0.18280592307040852,中性,中性,,False
生活区,BV1YBvhBhE1f,史上最无聊比赛,12666077,370364,50295,71025,3628,6526,注意那不是下巴,,注意那不是下巴,0,0,3,0,0,0.0,0.0,0.0,0.0,0.0,0.0,0.0,0.0,0,0,0,0,0,0,0,0,无明显情感,未明确对象,未明确方面,中性,0,0.6616819170010252,0.26564541039583517,0.6616819170010252,0.07267267260313955,中性,中性,,False
生活区,BV1YBvhBhE1f,史上最无聊比赛,12666077,370364,50295,71025,3628,6526,这个很实用。,,这个很实用。,1,0,4,0,0,1.0,1.0,0.0,1.0,0.25,1.0,1.0,0.0,0,0,0,0,0,0,0,1,对象评价,未明确对象,实用与收获,正面,1,0.7234528467255219,0.09047238935568531,0.18607476391879277,0.7234528467255219,正面,正面,1.0,True
生活区,BV1YBvhBhE1f,史上最无聊比赛,12666077,370364,50295,71025,3628,6526,她好帅呀,,她好帅呀,0,0,1,0,0,0.0,0.0,0.0,0.0,0.0,0.0,0.0,0.0,0,0,0,0,0,0,0,0,无明显情感,未明确对象,未明确方面,中性,0,0.5320041794894568,0.10947802954343622,0.5320041794894568,0.35851779096710706,中性,中性,,False
生活区,BV1YBvhBhE1f,史上最无聊比赛,12666077,370364,50295,71025,3628,6526,还是本命武魂好用,,还是本命武魂好用,1,0,4,0,0,1.0,1.0,0.0,1.0,0.25,1.0,1.0,0.0,0,0,0,0,0,0,0,1,对象评价,未明确对象,未明确方面,正面,1,0.640748450193007,0.17652051800081983,0.18273103180617317,0.640748450193007,正面,正面,1.0,True
生活区,BV1YBvhBhE1f,史上最无聊比赛,12666077,370364,50295,71025,3628,6526,？,,？,0,0,1,0,1,0.0,0.0,0.0,0.0,0.0,0.0,0.0,0.0,0,0,0,0,0,0,0,0,无明显情感,未明确对象,未明确方面,中性,-1,0.5026855283824632,0.5026855283824632,0.43069194972243574,0.066622521895101,负面,负面,,False
生活区,BV1YBvhBhE1f,史上最无聊比赛,12666077,370364,50295,71025,3628,6526,婚戒有戴食指上的吗？↑,,婚戒有戴食指上的吗？,0,0,6,0,1,0.0,0.0,0.0,0.0,0.0,0.0,0.0,0.0,0,0,0,0,0,0,0,0,无明显情感,未明确对象,未明确方面,中性,-1,0.5425499357752962,0.5425499357752962,0.40231769371852355,0.055132370506180216,负面,负面,,False
生活区,BV1YBvhBhE1f,史上最无聊比赛,12666077,370364,50295,71025,3628,6526,概率论！,,概率论！,0,0,2,1,0,0.0,0.0,0.0,0.0,0.0,0.0,0.0,0.0,0,0,0,0,0,0,0,0,无明显情感,未明确对象,未明确方面,中性,0,0.6014191404432303,0.04859558453785338,0.6014191404432303,0.3499852750189163,中性,中性,,False
生活区,BV1YBvhBhE1f,史上最无聊比赛,12666077,370364,50295,71025,3628,6526,番茄算的没问题但是反应慢（,,番茄算的没问题但是反应慢,1,0,7,0,0,1.0,1.0,0.0,1.0,0.14285714285714285,1.0,1.0,0.0,1,0,0,0,0,0,0,1,对象评价,未明确对象,未明确方面,正面,-1,0.7982482238936075,0.7982482238936075,0.06595961018284024,0.13579216592355225,负面,负面,-1.0,True
生活区,BV1YBvhBhE1f,史上最无聊比赛,12666077,370364,50295,71025,3628,6526,物理重心不是会因为杠杆变形吗,,物理重心不是会因为杠杆变形吗,0,0,7,0,0,0.0,0.0,0.0,0.0,0.0,0.0,0.0,0.0,0,0,0,0,0,0,0,0,无明显情感,未明确对象,未明确方面,中性,0,0.8187119974336396,0.15330304329553418,0.8187119974336396,0.027984959270826112,中性,中性,,False
生活区,BV1YBvhBhE1f,史上最无聊比赛,12666077,370364,50295,71025,3628,6526,不需要尺子能裁纸，不知道有什么用,,不需要尺子能裁纸，不知道有什么用,0,0,11,0,0,0.0,0.0,0.0,0.0,0.0,0.0,0.0,0.0,0,0,0,0,0,0,0,0,无明显情感,未明确对象,未明确方面,中性,-1,0.9422612250981433,0.9422612250981433,0.048358659147074774,0.009380115754781992,负面,负面,,False
生活区,BV1YBvhBhE1f,史上最无聊比赛,12666077,370364,50295,71025,3628,6526,放桌子边缘找重心,,放桌子边缘找重心,0,0,5,0,0,0.0,0.0,0.0,0.0,0.0,0.0,0.0,0.0,0,0,0,0,0,0,0,0,无明显情感,未明确对象,未明确方面,中性,0,0.6156952566489909,0.20875179206682964,0.6156952566489909,0.1755529512841794,中性,中性,,False
生活区,BV1YBvhBhE1f,史上最无聊比赛,12666077,370364,50295,71025,3628,6526,《一分钟》,,一分钟,0,0,1,0,0,0.0,0.0,0.0,0.0,0.0,0.0,0.0,0.0,0,0,0,0,0,0,0,0,无明显情感,未明确对象,未明确方面,中性,0,0.6641811267415451,0.13348938228347546,0.6641811267415451,0.20232949097497943,中性,中性,,False
生活区,BV1YBvhBhE1f,史上最无聊比赛,12666077,370364,50295,71025,3628,6526,没人比他更懂番茄,,没人比他更懂番茄,0,0,5,0,0,0.0,0.0,0.0,0.0,0.0,0.0,0.0,0.0,0,0,0,0,0,0,0,0,无明显情感,未明确对象,未明确方面,中性,0,0.4375459861056941,0.2737050152453924,0.4375459861056941,0.28874899864891346,中性,中性,,False
生活区,BV1YBvhBhE1f,史上最无聊比赛,12666077,370364,50295,71025,3628,6526,肖四女我们这里也有，超级好吃，挺清淡的,,肖四女我们这里也有，超级好吃，挺清淡的,0,0,11,0,0,0.0,0.0,0.0,0.0,0.0,0.0,0.0,0.0,0,0,0,0,0,0,0,0,无明显情感,未明确对象,未明确方面,中性,-1,0.6445653975347374,0.6445653975347374,0.30574952052864024,0.04968508193662234,负面,负面,,False
生活区,BV1YBvhBhE1f,史上最无聊比赛,12666077,370364,50295,71025,3628,6526,这种就是经常看时间。然后可以推测出来的,,这种就是经常看时间。然后可以推测出来的,1,0,10,0,0,1.0,1.0,0.0,1.0,0.1,1.0,1.0,0.0,0,0,0,0,0,0,0,1,对象评价,未明确对象,未明确方面,正面,0,0.6244169202030567,0.04568181565597721,0.6244169202030567,0.32990126414096616,中性,中性,0.0,True
生活区,BV1YBvhBhE1f,史上最无聊比赛,12666077,370364,50295,71025,3628,6526,来11,,来11,0,0,2,0,0,0.0,0.0,0.0,0.0,0.0,0.0,0.0,0.0,0,0,0,0,0,0,0,0,无明显情感,未明确对象,未明确方面,中性,0,0.8693115626887087,0.04255220691714692,0.8693115626887087,0.08813623039414437,中性,中性,,False
生活区,BV1YBvhBhE1f,史上最无聊比赛,12666077,370364,50295,71025,3628,6526,瓜子我会用手拨,,瓜子我会用手拨,0,0,4,0,0,0.0,0.0,0.0,0.0,0.0,0.0,0.0,0.0,0,0,0,0,0,0,0,0,无明显情感,未明确对象,未明确方面,中性,-1,0.45849619837789274,0.45849619837789274,0.38731656133786546,0.15418724028424172,负面,负面,,False
生活区,BV1YBvhBhE1f,史上最无聊比赛,12666077,370364,50295,71025,3628,6526,不是内蒙可是横跨东西啊，有西北也有东北,,不是内蒙可是横跨东西啊，有西北也有东北,0,0,11,0,0,0.0,0.0,0.0,0.0,0.0,0.0,0.0,0.0,1,0,0,0,0,0,0,0,无明显情感,未明确对象,未明确方面,中性,-1,0.6204282109038209,0.6204282109038209,0.34171283229456095,0.037858956801618125,负面,负面,,False
生活区,BV1YBvhBhE1f,史上最无聊比赛,12666077,370364,50295,71025,3628,6526,你的郭雨，实力允许,,你的郭雨，实力允许,0,0,4,0,0,0.0,0.0,0.0,0.0,0.0,0.0,0.0,0.0,0,0,0,0,0,0,0,0,无明显情感,未明确对象,未明确方面,中性,0,0.40232982341503787,0.32629747243446633,0.40232982341503787,0.2713727041504957,中性,中性,,False
生活区,BV1YBvhBhE1f,史上最无聊比赛,12666077,370364,50295,71025,3628,6526,不愧是杀手47,,不愧是杀手47,1,0,3,0,0,1.0,1.0,0.0,1.0,0.3333333333333333,1.0,1.0,0.0,0,0,0,0,0,0,0,1,对象评价,未明确对象,未明确方面,正面,1,0.8073412456514714,0.049166767485256495,0.14349198686327216,0.8073412456514714,正面,正面,1.0,True
生活区,BV1YBvhBhE1f,史上最无聊比赛,12666077,370364,50295,71025,3628,6526,另外两个都得等出餐 一点点最快,,另外两个都得等出餐一点点最快,0,0,8,0,0,0.0,0.0,0.0,0.0,0.0,0.0,0.0,0.0,0,0,0,0,0,0,0,0,无明显情感,未明确对象,未明确方面,中性,0,0.6970433329715033,0.14204527176610288,0.6970433329715033,0.16091139526239373,中性,中性,,False
生活区,BV1YBvhBhE1f,史上最无聊比赛,12666077,370364,50295,71025,3628,6526,我真的笑疯了,,我真的笑疯了,0,0,2,0,0,0.0,0.0,0.0,0.0,0.0,0.0,0.0,0.0,0,0,1,0,0,0,0,0,自身情绪,未明确对象,未明确方面,中性,0,0.6053475961226336,0.15798046073825942,0.6053475961226336,0.23667194313910697,中性,中性,,False
生活区,BV1YBvhBhE1f,史上最无聊比赛,12666077,370364,50295,71025,3628,6526,把那一刀给朋友,,把那一刀给朋友,0,0,4,0,0,0.0,0.0,0.0,0.0,0.0,0.0,0.0,0.0,0,0,0,0,0,0,0,0,无明显情感,未明确对象,未明确方面,中性,0,0.5886293425192001,0.16830691582462043,0.5886293425192001,0.2430637416561796,中性,中性,,False
生活区,BV1YBvhBhE1f,史上最无聊比赛,12666077,370364,50295,71025,3628,6526,哈哈哈哈哈哈哈哈哈哈哈哈哈哈哈哈哈哈哈,,哈哈哈哈哈哈哈哈哈哈哈哈哈哈哈哈哈哈哈,6,0,6,0,0,6.0,6.0,0.0,6.0,1.0,6.0,6.0,0.0,0,0,1,0,0,0,0,1,对象评价+自身情绪,未明确对象,娱乐与趣味,正面,1,0.9999777593512582,1.2727704290498622e-05,9.512944451229186e-06,0.9999777593512582,正面,正面,,False
生活区,BV1YBvhBhE1f,史上最无聊比赛,12666077,370364,50295,71025,3628,6526,雅课长不要借着修行的名义突破次元壁啊！,,雅课长不要借着修行的名义突破次元壁啊！,1,0,9,1,0,1.0,1.0,0.0,1.0,0.1111111111111111,1.0,1.0,0.0,0,0,0,0,0,0,0,1,对象评价,未明确对象,未明确方面,正面,1,0.8667190426970223,0.059850172218706546,0.0734307850842711,0.8667190426970223,正面,正面,,False
生活区,BV1YBvhBhE1f,史上最无聊比赛,12666077,370364,50295,71025,3628,6526,卧槽！,,卧槽！,0,0,2,1,0,0.0,0.0,0.0,0.0,0.0,0.0,0.0,0.0,0,0,0,0,0,0,0,0,无明显情感,未明确对象,未明确方面,中性,0,0.6014191404432303,0.04859558453785338,0.6014191404432303,0.3499852750189163,中性,中性,,False
生活区,BV1YBvhBhE1f,史上最无聊比赛,12666077,370364,50295,71025,3628,6526,不知道为什么，总感觉这个声音有点像小熊。,,不知道为什么，总感觉这个声音有点像小熊。,0,0,11,0,0,0.0,0.0,0.0,0.0,0.0,0.0,0.0,0.0,0,0,0,0,0,0,0,0,无明显情感,视频内容,视听体验,中性,-1,0.817503774698391,0.817503774698391,0.15267352880031745,0.029822696501291462,负面,负面,,False
生活区,BV1YBvhBhE1f,史上最无聊比赛,12666077,370364,50295,71025,3628,6526,粘粘世界BGM！！！！,,粘粘世界BGM！！！！,0,0,8,4,0,0.0,0.0,0.0,0.0,0.0,0.0,0.0,0.0,0,0,0,0,0,0,0,0,无明显情感,未明确对象,未明确方面,中性,1,0.3905724287498547,0.3314908862510874,0.27793668499905794,0.3905724287498547,正面,正面,1.0,True
生活区,BV1YBvhBhE1f,史上最无聊比赛,12666077,370364,50295,71025,3628,6526,美食领域的神,,美食领域的神,0,0,3,0,0,0.0,0.0,0.0,0.0,0.0,0.0,0.0,0.0,0,0,0,0,0,0,0,0,无明显情感,未明确对象,未明确方面,中性,0,0.5320849056864122,0.27034876686532877,0.5320849056864122,0.19756632744825905,中性,中性,,False
生活区,BV1YBvhBhE1f,史上最无聊比赛,12666077,370364,50295,71025,3628,6526,其实,,其实,0,0,1,0,0,0.0,0.0,0.0,0.0,0.0,0.0,0.0,0.0,0,0,0,0,0,0,0,0,无明显情感,未明确对象,未明确方面,中性,-1,0.49827824655872527,0.49827824655872527,0.43314739255264195,0.06857436088863282,负面,负面,,False
生活区,BV1YBvhBhE1f,史上最无聊比赛,12666077,370364,50295,71025,3628,6526,下巴这个赢了,,下巴这个赢了,0,0,3,0,0,0.0,0.0,0.0,0.0,0.0,0.0,0.0,0.0,0,0,0,0,0,0,0,0,无明显情感,未明确对象,比赛表现,中性,0,0.7641827679054605,0.10715889174765275,0.7641827679054605,0.1286583403468868,中性,中性,,False
生活区,BV1YBvhBhE1f,史上最无聊比赛,12666077,370364,50295,71025,3628,6526,其实上一次讲台就知道了 偷吃和玩手机都特别明显,,其实上一次讲台就知道了偷吃和玩手机都特别明显,0,0,12,0,0,0.0,0.0,0.0,0.0,0.0,0.0,0.0,0.0,0,0,0,0,0,0,0,0,无明显情感,未明确对象,未明确方面,中性,-1,0.669076884220867,0.669076884220867,0.22372299510212174,0.10720012067701121,负面,负面,,False
生活区,BV1YBvhBhE1f,史上最无聊比赛,12666077,370364,50295,71025,3628,6526,她好帅！！！,,她好帅！！！,0,0,4,3,0,0.0,0.0,0.0,0.0,0.0,0.0,0.0,0.0,0,0,0,0,0,0,0,0,无明显情感,未明确对象,未明确方面,中性,1,0.4381206437245429,0.31132150269234615,0.25055785358311095,0.4381206437245429,正面,正面,,False
生活区,BV1YBvhBhE1f,史上最无聊比赛,12666077,370364,50295,71025,3628,6526,我自己全吃了,,我自己全吃了,0,0,2,0,0,0.0,0.0,0.0,0.0,0.0,0.0,0.0,0.0,0,0,0,0,0,0,0,0,无明显情感,未明确对象,未明确方面,中性,0,0.6686838145137821,0.20717110996131705,0.6686838145137821,0.12414507552490087,中性,中性,,False
生活区,BV1YBvhBhE1f,史上最无聊比赛,12666077,370364,50295,71025,3628,6526,徐大虾的技能（,,徐大虾的技能,0,0,3,0,0,0.0,0.0,0.0,0.0,0.0,0.0,0.0,0.0,0,0,0,0,0,0,0,0,无明显情感,未明确对象,未明确方面,中性,0,0.5762519421747109,0.181254006378464,0.5762519421747109,0.24249405144682512,中性,中性,,False
生活区,BV1YBvhBhE1f,史上最无聊比赛,12666077,370364,50295,71025,3628,6526,而且雨哥吞干净了再去举手,,而且雨哥吞干净了再去举手,1,0,7,0,0,1.0,1.0,0.0,1.0,0.14285714285714285,1.0,1.0,0.0,0,0,0,0,0,0,0,1,对象评价,未明确对象,未明确方面,正面,0,0.582677099991534,0.090752928820829,0.582677099991534,0.32656997118763703,中性,中性,0.0,True
生活区,BV1YBvhBhE1f,史上最无聊比赛,12666077,370364,50295,71025,3628,6526,她好帅啊！！！,,她好帅啊！！！,0,0,4,3,0,0.0,0.0,0.0,0.0,0.0,0.0,0.0,0.0,0,0,0,0,0,0,0,0,无明显情感,未明确对象,未明确方面,中性,1,0.5959639430215659,0.23939395585069126,0.16464210112774283,0.5959639430215659,正面,正面,,False
生活区,BV1YBvhBhE1f,史上最无聊比赛,12666077,370364,50295,71025,3628,6526,14件吗。。。,,14件吗。。。,0,0,5,0,0,0.0,0.0,0.0,0.0,0.0,0.0,0.0,0.0,0,0,0,0,0,0,0,0,无明显情感,未明确对象,未明确方面,中性,0,0.7485751607671032,0.11006989077060512,0.7485751607671032,0.1413549484622916,中性,中性,,False
生活区,BV1YBvhBhE1f,史上最无聊比赛,12666077,370364,50295,71025,3628,6526,真的有人吃这玩意儿吗,,真的有人吃这玩意儿吗,0,0,3,0,0,0.0,0.0,0.0,0.0,0.0,0.0,0.0,0.0,0,0,0,0,0,0,0,0,无明显情感,未明确对象,未明确方面,中性,0,0.782134500918319,0.05030628193705548,0.782134500918319,0.1675592171446255,中性,中性,,False
生活区,BV1YBvhBhE1f,史上最无聊比赛,12666077,370364,50295,71025,3628,6526,切人不行吗？,,切人不行吗？,0,1,3,0,1,-1.0,0.0,1.0,1.0,0.3333333333333333,-1.0,0.0,1.0,0,0,0,0,0,0,0,1,对象评价,未明确对象,未明确方面,负面,-1,0.5849695687487421,0.5849695687487421,0.37854986411630814,0.03648056713494966,负面,负面,,False
生活区,BV1YBvhBhE1f,史上最无聊比赛,12666077,370364,50295,71025,3628,6526,咬的时候得先在嘴里多泡一会儿,,咬的时候得先在嘴里多泡一会儿,0,0,8,0,0,0.0,0.0,0.0,0.0,0.0,0.0,0.0,0.0,0,0,0,0,0,0,0,0,无明显情感,未明确对象,未明确方面,中性,0,0.5397583012107942,0.38168356403016407,0.5397583012107942,0.07855813475904175,中性,中性,,False
生活区,BV1YBvhBhE1f,史上最无聊比赛,12666077,370364,50295,71025,3628,6526,我的每一天都活得差不多的衰～,,我的每一天都活得差不多的衰,0,0,6,0,0,0.0,0.0,0.0,0.0,0.0,0.0,0.0,0.0,0,0,0,0,0,0,0,0,无明显情感,未明确对象,未明确方面,中性,0,0.5962259042435327,0.23434761413869948,0.5962259042435327,0.16942648161776772,中性,负面,,False
生活区,BV1YBvhBhE1f,史上最无聊比赛,12666077,370364,50295,71025,3628,6526,美团团购店好多选好多，下一个节目是,,美团团购店好多选好多，下一个节目是,0,0,9,0,0,0.0,0.0,0.0,0.0,0.0,0.0,0.0,0.0,0,0,0,0,0,0,0,0,无明显情感,未明确对象,未明确方面,中性,0,0.7046407366669403,0.14322638422434114,0.7046407366669403,0.15213287910871848,中性,中性,,False
生活区,BV1YBvhBhE1f,史上最无聊比赛,12666077,370364,50295,71025,3628,6526,周杰伦的歌听一遍就知道词,,周杰伦的歌听一遍就知道词,0,0,7,0,0,0.0,0.0,0.0,0.0,0.0,0.0,0.0,0.0,0,0,0,0,0,0,0,0,无明显情感,未明确对象,未明确方面,中性,-1,0.6114083389135082,0.6114083389135082,0.21417712088374502,0.17441454020274685,负面,负面,,False
生活区,BV1YBvhBhE1f,史上最无聊比赛,12666077,370364,50295,71025,3628,6526,绝对不可能是一点点，一点点是出餐最慢的,,绝对不可能是一点点，一点点是出餐最慢的,0,0,8,0,0,0.0,0.0,0.0,0.0,0.0,0.0,0.0,0.0,0,0,0,0,0,0,0,0,无明显情感,未明确对象,未明确方面,中性,-1,0.6861026461432775,0.6861026461432775,0.2808002442672891,0.033097109589433335,负面,负面,,False
生活区,BV1YBvhBhE1f,史上最无聊比赛,12666077,370364,50295,71025,3628,6526,为啥不能躲在桌子底下？,,为啥不能躲在桌子底下？,0,0,7,0,1,0.0,0.0,0.0,0.0,0.0,0.0,0.0,0.0,0,0,0,0,0,0,0,0,无明显情感,未明确对象,未明确方面,中性,-1,0.7549771560443156,0.7549771560443156,0.2045668263638209,0.040456017591863506,负面,负面,,False
生活区,BV1YBvhBhE1f,史上最无聊比赛,12666077,370364,50295,71025,3628,6526,第一个很有用啊,,第一个很有用啊,1,0,3,0,0,1.0,1.0,0.0,1.0,0.3333333333333333,1.0,1.0,0.0,0,0,0,0,0,0,0,1,对象评价,未明确对象,实用与收获,正面,1,0.7846731867442129,0.09584998678670738,0.11947682646907981,0.7846731867442129,正面,正面,1.0,True
生活区,BV1YBvhBhE1f,史上最无聊比赛,12666077,370364,50295,71025,3628,6526,都是茄科,,都是茄科,0,0,2,0,0,0.0,0.0,0.0,0.0,0.0,0.0,0.0,0.0,0,0,0,0,0,0,0,0,无明显情感,未明确对象,未明确方面,中性,0,0.640584374228557,0.22229236500633318,0.640584374228557,0.1371232607651099,中性,中性,0.0,True
生活区,BV1YBvhBhE1f,史上最无聊比赛,12666077,370364,50295,71025,3628,6526,输给商务啦！！！（64v音,,输给商务啦！！！64v音,0,0,8,3,0,0.0,0.0,0.0,0.0,0.0,0.0,0.0,0.0,0,0,0,0,0,0,0,0,无明显情感,未明确对象,比赛表现,中性,1,0.43851599979615424,0.29329062104483733,0.26819337915900837,0.43851599979615424,正面,正面,,False
生活区,BV1YBvhBhE1f,史上最无聊比赛,12666077,370364,50295,71025,3628,6526,帕瓦罗蒂！！！,,帕瓦罗蒂！！！,0,0,4,3,0,0.0,0.0,0.0,0.0,0.0,0.0,0.0,0.0,0,0,0,0,0,0,0,0,无明显情感,未明确对象,未明确方面,中性,1,0.40328298613887203,0.3072758590980815,0.2894411547630464,0.40328298613887203,正面,正面,1.0,True
生活区,BV1YBvhBhE1f,史上最无聊比赛,12666077,370364,50295,71025,3628,6526,先准备一个教室…,,先准备一个教室,0,0,3,0,0,0.0,0.0,0.0,0.0,0.0,0.0,0.0,0.0,0,0,0,0,0,0,0,0,无明显情感,未明确对象,未明确方面,中性,0,0.7424452752398151,0.14024716008129007,0.7424452752398151,0.11730756467889468,中性,中性,,False
生活区,BV1YBvhBhE1f,史上最无聊比赛,12666077,370364,50295,71025,3628,6526,哈哈哈哈哈我真服了,,哈哈哈哈哈我真服了,3,0,3,0,0,3.4,3.4,0.0,3.4,1.0,3.4,3.4,0.0,0,0,1,0,0,0,0,1,对象评价+自身情绪,未明确对象,娱乐与趣味,正面,1,0.9960477906703987,0.0018648872484280374,0.0020873220811733683,0.9960477906703987,正面,正面,,False
生活区,BV1YBvhBhE1f,史上最无聊比赛,12666077,370364,50295,71025,3628,6526,《躺赢》,,躺赢,0,0,2,0,0,0.0,0.0,0.0,0.0,0.0,0.0,0.0,0.0,0,0,0,0,0,0,0,0,无明显情感,未明确对象,比赛表现,中性,0,0.5658920461193652,0.10988990081077021,0.5658920461193652,0.3242180530698646,中性,中性,,False
生活区,BV1YBvhBhE1f,史上最无聊比赛,12666077,370364,50295,71025,3628,6526,不愧是复旦之光,,不愧是复旦之光,1,0,3,0,0,1.0,1.0,0.0,1.0,0.3333333333333333,1.0,1.0,0.0,0,0,0,0,0,0,0,1,对象评价,未明确对象,未明确方面,正面,1,0.9160366160465693,0.02804171693800379,0.055921667015426973,0.9160366160465693,正面,正面,1.0,True
生活区,BV1YBvhBhE1f,史上最无聊比赛,12666077,370364,50295,71025,3628,6526,随便给一个人说你们两个自己分,,随便给一个人说你们两个自己分,0,1,8,0,0,-1.0,0.0,1.0,1.0,0.125,-1.0,0.0,1.0,0,0,0,0,0,0,0,1,对象评价,未明确对象,未明确方面,负面,0,0.7108065388563197,0.2268471731330291,0.7108065388563197,0.06234628801065114,中性,中性,0.0,True
生活区,BV1YBvhBhE1f,史上最无聊比赛,12666077,370364,50295,71025,3628,6526,瓜子带壳吃声音有多大自己吃过就知道，我初中在宿舍里这样吃瓜子差点给舍务干掉,,瓜子带壳吃声音有多大自己吃过就知道，我初中在宿舍里这样吃瓜子差点给舍务干掉,0,0,24,0,0,0.0,0.0,0.0,0.0,0.0,0.0,0.0,0.0,0,0,0,0,0,0,0,0,无明显情感,视频内容,视听体验,中性,-1,0.9522969215473452,0.9522969215473452,0.02824816283617775,0.019454915616476914,负面,负面,,False
生活区,BV1YBvhBhE1f,史上最无聊比赛,12666077,370364,50295,71025,3628,6526,弹幕都知道我要干什么了,,弹幕都知道我要干什么了,0,0,5,0,0,0.0,0.0,0.0,0.0,0.0,0.0,0.0,0.0,0,0,0,0,0,0,0,0,无明显情感,未明确对象,未明确方面,中性,0,0.5892695169958657,0.2843171063532013,0.5892695169958657,0.12641337665093305,中性,中性,,False
生活区,BV1YBvhBhE1f,史上最无聊比赛,12666077,370364,50295,71025,3628,6526,不，这个时候整个给其中一人，并表示给自己留点，恶战将与你无关,,不，这个时候整个给其中一人，并表示给自己留点，恶战将与你无关,0,0,19,0,0,0.0,0.0,0.0,0.0,0.0,0.0,0.0,0.0,0,0,0,0,0,0,0,0,无明显情感,未明确对象,未明确方面,中性,-1,0.8580691558538769,0.8580691558538769,0.11772488933931123,0.024205954806811786,负面,负面,,False
生活区,BV1YBvhBhE1f,史上最无聊比赛,12666077,370364,50295,71025,3628,6526,老吃家了,,老吃家了,0,0,1,0,0,0.0,0.0,0.0,0.0,0.0,0.0,0.0,0.0,0,0,0,0,0,0,0,0,无明显情感,未明确对象,未明确方面,中性,0,0.5650521410051617,0.264404685410483,0.5650521410051617,0.17054317358435528,中性,中性,,False
生活区,BV1YBvhBhE1f,史上最无聊比赛,12666077,370364,50295,71025,3628,6526,卧铺,,卧铺,0,0,1,0,0,0.0,0.0,0.0,0.0,0.0,0.0,0.0,0.0,0,0,0,0,0,0,0,0,无明显情感,未明确对象,未明确方面,中性,0,0.6641811267415451,0.13348938228347546,0.6641811267415451,0.20232949097497943,中性,中性,,False
生活区,BV1YBvhBhE1f,史上最无聊比赛,12666077,370364,50295,71025,3628,6526,@超级小熊猫   为啥不让他来解说？,,超级小熊猫为啥不让他来解说？,0,0,7,0,1,0.0,0.0,0.0,0.0,0.0,0.0,0.0,0.0,0,0,0,0,0,0,0,0,无明显情感,比赛内容,比赛表现,中性,-1,0.7132475770380936,0.7132475770380936,0.2564350816729027,0.030317341289003836,负面,负面,,False
生活区,BV1YBvhBhE1f,史上最无聊比赛,12666077,370364,50295,71025,3628,6526,所有人都去吃袁记红油花生酱剁椒干拌的鲜虾蟹籽云吞好吗，简直是人间美味,,所有人都去吃袁记红油花生酱剁椒干拌的鲜虾蟹籽云吞好吗，简直是人间美味,0,0,20,0,0,0.0,0.0,0.0,0.0,0.0,0.0,0.0,0.0,0,0,0,0,0,0,0,0,无明显情感,未明确对象,未明确方面,中性,-1,0.585798359665371,0.585798359665371,0.2836721198907519,0.13052952044387708,负面,负面,,False
生活区,BV1YBvhBhE1f,史上最无聊比赛,12666077,370364,50295,71025,3628,6526,点门！,,点门！,0,0,2,1,0,0.0,0.0,0.0,0.0,0.0,0.0,0.0,0.0,0,0,0,0,0,0,0,0,无明显情感,未明确对象,未明确方面,中性,0,0.6014191404432303,0.04859558453785338,0.6014191404432303,0.3499852750189163,中性,中性,,False
生活区,BV1YBvhBhE1f,史上最无聊比赛,12666077,370364,50295,71025,3628,6526,666还有小精灵,,666还有小精灵,1,0,3,0,0,1.0,1.0,0.0,1.0,0.3333333333333333,1.0,1.0,0.0,0,0,0,0,0,0,0,1,对象评价,未明确对象,未明确方面,正面,1,0.7607733212574224,0.1755360249662849,0.06369065377629272,0.7607733212574224,正面,正面,,False
生活区,BV1YBvhBhE1f,史上最无聊比赛,12666077,370364,50295,71025,3628,6526,张嘴睡觉是基操了,,张嘴睡觉是基操了,0,0,3,0,0,0.0,0.0,0.0,0.0,0.0,0.0,0.0,0.0,0,0,0,0,0,0,0,0,无明显情感,未明确对象,未明确方面,中性,0,0.6255863571343995,0.22099330376632706,0.6255863571343995,0.15342033909927347,中性,中性,,False
生活区,BV1YBvhBhE1f,史上最无聊比赛,12666077,370364,50295,71025,3628,6526,哈哈哈哈哈哈哈哈哈哈哈哈哈哈哈哈,,哈哈哈哈哈哈哈哈哈哈哈哈哈哈哈哈,5,0,5,0,0,5.0,5.0,0.0,5.0,1.0,5.0,5.0,0.0,0,0,1,0,0,0,0,1,对象评价+自身情绪,未明确对象,娱乐与趣味,正面,1,0.9998942099253255,6.16159630804455e-05,4.417411159412595e-05,0.9998942099253255,正面,正面,,False
生活区,BV1YBvhBhE1f,史上最无聊比赛,12666077,370364,50295,71025,3628,6526,哈哈哈哈哈哈哈哈哈哈哈,,哈哈哈哈哈哈哈哈哈哈哈,4,0,3,0,0,4.0,4.0,0.0,4.0,1.3333333333333333,4.0,4.0,0.0,0,0,1,0,0,0,0,1,对象评价+自身情绪,未明确对象,娱乐与趣味,正面,1,0.9996185888681324,0.0002953064712074951,8.610466066023203e-05,0.9996185888681324,正面,正面,,False
生活区,BV1YBvhBhE1f,史上最无聊比赛,12666077,370364,50295,71025,3628,6526,别说，还真在课上吃过瓜子，和同学吃了两天，专门买了一大袋回来。,,别说，还真在课上吃过瓜子，和同学吃了两天，专门买了一大袋回来。,0,0,20,0,0,0.0,0.0,0.0,0.0,0.0,0.0,0.0,0.0,0,0,0,0,0,0,0,0,无明显情感,未明确对象,未明确方面,中性,-1,0.8946664295991023,0.8946664295991023,0.06467528762509833,0.04065828277579956,负面,负面,,False
生活区,BV1YBvhBhE1f,史上最无聊比赛,12666077,370364,50295,71025,3628,6526,这个很简单其实你也可以用手撕开,,这个很简单其实你也可以用手撕开,2,0,8,0,0,2.5,2.5,0.0,2.5,0.25,2.5,2.5,0.0,0,0,0,0,0,0,0,1,对象评价,未明确对象,理解与难度,正面,1,0.8526635260036859,0.04195599735563353,0.10538047664068063,0.8526635260036859,正面,正面,,False
生活区,BV1YBvhBhE1f,史上最无聊比赛,12666077,370364,50295,71025,3628,6526,小老师好萌,,小老师好萌,0,0,3,0,0,0.0,0.0,0.0,0.0,0.0,0.0,0.0,0.0,0,0,0,0,0,0,0,0,无明显情感,讲解者,未明确方面,中性,0,0.4701394131344141,0.10689017982128897,0.4701394131344141,0.422970407044297,中性,中性,,False
生活区,BV1YBvhBhE1f,史上最无聊比赛,12666077,370364,50295,71025,3628,6526,.78了.2， 、,,.78了.2，,0,0,5,0,0,0.0,0.0,0.0,0.0,0.0,0.0,0.0,0.0,0,0,0,0,0,0,0,0,无明显情感,未明确对象,未明确方面,中性,0,0.5399580284130245,0.3281901214824028,0.5399580284130245,0.13185185010457265,中性,中性,,False
生活区,BV1YBvhBhE1f,史上最无聊比赛,12666077,370364,50295,71025,3628,6526,林雪开的冰室，大佬是郑伊健,,林雪开的冰室，大佬是郑伊健,0,0,5,0,0,0.0,0.0,0.0,0.0,0.0,0.0,0.0,0.0,0,0,0,0,0,0,0,0,无明显情感,未明确对象,未明确方面,中性,0,0.4523380444459791,0.40551899270470687,0.4523380444459791,0.14214296284931408,中性,中性,,False
生活区,BV1YBvhBhE1f,史上最无聊比赛,12666077,370364,50295,71025,3628,6526,棕色小零食,,棕色小零食,0,0,3,0,0,0.0,0.0,0.0,0.0,0.0,0.0,0.0,0.0,0,0,0,0,0,0,0,0,无明显情感,未明确对象,未明确方面,中性,0,0.6081724335187485,0.11405963861937629,0.6081724335187485,0.27776792786187526,中性,中性,,False
生活区,BV1YBvhBhE1f,史上最无聊比赛,12666077,370364,50295,71025,3628,6526,哈哈哈哈哈哈哈真正的老吃家,,哈哈哈哈哈哈哈真正的老吃家,2,0,4,0,0,2.0,2.0,0.0,2.0,0.5,2.0,2.0,0.0,0,0,1,0,0,0,0,1,对象评价+自身情绪,未明确对象,娱乐与趣味,正面,1,0.9861312022571587,0.005405678746326352,0.008463118996515,0.9861312022571587,正面,正面,,False
生活区,BV1YBvhBhE1f,史上最无聊比赛,12666077,370364,50295,71025,3628,6526,还吃过这家哈哈哈哈哈哈哈,,还吃过这家哈哈哈哈哈哈哈,2,0,6,0,0,2.0,2.0,0.0,2.0,0.3333333333333333,2.0,2.0,0.0,0,0,1,0,0,0,0,1,对象评价+自身情绪,未明确对象,娱乐与趣味,正面,1,0.9809373092859471,0.007888374227277756,0.011174316486775047,0.9809373092859471,正面,正面,,False
生活区,BV1YBvhBhE1f,史上最无聊比赛,12666077,370364,50295,71025,3628,6526,大家好，我是超级小熊猫,,大家好，我是超级小熊猫,0,0,5,0,0,0.0,0.0,0.0,0.0,0.0,0.0,0.0,0.0,0,0,0,0,0,0,0,0,无明显情感,未明确对象,未明确方面,中性,0,0.7133818061740893,0.199377482719776,0.7133818061740893,0.08724071110613459,中性,中性,,False
生活区,BV1YBvhBhE1f,史上最无聊比赛,12666077,370364,50295,71025,3628,6526,送友风,,送友风,0,0,1,0,0,0.0,0.0,0.0,0.0,0.0,0.0,0.0,0.0,0,0,0,0,0,0,0,0,无明显情感,未明确对象,未明确方面,中性,0,0.6641811267415451,0.13348938228347546,0.6641811267415451,0.20232949097497943,中性,中性,,False
生活区,BV1YBvhBhE1f,史上最无聊比赛,12666077,370364,50295,71025,3628,6526,水老师好强,,水老师好强,0,0,3,0,0,0.0,0.0,0.0,0.0,0.0,0.0,0.0,0.0,0,0,0,0,0,0,0,0,无明显情感,讲解者,未明确方面,中性,1,0.5427378187113865,0.06327634097104073,0.3939858403175728,0.5427378187113865,正面,中性,,False
生活区,BV1YBvhBhE1f,史上最无聊比赛,12666077,370364,50295,71025,3628,6526,这么大方,,这么大方,1,0,2,0,0,1.0,1.0,0.0,1.0,0.5,1.0,1.0,0.0,0,0,0,0,0,0,0,1,对象评价,未明确对象,未明确方面,正面,1,0.7376881852392043,0.14858709196560238,0.11372472279519324,0.7376881852392043,正面,正面,1.0,True
生活区,BV1YBvhBhE1f,史上最无聊比赛,12666077,370364,50295,71025,3628,6526,他好帅,,他好帅,0,0,1,0,0,0.0,0.0,0.0,0.0,0.0,0.0,0.0,0.0,0,0,0,0,0,0,0,0,无明显情感,未明确对象,未明确方面,中性,1,0.47163440621500535,0.0895013469749681,0.43886424681002656,0.47163440621500535,正面,正面,,False
生活区,BV1YBvhBhE1f,史上最无聊比赛,12666077,370364,50295,71025,3628,6526,[Ohh],,Ohh,1,0,1,0,0,1.2,1.2,0.0,1.2,1.0,1.2,1.2,0.0,0,0,0,0,0,0,0,1,对象评价,未明确对象,未明确方面,正面,1,0.7406135643783034,0.17598250810310373,0.08340392751859296,0.7406135643783034,正面,正面,,False
生活区,BV1YBvhBhE1f,史上最无聊比赛,12666077,370364,50295,71025,3628,6526,其实可以把分贝仪捂起来的,,其实可以把分贝仪捂起来的,1,0,7,0,0,1.0,1.0,0.0,1.0,0.14285714285714285,1.0,1.0,0.0,0,0,0,0,0,0,0,1,对象评价,未明确对象,未明确方面,正面,0,0.44845943843654723,0.2306071243582348,0.44845943843654723,0.320933437205218,中性,中性,0.0,True
生活区,BV1YBvhBhE1f,史上最无聊比赛,12666077,370364,50295,71025,3628,6526,我很喜欢吃旺旺小酥！,,我很喜欢吃旺旺小酥！,1,0,7,1,0,1.0,1.0,0.0,1.0,0.14285714285714285,1.0,1.0,0.0,0,0,0,0,0,0,0,1,对象评价,未明确对象,未明确方面,正面,1,0.881497040529955,0.06793298308318046,0.050569976386864585,0.881497040529955,正面,正面,,False
生活区,BV1YBvhBhE1f,史上最无聊比赛,12666077,370364,50295,71025,3628,6526,哈哈哈哈,,哈哈哈哈,1,0,1,0,0,1.0,1.0,0.0,1.0,1.0,1.0,1.0,0.0,0,0,1,0,0,0,0,1,对象评价+自身情绪,未明确对象,娱乐与趣味,正面,1,0.9522566914086181,0.029367053449820015,0.018376255141561867,0.9522566914086181,正面,正面,,False
生活区,BV1YBvhBhE1f,史上最无聊比赛,12666077,370364,50295,71025,3628,6526,有番茄属性加成,,有番茄属性加成,0,0,4,0,0,0.0,0.0,0.0,0.0,0.0,0.0,0.0,0.0,0,0,0,0,0,0,0,0,无明显情感,未明确对象,未明确方面,中性,-1,0.83203446688605,0.83203446688605,0.1294953571240683,0.03847017598988153,负面,负面,,False
生活区,BV1YBvhBhE1f,史上最无聊比赛,12666077,370364,50295,71025,3628,6526,老师没听懂（）,,老师没听懂,0,0,3,0,0,0.0,0.0,0.0,0.0,0.0,0.0,0.0,0.0,0,0,0,0,0,0,0,0,无明显情感,讲解者,未明确方面,中性,-1,0.7700659993440191,0.7700659993440191,0.12557850271227702,0.1043554979437039,负面,负面,-1.0,True
生活区,BV1YBvhBhE1f,史上最无聊比赛,12666077,370364,50295,71025,3628,6526,听不到但老师早就看到了,,听不到但老师早就看到了,0,0,6,0,0,0.0,0.0,0.0,0.0,0.0,0.0,0.0,0.0,0,0,0,0,0,0,0,0,无明显情感,讲解者,未明确方面,中性,0,0.5739518161025722,0.20732843046905447,0.5739518161025722,0.21871975342837327,中性,中性,,False
生活区,BV1YBvhBhE1f,史上最无聊比赛,12666077,370364,50295,71025,3628,6526,哈哈哈哈哈哈哈,,哈哈哈哈哈哈哈,2,0,2,0,0,2.0,2.0,0.0,2.0,1.0,2.0,2.0,0.0,0,0,1,0,0,0,0,1,对象评价+自身情绪,未明确对象,娱乐与趣味,正面,1,0.9908669414178417,0.00559194092193024,0.003541117660227924,0.9908669414178417,正面,正面,,False
生活区,BV1YBvhBhE1f,史上最无聊比赛,12666077,370364,50295,71025,3628,6526,这叫npc,,这叫npc,0,0,2,0,0,0.0,0.0,0.0,0.0,0.0,0.0,0.0,0.0,0,0,0,0,0,0,0,0,无明显情感,未明确对象,未明确方面,中性,0,0.5691414727227598,0.2598611669817458,0.5691414727227598,0.17099736029549437,中性,中性,0.0,True
生活区,BV1YBvhBhE1f,史上最无聊比赛,12666077,370364,50295,71025,3628,6526,铁锅炖自己,,铁锅炖自己,0,0,3,0,0,0.0,0.0,0.0,0.0,0.0,0.0,0.0,0.0,0,0,0,0,0,0,0,0,无明显情感,未明确对象,未明确方面,中性,0,0.6972280917670906,0.13226881006146976,0.6972280917670906,0.1705030981714396,中性,中性,,False
生活区,BV1YBvhBhE1f,史上最无聊比赛,12666077,370364,50295,71025,3628,6526,所以只要一开始不吃等别人淘汰就行啦是吗（）,,所以只要一开始不吃等别人淘汰就行啦是吗,0,0,10,0,0,0.0,0.0,0.0,0.0,0.0,0.0,0.0,0.0,0,0,0,0,0,0,0,0,无明显情感,未明确对象,未明确方面,中性,0,0.8753126695941154,0.02916974426612282,0.8753126695941154,0.09551758613976183,中性,中性,,False
生活区,BV1YBvhBhE1f,史上最无聊比赛,12666077,370364,50295,71025,3628,6526,给朋友吃生姜的话不会被打吗？,,给朋友吃生姜的话不会被打吗？,0,1,9,0,1,-1.0,0.0,1.0,1.0,0.1111111111111111,-1.0,0.0,1.0,0,0,0,0,0,0,0,1,对象评价,未明确对象,未明确方面,负面,0,0.538136337774662,0.4401529602091052,0.538136337774662,0.021710702016232774,中性,负面,,False
生活区,BV1YBvhBhE1f,史上最无聊比赛,12666077,370364,50295,71025,3628,6526,她好帅,,她好帅,0,0,1,0,0,0.0,0.0,0.0,0.0,0.0,0.0,0.0,0.0,0,0,0,0,0,0,0,0,无明显情感,未明确对象,未明确方面,中性,0,0.5706483114584066,0.13047824939609282,0.5706483114584066,0.2988734391455006,中性,中性,,False
生活区,BV1YBvhBhE1f,史上最无聊比赛,12666077,370364,50295,71025,3628,6526,雨哥好聪明哈哈哈哈哈哈,,雨哥好聪明哈哈哈哈哈哈,3,0,5,0,0,3.0,3.0,0.0,3.0,0.6,3.0,3.0,0.0,0,0,1,0,0,0,0,1,对象评价+自身情绪,未明确对象,娱乐与趣味,正面,1,0.9973317897444515,0.0012725189091210584,0.0013956913464274374,0.9973317897444515,正面,正面,,False
生活区,BV1YBvhBhE1f,史上最无聊比赛,12666077,370364,50295,71025,3628,6526,老白给,,老白给,0,0,2,0,0,0.0,0.0,0.0,0.0,0.0,0.0,0.0,0.0,0,0,0,0,0,0,0,0,无明显情感,未明确对象,未明确方面,中性,0,0.5988024869909672,0.20553866500830834,0.5988024869909672,0.19565884800072458,中性,中性,,False
生活区,BV1YBvhBhE1f,史上最无聊比赛,12666077,370364,50295,71025,3628,6526,兵不厌诈哈哈哈哈,,兵不厌诈哈哈哈哈,1,1,2,0,0,0.0,1.0,1.0,0.0,1.0,0.0,1.0,1.0,0,1,1,0,0,0,0,1,对象评价+自身情绪,未明确对象,娱乐与趣味,混合,1,0.8831376357649976,0.05693436726052571,0.05992799697447667,0.8831376357649976,正面,正面,1.0,True
生活区,BV1YBvhBhE1f,史上最无聊比赛,12666077,370364,50295,71025,3628,6526,她好美啊！,,她好美啊！,1,0,3,1,0,1.0,1.0,0.0,1.0,0.3333333333333333,1.0,1.0,0.0,0,0,0,0,0,0,0,1,对象评价,未明确对象,未明确方面,正面,1,0.9491714468824053,0.03127436365902434,0.01955418945857037,0.9491714468824053,正面,正面,,False
生活区,BV1YBvhBhE1f,史上最无聊比赛,12666077,370364,50295,71025,3628,6526,下谁冠军游戏王来的,,下谁冠军游戏王来的,0,0,5,0,0,0.0,0.0,0.0,0.0,0.0,0.0,0.0,0.0,0,0,0,0,0,0,0,0,无明显情感,未明确对象,未明确方面,中性,0,0.8318734416485454,0.11987711305938169,0.8318734416485454,0.04824944529207297,中性,中性,,False
生活区,BV1YBvhBhE1f,史上最无聊比赛,12666077,370364,50295,71025,3628,6526,概念神？,,概念神？,0,0,3,0,1,0.0,0.0,0.0,0.0,0.0,0.0,0.0,0.0,0,0,0,0,0,0,0,0,无明显情感,未明确对象,未明确方面,中性,-1,0.5350327343451675,0.5350327343451675,0.40283281497238527,0.062134450682447204,负面,负面,,False
生活区,BV1YBvhBhE1f,史上最无聊比赛,12666077,370364,50295,71025,3628,6526,我去这模有实力,,我去这模有实力,0,0,4,0,0,0.0,0.0,0.0,0.0,0.0,0.0,0.0,0.0,0,0,0,0,0,0,0,0,无明显情感,未明确对象,未明确方面,中性,-1,0.6845163808423184,0.6845163808423184,0.2602079032712399,0.05527571588644165,负面,负面,,False
生活区,BV1YBvhBhE1f,史上最无聊比赛,12666077,370364,50295,71025,3628,6526,不愧是番茄本茄,,不愧是番茄本茄,1,0,3,0,0,1.0,1.0,0.0,1.0,0.3333333333333333,1.0,1.0,0.0,0,0,0,0,0,0,0,1,对象评价,未明确对象,未明确方面,正面,1,0.8088442383700419,0.065181148964491,0.12597461266546714,0.8088442383700419,正面,正面,1.0,True
生活区,BV1YBvhBhE1f,史上最无聊比赛,12666077,370364,50295,71025,3628,6526,一般都是把瓜子壳化软了，然后再慢慢的把皮剥开再吃,,一般都是把瓜子壳化软了，然后再慢慢的把皮剥开再吃,0,0,14,0,0,0.0,0.0,0.0,0.0,0.0,0.0,0.0,0.0,0,0,0,0,0,0,0,0,无明显情感,未明确对象,未明确方面,中性,0,0.6006352603204349,0.28386147352742175,0.6006352603204349,0.11550326615214332,中性,中性,,False
生活区,BV1YBvhBhE1f,史上最无聊比赛,12666077,370364,50295,71025,3628,6526,[OHHHHHH],,OHHHHHH,1,0,1,0,0,1.2,1.2,0.0,1.2,1.0,1.2,1.2,0.0,0,0,0,0,0,0,0,1,对象评价,未明确对象,未明确方面,正面,1,0.7406135643783034,0.17598250810310373,0.08340392751859296,0.7406135643783034,正面,正面,,False
生活区,BV1YBvhBhE1f,史上最无聊比赛,12666077,370364,50295,71025,3628,6526,圆周率背到50位,,圆周率背到50位,0,0,4,0,0,0.0,0.0,0.0,0.0,0.0,0.0,0.0,0.0,0,0,0,0,0,0,0,0,无明显情感,未明确对象,未明确方面,中性,0,0.6270984788962257,0.2639625970939232,0.6270984788962257,0.10893892400985103,中性,中性,0.0,True
生活区,BV1YBvhBhE1f,史上最无聊比赛,12666077,370364,50295,71025,3628,6526,你以为我书包里的剪刀是干啥用的,,你以为我书包里的剪刀是干啥用的,0,0,7,0,0,0.0,0.0,0.0,0.0,0.0,0.0,0.0,0.0,0,0,0,0,0,0,0,0,无明显情感,未明确对象,未明确方面,中性,0,0.47766224675824936,0.41310358938154723,0.47766224675824936,0.10923416386020342,中性,中性,,False
生活区,BV1YBvhBhE1f,史上最无聊比赛,12666077,370364,50295,71025,3628,6526,无线电专用术语。,,无线电专用术语。,0,0,4,0,0,0.0,0.0,0.0,0.0,0.0,0.0,0.0,0.0,0,0,0,0,0,0,0,0,无明显情感,未明确对象,未明确方面,中性,0,0.6344810307366484,0.09612450158872213,0.6344810307366484,0.26939446767462943,中性,中性,,False
生活区,BV1YBvhBhE1f,史上最无聊比赛,12666077,370364,50295,71025,3628,6526,还真看过！,,还真看过！,0,0,4,1,0,0.0,0.0,0.0,0.0,0.0,0.0,0.0,0.0,0,0,0,0,0,0,0,0,无明显情感,未明确对象,未明确方面,中性,0,0.44528006051624675,0.17921360360830316,0.44528006051624675,0.3755063358754502,中性,中性,,False
生活区,BV1YBvhBhE1f,史上最无聊比赛,12666077,370364,50295,71025,3628,6526,一边扫一边算啊,,一边扫一边算啊,0,0,4,0,0,0.0,0.0,0.0,0.0,0.0,0.0,0.0,0.0,0,0,0,0,0,0,0,0,无明显情感,未明确对象,未明确方面,中性,-1,0.5302781501697468,0.5302781501697468,0.3377941086444967,0.13192774118575656,负面,负面,,False
生活区,BV1YBvhBhE1f,史上最无聊比赛,12666077,370364,50295,71025,3628,6526,有个东西叫力矩……,,有个东西叫力矩,0,0,4,0,0,0.0,0.0,0.0,0.0,0.0,0.0,0.0,0.0,0,0,0,0,0,0,0,0,无明显情感,未明确对象,未明确方面,中性,0,0.7622519777868635,0.1132871112611302,0.7622519777868635,0.12446091095200643,中性,中性,,False
生活区,BV1YBvhBhE1f,史上最无聊比赛,12666077,370364,50295,71025,3628,6526,把那个人嘎了（bushi）,,把那个人嘎了bushi,0,0,4,0,0,0.0,0.0,0.0,0.0,0.0,0.0,0.0,0.0,0,0,0,0,0,0,0,0,无明显情感,未明确对象,未明确方面,中性,0,0.5046712352198447,0.2895085921638143,0.5046712352198447,0.20582017261634106,中性,中性,,False
生活区,BV1YBvhBhE1f,史上最无聊比赛,12666077,370364,50295,71025,3628,6526,这个可以去羊村打赌,,这个可以去羊村打赌,1,0,5,0,0,1.0,1.0,0.0,1.0,0.2,1.0,1.0,0.0,0,0,0,0,0,0,0,1,对象评价,未明确对象,未明确方面,正面,1,0.5614765620456338,0.10995517287767125,0.328568265076695,0.5614765620456338,正面,正面,1.0,True
生活区,BV1YBvhBhE1f,史上最无聊比赛,12666077,370364,50295,71025,3628,6526,痛失网名,,痛失网名,0,0,2,0,0,0.0,0.0,0.0,0.0,0.0,0.0,0.0,0.0,0,0,0,0,0,0,0,0,无明显情感,未明确对象,未明确方面,中性,0,0.6585046096608349,0.14118285317383877,0.6585046096608349,0.20031253716532643,中性,中性,,False
生活区,BV1YBvhBhE1f,史上最无聊比赛,12666077,370364,50295,71025,3628,6526,干嘛……,,干嘛,0,0,1,0,0,0.0,0.0,0.0,0.0,0.0,0.0,0.0,0.0,0,0,0,0,0,0,0,0,无明显情感,未明确对象,未明确方面,中性,0,0.6641811267415451,0.13348938228347546,0.6641811267415451,0.20232949097497943,中性,中性,,False
生活区,BV1YBvhBhE1f,史上最无聊比赛,12666077,370364,50295,71025,3628,6526,[ohhhhh],,ohhhhh,1,0,1,0,0,1.2,1.2,0.0,1.2,1.0,1.2,1.2,0.0,0,0,0,0,0,0,0,1,对象评价,未明确对象,未明确方面,正面,1,0.7406135643783034,0.17598250810310373,0.08340392751859296,0.7406135643783034,正面,正面,,False
生活区,BV1YBvhBhE1f,史上最无聊比赛,12666077,370364,50295,71025,3628,6526,？？？？,,？？？？,0,0,4,0,4,0.0,0.0,0.0,0.0,0.0,0.0,0.0,0.0,0,0,0,0,0,0,0,0,无明显情感,未明确对象,未明确方面,中性,-1,0.9796811577368317,0.9796811577368317,0.01960112900589035,0.0007177132572779765,负面,负面,,False
生活区,BV1YBvhBhE1f,史上最无聊比赛,12666077,370364,50295,71025,3628,6526,[ohhhhhhh],,ohhhhhhh,1,0,1,0,0,1.2,1.2,0.0,1.2,1.0,1.2,1.2,0.0,0,0,0,0,0,0,0,1,对象评价,未明确对象,未明确方面,正面,1,0.7406135643783034,0.17598250810310373,0.08340392751859296,0.7406135643783034,正面,正面,,False
生活区,BV1YBvhBhE1f,史上最无聊比赛,12666077,370364,50295,71025,3628,6526,这肯定是没偷吃过瓜子谁偷吃瓜子用嘴剥啊,,这肯定是没偷吃过瓜子谁偷吃瓜子用嘴剥啊,1,0,11,0,0,1.0,1.0,0.0,1.0,0.09090909090909091,1.0,1.0,0.0,0,0,0,0,0,0,0,1,对象评价,未明确对象,未明确方面,正面,-1,0.7980046575559145,0.7980046575559145,0.07617079685802623,0.12582454558605932,负面,负面,-1.0,True
生活区,BV1YBvhBhE1f,史上最无聊比赛,12666077,370364,50295,71025,3628,6526,我竟然没有发现选项有问题,,我竟然没有发现选项有问题,0,1,6,0,0,-1.0,0.0,1.0,1.0,0.16666666666666666,-1.0,0.0,1.0,0,0,0,0,0,0,0,1,对象评价,未明确对象,未明确方面,负面,-1,0.9492117628401255,0.9492117628401255,0.046269140893936994,0.004519096265937516,负面,负面,-1.0,True
生活区,BV1YBvhBhE1f,史上最无聊比赛,12666077,370364,50295,71025,3628,6526,？我也要参加吗,,？我也要参加吗,0,0,4,0,1,0.0,0.0,0.0,0.0,0.0,0.0,0.0,0.0,0,0,0,0,0,0,0,0,无明显情感,未明确对象,未明确方面,中性,-1,0.7070183234231279,0.7070183234231279,0.24219498428752748,0.05078669228934466,负面,负面,,False
生活区,BV1YBvhBhE1f,史上最无聊比赛,12666077,370364,50295,71025,3628,6526,我直接放桌上跟同学分，老师也不管,,我直接放桌上跟同学分，老师也不管,0,0,10,0,0,0.0,0.0,0.0,0.0,0.0,0.0,0.0,0.0,0,0,0,0,0,0,0,0,无明显情感,讲解者,未明确方面,中性,-1,0.5244480596704653,0.5244480596704653,0.35819875616767743,0.11735318416185717,负面,中性,,False
生活区,BV1YBvhBhE1f,史上最无聊比赛,12666077,370364,50295,71025,3628,6526,超级小能猫讲过,,超级小能猫讲过,0,0,5,0,0,0.0,0.0,0.0,0.0,0.0,0.0,0.0,0.0,0,0,0,0,0,0,0,0,无明显情感,未明确对象,未明确方面,中性,0,0.5868173351289511,0.2672133054660101,0.5868173351289511,0.1459693594050389,中性,中性,0.0,True
生活区,BV1YBvhBhE1f,史上最无聊比赛,12666077,370364,50295,71025,3628,6526,又来哈哈哈哈哈哈哈,,又来哈哈哈哈哈哈哈,2,0,4,0,0,2.0,2.0,0.0,2.0,0.5,2.0,2.0,0.0,0,0,1,0,0,0,0,1,对象评价+自身情绪,未明确对象,娱乐与趣味,正面,1,0.9800554174861025,0.005284640829063498,0.014659941684833923,0.9800554174861025,正面,正面,,False
生活区,BV1YBvhBhE1f,史上最无聊比赛,12666077,370364,50295,71025,3628,6526,不愧是番茄,,不愧是番茄,1,0,2,0,0,1.0,1.0,0.0,1.0,0.5,1.0,1.0,0.0,0,0,0,0,0,0,0,1,对象评价,未明确对象,未明确方面,正面,1,0.8319158322873879,0.07212030716799078,0.09596386054462148,0.8319158322873879,正面,正面,1.0,True
生活区,BV1YBvhBhE1f,史上最无聊比赛,12666077,370364,50295,71025,3628,6526,去玩王者荣耀，毕淑菊职业选手带着挂他都打不赢（）,,去玩王者荣耀，毕淑菊职业选手带着挂他都打不赢,0,0,15,0,0,0.0,0.0,0.0,0.0,0.0,0.0,0.0,0.0,0,0,0,0,0,0,0,0,无明显情感,比赛内容,比赛表现,中性,-1,0.6159536994912587,0.6159536994912587,0.23399035034689297,0.1500559501618483,负面,负面,,False
生活区,BV1YBvhBhE1f,史上最无聊比赛,12666077,370364,50295,71025,3628,6526,什么奇怪的技能,,什么奇怪的技能,0,0,3,0,0,0.0,0.0,0.0,0.0,0.0,0.0,0.0,0.0,0,0,0,0,0,0,0,0,无明显情感,未明确对象,未明确方面,中性,0,0.8129281928310148,0.11259247782148017,0.8129281928310148,0.07447932934750492,中性,中性,,False
生活区,BV1YBvhBhE1f,史上最无聊比赛,12666077,370364,50295,71025,3628,6526,不应该算比例吗,,不应该算比例吗,0,0,4,0,0,0.0,0.0,0.0,0.0,0.0,0.0,0.0,0.0,0,0,0,0,0,0,0,0,无明显情感,未明确对象,未明确方面,中性,0,0.7079466560868937,0.2279457151851238,0.7079466560868937,0.06410762872798251,中性,中性,,False
生活区,BV1YBvhBhE1f,史上最无聊比赛,12666077,370364,50295,71025,3628,6526,不在课上吃，你认为到了下课还有么,,不在课上吃，你认为到了下课还有么,0,0,10,0,0,0.0,0.0,0.0,0.0,0.0,0.0,0.0,0.0,0,0,0,0,0,0,0,0,无明显情感,未明确对象,未明确方面,中性,-1,0.6530164877930887,0.6530164877930887,0.24867015416385482,0.09831335804305637,负面,负面,,False
生活区,BV1YBvhBhE1f,史上最无聊比赛,12666077,370364,50295,71025,3628,6526,嚯哈哈哈哈哈哈哈,,嚯哈哈哈哈哈哈哈,2,0,3,0,0,2.0,2.0,0.0,2.0,0.6666666666666666,2.0,2.0,0.0,0,0,1,0,0,0,0,1,对象评价+自身情绪,未明确对象,娱乐与趣味,正面,1,0.9890509308007825,0.0045147891997416815,0.006434279999475832,0.9890509308007825,正面,正面,,False
生活区,BV1YBvhBhE1f,史上最无聊比赛,12666077,370364,50295,71025,3628,6526,为什么雨哥长胖了3kg？,,为什么雨哥长胖了3kg？,0,0,5,0,1,0.0,0.0,0.0,0.0,0.0,0.0,0.0,0.0,0,0,0,0,0,0,0,0,无明显情感,未明确对象,未明确方面,中性,0,0.6169804259272255,0.3528188105923995,0.6169804259272255,0.030200763480374898,中性,中性,,False
生活区,BV1YBvhBhE1f,史上最无聊比赛,12666077,370364,50295,71025,3628,6526,我靠好帅,,我靠好帅,0,0,2,0,0,0.0,0.0,0.0,0.0,0.0,0.0,0.0,0.0,0,0,0,0,0,0,0,0,无明显情感,未明确对象,未明确方面,中性,0,0.5945429033053207,0.19167363437460855,0.5945429033053207,0.2137834623200708,中性,中性,,False
生活区,BV1YBvhBhE1f,史上最无聊比赛,12666077,370364,50295,71025,3628,6526,再画两个！,,再画两个！,0,0,3,1,0,0.0,0.0,0.0,0.0,0.0,0.0,0.0,0.0,0,0,0,0,0,0,0,0,无明显情感,未明确对象,未明确方面,中性,0,0.6934387652891524,0.04005416846792358,0.6934387652891524,0.26650706624292403,中性,中性,,False
生活区,BV1YBvhBhE1f,史上最无聊比赛,12666077,370364,50295,71025,3628,6526,感觉这是真绝活,,感觉这是真绝活,0,0,3,0,0,0.0,0.0,0.0,0.0,0.0,0.0,0.0,0.0,0,0,0,0,0,0,0,0,无明显情感,未明确对象,未明确方面,中性,0,0.5035878306864544,0.28650716654593816,0.5035878306864544,0.20990500276760746,中性,中性,,False
生活区,BV1YBvhBhE1f,史上最无聊比赛,12666077,370364,50295,71025,3628,6526,她好帅啊！！！！！她好帅！！！！！,,她好帅啊！！！！！她好帅！！！！！,0,0,12,10,0,0.0,0.0,0.0,0.0,0.0,0.0,0.0,0.0,0,0,0,0,0,0,0,0,无明显情感,未明确对象,未明确方面,中性,1,0.5719824438380763,0.30878751998771026,0.11923003617421353,0.5719824438380763,正面,正面,,False
生活区,BV1YBvhBhE1f,史上最无聊比赛,12666077,370364,50295,71025,3628,6526,我不行了笑得杜子腾,,我不行了笑得杜子腾,0,1,4,0,0,-1.0,0.0,1.0,1.0,0.25,-1.0,0.0,1.0,0,0,0,0,0,0,0,1,对象评价,未明确对象,未明确方面,负面,-1,0.5161091582685151,0.5161091582685151,0.278917310322415,0.20497353140906985,负面,负面,,False
生活区,BV1YBvhBhE1f,史上最无聊比赛,12666077,370364,50295,71025,3628,6526,太牛了,,太牛了,1,0,1,0,0,1.0,1.0,0.0,1.0,1.0,1.0,1.0,0.0,0,0,0,0,0,0,0,1,对象评价,未明确对象,未明确方面,正面,1,0.5580790005986564,0.37708064001440655,0.06484035938693698,0.5580790005986564,正面,正面,,False
生活区,BV1YBvhBhE1f,史上最无聊比赛,12666077,370364,50295,71025,3628,6526,瓜子连壳带肉一起吃是最安全的,,瓜子连壳带肉一起吃是最安全的,1,0,7,0,0,1.0,1.0,0.0,1.0,0.14285714285714285,1.0,1.0,0.0,0,0,0,0,0,0,0,1,对象评价,未明确对象,未明确方面,正面,1,0.5575856292342181,0.26834221775247385,0.17407215301330803,0.5575856292342181,正面,正面,1.0,True
生活区,BV1YBvhBhE1f,史上最无聊比赛,12666077,370364,50295,71025,3628,6526,机械云真好看,,机械云真好看,1,0,3,0,0,1.0,1.0,0.0,1.0,0.3333333333333333,1.0,1.0,0.0,0,0,0,0,0,0,0,1,对象评价,未明确对象,视听体验,正面,1,0.7386517990701743,0.053722374278660445,0.20762582665116522,0.7386517990701743,正面,正面,,False
生活区,BV1YBvhBhE1f,史上最无聊比赛,12666077,370364,50295,71025,3628,6526,脱缰凯打钱,,脱缰凯打钱,0,0,3,0,0,0.0,0.0,0.0,0.0,0.0,0.0,0.0,0.0,0,0,0,0,0,0,0,0,无明显情感,未明确对象,未明确方面,中性,0,0.6525424904832393,0.14924331021065323,0.6525424904832393,0.19821419930610756,中性,中性,,False
生活区,BV1YBvhBhE1f,史上最无聊比赛,12666077,370364,50295,71025,3628,6526,复日之光！,,复日之光！,0,0,3,1,0,0.0,0.0,0.0,0.0,0.0,0.0,0.0,0.0,0,0,0,0,0,0,0,0,无明显情感,未明确对象,未明确方面,中性,1,0.46884474189600905,0.0736806164449099,0.45747464165908097,0.46884474189600905,正面,正面,,False
生活区,BV1YBvhBhE1f,史上最无聊比赛,12666077,370364,50295,71025,3628,6526,[OHHHH],,OHHHH,1,0,1,0,0,1.2,1.2,0.0,1.2,1.0,1.2,1.2,0.0,0,0,0,0,0,0,0,1,对象评价,未明确对象,未明确方面,正面,1,0.7406135643783034,0.17598250810310373,0.08340392751859296,0.7406135643783034,正面,正面,,False
生活区,BV1YBvhBhE1f,史上最无聊比赛,12666077,370364,50295,71025,3628,6526,[ohhhhhhhh],,ohhhhhhhh,1,0,1,0,0,1.2,1.2,0.0,1.2,1.0,1.2,1.2,0.0,0,0,0,0,0,0,0,1,对象评价,未明确对象,未明确方面,正面,1,0.7406135643783034,0.17598250810310373,0.08340392751859296,0.7406135643783034,正面,正面,,False
生活区,BV1YBvhBhE1f,史上最无聊比赛,12666077,370364,50295,71025,3628,6526,这两个币给水老师,,这两个币给水老师,0,0,4,0,0,0.0,0.0,0.0,0.0,0.0,0.0,0.0,0.0,0,0,0,0,0,0,0,0,无明显情感,讲解者,未明确方面,中性,0,0.5024328957773219,0.052667215751422435,0.5024328957773219,0.44489988847125567,中性,中性,,False
生活区,BV1YBvhBhE1f,史上最无聊比赛,12666077,370364,50295,71025,3628,6526,当之无愧哈哈哈哈哈,,当之无愧哈哈哈哈哈,2,1,3,0,0,1.0,2.0,1.0,1.0,1.0,1.0,2.0,1.0,0,1,1,0,0,0,0,1,对象评价+自身情绪,未明确对象,娱乐与趣味,混合,1,0.9541555479189225,0.017103218715608264,0.028741233365469108,0.9541555479189225,正面,正面,,False
生活区,BV1YBvhBhE1f,史上最无聊比赛,12666077,370364,50295,71025,3628,6526,重心两边重量被杠杆影响了吧,,重心两边重量被杠杆影响了吧,0,0,6,0,0,0.0,0.0,0.0,0.0,0.0,0.0,0.0,0.0,0,0,0,0,0,0,0,0,无明显情感,未明确对象,未明确方面,中性,0,0.6561190936001099,0.1854913123753923,0.6561190936001099,0.15838959402449787,中性,中性,,False
生活区,BV1YBvhBhE1f,史上最无聊比赛,12666077,370364,50295,71025,3628,6526,老吃家,,老吃家,0,0,1,0,0,0.0,0.0,0.0,0.0,0.0,0.0,0.0,0.0,0,0,0,0,0,0,0,0,无明显情感,未明确对象,未明确方面,中性,0,0.6641811267415451,0.13348938228347546,0.6641811267415451,0.20232949097497943,中性,中性,,False
生活区,BV1YBvhBhE1f,史上最无聊比赛,12666077,370364,50295,71025,3628,6526,居然要花整整0秒才能分析出！,,居然要花整整0秒才能分析出！,0,0,9,1,0,0.0,0.0,0.0,0.0,0.0,0.0,0.0,0.0,0,0,0,0,0,0,0,0,无明显情感,未明确对象,未明确方面,中性,0,0.42276034948054136,0.2553207183617607,0.42276034948054136,0.32191893215769796,中性,中性,,False
生活区,BV1YBvhBhE1f,史上最无聊比赛,12666077,370364,50295,71025,3628,6526,？？385人,,？？385人,0,0,4,0,2,0.0,0.0,0.0,0.0,0.0,0.0,0.0,0.0,0,0,0,0,0,0,0,0,无明显情感,未明确对象,未明确方面,中性,-1,0.6751579961124753,0.6751579961124753,0.29849766568853775,0.026344338198986926,负面,负面,,False
生活区,BV1YBvhBhE1f,史上最无聊比赛,12666077,370364,50295,71025,3628,6526,同款鞋！,,同款鞋！,0,0,3,1,0,0.0,0.0,0.0,0.0,0.0,0.0,0.0,0.0,0,0,0,0,0,0,0,0,无明显情感,未明确对象,未明确方面,中性,0,0.5997746699199505,0.05169762921059101,0.5997746699199505,0.3485277008694585,中性,中性,,False
生活区,BV1YBvhBhE1f,史上最无聊比赛,12666077,370364,50295,71025,3628,6526,啊啊好好看,,啊啊好好看,1,0,1,0,0,1.0,1.0,0.0,1.0,1.0,1.0,1.0,0.0,0,0,0,0,0,0,0,1,对象评价,未明确对象,视听体验,正面,1,0.7427094844870129,0.2281044001853369,0.02918611532765015,0.7427094844870129,正面,正面,1.0,True
生活区,BV1YBvhBhE1f,史上最无聊比赛,12666077,370364,50295,71025,3628,6526,还有考研环节,,还有考研环节,0,0,3,0,0,0.0,0.0,0.0,0.0,0.0,0.0,0.0,0.0,0,0,0,0,0,0,0,0,无明显情感,未明确对象,未明确方面,中性,-1,0.4225093512578877,0.4225093512578877,0.3572423166961472,0.2202483320459652,负面,负面,,False
生活区,BV1YBvhBhE1f,史上最无聊比赛,12666077,370364,50295,71025,3628,6526,喜茶,,喜茶,0,0,1,0,0,0.0,0.0,0.0,0.0,0.0,0.0,0.0,0.0,0,0,0,0,0,0,0,0,无明显情感,未明确对象,未明确方面,中性,0,0.6641811267415451,0.13348938228347546,0.6641811267415451,0.20232949097497943,中性,中性,,False
生活区,BV1YBvhBhE1f,史上最无聊比赛,12666077,370364,50295,71025,3628,6526,同济之光,,同济之光,0,0,2,0,0,0.0,0.0,0.0,0.0,0.0,0.0,0.0,0.0,0,0,0,0,0,0,0,0,无明显情感,未明确对象,未明确方面,中性,0,0.5051784079616568,0.12596890127796398,0.5051784079616568,0.36885269076037924,中性,中性,,False
生活区,BV1YBvhBhE1f,史上最无聊比赛,12666077,370364,50295,71025,3628,6526,最喜欢并反复观看的一段.jpg,,最喜欢并反复观看的一段.jpg,1,0,8,0,0,1.0,1.0,0.0,1.0,0.125,1.0,1.0,0.0,0,0,0,0,0,0,0,1,对象评价,未明确对象,未明确方面,正面,1,0.7803061079259596,0.14835620144562287,0.07133769062841759,0.7803061079259596,正面,正面,,False
生活区,BV1YBvhBhE1f,史上最无聊比赛,12666077,370364,50295,71025,3628,6526,要来了,,要来了,0,0,1,0,0,0.0,0.0,0.0,0.0,0.0,0.0,0.0,0.0,0,0,0,0,0,0,0,0,无明显情感,未明确对象,未明确方面,中性,0,0.806162817006128,0.10418913813752187,0.806162817006128,0.08964804485635004,中性,中性,,False
生活区,BV1YBvhBhE1f,史上最无聊比赛,12666077,370364,50295,71025,3628,6526,搭帐篷！（即答,,搭帐篷！即答,0,0,3,1,0,0.0,0.0,0.0,0.0,0.0,0.0,0.0,0.0,0,0,0,0,0,0,0,0,无明显情感,未明确对象,未明确方面,中性,0,0.5997746699199505,0.05169762921059101,0.5997746699199505,0.3485277008694585,中性,中性,,False
生活区,BV1YBvhBhE1f,史上最无聊比赛,12666077,370364,50295,71025,3628,6526,首先排除喜茶,,首先排除喜茶,0,0,3,0,0,0.0,0.0,0.0,0.0,0.0,0.0,0.0,0.0,0,0,0,0,0,0,0,0,无明显情感,未明确对象,未明确方面,中性,0,0.6525424904832393,0.14924331021065323,0.6525424904832393,0.19821419930610756,中性,中性,,False
生活区,BV1YBvhBhE1f,史上最无聊比赛,12666077,370364,50295,71025,3628,6526,哈哈哈哈哈哈,,哈哈哈哈哈哈,2,0,2,0,0,2.0,2.0,0.0,2.0,1.0,2.0,2.0,0.0,0,0,1,0,0,0,0,1,对象评价+自身情绪,未明确对象,娱乐与趣味,正面,1,0.9870625714957327,0.00769571394985677,0.005241714554410552,0.9870625714957327,正面,正面,1.0,True
生活区,BV1YBvhBhE1f,史上最无聊比赛,12666077,370364,50295,71025,3628,6526,我耳朵会动，我还可以把手指掰到90度,,我耳朵会动，我还可以把手指掰到90度,1,0,12,0,0,1.0,1.0,0.0,1.0,0.08333333333333333,1.0,1.0,0.0,0,0,0,0,0,0,0,1,对象评价,未明确对象,未明确方面,正面,1,0.38880338648684215,0.25230269484073764,0.35889391867242026,0.38880338648684215,正面,正面,1.0,True
生活区,BV1YBvhBhE1f,史上最无聊比赛,12666077,370364,50295,71025,3628,6526,我中山乳鸽才25一只,,我中山乳鸽才25一只,0,0,5,0,0,0.0,0.0,0.0,0.0,0.0,0.0,0.0,0.0,0,0,0,0,0,0,0,0,无明显情感,未明确对象,未明确方面,中性,-1,0.5065366384209026,0.5065366384209026,0.3824432268559909,0.11102013472310655,负面,负面,,False
生活区,BV1YBvhBhE1f,史上最无聊比赛,12666077,370364,50295,71025,3628,6526,我的天呐,,我的天呐,0,0,1,0,0,0.0,0.0,0.0,0.0,0.0,0.0,0.0,0.0,0,0,0,0,0,0,0,0,无明显情感,未明确对象,未明确方面,中性,0,0.6390209990906175,0.20304904046104158,0.6390209990906175,0.15792996044834096,中性,中性,,False
生活区,BV1YBvhBhE1f,史上最无聊比赛,12666077,370364,50295,71025,3628,6526,放桌底呀,,放桌底呀,0,0,2,0,0,0.0,0.0,0.0,0.0,0.0,0.0,0.0,0.0,0,0,0,0,0,0,0,0,无明显情感,未明确对象,未明确方面,中性,0,0.6149300249394954,0.09294081951563478,0.6149300249394954,0.2921291555448697,中性,中性,,False
生活区,BV1YBvhBhE1f,史上最无聊比赛,12666077,370364,50295,71025,3628,6526,哈哈哈哈哈哈哈哈哈,,哈哈哈哈哈哈哈哈哈,3,0,3,0,0,3.0,3.0,0.0,3.0,1.0,3.0,3.0,0.0,0,0,1,0,0,0,0,1,对象评价+自身情绪,未明确对象,娱乐与趣味,正面,1,0.9971482894095333,0.0016929075428002334,0.0011588030476665685,0.9971482894095333,正面,正面,,False
生活区,BV1YBvhBhE1f,史上最无聊比赛,12666077,370364,50295,71025,3628,6526,好厉害！！,,好厉害！！,1,0,4,2,0,1.0,1.0,0.0,1.0,0.25,1.0,1.0,0.0,0,0,0,0,0,0,0,1,对象评价,未明确对象,未明确方面,正面,1,0.8645031333192683,0.11138672570716719,0.024110140973564537,0.8645031333192683,正面,正面,,False
生活区,BV1YBvhBhE1f,史上最无聊比赛,12666077,370364,50295,71025,3628,6526,如果上颚的压力比较大也可以秒吃。,,如果上颚的压力比较大也可以秒吃。,1,1,10,0,0,0.19999999999999996,1.2,1.0,0.19999999999999996,0.2,0.19999999999999996,1.2,1.0,0,1,0,0,0,0,0,1,对象评价,未明确对象,未明确方面,混合,0,0.5838147281121511,0.18592256018667302,0.5838147281121511,0.230262711701176,中性,中性,0.0,True
生活区,BV1YBvhBhE1f,史上最无聊比赛,12666077,370364,50295,71025,3628,6526,这特么不是我嘛,,这特么不是我嘛,0,0,4,0,0,0.0,0.0,0.0,0.0,0.0,0.0,0.0,0.0,0,0,0,0,0,0,0,0,无明显情感,未明确对象,未明确方面,中性,0,0.48159316476729475,0.4218531118623918,0.48159316476729475,0.09655372337031333,中性,中性,,False
生活区,BV1YBvhBhE1f,史上最无聊比赛,12666077,370364,50295,71025,3628,6526,剩 AD 了！,,剩AD了！,0,0,3,1,0,0.0,0.0,0.0,0.0,0.0,0.0,0.0,0.0,0,0,0,0,0,0,0,0,无明显情感,未明确对象,未明确方面,中性,0,0.6684212275263057,0.06392186948999687,0.6684212275263057,0.2676569029836974,中性,中性,,False
生活区,BV1YBvhBhE1f,史上最无聊比赛,12666077,370364,50295,71025,3628,6526,我去太牛了,,我去太牛了,1,0,3,0,0,1.0,1.0,0.0,1.0,0.3333333333333333,1.0,1.0,0.0,0,0,0,0,0,0,0,1,对象评价,未明确对象,未明确方面,正面,1,0.6761633520931323,0.20423270277421396,0.11960394513265381,0.6761633520931323,正面,正面,,False
生活区,BV1YBvhBhE1f,史上最无聊比赛,12666077,370364,50295,71025,3628,6526,这里不对，力矩不一样的,,这里不对，力矩不一样的,0,0,7,0,0,0.0,0.0,0.0,0.0,0.0,0.0,0.0,0.0,0,0,0,0,0,0,0,0,无明显情感,未明确对象,未明确方面,中性,-1,0.8425006635316409,0.8425006635316409,0.1391084815496506,0.018390854918708458,负面,负面,,False
生活区,BV1YBvhBhE1f,史上最无聊比赛,12666077,370364,50295,71025,3628,6526,哈哈哈哈哈哈哈哈,,哈哈哈哈哈哈哈哈,3,0,2,0,0,3.0,3.0,0.0,3.0,1.5,3.0,3.0,0.0,0,0,1,0,0,0,0,1,对象评价+自身情绪,未明确对象,娱乐与趣味,正面,1,0.9976824277074349,0.0019763119329025054,0.0003412603596626469,0.9976824277074349,正面,正面,1.0,True
生活区,BV1YBvhBhE1f,史上最无聊比赛,12666077,370364,50295,71025,3628,6526,哇噻，天才,,哇噻，天才,0,0,3,0,0,0.0,0.0,0.0,0.0,0.0,0.0,0.0,0.0,0,0,0,0,0,0,0,0,无明显情感,未明确对象,未明确方面,中性,-1,0.43020554136026573,0.43020554136026573,0.3552404510132486,0.21455400762648558,负面,负面,,False
生活区,BV1YBvhBhE1f,史上最无聊比赛,12666077,370364,50295,71025,3628,6526,学霸都是这样的，蒙题从来没蒙对过,,学霸都是这样的，蒙题从来没蒙对过,0,0,9,0,0,0.0,0.0,0.0,0.0,0.0,0.0,0.0,0.0,0,0,0,0,0,0,0,0,无明显情感,未明确对象,未明确方面,中性,-1,0.7891230939275948,0.7891230939275948,0.13455307857783982,0.07632382749456534,负面,负面,,False
生活区,BV1YBvhBhE1f,史上最无聊比赛,12666077,370364,50295,71025,3628,6526,广东人疑惑，这边确实有九龙冰室，但是算粤菜吗（？）感觉更hk一些,,广东人疑惑，这边确实有九龙冰室，但是算粤菜吗？感觉更hk一些,0,1,18,0,1,-1.0,0.0,1.0,1.0,0.05555555555555555,-1.0,0.0,1.0,1,0,0,0,0,0,0,1,对象评价,未明确对象,未明确方面,负面,-1,0.8686647532728623,0.8686647532728623,0.1248320635727057,0.00650318315443188,负面,负面,,False
生活区,BV1YBvhBhE1f,史上最无聊比赛,12666077,370364,50295,71025,3628,6526,雨哥太饿了,,雨哥太饿了,0,0,3,0,0,0.0,0.0,0.0,0.0,0.0,0.0,0.0,0.0,0,0,0,0,0,0,0,0,无明显情感,未明确对象,未明确方面,中性,0,0.7462042719190871,0.07387366333150526,0.7462042719190871,0.1799220647494075,中性,中性,,False
生活区,BV1YBvhBhE1f,史上最无聊比赛,12666077,370364,50295,71025,3628,6526,请不要在戏院食用,,请不要在戏院食用,0,0,5,0,0,0.0,0.0,0.0,0.0,0.0,0.0,0.0,0.0,0,0,0,0,0,0,0,0,无明显情感,未明确对象,未明确方面,中性,0,0.6302305609813917,0.1798338121215427,0.6302305609813917,0.18993562689706547,中性,中性,,False
生活区,BV1YBvhBhE1f,史上最无聊比赛,12666077,370364,50295,71025,3628,6526,但是这些好帅啊！,,但是这些好帅啊！,0,0,4,1,0,0.0,0.0,0.0,0.0,0.0,0.0,0.0,0.0,1,0,0,0,0,0,0,0,无明显情感,未明确对象,未明确方面,中性,1,0.47022102933924864,0.21297622381203768,0.31680274684871385,0.47022102933924864,正面,正面,1.0,True
生活区,BV1YBvhBhE1f,史上最无聊比赛,12666077,370364,50295,71025,3628,6526,雨哥到处蹭…看到就烦,,雨哥到处蹭看到就烦,0,0,6,0,0,0.0,0.0,0.0,0.0,0.0,0.0,0.0,0.0,0,0,1,0,0,0,0,0,自身情绪,未明确对象,未明确方面,中性,0,0.8246817681313918,0.05256243824925037,0.8246817681313918,0.12275579361935779,中性,负面,,False
生活区,BV1YBvhBhE1f,史上最无聊比赛,12666077,370364,50295,71025,3628,6526,但是点都德烤乳鸽经常半价19,,但是点都德烤乳鸽经常半价19,0,0,9,0,0,0.0,0.0,0.0,0.0,0.0,0.0,0.0,0.0,1,0,0,0,0,0,0,0,无明显情感,未明确对象,未明确方面,中性,0,0.5882205032007287,0.27415008182159917,0.5882205032007287,0.13762941497767214,中性,中性,,False
生活区,BV1YBvhBhE1f,史上最无聊比赛,12666077,370364,50295,71025,3628,6526,薛家宅小区是吧,,薛家宅小区是吧,0,0,3,0,0,0.0,0.0,0.0,0.0,0.0,0.0,0.0,0.0,0,0,0,0,0,0,0,0,无明显情感,未明确对象,未明确方面,中性,0,0.7650072417180246,0.13087937152285928,0.7650072417180246,0.10411338675911623,中性,中性,,False
生活区,BV1YBvhBhE1f,史上最无聊比赛,12666077,370364,50295,71025,3628,6526,坂本大佬？,,坂本大佬？,0,0,3,0,1,0.0,0.0,0.0,0.0,0.0,0.0,0.0,0.0,0,0,0,0,0,0,0,0,无明显情感,未明确对象,未明确方面,中性,-1,0.5350327343451675,0.5350327343451675,0.40283281497238527,0.062134450682447204,负面,负面,,False
生活区,BV1YBvhBhE1f,史上最无聊比赛,12666077,370364,50295,71025,3628,6526,感觉不戴眼镜的话，像小潮院长,,感觉不戴眼镜的话，像小潮院长,0,0,8,0,0,0.0,0.0,0.0,0.0,0.0,0.0,0.0,0.0,0,0,0,0,0,0,0,0,无明显情感,未明确对象,未明确方面,中性,0,0.5956379148888022,0.26916005980376967,0.5956379148888022,0.13520202530742806,中性,中性,,False
生活区,BV1YBvhBhE1f,史上最无聊比赛,12666077,370364,50295,71025,3628,6526,有表你问你雷霆时间,,有表你问你雷霆时间,0,0,4,0,0,0.0,0.0,0.0,0.0,0.0,0.0,0.0,0.0,0,0,0,0,0,0,0,0,无明显情感,未明确对象,未明确方面,中性,0,0.6076855636757521,0.17646295531534692,0.6076855636757521,0.2158514810089009,中性,中性,,False
生活区,BV1YBvhBhE1f,史上最无聊比赛,12666077,370364,50295,71025,3628,6526,哈哈哈哈当之无愧,,哈哈哈哈当之无愧,2,0,2,0,0,2.0,2.0,0.0,2.0,1.0,2.0,2.0,0.0,0,0,1,0,0,0,0,1,对象评价+自身情绪,未明确对象,娱乐与趣味,正面,1,0.9898024587468047,0.006168801545271968,0.0040287397079234065,0.9898024587468047,正面,正面,,False
生活区,BV1YBvhBhE1f,史上最无聊比赛,12666077,370364,50295,71025,3628,6526,鹰眼哈哈哈哈哈,,鹰眼哈哈哈哈哈,2,0,3,0,0,2.0,2.0,0.0,2.0,0.6666666666666666,2.0,2.0,0.0,0,0,1,0,0,0,0,1,对象评价+自身情绪,未明确对象,娱乐与趣味,正面,1,0.9779671613868848,0.006782889827806668,0.015249948785308543,0.9779671613868848,正面,正面,,False
生活区,BV1YBvhBhE1f,史上最无聊比赛,12666077,370364,50295,71025,3628,6526,原来番茄跟我住一个地儿-。-  我平时点袁记也是差不多这距离,,原来番茄跟我住一个地儿。我平时点袁记也是差不多这距离,0,0,12,0,0,0.0,0.0,0.0,0.0,0.0,0.0,0.0,0.0,0,0,0,0,0,0,0,0,无明显情感,未明确对象,未明确方面,中性,-1,0.5076922521857251,0.5076922521857251,0.3135685880927271,0.17873915972154777,负面,负面,,False
生活区,BV1YBvhBhE1f,史上最无聊比赛,12666077,370364,50295,71025,3628,6526,茄茄切茄茄,,茄茄切茄茄,0,0,2,0,0,0.0,0.0,0.0,0.0,0.0,0.0,0.0,0.0,0,0,0,0,0,0,0,0,无明显情感,未明确对象,未明确方面,中性,0,0.6585046096608349,0.14118285317383877,0.6585046096608349,0.20031253716532643,中性,中性,,False
生活区,BV1YBvhBhE1f,史上最无聊比赛,12666077,370364,50295,71025,3628,6526,《地狱难度》,,地狱难度,0,0,2,0,0,0.0,0.0,0.0,0.0,0.0,0.0,0.0,0.0,0,0,0,0,0,0,0,0,无明显情感,未明确对象,理解与难度,中性,0,0.6585046096608349,0.14118285317383877,0.6585046096608349,0.20031253716532643,中性,中性,,False
生活区,BV1YBvhBhE1f,史上最无聊比赛,12666077,370364,50295,71025,3628,6526,上课老师讲话那么大声，你吃零食声音根本就没那么大,,上课老师讲话那么大声，你吃零食声音根本就没那么大,0,0,13,0,0,0.0,0.0,0.0,0.0,0.0,0.0,0.0,0.0,0,0,0,0,0,0,0,0,无明显情感,讲解者+视频内容,视听体验,中性,-1,0.8394001548041825,0.8394001548041825,0.06611338262972899,0.0944864625660885,负面,负面,,False
生活区,BV1YBvhBhE1f,史上最无聊比赛,12666077,370364,50295,71025,3628,6526,财大の光！！！！！,,财大光！！！！！,0,0,7,5,0,0.0,0.0,0.0,0.0,0.0,0.0,0.0,0.0,0,0,0,0,0,0,0,0,无明显情感,未明确对象,未明确方面,中性,1,0.37027500797044965,0.31549311036137184,0.31423188166817856,0.37027500797044965,正面,中性,,False
生活区,BV1YBvhBhE1f,史上最无聊比赛,12666077,370364,50295,71025,3628,6526,唱歌有电音！,,唱歌有电音！,0,0,4,1,0,0.0,0.0,0.0,0.0,0.0,0.0,0.0,0.0,0,0,0,0,0,0,0,0,无明显情感,未明确对象,未明确方面,中性,-1,0.43326814251261175,0.43326814251261175,0.4171668107385331,0.14956504674885499,负面,负面,,False
生活区,BV1YBvhBhE1f,史上最无聊比赛,12666077,370364,50295,71025,3628,6526,力臂不一样长，重量不一样啊,,力臂不一样长，重量不一样啊,0,0,8,0,0,0.0,0.0,0.0,0.0,0.0,0.0,0.0,0.0,0,0,0,0,0,0,0,0,无明显情感,未明确对象,未明确方面,中性,-1,0.692749230035984,0.692749230035984,0.23354692325003695,0.07370384671397916,负面,负面,,False
生活区,BV1YBvhBhE1f,史上最无聊比赛,12666077,370364,50295,71025,3628,6526,这叫馕，不是饼,,这叫馕，不是饼,0,0,5,0,0,0.0,0.0,0.0,0.0,0.0,0.0,0.0,0.0,0,0,0,0,0,0,0,0,无明显情感,未明确对象,未明确方面,中性,-1,0.7929784784502586,0.7929784784502586,0.12580864985187715,0.08121287169786427,负面,负面,,False
生活区,BV1YBvhBhE1f,史上最无聊比赛,12666077,370364,50295,71025,3628,6526,力臂都不一样长,,力臂都不一样长,0,0,5,0,0,0.0,0.0,0.0,0.0,0.0,0.0,0.0,0.0,0,0,0,0,0,0,0,0,无明显情感,未明确对象,未明确方面,中性,-1,0.4419739739656132,0.4419739739656132,0.4086541998298867,0.1493718262045001,负面,负面,,False
生活区,BV1YBvhBhE1f,史上最无聊比赛,12666077,370364,50295,71025,3628,6526,↑我愿负荆来,,我愿负荆来,0,0,3,0,0,0.0,0.0,0.0,0.0,0.0,0.0,0.0,0.0,0,0,0,0,0,0,0,0,无明显情感,未明确对象,未明确方面,中性,0,0.7790645448617391,0.10534043351561452,0.7790645448617391,0.1155950216226462,中性,中性,,False
生活区,BV1YBvhBhE1f,史上最无聊比赛,12666077,370364,50295,71025,3628,6526,我不给。,,我不给。,0,0,3,0,0,0.0,0.0,0.0,0.0,0.0,0.0,0.0,0.0,0,0,0,0,0,0,0,0,无明显情感,未明确对象,未明确方面,中性,-1,0.558290570329961,0.558290570329961,0.339301275038505,0.10240815463153406,负面,负面,,False
生活区,BV1YBvhBhE1f,史上最无聊比赛,12666077,370364,50295,71025,3628,6526,水老师好帅,,水老师好帅,0,0,3,0,0,0.0,0.0,0.0,0.0,0.0,0.0,0.0,0.0,0,0,0,0,0,0,0,0,无明显情感,讲解者,未明确方面,中性,1,0.5808594157797241,0.06296387296326787,0.35617671125700806,0.5808594157797241,正面,正面,,False
生活区,BV1YBvhBhE1f,史上最无聊比赛,12666077,370364,50295,71025,3628,6526,禁止物理老师参赛啊,,禁止物理老师参赛啊,0,0,4,0,0,0.0,0.0,0.0,0.0,0.0,0.0,0.0,0.0,0,0,0,0,0,0,0,0,无明显情感,讲解者,未明确方面,中性,0,0.5448431197965784,0.20930358100277416,0.5448431197965784,0.24585329920064755,中性,中性,,False
生活区,BV1YBvhBhE1f,史上最无聊比赛,12666077,370364,50295,71025,3628,6526,蜜雪冰城,,蜜雪冰城,0,0,2,0,0,0.0,0.0,0.0,0.0,0.0,0.0,0.0,0.0,0,0,0,0,0,0,0,0,无明显情感,未明确对象,未明确方面,中性,0,0.6585046096608349,0.14118285317383877,0.6585046096608349,0.20031253716532643,中性,中性,,False
生活区,BV1YBvhBhE1f,史上最无聊比赛,12666077,370364,50295,71025,3628,6526,闭眼的时候能够感受到别人走动的位置,,闭眼的时候能够感受到别人走动的位置,0,0,8,0,0,0.0,0.0,0.0,0.0,0.0,0.0,0.0,0.0,0,0,0,0,0,0,0,0,无明显情感,未明确对象,未明确方面,中性,0,0.5782388126895577,0.27666497558479464,0.5782388126895577,0.14509621172564763,中性,中性,,False
生活区,BV1YBvhBhE1f,史上最无聊比赛,12666077,370364,50295,71025,3628,6526,推荐学习学习时分好兄弟的无声偷吃术,,推荐学习学习时分好兄弟的无声偷吃术,1,0,9,0,0,1.0,1.0,0.0,1.0,0.1111111111111111,1.0,1.0,0.0,0,0,0,0,0,1,0,1,对象评价+立场,未明确对象,未明确方面,正面,1,0.4455427736298288,0.17446950541820255,0.3799877209519687,0.4455427736298288,正面,正面,,False
生活区,BV1YBvhBhE1f,史上最无聊比赛,12666077,370364,50295,71025,3628,6526,重心不能把重量分为两半。。。,,重心不能把重量分为两半。。。,0,0,9,0,0,0.0,0.0,0.0,0.0,0.0,0.0,0.0,0.0,0,0,0,0,0,0,0,0,无明显情感,未明确对象,未明确方面,中性,0,0.5765157595863059,0.17795336898821074,0.5765157595863059,0.24553087142548344,中性,中性,,False
生活区,BV1YBvhBhE1f,史上最无聊比赛,12666077,370364,50295,71025,3628,6526,还真有,,还真有,0,0,3,0,0,0.0,0.0,0.0,0.0,0.0,0.0,0.0,0.0,0,0,0,0,0,0,0,0,无明显情感,未明确对象,未明确方面,中性,-1,0.5964919333173287,0.5964919333173287,0.2757977983841148,0.1277102682985565,负面,负面,,False
生活区,BV1YBvhBhE1f,史上最无聊比赛,12666077,370364,50295,71025,3628,6526,那不就在楼下！？,,那不就在楼下！？,0,0,6,1,1,0.0,0.0,0.0,0.0,0.0,0.0,0.0,0.0,0,0,0,0,0,0,0,0,无明显情感,未明确对象,未明确方面,中性,-1,0.7735046050692728,0.7735046050692728,0.19022747189894998,0.03626792303177727,负面,负面,,False
生活区,BV1YBvhBhE1f,史上最无聊比赛,12666077,370364,50295,71025,3628,6526,？？？？？？？？？？？？？？？？,,？？？？？？？？？？？？？？？？,0,0,16,0,16,0.0,0.0,0.0,0.0,0.0,0.0,0.0,0.0,0,0,0,0,0,0,0,0,无明显情感,未明确对象,未明确方面,中性,-1,0.9999999940495461,0.9999999940495461,5.949769892376759e-09,6.839625465146836e-13,负面,负面,,False
生活区,BV1YBvhBhE1f,史上最无聊比赛,12666077,370364,50295,71025,3628,6526,我嘞个心理学大师啊！,,我嘞个心理学大师啊！,0,0,5,1,0,0.0,0.0,0.0,0.0,0.0,0.0,0.0,0.0,0,0,0,0,0,0,0,0,无明显情感,未明确对象,未明确方面,中性,1,0.614624115760071,0.21483837572435027,0.17053750851557867,0.614624115760071,正面,正面,1.0,True
生活区,BV1YBvhBhE1f,史上最无聊比赛,12666077,370364,50295,71025,3628,6526,复旦之光！！！！！！！！！！！！,,复旦之光！！！！！！！！！！！！,0,0,14,12,0,0.0,0.0,0.0,0.0,0.0,0.0,0.0,0.0,0,0,0,0,0,0,0,0,无明显情感,未明确对象,未明确方面,中性,1,0.6785174457697973,0.21868233954272848,0.10280021468747416,0.6785174457697973,正面,正面,,False
生活区,BV1YBvhBhE1f,史上最无聊比赛,12666077,370364,50295,71025,3628,6526,我就可以,,我就可以,1,0,2,0,0,1.0,1.0,0.0,1.0,0.5,1.0,1.0,0.0,0,0,0,0,0,0,0,1,对象评价,未明确对象,未明确方面,正面,1,0.7082363318119416,0.15133202401985132,0.14043164416820708,0.7082363318119416,正面,正面,1.0,True
生活区,BV1YBvhBhE1f,史上最无聊比赛,12666077,370364,50295,71025,3628,6526,可爱捏,,可爱捏,1,0,2,0,0,1.0,1.0,0.0,1.0,0.5,1.0,1.0,0.0,0,0,0,0,0,0,0,1,对象评价,未明确对象,未明确方面,正面,1,0.8817141664594982,0.047865614643232315,0.07042021889726961,0.8817141664594982,正面,正面,,False
生活区,BV1YBvhBhE1f,史上最无聊比赛,12666077,370364,50295,71025,3628,6526,哈哈哈哈哈哈哈哈哈哈哈哈哈,,哈哈哈哈哈哈哈哈哈哈哈哈哈,4,0,4,0,0,4.0,4.0,0.0,4.0,1.0,4.0,4.0,0.0,0,0,1,0,0,0,0,1,对象评价+自身情绪,未明确对象,娱乐与趣味,正面,1,0.9995052582810517,0.0002930289155067404,0.00020171280344158995,0.9995052582810517,正面,正面,,False
生活区,BV1YBvhBhE1f,史上最无聊比赛,12666077,370364,50295,71025,3628,6526,想起来RM 吃早餐 哈哈哈哈,,想起来RM吃早餐哈哈哈哈,1,0,6,0,0,1.0,1.0,0.0,1.0,0.16666666666666666,1.0,1.0,0.0,0,0,1,0,0,0,0,1,对象评价+自身情绪,未明确对象,娱乐与趣味,正面,1,0.8537512111432769,0.01918960836750227,0.12705918048922077,0.8537512111432769,正面,正面,,False
生活区,BV1YBvhBhE1f,史上最无聊比赛,12666077,370364,50295,71025,3628,6526,17.9,,17.9,0,0,1,0,0,0.0,0.0,0.0,0.0,0.0,0.0,0.0,0.0,0,0,0,0,0,0,0,0,无明显情感,未明确对象,未明确方面,中性,0,0.6845425719271159,0.09794192647156628,0.6845425719271159,0.21751550160131788,中性,中性,,False
生活区,BV1YBvhBhE1f,史上最无聊比赛,12666077,370364,50295,71025,3628,6526,这个仅限形状规则正好从物体中心切的情况，不要被误导,,这个仅限形状规则正好从物体中心切的情况，不要被误导,0,1,14,0,0,-1.0,0.0,1.0,1.0,0.07142857142857142,-1.0,0.0,1.0,0,0,0,0,0,0,0,1,对象评价,未明确对象,未明确方面,负面,-1,0.8576062204763889,0.8576062204763889,0.10692852698114888,0.03546525254246229,负面,负面,-1.0,True
生活区,BV1YBvhBhE1f,史上最无聊比赛,12666077,370364,50295,71025,3628,6526,53m？,,53m？,0,0,2,0,1,0.0,0.0,0.0,0.0,0.0,0.0,0.0,0.0,0,0,0,0,0,0,0,0,无明显情感,未明确对象,未明确方面,中性,0,0.4990429616456947,0.4477564397209211,0.4990429616456947,0.0532005986333841,中性,中性,,False
生活区,BV1YBvhBhE1f,史上最无聊比赛,12666077,370364,50295,71025,3628,6526,盲猜d,,盲猜d,0,0,2,0,0,0.0,0.0,0.0,0.0,0.0,0.0,0.0,0.0,0,0,0,0,0,0,0,0,无明显情感,未明确对象,未明确方面,中性,0,0.6585046096608349,0.14118285317383877,0.6585046096608349,0.20031253716532643,中性,中性,,False
生活区,BV1YBvhBhE1f,史上最无聊比赛,12666077,370364,50295,71025,3628,6526,番茄，你看看人家番茄,,番茄，你看看人家番茄,0,0,5,0,0,0.0,0.0,0.0,0.0,0.0,0.0,0.0,0.0,0,0,0,0,0,0,0,0,无明显情感,未明确对象,未明确方面,中性,0,0.4409880800800992,0.3919939421898648,0.4409880800800992,0.16701797773003596,中性,中性,0.0,True
生活区,BV1YBvhBhE1f,史上最无聊比赛,12666077,370364,50295,71025,3628,6526,老师：请各位同学保持清醒，讲台上看得一清二楚，只要不要过于明目张胆，老师我还是会睁一只眼闭一只眼的,,老师请各位同学保持清醒，讲台上看得一清二楚，只要不要过于明目张胆，老师我还是会睁一只眼闭一只眼的,0,0,23,0,0,0.0,0.0,0.0,0.0,0.0,0.0,0.0,0.0,0,0,0,0,0,0,0,0,无明显情感,讲解者,未明确方面,中性,-1,0.6174001654448289,0.6174001654448289,0.17531082984213578,0.20728900471303546,负面,负面,,False
生活区,BV1YBvhBhE1f,史上最无聊比赛,12666077,370364,50295,71025,3628,6526,南无药师琉璃光如来,,南无药师琉璃光如来,0,0,5,0,0,0.0,0.0,0.0,0.0,0.0,0.0,0.0,0.0,0,0,0,0,0,0,0,0,无明显情感,未明确对象,未明确方面,中性,0,0.6397343740647244,0.16649900707806428,0.6397343740647244,0.19376661885721125,中性,中性,,False
生活区,BV1YBvhBhE1f,史上最无聊比赛,12666077,370364,50295,71025,3628,6526,前面的九龙是地名啊,,前面的九龙是地名啊,0,0,3,0,0,0.0,0.0,0.0,0.0,0.0,0.0,0.0,0.0,0,0,0,0,0,0,0,0,无明显情感,未明确对象,未明确方面,中性,-1,0.43514919155061976,0.43514919155061976,0.287383784116565,0.2774670243328153,负面,负面,,False
生活区,BV1YBvhBhE1f,史上最无聊比赛,12666077,370364,50295,71025,3628,6526,是馕不是饼哈哈哈哈,,是馕不是饼哈哈哈哈,1,0,4,0,0,1.0,1.0,0.0,1.0,0.25,1.0,1.0,0.0,0,0,1,0,0,0,0,1,对象评价+自身情绪,未明确对象,娱乐与趣味,正面,1,0.773057009794043,0.10201467731255719,0.12492831289339985,0.773057009794043,正面,正面,,False
生活区,BV1YBvhBhE1f,史上最无聊比赛,12666077,370364,50295,71025,3628,6526,居然是小老师,,居然是小老师,0,0,3,0,0,0.0,0.0,0.0,0.0,0.0,0.0,0.0,0.0,0,0,0,0,0,0,0,0,无明显情感,讲解者,未明确方面,中性,0,0.4804445806259328,0.181230257335528,0.4804445806259328,0.3383251620385392,中性,中性,,False
生活区,BV1YBvhBhE1f,史上最无聊比赛,12666077,370364,50295,71025,3628,6526,我可能不知道是在吃，但肯定都没听课！,,我可能不知道是在吃，但肯定都没听课！,1,0,12,1,0,1.0,1.0,0.0,1.0,0.08333333333333333,1.0,1.0,0.0,0,0,0,0,0,0,0,1,对象评价,未明确对象,未明确方面,正面,-1,0.9403347184335247,0.9403347184335247,0.025589958109417173,0.03407532345705824,负面,负面,-1.0,True
生活区,BV1YBvhBhE1f,史上最无聊比赛,12666077,370364,50295,71025,3628,6526,她好帅啊她好帅啊,,她好帅啊她好帅啊,0,0,2,0,0,0.0,0.0,0.0,0.0,0.0,0.0,0.0,0.0,0,0,0,0,0,0,0,0,无明显情感,未明确对象,未明确方面,中性,0,0.43085384383890546,0.24679437378954977,0.43085384383890546,0.3223517823715449,中性,中性,,False
生活区,BV1YBvhBhE1f,史上最无聊比赛,12666077,370364,50295,71025,3628,6526,25,,25,0,0,1,0,0,0.0,0.0,0.0,0.0,0.0,0.0,0.0,0.0,0,0,0,0,0,0,0,0,无明显情感,未明确对象,未明确方面,中性,-1,0.4764496017169443,0.4764496017169443,0.39624416795324763,0.127306230329808,负面,负面,,False
生活区,BV1YBvhBhE1f,史上最无聊比赛,12666077,370364,50295,71025,3628,6526,还真是，有过,,还真是，有过,0,0,4,0,0,0.0,0.0,0.0,0.0,0.0,0.0,0.0,0.0,0,0,0,0,0,0,0,0,无明显情感,未明确对象,未明确方面,中性,0,0.6571059875601019,0.17228966035101523,0.6571059875601019,0.1706043520888829,中性,中性,,False
生活区,BV1YBvhBhE1f,史上最无聊比赛,12666077,370364,50295,71025,3628,6526,所以说他们上课吃生姜，茄子，西红柿,,所以说他们上课吃生姜，茄子，西红柿,0,0,10,0,0,0.0,0.0,0.0,0.0,0.0,0.0,0.0,0.0,0,0,0,0,0,0,0,0,无明显情感,未明确对象,未明确方面,中性,-1,0.6374688122733396,0.6374688122733396,0.28869209214946157,0.07383909557719882,负面,负面,,False
生活区,BV1YBvhBhE1f,史上最无聊比赛,12666077,370364,50295,71025,3628,6526,倒霉熊你就吹吧233,,倒霉熊你就吹吧233,1,1,4,0,0,0.19999999999999996,1.2,1.0,0.19999999999999996,0.5,0.19999999999999996,1.2,1.0,0,1,0,0,0,0,0,1,对象评价,未明确对象,未明确方面,混合,1,0.4992569243226188,0.19591344544494887,0.30482963023243237,0.4992569243226188,正面,正面,1.0,True
生活区,BV1YBvhBhE1f,史上最无聊比赛,12666077,370364,50295,71025,3628,6526,?我一般是直接开袋问老师要不要的(我老师没说不让吃啊),,?我一般是直接开袋问老师要不要的我老师没说不让吃啊,0,0,12,0,1,0.0,0.0,0.0,0.0,0.0,0.0,0.0,0.0,0,0,0,0,0,0,0,0,无明显情感,讲解者,未明确方面,中性,-1,0.5813626660848441,0.5813626660848441,0.3310664095061952,0.08757092440896064,负面,负面,,False
生活区,BV1YBvhBhE1f,史上最无聊比赛,12666077,370364,50295,71025,3628,6526,番茄：没想到我会被压力,,番茄没想到我会被压力,0,1,5,0,0,-1.0,0.0,1.0,1.0,0.2,-1.0,0.0,1.0,0,0,0,0,0,0,0,1,对象评价,未明确对象,未明确方面,负面,-1,0.8338367748931373,0.8338367748931373,0.12542507175984918,0.040738153347013376,负面,负面,-1.0,True
生活区,BV1YBvhBhE1f,史上最无聊比赛,12666077,370364,50295,71025,3628,6526,三短一长选最长啊,,三短一长选最长啊,0,0,4,0,0,0.0,0.0,0.0,0.0,0.0,0.0,0.0,0.0,0,0,0,0,0,0,0,0,无明显情感,未明确对象,未明确方面,中性,0,0.5186106976187902,0.3111284405052324,0.5186106976187902,0.17026086187597736,中性,中性,0.0,True
生活区,BV1YBvhBhE1f,史上最无聊比赛,12666077,370364,50295,71025,3628,6526,番茄：咕咕嘎嘎,,番茄咕咕嘎嘎,0,0,3,0,0,0.0,0.0,0.0,0.0,0.0,0.0,0.0,0.0,0,0,0,0,0,0,0,0,无明显情感,未明确对象,未明确方面,中性,-1,0.4455363352502526,0.4455363352502526,0.38623149703301896,0.16823216771672847,负面,负面,,False
生活区,BV1YBvhBhE1f,史上最无聊比赛,12666077,370364,50295,71025,3628,6526,我勒个番茄啊,,我勒个番茄啊,0,0,2,0,0,0.0,0.0,0.0,0.0,0.0,0.0,0.0,0.0,0,0,0,0,0,0,0,0,无明显情感,未明确对象,未明确方面,中性,-1,0.7793664533625718,0.7793664533625718,0.12938288482106441,0.09125066181636386,负面,负面,,False
生活区,BV1YBvhBhE1f,史上最无聊比赛,12666077,370364,50295,71025,3628,6526,-[]\/*-25;'KL,,25KL,0,0,1,0,0,0.0,0.0,0.0,0.0,0.0,0.0,0.0,0.0,0,0,0,0,0,0,0,0,无明显情感,未明确对象,未明确方面,中性,0,0.582192310649387,0.1990379303217519,0.582192310649387,0.21876975902886103,中性,中性,,False
生活区,BV1YBvhBhE1f,史上最无聊比赛,12666077,370364,50295,71025,3628,6526,“81.1”,,81.1,0,0,1,0,0,0.0,0.0,0.0,0.0,0.0,0.0,0.0,0.0,0,0,0,0,0,0,0,0,无明显情感,未明确对象,未明确方面,中性,0,0.635342040262708,0.1287794531538444,0.635342040262708,0.2358785065834476,中性,中性,,False
生活区,BV1YBvhBhE1f,史上最无聊比赛,12666077,370364,50295,71025,3628,6526,啥意思,,啥意思,0,0,1,0,0,0.0,0.0,0.0,0.0,0.0,0.0,0.0,0.0,0,0,0,0,0,0,0,0,无明显情感,未明确对象,未明确方面,中性,0,0.6641811267415451,0.13348938228347546,0.6641811267415451,0.20232949097497943,中性,中性,,False
生活区,BV1YBvhBhE1f,史上最无聊比赛,12666077,370364,50295,71025,3628,6526,666,,666,1,0,1,0,0,1.0,1.0,0.0,1.0,1.0,1.0,1.0,0.0,0,0,0,0,0,0,0,1,对象评价,未明确对象,未明确方面,正面,1,0.8620753933089902,0.07238606976980684,0.06553853692120293,0.8620753933089902,正面,正面,,False
生活区,BV1YBvhBhE1f,史上最无聊比赛,12666077,370364,50295,71025,3628,6526,整个放嘴里咬开再把壳吐出来没玩过？,,整个放嘴里咬开再把壳吐出来没玩过？,0,0,10,0,1,0.0,0.0,0.0,0.0,0.0,0.0,0.0,0.0,0,0,0,0,0,0,0,0,无明显情感,未明确对象,未明确方面,中性,-1,0.7617337976087158,0.7617337976087158,0.20723816182723673,0.03102804056404727,负面,负面,,False
生活区,BV1YBvhBhE1f,史上最无聊比赛,12666077,370364,50295,71025,3628,6526,诗人,,诗人,0,0,1,0,0,0.0,0.0,0.0,0.0,0.0,0.0,0.0,0.0,0,0,0,0,0,0,0,0,无明显情感,未明确对象,未明确方面,中性,0,0.6641811267415451,0.13348938228347546,0.6641811267415451,0.20232949097497943,中性,中性,,False
生活区,BV1YBvhBhE1f,史上最无聊比赛,12666077,370364,50295,71025,3628,6526,仙道杀招一送友风,,仙道杀招一送友风,0,0,4,0,0,0.0,0.0,0.0,0.0,0.0,0.0,0.0,0.0,0,0,0,0,0,0,0,0,无明显情感,未明确对象,未明确方面,中性,0,0.6462878438700694,0.15767941730141277,0.6462878438700694,0.19603273882851782,中性,中性,,False
生活区,BV1YBvhBhE1f,史上最无聊比赛,12666077,370364,50295,71025,3628,6526,19.9，我感觉按他们那个地方物价会不会猜的有点少了,,19.9，我感觉按他们那个地方物价会不会猜的有点少了,0,1,12,0,0,-1.0,0.0,1.0,1.0,0.08333333333333333,-1.0,0.0,1.0,0,0,0,0,0,0,0,1,对象评价,未明确对象,未明确方面,负面,0,0.6364380304206284,0.31189996056076424,0.6364380304206284,0.05166200901860721,中性,负面,,False
生活区,BV1YBvhBhE1f,史上最无聊比赛,12666077,370364,50295,71025,3628,6526,感觉缺少一点偷感啊 没有那种随时可能被老师看到的刺激,,感觉缺少一点偷感啊没有那种随时可能被老师看到的刺激,0,0,12,0,0,0.0,0.0,0.0,0.0,0.0,0.0,0.0,0.0,0,0,0,0,0,0,0,0,无明显情感,讲解者,未明确方面,中性,-1,0.6195601959400742,0.6195601959400742,0.33632406627548245,0.04411573778444344,负面,负面,,False
生活区,BV1YBvhBhE1f,史上最无聊比赛,12666077,370364,50295,71025,3628,6526,这才是贪吃王,,这才是贪吃王,0,0,3,0,0,0.0,0.0,0.0,0.0,0.0,0.0,0.0,0.0,0,0,0,0,0,0,0,0,无明显情感,未明确对象,未明确方面,中性,0,0.7755025798265455,0.1405027567706063,0.7755025798265455,0.08399466340284822,中性,中性,,False
生活区,BV1YBvhBhE1f,史上最无聊比赛,12666077,370364,50295,71025,3628,6526,太帅了,,太帅了,0,0,1,0,0,0.0,0.0,0.0,0.0,0.0,0.0,0.0,0.0,0,0,0,0,0,0,0,0,无明显情感,未明确对象,未明确方面,中性,0,0.5650521410051617,0.264404685410483,0.5650521410051617,0.17054317358435528,中性,中性,,False
生活区,BV1YBvhBhE1f,史上最无聊比赛,12666077,370364,50295,71025,3628,6526,厉害,,厉害,1,0,1,0,0,1.0,1.0,0.0,1.0,1.0,1.0,1.0,0.0,0,0,0,0,0,0,0,1,对象评价,未明确对象,未明确方面,正面,1,0.7129372537708775,0.20499468037722357,0.08206806585189903,0.7129372537708775,正面,正面,,False
生活区,BV1YBvhBhE1f,史上最无聊比赛,12666077,370364,50295,71025,3628,6526,不给,,不给,0,0,2,0,0,0.0,0.0,0.0,0.0,0.0,0.0,0.0,0.0,0,0,0,0,0,0,0,0,无明显情感,未明确对象,未明确方面,中性,-1,0.5604133236983715,0.5604133236983715,0.36250647088433063,0.07708020541729785,负面,负面,,False
生活区,BV1YBvhBhE1f,史上最无聊比赛,12666077,370364,50295,71025,3628,6526,要不说人家能当裁判呢,,要不说人家能当裁判呢,0,0,6,0,0,0.0,0.0,0.0,0.0,0.0,0.0,0.0,0.0,0,0,0,0,0,0,0,0,无明显情感,比赛内容,比赛表现,中性,-1,0.5980637205062351,0.5980637205062351,0.27542740886977246,0.1265088706239924,负面,负面,,False
生活区,BV1YBvhBhE1f,史上最无聊比赛,12666077,370364,50295,71025,3628,6526,那这个是真的。,,那这个是真的。,0,0,2,0,0,0.0,0.0,0.0,0.0,0.0,0.0,0.0,0.0,0,0,0,0,0,0,0,0,无明显情感,未明确对象,未明确方面,中性,0,0.7237666110811983,0.10780096839250061,0.7237666110811983,0.16843242052630114,中性,中性,,False
生活区,BV1YBvhBhE1f,史上最无聊比赛,12666077,370364,50295,71025,3628,6526,杀人诛心呐,,杀人诛心呐,0,0,3,0,0,0.0,0.0,0.0,0.0,0.0,0.0,0.0,0.0,0,0,0,0,0,0,0,0,无明显情感,未明确对象,未明确方面,中性,0,0.6525424904832393,0.14924331021065323,0.6525424904832393,0.19821419930610756,中性,中性,,False
生活区,BV1YBvhBhE1f,史上最无聊比赛,12666077,370364,50295,71025,3628,6526,！,,！,0,0,1,1,0,0.0,0.0,0.0,0.0,0.0,0.0,0.0,0.0,0,0,0,0,0,0,0,0,无明显情感,未明确对象,未明确方面,中性,0,0.602949496458692,0.04567068858159305,0.602949496458692,0.35137981495971504,中性,中性,,False
生活区,BV1YBvhBhE1f,史上最无聊比赛,12666077,370364,50295,71025,3628,6526,何意味,,何意味,0,0,2,0,0,0.0,0.0,0.0,0.0,0.0,0.0,0.0,0.0,0,0,0,0,0,0,0,0,无明显情感,未明确对象,未明确方面,中性,0,0.6585046096608349,0.14118285317383877,0.6585046096608349,0.20031253716532643,中性,中性,,False
生活区,BV1YBvhBhE1f,史上最无聊比赛,12666077,370364,50295,71025,3628,6526,给他个毛撕一小点，爱要不要？,,给他个毛撕一小点，爱要不要？,0,0,10,0,1,0.0,0.0,0.0,0.0,0.0,0.0,0.0,0.0,0,0,0,0,0,0,0,0,无明显情感,未明确对象,未明确方面,中性,-1,0.7711221505832576,0.7711221505832576,0.14585012565025904,0.08302772376648328,负面,负面,,False
生活区,BV1YBvhBhE1f,史上最无聊比赛,12666077,370364,50295,71025,3628,6526,第354期每周必看,,第354期每周必看,0,0,5,0,0,0.0,0.0,0.0,0.0,0.0,0.0,0.0,0.0,0,0,0,0,0,0,0,0,无明显情感,未明确对象,未明确方面,中性,0,0.6699338327285607,0.09049268811937385,0.6699338327285607,0.2395734791520655,中性,中性,,False
生活区,BV1YBvhBhE1f,史上最无聊比赛,12666077,370364,50295,71025,3628,6526,小精灵关了雨哥的手机,,小精灵关了雨哥的手机,0,0,4,0,0,0.0,0.0,0.0,0.0,0.0,0.0,0.0,0.0,0,0,0,0,0,0,0,0,无明显情感,未明确对象,未明确方面,中性,0,0.4331142122301109,0.32481013490473537,0.4331142122301109,0.2420756528651538,中性,中性,,False
生活区,BV1YBvhBhE1f,史上最无聊比赛,12666077,370364,50295,71025,3628,6526,这里不会是雨哥剪的吧,,这里不会是雨哥剪的吧,0,1,4,0,0,-1.0,0.0,1.0,1.0,0.25,-1.0,0.0,1.0,0,0,0,0,0,0,0,1,对象评价,未明确对象,未明确方面,负面,0,0.7472857393731037,0.2260369147221925,0.7472857393731037,0.026677345904703657,中性,负面,,False
生活区,BV1YBvhBhE1f,史上最无聊比赛,12666077,370364,50295,71025,3628,6526,财大nb,,财大nb,1,0,2,0,0,1.0,1.0,0.0,1.0,0.5,1.0,1.0,0.0,0,0,0,0,0,0,0,1,对象评价,未明确对象,未明确方面,正面,1,0.6734496248502706,0.13628894596425456,0.19026142918547478,0.6734496248502706,正面,正面,,False
生活区,BV1YBvhBhE1f,史上最无聊比赛,12666077,370364,50295,71025,3628,6526,50分贝吃瓜子到底能不能做到啊,,50分贝吃瓜子到底能不能做到啊,0,0,8,0,0,0.0,0.0,0.0,0.0,0.0,0.0,0.0,0.0,0,0,0,0,0,0,0,0,无明显情感,未明确对象,未明确方面,中性,-1,0.5317658242697105,0.5317658242697105,0.26917371257405387,0.19906046315623563,负面,负面,,False
生活区,BV1YBvhBhE1f,史上最无聊比赛,12666077,370364,50295,71025,3628,6526,权威,,权威,1,0,1,0,0,1.0,1.0,0.0,1.0,1.0,1.0,1.0,0.0,0,0,0,0,0,0,0,1,对象评价,未明确对象,未明确方面,正面,1,0.772924681083785,0.1640198250591157,0.0630554938570993,0.772924681083785,正面,正面,,False
生活区,BV1YBvhBhE1f,史上最无聊比赛,12666077,370364,50295,71025,3628,6526,[OHHHHHHHHHH],,OHHHHHHHHHH,1,0,1,0,0,1.2,1.2,0.0,1.2,1.0,1.2,1.2,0.0,0,0,0,0,0,0,0,1,对象评价,未明确对象,未明确方面,正面,1,0.7406135643783034,0.17598250810310373,0.08340392751859296,0.7406135643783034,正面,正面,,False
生活区,BV1YBvhBhE1f,史上最无聊比赛,12666077,370364,50295,71025,3628,6526,[OHHHHH],,OHHHHH,1,0,1,0,0,1.2,1.2,0.0,1.2,1.0,1.2,1.2,0.0,0,0,0,0,0,0,0,1,对象评价,未明确对象,未明确方面,正面,1,0.7406135643783034,0.17598250810310373,0.08340392751859296,0.7406135643783034,正面,正面,,False
生活区,BV1YBvhBhE1f,史上最无聊比赛,12666077,370364,50295,71025,3628,6526,这不是作弊？要这样不所有手机都该关机,,这不是作弊？要这样不所有手机都该关机,0,0,11,0,1,0.0,0.0,0.0,0.0,0.0,0.0,0.0,0.0,0,0,0,0,0,0,0,0,无明显情感,未明确对象,未明确方面,中性,-1,0.9513587947081164,0.9513587947081164,0.04293524975668032,0.005705955535203231,负面,负面,,False
生活区,BV1YBvhBhE1f,史上最无聊比赛,12666077,370364,50295,71025,3628,6526,可是我也喜欢张着嘴睡觉啊(ΘˍΘ=),,可是我也喜欢张着嘴睡觉啊,1,0,6,0,0,1.55,1.55,0.0,1.55,0.16666666666666666,1.55,1.55,0.0,1,0,0,0,0,0,0,1,对象评价,未明确对象,未明确方面,正面,1,0.75302706387134,0.18503952588517458,0.06193341024348536,0.75302706387134,正面,正面,,False
生活区,BV1YBvhBhE1f,史上最无聊比赛,12666077,370364,50295,71025,3628,6526,9,,9,0,0,1,0,0,0.0,0.0,0.0,0.0,0.0,0.0,0.0,0.0,0,0,0,0,0,0,0,0,无明显情感,未明确对象,未明确方面,中性,0,0.6641811267415451,0.13348938228347546,0.6641811267415451,0.20232949097497943,中性,中性,,False
生活区,BV1YBvhBhE1f,史上最无聊比赛,12666077,370364,50295,71025,3628,6526,[ohhhhhhhhhhhhhhhhh],,ohhhhhhhhhhhhhhhhh,1,0,1,0,0,1.2,1.2,0.0,1.2,1.0,1.2,1.2,0.0,0,0,0,0,0,0,0,1,对象评价,未明确对象,未明确方面,正面,1,0.7406135643783034,0.17598250810310373,0.08340392751859296,0.7406135643783034,正面,正面,,False
生活区,BV1YBvhBhE1f,史上最无聊比赛,12666077,370364,50295,71025,3628,6526,零公差,,零公差,0,0,2,0,0,0.0,0.0,0.0,0.0,0.0,0.0,0.0,0.0,0,0,0,0,0,0,0,0,无明显情感,未明确对象,未明确方面,中性,0,0.6585046096608349,0.14118285317383877,0.6585046096608349,0.20031253716532643,中性,负面,,False
生活区,BV1YBvhBhE1f,史上最无聊比赛,12666077,370364,50295,71025,3628,6526,我真是,,我真是,0,0,1,0,0,0.0,0.0,0.0,0.0,0.0,0.0,0.0,0.0,0,0,0,0,0,0,0,0,无明显情感,未明确对象,未明确方面,中性,0,0.6294316989566958,0.26637040995735306,0.6294316989566958,0.10419789108595105,中性,中性,,False
生活区,BV1YBvhBhE1f,史上最无聊比赛,12666077,370364,50295,71025,3628,6526,16太便宜了,,16太便宜了,0,0,3,0,0,0.0,0.0,0.0,0.0,0.0,0.0,0.0,0.0,0,0,0,0,0,0,0,0,无明显情感,未明确对象,未明确方面,中性,0,0.6867333912942366,0.11320392614139325,0.6867333912942366,0.20006268256437018,中性,中性,,False
生活区,BV1YBvhBhE1f,史上最无聊比赛,12666077,370364,50295,71025,3628,6526,<(ºOº)>,,O,0,0,1,0,0,0.0,0.0,0.0,0.0,0.0,0.0,0.0,0.0,0,0,0,0,0,0,0,0,无明显情感,未明确对象,未明确方面,中性,0,0.6641811267415451,0.13348938228347546,0.6641811267415451,0.20232949097497943,中性,中性,,False
生活区,BV1YBvhBhE1f,史上最无聊比赛,12666077,370364,50295,71025,3628,6526,《吃》,,吃,0,0,1,0,0,0.0,0.0,0.0,0.0,0.0,0.0,0.0,0.0,0,0,0,0,0,0,0,0,无明显情感,未明确对象,未明确方面,中性,0,0.6773624086882565,0.10471401336683575,0.6773624086882565,0.2179235779449076,中性,中性,,False
生活区,BV1YBvhBhE1f,史上最无聊比赛,12666077,370364,50295,71025,3628,6526,[OHHH],,OHHH,1,0,1,0,0,1.2,1.2,0.0,1.2,1.0,1.2,1.2,0.0,0,0,0,0,0,0,0,1,对象评价,未明确对象,未明确方面,正面,1,0.7406135643783034,0.17598250810310373,0.08340392751859296,0.7406135643783034,正面,正面,,False
生活区,BV1YBvhBhE1f,史上最无聊比赛,12666077,370364,50295,71025,3628,6526,水平还是不行，嗑瓜子完全可以整个含在嘴里搞定全过程,,水平还是不行，嗑瓜子完全可以整个含在嘴里搞定全过程,2,1,13,0,0,1.0,2.0,1.0,1.0,0.23076923076923078,1.0,2.0,1.0,0,1,0,0,0,0,0,1,对象评价,未明确对象,未明确方面,混合,-1,0.7252477474734723,0.7252477474734723,0.12715726825769788,0.14759498426882986,负面,负面,-1.0,True
生活区,BV1YBvhBhE1f,史上最无聊比赛,12666077,370364,50295,71025,3628,6526,?,,?,0,0,1,0,1,0.0,0.0,0.0,0.0,0.0,0.0,0.0,0.0,0,0,0,0,0,0,0,0,无明显情感,未明确对象,未明确方面,中性,0,0.541163810098254,0.3567116908425691,0.541163810098254,0.10212449905917696,中性,中性,,False
生活区,BV1YBvhBhE1f,史上最无聊比赛,12666077,370364,50295,71025,3628,6526,7891,,7891,0,0,1,0,0,0.0,0.0,0.0,0.0,0.0,0.0,0.0,0.0,0,0,0,0,0,0,0,0,无明显情感,未明确对象,未明确方面,中性,0,0.7531013200128769,0.09662650680732533,0.7531013200128769,0.1502721731797977,中性,中性,,False
生活区,BV1YBvhBhE1f,史上最无聊比赛,12666077,370364,50295,71025,3628,6526,[OHH],,OHH,1,0,1,0,0,1.2,1.2,0.0,1.2,1.0,1.2,1.2,0.0,0,0,0,0,0,0,0,1,对象评价,未明确对象,未明确方面,正面,1,0.7406135643783034,0.17598250810310373,0.08340392751859296,0.7406135643783034,正面,正面,,False
生活区,BV1YBvhBhE1f,史上最无聊比赛,12666077,370364,50295,71025,3628,6526,可以把瓜子壳含软一点然后用后牙咬开,,可以把瓜子壳含软一点然后用后牙咬开,1,0,10,0,0,1.0,1.0,0.0,1.0,0.1,1.0,1.0,0.0,0,0,0,0,0,0,0,1,对象评价,未明确对象,未明确方面,正面,0,0.6492753372417911,0.11811448358034482,0.6492753372417911,0.2326101791778641,中性,中性,0.0,True
生活区,BV1YBvhBhE1f,史上最无聊比赛,12666077,370364,50295,71025,3628,6526,王牌对王牌也有这个游戏,,王牌对王牌也有这个游戏,0,0,7,0,0,0.0,0.0,0.0,0.0,0.0,0.0,0.0,0.0,0,0,0,0,0,0,0,0,无明显情感,未明确对象,未明确方面,中性,-1,0.8690602387073426,0.8690602387073426,0.10368624414232971,0.027253517150327762,负面,负面,,False
生活区,BV1YBvhBhE1f,史上最无聊比赛,12666077,370364,50295,71025,3628,6526,她好帅，她好帅啊！,,她好帅，她好帅啊！,0,0,4,1,0,0.0,0.0,0.0,0.0,0.0,0.0,0.0,0.0,0,0,0,0,0,0,0,0,无明显情感,未明确对象,未明确方面,中性,1,0.6183625428512778,0.09802994000642118,0.28360751714230115,0.6183625428512778,正面,正面,1.0,True
生活区,BV1YBvhBhE1f,史上最无聊比赛,12666077,370364,50295,71025,3628,6526,这也行？,,这也行？,0,0,3,0,1,0.0,0.0,0.0,0.0,0.0,0.0,0.0,0.0,0,0,0,0,0,0,0,0,无明显情感,未明确对象,未明确方面,中性,-1,0.5944108701895733,0.5944108701895733,0.32483549484860236,0.08075363496182443,负面,负面,,False
生活区,BV1YBvhBhE1f,史上最无聊比赛,12666077,370364,50295,71025,3628,6526,302,,302,0,0,1,0,0,0.0,0.0,0.0,0.0,0.0,0.0,0.0,0.0,0,0,0,0,0,0,0,0,无明显情感,未明确对象,未明确方面,中性,0,0.7335742682131381,0.09473177857907732,0.7335742682131381,0.17169395320778452,中性,中性,,False
生活区,BV1YBvhBhE1f,史上最无聊比赛,12666077,370364,50295,71025,3628,6526,..03,,..03,0,0,2,0,0,0.0,0.0,0.0,0.0,0.0,0.0,0.0,0.0,0,0,0,0,0,0,0,0,无明显情感,未明确对象,未明确方面,中性,0,0.6334301333136276,0.1190776252025344,0.6334301333136276,0.24749224148383794,中性,中性,,False
生活区,BV1YBvhBhE1f,史上最无聊比赛,12666077,370364,50295,71025,3628,6526,真小学生 这样好危险的,,真小学生这样好危险的,0,1,5,0,0,-1.0,0.0,1.0,1.0,0.2,-1.0,0.0,1.0,0,0,0,0,0,0,0,1,对象评价,未明确对象,未明确方面,负面,-1,0.7271829517348748,0.7271829517348748,0.12783314474265922,0.14498390352246604,负面,负面,-1.0,True
生活区,BV1YBvhBhE1f,史上最无聊比赛,12666077,370364,50295,71025,3628,6526,guoyu怎么把碎屑弄地上了啊啊啊啊啊,,guoyu怎么把碎屑弄地上了啊啊啊啊啊,0,0,7,0,0,0.0,0.0,0.0,0.0,0.0,0.0,0.0,0.0,0,0,0,0,0,0,0,0,无明显情感,未明确对象,未明确方面,中性,-1,0.4295118969810827,0.4295118969810827,0.37829624400295,0.19219185901596733,负面,负面,,False
生活区,BV1YBvhBhE1f,史上最无聊比赛,12666077,370364,50295,71025,3628,6526,我,,我,0,0,0,0,0,0.0,0.0,0.0,0.0,0.0,0.0,0.0,0.0,0,0,0,0,0,0,0,0,无明显情感,未明确对象,未明确方面,中性,0,0.6400033786684135,0.2538964876474895,0.6400033786684135,0.10610013368409696,中性,中性,,False
生活区,BV1YBvhBhE1f,史上最无聊比赛,12666077,370364,50295,71025,3628,6526,水老师的鞋子是谁家的哇,,水老师的鞋子是谁家的哇,0,0,5,0,0,0.0,0.0,0.0,0.0,0.0,0.0,0.0,0.0,0,0,0,0,0,0,0,0,无明显情感,讲解者,未明确方面,中性,0,0.6044920842831217,0.09257693733601383,0.6044920842831217,0.3029309783808644,中性,中性,0.0,True
生活区,BV1YBvhBhE1f,史上最无聊比赛,12666077,370364,50295,71025,3628,6526,这明显写字楼啊,,这明显写字楼啊,0,0,2,0,0,0.0,0.0,0.0,0.0,0.0,0.0,0.0,0.0,0,0,0,0,0,0,0,0,无明显情感,未明确对象,未明确方面,中性,-1,0.4467811756226521,0.4467811756226521,0.28805108423587833,0.2651677401414696,负面,负面,,False
生活区,BV1YBvhBhE1f,史上最无聊比赛,12666077,370364,50295,71025,3628,6526,这个我会，这个壳挺好吃，就是吃完肠道不太友好,,这个我会，这个壳挺好吃，就是吃完肠道不太友好,1,1,13,0,0,-0.8,1.0,1.8,0.8,0.15384615384615385,-0.8,1.0,1.8,0,1,0,0,0,0,0,1,对象评价,未明确对象,未明确方面,混合,0,0.4083370523694449,0.2683439231121851,0.4083370523694449,0.3233190245183701,中性,正面,1.0,True
生活区,BV1YBvhBhE1f,史上最无聊比赛,12666077,370364,50295,71025,3628,6526,复日之光,,复日之光,0,0,2,0,0,0.0,0.0,0.0,0.0,0.0,0.0,0.0,0.0,0,0,0,0,0,0,0,0,无明显情感,未明确对象,未明确方面,中性,0,0.5051784079616568,0.12596890127796398,0.5051784079616568,0.36885269076037924,中性,中性,,False
生活区,BV1YBvhBhE1f,史上最无聊比赛,12666077,370364,50295,71025,3628,6526,有点像三木能干出来的,,有点像三木能干出来的,0,0,4,0,0,0.0,0.0,0.0,0.0,0.0,0.0,0.0,0.0,0,0,0,0,0,0,0,0,无明显情感,未明确对象,未明确方面,中性,0,0.7846318516327698,0.1128009974674006,0.7846318516327698,0.10256715089982954,中性,中性,,False
生活区,BV1YBvhBhE1f,史上最无聊比赛,12666077,370364,50295,71025,3628,6526,真的没人会直接塞嘴里再去壳吗。。,,真的没人会直接塞嘴里再去壳吗。。,0,0,9,0,0,0.0,0.0,0.0,0.0,0.0,0.0,0.0,0.0,0,0,0,0,0,0,0,0,无明显情感,未明确对象,未明确方面,中性,0,0.7413994857378823,0.16179942045693113,0.7413994857378823,0.0968010938051865,中性,中性,,False
生活区,BV1YBvhBhE1f,史上最无聊比赛,12666077,370364,50295,71025,3628,6526,手术刀之嘴！,,手术刀之嘴！,0,0,3,1,0,0.0,0.0,0.0,0.0,0.0,0.0,0.0,0.0,0,0,0,0,0,0,0,0,无明显情感,未明确对象,未明确方面,中性,0,0.5997746699199505,0.05169762921059101,0.5997746699199505,0.3485277008694585,中性,中性,,False
生活区,BV1YBvhBhE1f,史上最无聊比赛,12666077,370364,50295,71025,3628,6526,[ohhhhhhhhhhhhhhhhhhhh],,ohhhhhhhhhhhhhhhhhhhh,1,0,1,0,0,1.2,1.2,0.0,1.2,1.0,1.2,1.2,0.0,0,0,0,0,0,0,0,1,对象评价,未明确对象,未明确方面,正面,1,0.7406135643783034,0.17598250810310373,0.08340392751859296,0.7406135643783034,正面,正面,,False
生活区,BV1YBvhBhE1f,史上最无聊比赛,12666077,370364,50295,71025,3628,6526,民科的胜利,,民科的胜利,1,0,2,0,0,1.0,1.0,0.0,1.0,0.5,1.0,1.0,0.0,0,0,0,0,0,0,0,1,对象评价,未明确对象,未明确方面,正面,1,0.6254233323882122,0.23002813175393155,0.14454853585785618,0.6254233323882122,正面,正面,1.0,True
生活区,BV1YBvhBhE1f,史上最无聊比赛,12666077,370364,50295,71025,3628,6526,wc,,wc,0,0,1,0,0,0.0,0.0,0.0,0.0,0.0,0.0,0.0,0.0,0,0,0,0,0,0,0,0,无明显情感,未明确对象,未明确方面,中性,0,0.6641811267415451,0.13348938228347546,0.6641811267415451,0.20232949097497943,中性,中性,,False
生活区,BV1YBvhBhE1f,史上最无聊比赛,12666077,370364,50295,71025,3628,6526,直接坤吞,,直接坤吞,0,0,3,0,0,0.0,0.0,0.0,0.0,0.0,0.0,0.0,0.0,0,0,0,0,0,0,0,0,无明显情感,未明确对象,未明确方面,中性,0,0.8142856150081051,0.05677238614417082,0.8142856150081051,0.12894199884772414,中性,中性,,False
生活区,BV1YBvhBhE1f,史上最无聊比赛,12666077,370364,50295,71025,3628,6526,我有,,我有,0,0,1,0,0,0.0,0.0,0.0,0.0,0.0,0.0,0.0,0.0,0,0,0,0,0,0,0,0,无明显情感,未明确对象,未明确方面,中性,-1,0.7040213038274737,0.7040213038274737,0.25600286656899035,0.03997582960353584,负面,负面,,False
生活区,BV1YBvhBhE1f,史上最无聊比赛,12666077,370364,50295,71025,3628,6526,[ohhhhhhhhhhhhhhhh],,ohhhhhhhhhhhhhhhh,1,0,1,0,0,1.2,1.2,0.0,1.2,1.0,1.2,1.2,0.0,0,0,0,0,0,0,0,1,对象评价,未明确对象,未明确方面,正面,1,0.7406135643783034,0.17598250810310373,0.08340392751859296,0.7406135643783034,正面,正面,,False
生活区,BV1YBvhBhE1f,史上最无聊比赛,12666077,370364,50295,71025,3628,6526,没绷住,,没绷住,0,0,2,0,0,0.0,0.0,0.0,0.0,0.0,0.0,0.0,0.0,0,0,0,0,0,0,0,0,无明显情感,未明确对象,未明确方面,中性,-1,0.5843389595635973,0.5843389595635973,0.31800814387510806,0.09765289656129475,负面,负面,,False
生活区,BV1YBvhBhE1f,史上最无聊比赛,12666077,370364,50295,71025,3628,6526,我记得我初中没学力矩啊,,我记得我初中没学力矩啊,0,0,5,0,0,0.0,0.0,0.0,0.0,0.0,0.0,0.0,0.0,0,0,0,0,0,0,0,0,无明显情感,未明确对象,未明确方面,中性,-1,0.7621769266783794,0.7621769266783794,0.1947226540684829,0.04310041925313765,负面,负面,,False
生活区,BV1YBvhBhE1f,史上最无聊比赛,12666077,370364,50295,71025,3628,6526,67,,67,0,0,1,0,0,0.0,0.0,0.0,0.0,0.0,0.0,0.0,0.0,0,0,0,0,0,0,0,0,无明显情感,未明确对象,未明确方面,中性,0,0.6238906506530016,0.1286128589386198,0.6238906506530016,0.24749649040837848,中性,中性,,False
生活区,BV1YBvhBhE1f,史上最无聊比赛,12666077,370364,50295,71025,3628,6526,想吃直说。,,想吃直说。,0,0,4,0,0,0.0,0.0,0.0,0.0,0.0,0.0,0.0,0.0,0,0,0,0,0,0,0,0,无明显情感,未明确对象,未明确方面,中性,0,0.6439014194294452,0.1260246298549774,0.6439014194294452,0.23007395071557735,中性,中性,,False
生活区,BV1YBvhBhE1f,史上最无聊比赛,12666077,370364,50295,71025,3628,6526,还是没懂,,还是没懂,0,0,3,0,0,0.0,0.0,0.0,0.0,0.0,0.0,0.0,0.0,0,0,0,0,0,0,0,0,无明显情感,未明确对象,未明确方面,中性,-1,0.5539695071230457,0.5539695071230457,0.3177799120796866,0.1282505807972677,负面,负面,,False
生活区,BV1YBvhBhE1f,史上最无聊比赛,12666077,370364,50295,71025,3628,6526,我吃巧克力的都是在嘴里融化掉,,我吃巧克力的都是在嘴里融化掉,0,0,7,0,0,0.0,0.0,0.0,0.0,0.0,0.0,0.0,0.0,0,0,0,0,0,0,0,0,无明显情感,未明确对象,未明确方面,中性,-1,0.6137061911984467,0.6137061911984467,0.3446787848708081,0.041615023930745294,负面,负面,,False
生活区,BV1YBvhBhE1f,史上最无聊比赛,12666077,370364,50295,71025,3628,6526,这种可以在嘴里含软了,,这种可以在嘴里含软了,1,0,5,0,0,1.0,1.0,0.0,1.0,0.2,1.0,1.0,0.0,0,0,0,0,0,0,0,1,对象评价,未明确对象,未明确方面,正面,-1,0.39309399895538105,0.39309399895538105,0.3850685662410026,0.2218374348036164,负面,中性,0.0,True
生活区,BV1YBvhBhE1f,史上最无聊比赛,12666077,370364,50295,71025,3628,6526,直接放嘴里吞掉不就行了吗？,,直接放嘴里吞掉不就行了吗？,0,0,7,0,1,0.0,0.0,0.0,0.0,0.0,0.0,0.0,0.0,0,0,0,0,0,0,0,0,无明显情感,未明确对象,未明确方面,中性,-1,0.5895952474188029,0.5895952474188029,0.3775021210727419,0.032902631508455245,负面,负面,,False
生活区,BV1YBvhBhE1f,史上最无聊比赛,12666077,370364,50295,71025,3628,6526,[每周必看],,每周必看,0,0,2,0,0,0.0,0.0,0.0,0.0,0.0,0.0,0.0,0.0,0,0,0,0,0,0,0,0,无明显情感,未明确对象,未明确方面,中性,0,0.6585046096608349,0.14118285317383877,0.6585046096608349,0.20031253716532643,中性,中性,,False
生活区,BV1YBvhBhE1f,史上最无聊比赛,12666077,370364,50295,71025,3628,6526,我一開始也這麼想,,我一開始也這麼想,0,0,4,0,0,0.0,0.0,0.0,0.0,0.0,0.0,0.0,0.0,0,0,0,0,0,0,0,0,无明显情感,未明确对象,未明确方面,中性,0,0.5221522567241034,0.3542104087448744,0.5221522567241034,0.12363733453102221,中性,中性,,False
生活区,BV1YBvhBhE1f,史上最无聊比赛,12666077,370364,50295,71025,3628,6526,还有心理学！茶颜观色的king,,还有心理学！茶颜观色的king,0,0,6,1,0,0.0,0.0,0.0,0.0,0.0,0.0,0.0,0.0,0,0,0,0,0,0,0,0,无明显情感,未明确对象,未明确方面,中性,1,0.681098532558657,0.1039990621777106,0.21490240526363244,0.681098532558657,正面,正面,1.0,True
生活区,BV1YBvhBhE1f,史上最无聊比赛,12666077,370364,50295,71025,3628,6526,小精灵太有节目了。,,小精灵太有节目了。,0,0,4,0,0,0.0,0.0,0.0,0.0,0.0,0.0,0.0,0.0,0,0,0,0,0,0,0,0,无明显情感,未明确对象,未明确方面,中性,-1,0.41845782470244297,0.41845782470244297,0.2529969118878873,0.3285452634096696,负面,负面,,False
生活区,BV1YBvhBhE1f,史上最无聊比赛,12666077,370364,50295,71025,3628,6526,我也有这个技能不过我是一次就插错,,我也有这个技能不过我是一次就插错,0,0,8,0,0,0.0,0.0,0.0,0.0,0.0,0.0,0.0,0.0,1,0,0,0,0,0,0,0,无明显情感,未明确对象,未明确方面,中性,-1,0.8014022082102048,0.8014022082102048,0.18295384342883583,0.015643948360959344,负面,负面,,False
生活区,BV1YBvhBhE1f,史上最无聊比赛,12666077,370364,50295,71025,3628,6526,[Ohhh],,Ohhh,1,0,1,0,0,1.2,1.2,0.0,1.2,1.0,1.2,1.2,0.0,0,0,0,0,0,0,0,1,对象评价,未明确对象,未明确方面,正面,1,0.7406135643783034,0.17598250810310373,0.08340392751859296,0.7406135643783034,正面,正面,,False
生活区,BV1YBvhBhE1f,史上最无聊比赛,12666077,370364,50295,71025,3628,6526,因为是喜欢吃生姜拌饭吗？（狗头）,,因为是喜欢吃生姜拌饭吗？狗头,1,0,8,0,1,1.0,1.0,0.0,1.0,0.125,1.0,1.0,0.0,0,0,0,0,0,0,0,1,对象评价,未明确对象,未明确方面,正面,0,0.40205605787149035,0.3550618346440598,0.40205605787149035,0.2428821074844498,中性,正面,,False
生活区,BV1YBvhBhE1f,史上最无聊比赛,12666077,370364,50295,71025,3628,6526,.00,,.00,0,0,2,0,0,0.0,0.0,0.0,0.0,0.0,0.0,0.0,0.0,0,0,0,0,0,0,0,0,无明显情感,未明确对象,未明确方面,中性,0,0.6303998717348895,0.177916817758451,0.6303998717348895,0.19168331050665952,中性,中性,,False
生活区,BV1YBvhBhE1f,史上最无聊比赛,12666077,370364,50295,71025,3628,6526,？太狠了,,？太狠了,0,0,2,0,1,0.0,0.0,0.0,0.0,0.0,0.0,0.0,0.0,0,0,0,0,0,0,0,0,无明显情感,未明确对象,未明确方面,中性,-1,0.5893432622164784,0.5893432622164784,0.3551135254774487,0.05554321230607303,负面,负面,,False
生活区,BV1YBvhBhE1f,史上最无聊比赛,12666077,370364,50295,71025,3628,6526,谁会找我要生姜,,谁会找我要生姜,0,0,5,0,0,0.0,0.0,0.0,0.0,0.0,0.0,0.0,0.0,0,0,0,0,0,0,0,0,无明显情感,未明确对象,未明确方面,中性,0,0.4675736679297594,0.4210547326026985,0.4675736679297594,0.11137159946754215,中性,中性,,False
生活区,BV1YBvhBhE1f,史上最无聊比赛,12666077,370364,50295,71025,3628,6526,所以不是应该少的赢吗？,,所以不是应该少的赢吗？,0,0,6,0,1,0.0,0.0,0.0,0.0,0.0,0.0,0.0,0.0,0,0,0,0,0,0,0,0,无明显情感,未明确对象,比赛表现,中性,0,0.6412630947752183,0.31837184129459056,0.6412630947752183,0.04036506393019129,中性,中性,,False
生活区,BV1YBvhBhE1f,史上最无聊比赛,12666077,370364,50295,71025,3628,6526,58,,58,0,0,1,0,0,0.0,0.0,0.0,0.0,0.0,0.0,0.0,0.0,0,0,0,0,0,0,0,0,无明显情感,未明确对象,未明确方面,中性,0,0.7219161974986764,0.1142681136788049,0.7219161974986764,0.16381568882251873,中性,中性,,False
生活区,BV1YBvhBhE1f,史上最无聊比赛,12666077,370364,50295,71025,3628,6526,有点实力,,有点实力,0,0,1,0,0,0.0,0.0,0.0,0.0,0.0,0.0,0.0,0.0,0,0,0,0,0,0,0,0,无明显情感,未明确对象,未明确方面,中性,0,0.957941344966615,0.014658360410521409,0.957941344966615,0.027400294622863537,中性,中性,,False
生活区,BV1YBvhBhE1f,史上最无聊比赛,12666077,370364,50295,71025,3628,6526,我去，不早说,,我去，不早说,0,0,4,0,0,0.0,0.0,0.0,0.0,0.0,0.0,0.0,0.0,0,0,0,0,0,0,0,0,无明显情感,未明确对象,未明确方面,中性,-1,0.8012428263637548,0.8012428263637548,0.11521831425964092,0.08353885937660441,负面,负面,,False
生活区,BV1YBvhBhE1f,史上最无聊比赛,12666077,370364,50295,71025,3628,6526,bgm好评！,,bgm好评！,1,0,3,1,0,1.0,1.0,0.0,1.0,0.3333333333333333,1.0,1.0,0.0,0,0,0,0,0,0,0,1,对象评价,未明确对象,未明确方面,正面,1,0.8272351296197837,0.04200310808399784,0.13076176229621844,0.8272351296197837,正面,正面,,False
生活区,BV1YBvhBhE1f,史上最无聊比赛,12666077,370364,50295,71025,3628,6526,我去，好厉害,,我去，好厉害,1,0,4,0,0,1.0,1.0,0.0,1.0,0.25,1.0,1.0,0.0,0,0,0,0,0,0,0,1,对象评价,未明确对象,未明确方面,正面,1,0.6558496706530702,0.2910003563597909,0.05314997298713898,0.6558496706530702,正面,正面,,False
生活区,BV1YBvhBhE1f,史上最无聊比赛,12666077,370364,50295,71025,3628,6526,啊？？？？？？？？？？？,,啊？？？？？？？？？？？,0,0,11,0,11,0.0,0.0,0.0,0.0,0.0,0.0,0.0,0.0,0,0,0,0,0,0,0,0,无明显情感,未明确对象,未明确方面,中性,-1,0.9999984554061215,0.9999984554061215,1.542120895347532e-06,2.4729830836470285e-09,负面,负面,,False
生活区,BV1YBvhBhE1f,史上最无聊比赛,12666077,370364,50295,71025,3628,6526,0hhhhhhhhhhhhhhhhhhhhhhhhhhhhhhhh！,,0hhhhhhhhhhhhhhhhhhhhhhhhhhhhhhhh！,1,0,2,1,0,1.2,1.2,0.0,1.2,0.5,1.2,1.2,0.0,0,0,0,0,0,0,0,1,对象评价,未明确对象,未明确方面,正面,1,0.8493127910924494,0.027982270872865606,0.12270493803468487,0.8493127910924494,正面,正面,,False
生活区,BV1YBvhBhE1f,史上最无聊比赛,12666077,370364,50295,71025,3628,6526,哇！！！,,哇！！！,0,0,4,3,0,0.0,0.0,0.0,0.0,0.0,0.0,0.0,0.0,0,0,0,0,0,0,0,0,无明显情感,未明确对象,未明确方面,中性,1,0.37699566575815024,0.2928330809572992,0.3301712532845505,0.37699566575815024,正面,正面,1.0,True
生活区,BV1YBvhBhE1f,史上最无聊比赛,12666077,370364,50295,71025,3628,6526,真的rz,,真的rz,0,0,1,0,0,0.0,0.0,0.0,0.0,0.0,0.0,0.0,0.0,0,0,0,0,0,0,0,0,无明显情感,未明确对象,未明确方面,中性,0,0.6905910966775579,0.06339595156356485,0.6905910966775579,0.24601295175887722,中性,中性,,False
生活区,BV1YBvhBhE1f,史上最无聊比赛,12666077,370364,50295,71025,3628,6526,哈哈哈哈哈哈哈哈哈哈哈哈,,哈哈哈哈哈哈哈哈哈哈哈哈,4,0,4,0,0,4.0,4.0,0.0,4.0,1.0,4.0,4.0,0.0,0,0,1,0,0,0,0,1,对象评价+自身情绪,未明确对象,娱乐与趣味,正面,1,0.9994008844963717,0.0003512138880850216,0.00024790161554329523,0.9994008844963717,正面,正面,,False
生活区,BV1YBvhBhE1f,史上最无聊比赛,12666077,370364,50295,71025,3628,6526,[hoo],,hoo,0,0,1,0,0,0.0,0.0,0.0,0.0,0.0,0.0,0.0,0.0,0,0,0,0,0,0,0,0,无明显情感,未明确对象,未明确方面,中性,0,0.6641811267415451,0.13348938228347546,0.6641811267415451,0.20232949097497943,中性,中性,,False
生活区,BV1YBvhBhE1f,史上最无聊比赛,12666077,370364,50295,71025,3628,6526,我也是！,,我也是！,0,0,2,1,0,0.0,0.0,0.0,0.0,0.0,0.0,0.0,0.0,0,0,0,0,0,0,0,0,无明显情感,未明确对象,未明确方面,中性,0,0.5550717444993265,0.11795917745391583,0.5550717444993265,0.32696907804675773,中性,中性,,False
生活区,BV1YBvhBhE1f,史上最无聊比赛,12666077,370364,50295,71025,3628,6526,她好帅！她好帅啊！,,她好帅！她好帅啊！,0,0,4,2,0,0.0,0.0,0.0,0.0,0.0,0.0,0.0,0.0,0,0,0,0,0,0,0,0,无明显情感,未明确对象,未明确方面,中性,1,0.6573038884846544,0.07144352113938801,0.2712525903759575,0.6573038884846544,正面,正面,,False
生活区,BV1YBvhBhE1f,史上最无聊比赛,12666077,370364,50295,71025,3628,6526,含着,,含着,0,0,1,0,0,0.0,0.0,0.0,0.0,0.0,0.0,0.0,0.0,0,0,0,0,0,0,0,0,无明显情感,未明确对象,未明确方面,中性,0,0.6641811267415451,0.13348938228347546,0.6641811267415451,0.20232949097497943,中性,中性,,False
生活区,BV1YBvhBhE1f,史上最无聊比赛,12666077,370364,50295,71025,3628,6526,黑指甲好看！！,,黑指甲好看！！,1,0,5,2,0,1.0,1.0,0.0,1.0,0.2,1.0,1.0,0.0,0,0,0,0,0,0,0,1,对象评价,未明确对象,视听体验,正面,1,0.8282639857366877,0.04916079291680381,0.1225752213465085,0.8282639857366877,正面,正面,,False
生活区,BV1YBvhBhE1f,史上最无聊比赛,12666077,370364,50295,71025,3628,6526,666这才是真正的几何之王,,666这才是真正的几何之王,1,0,5,0,0,1.0,1.0,0.0,1.0,0.2,1.0,1.0,0.0,0,0,0,0,0,0,0,1,对象评价,未明确对象,未明确方面,正面,1,0.6001587076539967,0.07795328305264936,0.3218880092933539,0.6001587076539967,正面,正面,,False
生活区,BV1YBvhBhE1f,史上最无聊比赛,12666077,370364,50295,71025,3628,6526,不要肖四啊,,不要肖四啊,0,0,2,0,0,0.0,0.0,0.0,0.0,0.0,0.0,0.0,0.0,0,0,0,0,0,0,0,0,无明显情感,未明确对象,未明确方面,中性,-1,0.3846819374962334,0.3846819374962334,0.33836032159767915,0.27695774090608744,负面,负面,,False
生活区,BV1YBvhBhE1f,史上最无聊比赛,12666077,370364,50295,71025,3628,6526,依旧黑色指甲油,,依旧黑色指甲油,0,0,3,0,0,0.0,0.0,0.0,0.0,0.0,0.0,0.0,0.0,0,0,0,0,0,0,0,0,无明显情感,未明确对象,未明确方面,中性,0,0.6154089171975657,0.10752020931402408,0.6154089171975657,0.27707087348841025,中性,中性,,False
生活区,BV1YBvhBhE1f,史上最无聊比赛,12666077,370364,50295,71025,3628,6526,小老师吃菜饼不要菜，吃蛋饼不要蛋也是一项技能,,小老师吃菜饼不要菜，吃蛋饼不要蛋也是一项技能,0,0,15,0,0,0.0,0.0,0.0,0.0,0.0,0.0,0.0,0.0,0,0,0,0,0,0,0,0,无明显情感,讲解者,未明确方面,中性,0,0.45210621358339764,0.2345347282413345,0.45210621358339764,0.3133590581752679,中性,中性,,False
生活区,BV1YBvhBhE1f,史上最无聊比赛,12666077,370364,50295,71025,3628,6526,[ohhhhhh],,ohhhhhh,1,0,1,0,0,1.2,1.2,0.0,1.2,1.0,1.2,1.2,0.0,0,0,0,0,0,0,0,1,对象评价,未明确对象,未明确方面,正面,1,0.7406135643783034,0.17598250810310373,0.08340392751859296,0.7406135643783034,正面,正面,,False
生活区,BV1YBvhBhE1f,史上最无聊比赛,12666077,370364,50295,71025,3628,6526,二次悬挂法,,二次悬挂法,0,0,3,0,0,0.0,0.0,0.0,0.0,0.0,0.0,0.0,0.0,0,0,0,0,0,0,0,0,无明显情感,未明确对象,未明确方面,中性,0,0.6525424904832393,0.14924331021065323,0.6525424904832393,0.19821419930610756,中性,中性,,False
生活区,BV1YBvhBhE1f,史上最无聊比赛,12666077,370364,50295,71025,3628,6526,蒙西这边菜系口音偏山西 蒙东就偏东北,,蒙西这边菜系口音偏山西蒙东就偏东北,0,0,9,0,0,0.0,0.0,0.0,0.0,0.0,0.0,0.0,0.0,0,0,0,0,0,0,0,0,无明显情感,未明确对象,未明确方面,中性,-1,0.407693071018836,0.407693071018836,0.32389206085679606,0.26841486812436793,负面,负面,,False
生活区,BV1YBvhBhE1f,史上最无聊比赛,12666077,370364,50295,71025,3628,6526,因为内蒙东西跨度大 蒙西这边偏山西陕西 蒙东比如番茄老家赤峰就偏东北,,因为内蒙东西跨度大蒙西这边偏山西陕西蒙东比如番茄老家赤峰就偏东北,0,0,16,0,0,0.0,0.0,0.0,0.0,0.0,0.0,0.0,0.0,0,0,0,0,0,0,0,0,无明显情感,未明确对象,未明确方面,中性,0,0.656697623947417,0.255268411679058,0.656697623947417,0.08803396437352494,中性,中性,,False
生活区,BV1YBvhBhE1f,史上最无聊比赛,12666077,370364,50295,71025,3628,6526,内蒙人澄清一下只有蒙东那边是偏东北的哦,,内蒙人澄清一下只有蒙东那边是偏东北的哦,0,0,8,0,0,0.0,0.0,0.0,0.0,0.0,0.0,0.0,0.0,0,0,0,0,0,0,0,0,无明显情感,未明确对象,未明确方面,中性,0,0.8533665756394102,0.06283582193449105,0.8533665756394102,0.0837976024260988,中性,中性,,False
生活区,BV1YBvhBhE1f,史上最无聊比赛,12666077,370364,50295,71025,3628,6526,咬一口,,咬一口,0,0,1,0,0,0.0,0.0,0.0,0.0,0.0,0.0,0.0,0.0,0,0,0,0,0,0,0,0,无明显情感,未明确对象,未明确方面,中性,0,0.6641811267415451,0.13348938228347546,0.6641811267415451,0.20232949097497943,中性,中性,,False
生活区,BV1YBvhBhE1f,史上最无聊比赛,12666077,370364,50295,71025,3628,6526,CCC,,CCC,0,0,1,0,0,0.0,0.0,0.0,0.0,0.0,0.0,0.0,0.0,0,0,0,0,0,0,0,0,无明显情感,未明确对象,未明确方面,中性,0,0.6641811267415451,0.13348938228347546,0.6641811267415451,0.20232949097497943,中性,中性,,False
生活区,BV1YBvhBhE1f,史上最无聊比赛,12666077,370364,50295,71025,3628,6526,差点以为是鼻子里的那个（doge,,差点以为是鼻子里的那个doge,0,0,6,0,0,0.0,0.0,0.0,0.0,0.0,0.0,0.0,0.0,0,0,0,0,0,0,0,0,无明显情感,未明确对象,未明确方面,中性,0,0.5611014938111281,0.29030327102129083,0.5611014938111281,0.14859523516758097,中性,负面,,False
生活区,BV1YBvhBhE1f,史上最无聊比赛,12666077,370364,50295,71025,3628,6526,动耳朵,,动耳朵,0,0,2,0,0,0.0,0.0,0.0,0.0,0.0,0.0,0.0,0.0,0,0,0,0,0,0,0,0,无明显情感,未明确对象,未明确方面,中性,0,0.6585046096608349,0.14118285317383877,0.6585046096608349,0.20031253716532643,中性,中性,,False
生活区,BV1YBvhBhE1f,史上最无聊比赛,12666077,370364,50295,71025,3628,6526,829我生日！,,829我生日！,0,0,3,1,0,0.0,0.0,0.0,0.0,0.0,0.0,0.0,0.0,0,0,0,0,0,0,0,0,无明显情感,未明确对象,未明确方面,中性,0,0.6491142794313807,0.11027740134512903,0.6491142794313807,0.2406083192234905,中性,中性,,False
生活区,BV1YBvhBhE1f,史上最无聊比赛,12666077,370364,50295,71025,3628,6526,哇，那很厉害了,,哇，那很厉害了,1,0,4,0,0,1.0,1.0,0.0,1.0,0.25,1.0,1.0,0.0,0,0,0,0,0,0,0,1,对象评价,未明确对象,未明确方面,正面,1,0.794905393131263,0.08190851189408757,0.1231860949746495,0.794905393131263,正面,正面,,False
生活区,BV1YBvhBhE1f,史上最无聊比赛,12666077,370364,50295,71025,3628,6526,我敷面膜呢，直接笑掉了哈哈哈,,我敷面膜呢，直接笑掉了哈哈哈,1,0,7,0,0,1.0,1.0,0.0,1.0,0.14285714285714285,1.0,1.0,0.0,0,0,1,0,0,0,0,1,对象评价+自身情绪,未明确对象,娱乐与趣味,正面,1,0.6585841182768668,0.1298484426549795,0.2115674390681537,0.6585841182768668,正面,正面,,False
生活区,BV1YBvhBhE1f,史上最无聊比赛,12666077,370364,50295,71025,3628,6526,？？？！？？？？？？？。！？,,？？？！？？？？？？？。！？,0,0,14,2,11,0.0,0.0,0.0,0.0,0.0,0.0,0.0,0.0,0,0,0,0,0,0,0,0,无明显情感,未明确对象,未明确方面,中性,-1,0.999995954214786,0.999995954214786,4.036633579705458e-06,9.15163420115616e-09,负面,负面,,False
生活区,BV1YBvhBhE1f,史上最无聊比赛,12666077,370364,50295,71025,3628,6526,啊啊啊啊啊啊啊啊啊太厲害辣！！！！,,啊啊啊啊啊啊啊啊啊太厲害辣！！！！,0,0,9,4,0,0.0,0.0,0.0,0.0,0.0,0.0,0.0,0.0,0,0,0,0,0,0,0,0,无明显情感,未明确对象,未明确方面,中性,0,0.5022753112459966,0.16407003435553866,0.5022753112459966,0.33365465439846465,中性,中性,,False
生活区,BV1YBvhBhE1f,史上最无聊比赛,12666077,370364,50295,71025,3628,6526,這好玩這很好笑,,這好玩這很好笑,2,0,5,0,0,2.0,2.0,0.0,2.0,0.4,2.0,2.0,0.0,0,0,0,0,0,0,0,1,对象评价,未明确对象,娱乐与趣味,正面,1,0.9116773946251243,0.05692754560928321,0.03139505976559239,0.9116773946251243,正面,正面,,False
生活区,BV1YBvhBhE1f,史上最无聊比赛,12666077,370364,50295,71025,3628,6526,黄毛胖子好烦,,黄毛胖子好烦,0,0,3,0,0,0.0,0.0,0.0,0.0,0.0,0.0,0.0,0.0,0,0,1,0,0,0,0,0,自身情绪,未明确对象,未明确方面,中性,0,0.6525424904832393,0.14924331021065323,0.6525424904832393,0.19821419930610756,中性,负面,,False
生活区,BV1YBvhBhE1f,史上最无聊比赛,12666077,370364,50295,71025,3628,6526,我可以边睡觉边学数学，并考高分（仅数学，仅小学）,,我可以边睡觉边学数学，并考高分仅数学，仅小学,2,0,13,0,0,2.0,2.0,0.0,2.0,0.15384615384615385,2.0,2.0,0.0,0,0,0,0,0,0,0,1,对象评价,课程内容,未明确方面,正面,-1,0.8277926969648006,0.8277926969648006,0.043779447175590964,0.1284278558596084,负面,负面,-1.0,True
生活区,BV1YBvhBhE1f,史上最无聊比赛,12666077,370364,50295,71025,3628,6526,居然是心理学,,居然是心理学,0,0,2,0,0,0.0,0.0,0.0,0.0,0.0,0.0,0.0,0.0,0,0,0,0,0,0,0,0,无明显情感,未明确对象,未明确方面,中性,1,0.6231068913312148,0.10431871282228174,0.2725743958465035,0.6231068913312148,正面,正面,,False
生活区,BV1YBvhBhE1f,史上最无聊比赛,12666077,370364,50295,71025,3628,6526,没那么简单！！！,,没那么简单！！！,0,1,6,3,0,-1.0,0.0,1.0,1.0,0.16666666666666666,-1.0,0.0,1.0,0,0,0,0,0,0,0,1,对象评价,未明确对象,理解与难度,负面,-1,0.8129058652653369,0.8129058652653369,0.09391895096713969,0.0931751837675233,负面,负面,-1.0,True
生活区,BV1YBvhBhE1f,史上最无聊比赛,12666077,370364,50295,71025,3628,6526,不！！老——番——茄——！！,,不！！老番茄！！,0,0,7,4,0,0.0,0.0,0.0,0.0,0.0,0.0,0.0,0.0,0,0,0,0,0,0,0,0,无明显情感,未明确对象,未明确方面,中性,-1,0.7439398838944852,0.7439398838944852,0.12431266060739274,0.1317474554981222,负面,负面,-1.0,True
生活区,BV1YBvhBhE1f,史上最无聊比赛,12666077,370364,50295,71025,3628,6526,能自主控制能不能哆嗦,,能自主控制能不能哆嗦,0,0,6,0,0,0.0,0.0,0.0,0.0,0.0,0.0,0.0,0.0,0,0,0,0,0,0,0,0,无明显情感,未明确对象,未明确方面,中性,0,0.54245219420697,0.22403703046658313,0.54245219420697,0.23351077532644687,中性,中性,,False
生活区,BV1YBvhBhE1f,史上最无聊比赛,12666077,370364,50295,71025,3628,6526,！？强强？！,,！？强强？！,0,0,5,2,2,0.0,0.0,0.0,0.0,0.0,0.0,0.0,0.0,0,0,0,0,0,0,0,0,无明显情感,未明确对象,未明确方面,中性,-1,0.6819206795028745,0.6819206795028745,0.26880324759665336,0.049276072900472194,负面,负面,,False
生活区,BV1YBvhBhE1f,史上最无聊比赛,12666077,370364,50295,71025,3628,6526,我上班不超过两个月，就会被辞退啊啊啊啊啊,,我上班不超过两个月，就会被辞退啊啊啊啊啊,0,0,11,0,0,0.0,0.0,0.0,0.0,0.0,0.0,0.0,0.0,0,0,0,0,0,0,0,0,无明显情感,未明确对象,未明确方面,中性,-1,0.5783480933556451,0.5783480933556451,0.31801199170729577,0.10363991493705915,负面,负面,,False
生活区,BV1YBvhBhE1f,史上最无聊比赛,12666077,370364,50295,71025,3628,6526,到底是谁！,,到底是谁！,0,0,3,1,0,0.0,0.0,0.0,0.0,0.0,0.0,0.0,0.0,0,0,0,0,0,0,0,0,无明显情感,未明确对象,未明确方面,中性,0,0.7421438560191849,0.10079964148328228,0.7421438560191849,0.15705650249753272,中性,中性,,False
生活区,BV1YBvhBhE1f,史上最无聊比赛,12666077,370364,50295,71025,3628,6526,我上课的时候可以静音吃零食,,我上课的时候可以静音吃零食,1,0,5,0,0,1.0,1.0,0.0,1.0,0.2,1.0,1.0,0.0,0,0,0,0,0,0,0,1,对象评价,未明确对象,未明确方面,正面,-1,0.38586350404615616,0.38586350404615616,0.267965811140183,0.34617068481366087,负面,中性,0.0,True
生活区,BV1YBvhBhE1f,史上最无聊比赛,12666077,370364,50295,71025,3628,6526,我吃过,,我吃过,0,0,2,0,0,0.0,0.0,0.0,0.0,0.0,0.0,0.0,0.0,0,0,0,0,0,0,0,0,无明显情感,未明确对象,未明确方面,中性,0,0.49559229158406964,0.32827253627004055,0.49559229158406964,0.17613517214588975,中性,中性,,False
生活区,BV1YBvhBhE1f,史上最无聊比赛,12666077,370364,50295,71025,3628,6526,雨哥舒适区,,雨哥舒适区,1,0,3,0,0,1.0,1.0,0.0,1.0,0.3333333333333333,1.0,1.0,0.0,0,0,0,0,0,0,0,1,对象评价,未明确对象,未明确方面,正面,1,0.5651793663152694,0.05137918057694139,0.38344145310778915,0.5651793663152694,正面,正面,1.0,True
生活区,BV1YBvhBhE1f,史上最无聊比赛,12666077,370364,50295,71025,3628,6526,可以随时随地的打嗝。,,可以随时随地的打嗝。,1,0,4,0,0,1.0,1.0,0.0,1.0,0.25,1.0,1.0,0.0,0,0,0,0,0,0,0,1,对象评价,未明确对象,未明确方面,正面,0,0.5032002699130296,0.0785520120461579,0.5032002699130296,0.4182477180408125,中性,正面,1.0,True
生活区,BV1YBvhBhE1f,史上最无聊比赛,12666077,370364,50295,71025,3628,6526,太牛逼了这技能。,,太牛逼了这技能。,1,0,4,0,0,1.8,1.8,0.0,1.8,0.25,1.8,1.8,0.0,0,0,0,0,0,0,0,1,对象评价,未明确对象,未明确方面,正面,1,0.6950785373441166,0.1531979894415827,0.15172347321430077,0.6950785373441166,正面,正面,,False
生活区,BV1YBvhBhE1f,史上最无聊比赛,12666077,370364,50295,71025,3628,6526,讲道理，力矩不是初中知识,,讲道理，力矩不是初中知识,0,0,6,0,0,0.0,0.0,0.0,0.0,0.0,0.0,0.0,0.0,0,0,0,0,0,0,0,0,无明显情感,未明确对象,未明确方面,中性,-1,0.6682968947383467,0.6682968947383467,0.27043940766456875,0.06126369759708462,负面,负面,,False
生活区,BV1YBvhBhE1f,史上最无聊比赛,12666077,370364,50295,71025,3628,6526,《老吃家比赛》,,老吃家比赛,0,0,2,0,0,0.0,0.0,0.0,0.0,0.0,0.0,0.0,0.0,0,0,0,0,0,0,0,0,无明显情感,比赛内容,比赛表现,中性,0,0.6585046096608349,0.14118285317383877,0.6585046096608349,0.20031253716532643,中性,中性,,False
生活区,BV1YBvhBhE1f,史上最无聊比赛,12666077,370364,50295,71025,3628,6526,不是，真有人上课吃这玩意儿？,,不是，真有人上课吃这玩意儿？,0,0,8,0,1,0.0,0.0,0.0,0.0,0.0,0.0,0.0,0.0,0,0,0,0,0,0,0,0,无明显情感,未明确对象,未明确方面,中性,-1,0.9553588331105459,0.9553588331105459,0.03254881273880051,0.012092354150653538,负面,负面,,False
生活区,BV1YBvhBhE1f,史上最无聊比赛,12666077,370364,50295,71025,3628,6526,袁记云饺包赢的到处都是哈哈哈哈,,袁记云饺包赢的到处都是哈哈哈哈,1,0,6,0,0,1.0,1.0,0.0,1.0,0.16666666666666666,1.0,1.0,0.0,0,0,1,0,0,0,0,1,对象评价+自身情绪,未明确对象,娱乐与趣味+比赛表现,正面,1,0.8592440169696355,0.03923049951359623,0.10152548351676823,0.8592440169696355,正面,正面,,False
生活区,BV1YBvhBhE1f,史上最无聊比赛,12666077,370364,50295,71025,3628,6526,真心换真心,,真心换真心,0,0,3,0,0,0.0,0.0,0.0,0.0,0.0,0.0,0.0,0.0,0,0,0,0,0,0,0,0,无明显情感,未明确对象,未明确方面,中性,0,0.6525424904832393,0.14924331021065323,0.6525424904832393,0.19821419930610756,中性,中性,,False
生活区,BV1YBvhBhE1f,史上最无聊比赛,12666077,370364,50295,71025,3628,6526,他的粉丝2000多少？,,他的粉丝2000多少？,0,0,4,0,1,0.0,0.0,0.0,0.0,0.0,0.0,0.0,0.0,0,0,0,0,0,0,0,0,无明显情感,未明确对象,未明确方面,中性,0,0.527625534970683,0.33964900621584687,0.527625534970683,0.13272545881347003,中性,中性,,False
生活区,BV1YBvhBhE1f,史上最无聊比赛,12666077,370364,50295,71025,3628,6526,为什么上课要吃生姜啊喂！！！,,为什么上课要吃生姜啊喂！！！,0,0,9,3,0,0.0,0.0,0.0,0.0,0.0,0.0,0.0,0.0,0,0,0,0,0,0,0,0,无明显情感,未明确对象,未明确方面,中性,-1,0.8173982330149195,0.8173982330149195,0.10390431565213076,0.07869745133294982,负面,负面,-1.0,True
生活区,BV1YBvhBhE1f,史上最无聊比赛,12666077,370364,50295,71025,3628,6526,她好帅啊！她好帅！！！,,她好帅啊！她好帅！！！,0,0,6,4,0,0.0,0.0,0.0,0.0,0.0,0.0,0.0,0.0,0,0,0,0,0,0,0,0,无明显情感,未明确对象,未明确方面,中性,1,0.6042319512315117,0.2373758284922409,0.15839222027624736,0.6042319512315117,正面,正面,,False
生活区,BV1YBvhBhE1f,史上最无聊比赛,12666077,370364,50295,71025,3628,6526,公平正义，需要牺牲（doge）,,公平正义，需要牺牲doge,0,0,5,0,0,0.0,0.0,0.0,0.0,0.0,0.0,0.0,0.0,0,0,0,0,0,0,0,0,无明显情感,未明确对象,未明确方面,中性,0,0.4904319243892142,0.2655279210054172,0.4904319243892142,0.2440401546053687,中性,中性,,False
生活区,BV1YBvhBhE1f,史上最无聊比赛,12666077,370364,50295,71025,3628,6526,67个人出出来,,67个人出出来,0,0,4,0,0,0.0,0.0,0.0,0.0,0.0,0.0,0.0,0.0,0,0,0,0,0,0,0,0,无明显情感,未明确对象,未明确方面,中性,0,0.5138371842781141,0.3523787912636223,0.5138371842781141,0.13378402445826354,中性,中性,,False
生活区,BV1YBvhBhE1f,史上最无聊比赛,12666077,370364,50295,71025,3628,6526,[OHHHHHHHH],,OHHHHHHHH,1,0,1,0,0,1.2,1.2,0.0,1.2,1.0,1.2,1.2,0.0,0,0,0,0,0,0,0,1,对象评价,未明确对象,未明确方面,正面,1,0.7406135643783034,0.17598250810310373,0.08340392751859296,0.7406135643783034,正面,正面,,False
生活区,BV1YBvhBhE1f,史上最无聊比赛,12666077,370364,50295,71025,3628,6526,o H HH H,,oHHHH,1,0,1,0,0,1.2,1.2,0.0,1.2,1.0,1.2,1.2,0.0,0,0,0,0,0,0,0,1,对象评价,未明确对象,未明确方面,正面,1,0.7406135643783034,0.17598250810310373,0.08340392751859296,0.7406135643783034,正面,正面,,False
生活区,BV1YBvhBhE1f,史上最无聊比赛,12666077,370364,50295,71025,3628,6526,。,,。,0,0,1,0,0,0.0,0.0,0.0,0.0,0.0,0.0,0.0,0.0,0,0,0,0,0,0,0,0,无明显情感,未明确对象,未明确方面,中性,0,0.6446514255110525,0.08045472961624392,0.6446514255110525,0.2748938448727035,中性,中性,,False
生活区,BV1YBvhBhE1f,史上最无聊比赛,12666077,370364,50295,71025,3628,6526,HOHOHOHO,,HOHOHOHO,0,0,1,0,0,0.0,0.0,0.0,0.0,0.0,0.0,0.0,0.0,0,0,0,0,0,0,0,0,无明显情感,未明确对象,未明确方面,中性,0,0.6641811267415451,0.13348938228347546,0.6641811267415451,0.20232949097497943,中性,中性,,False
生活区,BV1YBvhBhE1f,史上最无聊比赛,12666077,370364,50295,71025,3628,6526,hohohohoho,,hohohohoho,0,0,1,0,0,0.0,0.0,0.0,0.0,0.0,0.0,0.0,0.0,0,0,0,0,0,0,0,0,无明显情感,未明确对象,未明确方面,中性,0,0.6641811267415451,0.13348938228347546,0.6641811267415451,0.20232949097497943,中性,中性,,False
生活区,BV1YBvhBhE1f,史上最无聊比赛,12666077,370364,50295,71025,3628,6526,蒸鱼你什么意思。,,蒸鱼你什么意思。,0,0,4,0,0,0.0,0.0,0.0,0.0,0.0,0.0,0.0,0.0,0,0,0,0,0,0,0,0,无明显情感,未明确对象,未明确方面,中性,0,0.8313406315270752,0.09689465201610008,0.8313406315270752,0.07176471645682486,中性,中性,,False
生活区,BV1YBvhBhE1f,史上最无聊比赛,12666077,370364,50295,71025,3628,6526,脑包星人,,脑包星人,0,0,2,0,0,0.0,0.0,0.0,0.0,0.0,0.0,0.0,0.0,0,0,0,0,0,0,0,0,无明显情感,未明确对象,未明确方面,中性,0,0.7492692748461555,0.0489878898440079,0.7492692748461555,0.20174283530983672,中性,中性,,False
生活区,BV1YBvhBhE1f,史上最无聊比赛,12666077,370364,50295,71025,3628,6526,在九后面加个一的话就是7891,,在九后面加个一的话就是7891,0,0,8,0,0,0.0,0.0,0.0,0.0,0.0,0.0,0.0,0.0,0,0,0,0,0,0,0,0,无明显情感,未明确对象,未明确方面,中性,0,0.7692053116172158,0.1372888121569975,0.7692053116172158,0.09350587622578675,中性,中性,,False
生活区,BV1YBvhBhE1f,史上最无聊比赛,12666077,370364,50295,71025,3628,6526,用Apple pay，快,,用Applepay，快,0,0,4,0,0,0.0,0.0,0.0,0.0,0.0,0.0,0.0,0.0,0,0,0,0,0,0,0,0,无明显情感,未明确对象,未明确方面,中性,0,0.6394051606997591,0.16830508481965184,0.6394051606997591,0.19228975448058916,中性,中性,,False
生活区,BV1YBvhBhE1f,史上最无聊比赛,12666077,370364,50295,71025,3628,6526,wdf,,wdf,0,0,1,0,0,0.0,0.0,0.0,0.0,0.0,0.0,0.0,0.0,0,0,0,0,0,0,0,0,无明显情感,未明确对象,未明确方面,中性,0,0.6641811267415451,0.13348938228347546,0.6641811267415451,0.20232949097497943,中性,中性,,False
生活区,BV1YBvhBhE1f,史上最无聊比赛,12666077,370364,50295,71025,3628,6526,小精灵哈哈哈,,小精灵哈哈哈,1,0,2,0,0,1.0,1.0,0.0,1.0,0.5,1.0,1.0,0.0,0,0,1,0,0,0,0,1,对象评价+自身情绪,未明确对象,娱乐与趣味,正面,1,0.8787434947227696,0.0872130874058195,0.03404341787141094,0.8787434947227696,正面,正面,,False
生活区,BV1YBvhBhE1f,史上最无聊比赛,12666077,370364,50295,71025,3628,6526,并不高,,并不高,0,0,3,0,0,0.0,0.0,0.0,0.0,0.0,0.0,0.0,0.0,0,0,0,0,0,0,0,0,无明显情感,未明确对象,未明确方面,中性,0,0.4762945131140423,0.41923228937496454,0.4762945131140423,0.1044731975109932,中性,中性,,False
生活区,BV1YBvhBhE1f,史上最无聊比赛,12666077,370364,50295,71025,3628,6526,雨哥在和自己的奈奈,,雨哥在和自己的奈奈,0,0,4,0,0,0.0,0.0,0.0,0.0,0.0,0.0,0.0,0.0,0,0,0,0,0,0,0,0,无明显情感,未明确对象,未明确方面,中性,0,0.819594110209936,0.08668777196324233,0.819594110209936,0.09371811782682178,中性,中性,,False
生活区,BV1YBvhBhE1f,史上最无聊比赛,12666077,370364,50295,71025,3628,6526,我这里是塔斯汀最多了现在,,我这里是塔斯汀最多了现在,0,0,5,0,0,0.0,0.0,0.0,0.0,0.0,0.0,0.0,0.0,0,0,0,0,0,0,0,0,无明显情感,未明确对象,未明确方面,中性,0,0.6217910298303234,0.3426712069175006,0.6217910298303234,0.03553776325217595,中性,中性,,False
生活区,BV1YBvhBhE1f,史上最无聊比赛,12666077,370364,50295,71025,3628,6526,当老师瞎的吗,,当老师瞎的吗,0,0,3,0,0,0.0,0.0,0.0,0.0,0.0,0.0,0.0,0.0,0,0,0,0,0,0,0,0,无明显情感,讲解者,未明确方面,中性,0,0.8079604440958896,0.06190128883562263,0.8079604440958896,0.13013826706848772,中性,中性,,False
生活区,BV1YBvhBhE1f,史上最无聊比赛,12666077,370364,50295,71025,3628,6526,0hhhh,,0hhhh,1,0,1,0,0,1.2,1.2,0.0,1.2,1.0,1.2,1.2,0.0,0,0,0,0,0,0,0,1,对象评价,未明确对象,未明确方面,正面,1,0.7406135643783034,0.17598250810310373,0.08340392751859296,0.7406135643783034,正面,正面,,False
生活区,BV1YBvhBhE1f,史上最无聊比赛,12666077,370364,50295,71025,3628,6526,[Ohhhhhhh],,Ohhhhhhh,1,0,1,0,0,1.2,1.2,0.0,1.2,1.0,1.2,1.2,0.0,0,0,0,0,0,0,0,1,对象评价,未明确对象,未明确方面,正面,1,0.7406135643783034,0.17598250810310373,0.08340392751859296,0.7406135643783034,正面,正面,,False
生活区,BV1YBvhBhE1f,史上最无聊比赛,12666077,370364,50295,71025,3628,6526,[Ohhhhhhhhhh],,Ohhhhhhhhhh,1,0,1,0,0,1.2,1.2,0.0,1.2,1.0,1.2,1.2,0.0,0,0,0,0,0,0,0,1,对象评价,未明确对象,未明确方面,正面,1,0.7406135643783034,0.17598250810310373,0.08340392751859296,0.7406135643783034,正面,正面,,False
生活区,BV1YBvhBhE1f,史上最无聊比赛,12666077,370364,50295,71025,3628,6526,大拇指能够向后弯曲,,大拇指能够向后弯曲,0,0,5,0,0,0.0,0.0,0.0,0.0,0.0,0.0,0.0,0.0,0,0,0,0,0,0,0,0,无明显情感,未明确对象,未明确方面,中性,0,0.5831402850449517,0.22685710716992383,0.5831402850449517,0.19000260778512454,中性,中性,,False
生活区,BV1YBvhBhE1f,史上最无聊比赛,12666077,370364,50295,71025,3628,6526,称一个，按去皮称另一个可以直接得到差值,,称一个，按去皮称另一个可以直接得到差值,1,0,10,0,0,1.0,1.0,0.0,1.0,0.1,1.0,1.0,0.0,0,0,0,0,0,0,0,1,对象评价,未明确对象,未明确方面,正面,0,0.4684643657004334,0.07126946206216306,0.4684643657004334,0.4602661722374034,中性,中性,0.0,True
生活区,BV1YBvhBhE1f,史上最无聊比赛,12666077,370364,50295,71025,3628,6526,差了 12 小时呢,,差了12小时呢,0,0,3,0,0,0.0,0.0,0.0,0.0,0.0,0.0,0.0,0.0,0,0,0,0,0,0,0,0,无明显情感,未明确对象,未明确方面,中性,0,0.7015753139228592,0.20112851770608273,0.7015753139228592,0.09729616837105802,中性,负面,,False
生活区,BV1YBvhBhE1f,史上最无聊比赛,12666077,370364,50295,71025,3628,6526,人就不能用手拨开吗？,,人就不能用手拨开吗？,0,1,6,0,1,-1.0,0.0,1.0,1.0,0.16666666666666666,-1.0,0.0,1.0,0,0,0,0,0,0,0,1,对象评价,未明确对象,未明确方面,负面,0,0.6835154001289964,0.2799065060485513,0.6835154001289964,0.0365780938224523,中性,中性,0.0,True
生活区,BV1YBvhBhE1f,史上最无聊比赛,12666077,370364,50295,71025,3628,6526,36,,36,0,0,1,0,0,0.0,0.0,0.0,0.0,0.0,0.0,0.0,0.0,0,0,0,0,0,0,0,0,无明显情感,未明确对象,未明确方面,中性,0,0.7137683012520901,0.11069379332627317,0.7137683012520901,0.17553790542163675,中性,中性,,False
生活区,BV1YBvhBhE1f,史上最无聊比赛,12666077,370364,50295,71025,3628,6526,a,,a,0,0,1,0,0,0.0,0.0,0.0,0.0,0.0,0.0,0.0,0.0,0,0,0,0,0,0,0,0,无明显情感,未明确对象,未明确方面,中性,0,0.7658875808646918,0.09021378104030563,0.7658875808646918,0.14389863809500258,中性,中性,,False
生活区,BV1YBvhBhE1f,史上最无聊比赛,12666077,370364,50295,71025,3628,6526,《小零食》《黄瓜》,,小零食黄瓜,0,0,3,0,0,0.0,0.0,0.0,0.0,0.0,0.0,0.0,0.0,0,0,0,0,0,0,0,0,无明显情感,未明确对象,未明确方面,中性,0,0.6081724335187485,0.11405963861937629,0.6081724335187485,0.27776792786187526,中性,中性,,False
生活区,BV1YBvhBhE1f,史上最无聊比赛,12666077,370364,50295,71025,3628,6526,居然是下一个是谁的主题曲？,,居然是下一个是谁的主题曲？,0,0,5,0,1,0.0,0.0,0.0,0.0,0.0,0.0,0.0,0.0,0,0,0,0,0,0,0,0,无明显情感,未明确对象,未明确方面,中性,-1,0.6101845585895058,0.6101845585895058,0.3361073589904542,0.053708082420039896,负面,负面,,False
生活区,BV1YBvhBhE1f,史上最无聊比赛,12666077,370364,50295,71025,3628,6526,郭雨贪吃王实至名归,,郭雨贪吃王实至名归,0,0,4,0,0,0.0,0.0,0.0,0.0,0.0,0.0,0.0,0.0,0,0,0,0,0,0,0,0,无明显情感,未明确对象,未明确方面,中性,0,0.6462878438700694,0.15767941730141277,0.6462878438700694,0.19603273882851782,中性,中性,,False
生活区,BV1YBvhBhE1f,史上最无聊比赛,12666077,370364,50295,71025,3628,6526,谁懂这个下巴长度,,谁懂这个下巴长度,0,0,5,0,0,0.0,0.0,0.0,0.0,0.0,0.0,0.0,0.0,0,0,0,0,0,0,0,0,无明显情感,未明确对象,未明确方面,中性,0,0.7940901663813098,0.12538749647754494,0.7940901663813098,0.08052233714114525,中性,中性,,False
生活区,BV1YBvhBhE1f,史上最无聊比赛,12666077,370364,50295,71025,3628,6526,美团？警觉,,美团？警觉,0,0,3,0,1,0.0,0.0,0.0,0.0,0.0,0.0,0.0,0.0,0,0,0,0,0,0,0,0,无明显情感,未明确对象,未明确方面,中性,-1,0.5350327343451675,0.5350327343451675,0.40283281497238527,0.062134450682447204,负面,负面,,False
生活区,BV1YBvhBhE1f,史上最无聊比赛,12666077,370364,50295,71025,3628,6526,骗你的，其实是特意的,,骗你的，其实是特意的,0,0,4,0,0,0.0,0.0,0.0,0.0,0.0,0.0,0.0,0.0,0,0,0,0,0,0,0,0,无明显情感,未明确对象,未明确方面,中性,-1,0.6229061676064133,0.6229061676064133,0.2861885143973786,0.09090531799620816,负面,负面,,False
生活区,BV1YBvhBhE1f,史上最无聊比赛,12666077,370364,50295,71025,3628,6526,蛋仔派对,,蛋仔派对,0,0,2,0,0,0.0,0.0,0.0,0.0,0.0,0.0,0.0,0.0,0,0,0,0,0,0,0,0,无明显情感,未明确对象,未明确方面,中性,0,0.6585046096608349,0.14118285317383877,0.6585046096608349,0.20031253716532643,中性,中性,,False
生活区,BV1YBvhBhE1f,史上最无聊比赛,12666077,370364,50295,71025,3628,6526,38,,38,0,0,1,0,0,0.0,0.0,0.0,0.0,0.0,0.0,0.0,0.0,0,0,0,0,0,0,0,0,无明显情感,未明确对象,未明确方面,中性,0,0.6822908303198796,0.1116783699440581,0.6822908303198796,0.20603079973606228,中性,中性,,False
生活区,BV1YBvhBhE1f,史上最无聊比赛,12666077,370364,50295,71025,3628,6526,重心！小子,,重心！小子,0,0,3,1,0,0.0,0.0,0.0,0.0,0.0,0.0,0.0,0.0,0,0,0,0,0,0,0,0,无明显情感,未明确对象,未明确方面,中性,0,0.5997746699199505,0.05169762921059101,0.5997746699199505,0.3485277008694585,中性,中性,,False
生活区,BV1YBvhBhE1f,史上最无聊比赛,12666077,370364,50295,71025,3628,6526,裁判都是退役选手这一块,,裁判都是退役选手这一块,0,0,5,0,0,0.0,0.0,0.0,0.0,0.0,0.0,0.0,0.0,0,0,0,0,0,0,0,0,无明显情感,比赛内容,比赛表现,中性,1,0.48073019944134554,0.14044218010146736,0.378827620457187,0.48073019944134554,正面,正面,1.0,True
生活区,BV1YBvhBhE1f,史上最无聊比赛,12666077,370364,50295,71025,3628,6526,88888888888888888258388888888888888888888325868,,88888888888888888258388888888888888888888325868,0,0,1,0,0,0.0,0.0,0.0,0.0,0.0,0.0,0.0,0.0,0,0,0,0,0,0,0,0,无明显情感,未明确对象,未明确方面,中性,0,0.682852135740124,0.1221173852620524,0.682852135740124,0.19503047899782364,中性,中性,,False
生活区,BV1YBvhBhE1f,史上最无聊比赛,12666077,370364,50295,71025,3628,6526,r,,r,0,0,1,0,0,0.0,0.0,0.0,0.0,0.0,0.0,0.0,0.0,0,0,0,0,0,0,0,0,无明显情感,未明确对象,未明确方面,中性,0,0.6641811267415451,0.13348938228347546,0.6641811267415451,0.20232949097497943,中性,中性,,False
生活区,BV1YBvhBhE1f,史上最无聊比赛,12666077,370364,50295,71025,3628,6526,tttttttttttttttttttttttttttt102t.ttttttttttttttttttttttttttttttt++25+,,tttttttttttttttttttttttttttt102t.ttttttttttttttttttttttttttttttt25,0,0,3,0,0,0.0,0.0,0.0,0.0,0.0,0.0,0.0,0.0,0,0,0,0,0,0,0,0,无明显情感,未明确对象,未明确方面,中性,0,0.46954223845288245,0.2642789159967477,0.46954223845288245,0.2661788455503698,中性,中性,,False
生活区,BV1YBvhBhE1f,史上最无聊比赛,12666077,370364,50295,71025,3628,6526,小老师好亚比好可爱,,小老师好亚比好可爱,1,0,6,0,0,1.0,1.0,0.0,1.0,0.16666666666666666,1.0,1.0,0.0,0,0,0,0,0,0,0,1,对象评价,讲解者,未明确方面,正面,1,0.9226225830897151,0.029066414274289687,0.04831100263599509,0.9226225830897151,正面,正面,,False
生活区,BV1YBvhBhE1f,史上最无聊比赛,12666077,370364,50295,71025,3628,6526,小老师红温了,,小老师红温了,0,0,3,0,0,0.0,0.0,0.0,0.0,0.0,0.0,0.0,0.0,0,0,0,0,0,0,0,0,无明显情感,讲解者,未明确方面,中性,0,0.588494377316167,0.12630023362373316,0.588494377316167,0.28520538906009973,中性,中性,,False
生活区,BV1YBvhBhE1f,史上最无聊比赛,12666077,370364,50295,71025,3628,6526,蓟县！,,蓟县！,0,0,2,1,0,0.0,0.0,0.0,0.0,0.0,0.0,0.0,0.0,0,0,0,0,0,0,0,0,无明显情感,未明确对象,未明确方面,中性,0,0.6014191404432303,0.04859558453785338,0.6014191404432303,0.3499852750189163,中性,中性,,False
生活区,BV1YBvhBhE1f,史上最无聊比赛,12666077,370364,50295,71025,3628,6526,49人,,49人,0,0,2,0,0,0.0,0.0,0.0,0.0,0.0,0.0,0.0,0.0,0,0,0,0,0,0,0,0,无明显情感,未明确对象,未明确方面,中性,0,0.5778707082712287,0.09868790736934505,0.5778707082712287,0.3234413843594262,中性,中性,,False
生活区,BV1YBvhBhE1f,史上最无聊比赛,12666077,370364,50295,71025,3628,6526,呵呵呵呵,,呵呵呵呵,0,0,2,0,0,0.0,0.0,0.0,0.0,0.0,0.0,0.0,0.0,0,0,0,0,0,0,0,0,无明显情感,未明确对象,未明确方面,中性,0,0.6585046096608349,0.14118285317383877,0.6585046096608349,0.20031253716532643,中性,中性,,False
生活区,BV1YBvhBhE1f,史上最无聊比赛,12666077,370364,50295,71025,3628,6526,这个只能含化了，直接咬的话直接输,,这个只能含化了，直接咬的话直接输,0,0,9,0,0,0.0,0.0,0.0,0.0,0.0,0.0,0.0,0.0,0,0,0,0,0,0,0,0,无明显情感,未明确对象,比赛表现,中性,0,0.6175304308601037,0.25678322378585317,0.6175304308601037,0.12568634535404322,中性,中性,,False
生活区,BV1YBvhBhE1f,史上最无聊比赛,12666077,370364,50295,71025,3628,6526,上课吃瓜子吗？狠人,,上课吃瓜子吗？狠人,0,0,5,0,1,0.0,0.0,0.0,0.0,0.0,0.0,0.0,0.0,0,0,0,0,0,0,0,0,无明显情感,未明确对象,未明确方面,中性,-1,0.7756119560515229,0.7756119560515229,0.18918261562904254,0.03520542831943461,负面,负面,,False
生活区,BV1YBvhBhE1f,史上最无聊比赛,12666077,370364,50295,71025,3628,6526,牛逼！！！！！！！！！！！,,牛逼！！！！！！！！！！！,1,0,13,11,0,1.0,1.0,0.0,1.0,0.07692307692307693,1.0,1.0,0.0,0,0,0,0,0,0,0,1,对象评价,未明确对象,未明确方面,正面,1,0.8152551360756387,0.1468336189163778,0.0379112450079835,0.8152551360756387,正面,正面,,False
生活区,BV1YBvhBhE1f,史上最无聊比赛,12666077,370364,50295,71025,3628,6526,上课吃黄瓜？,,上课吃黄瓜？,0,0,4,0,1,0.0,0.0,0.0,0.0,0.0,0.0,0.0,0.0,0,0,0,0,0,0,0,0,无明显情感,未明确对象,未明确方面,中性,-1,0.8462456235816466,0.8462456235816466,0.12041144903784735,0.03334292738050621,负面,负面,,False
生活区,BV1YBvhBhE1f,史上最无聊比赛,12666077,370364,50295,71025,3628,6526,OH,,OH,0,0,1,0,0,0.0,0.0,0.0,0.0,0.0,0.0,0.0,0.0,0,0,0,0,0,0,0,0,无明显情感,未明确对象,未明确方面,中性,0,0.6641811267415451,0.13348938228347546,0.6641811267415451,0.20232949097497943,中性,中性,,False
生活区,BV1YBvhBhE1f,史上最无聊比赛,12666077,370364,50295,71025,3628,6526,OHhhhhh,,OHhhhhh,1,0,1,0,0,1.2,1.2,0.0,1.2,1.0,1.2,1.2,0.0,0,0,0,0,0,0,0,1,对象评价,未明确对象,未明确方面,正面,1,0.7406135643783034,0.17598250810310373,0.08340392751859296,0.7406135643783034,正面,正面,,False
生活区,BV1YBvhBhE1f,史上最无聊比赛,12666077,370364,50295,71025,3628,6526,我自己还不够吃呢，凭什么给他（Doge,,我自己还不够吃呢，凭什么给他Doge,0,0,9,0,0,0.0,0.0,0.0,0.0,0.0,0.0,0.0,0.0,0,0,0,0,0,0,0,0,无明显情感,未明确对象,未明确方面,中性,0,0.6385053599266455,0.23236722309138796,0.6385053599266455,0.12912741698196667,中性,中性,,False
生活区,BV1YBvhBhE1f,史上最无聊比赛,12666077,370364,50295,71025,3628,6526,感觉一般般,,感觉一般般,0,0,2,0,0,0.0,0.0,0.0,0.0,0.0,0.0,0.0,0.0,0,0,0,0,0,0,0,0,无明显情感,未明确对象,未明确方面,中性,0,0.6006561299450424,0.14669372342364487,0.6006561299450424,0.25265014663131274,中性,中性,,False
生活区,BV1YBvhBhE1f,史上最无聊比赛,12666077,370364,50295,71025,3628,6526,我靠,,我靠,0,0,1,0,0,0.0,0.0,0.0,0.0,0.0,0.0,0.0,0.0,0,0,0,0,0,0,0,0,无明显情感,未明确对象,未明确方面,中性,0,0.6294316989566958,0.26637040995735306,0.6294316989566958,0.10419789108595105,中性,中性,,False
生活区,BV1YBvhBhE1f,史上最无聊比赛,12666077,370364,50295,71025,3628,6526,哈哈哈哈哈哈哈哈哈哈,,哈哈哈哈哈哈哈哈哈哈,3,0,3,0,0,3.0,3.0,0.0,3.0,1.0,3.0,3.0,0.0,0,0,1,0,0,0,0,1,对象评价+自身情绪,未明确对象,娱乐与趣味,正面,1,0.9978113083359227,0.0013164168793323753,0.0008722747847450409,0.9978113083359227,正面,正面,,False
生活区,BV1YBvhBhE1f,史上最无聊比赛,12666077,370364,50295,71025,3628,6526,作弊飞蛾,,作弊飞蛾,0,0,2,0,0,0.0,0.0,0.0,0.0,0.0,0.0,0.0,0.0,0,0,0,0,0,0,0,0,无明显情感,未明确对象,未明确方面,中性,0,0.6585046096608349,0.14118285317383877,0.6585046096608349,0.20031253716532643,中性,中性,,False
生活区,BV1YBvhBhE1f,史上最无聊比赛,12666077,370364,50295,71025,3628,6526,34,,34,0,0,1,0,0,0.0,0.0,0.0,0.0,0.0,0.0,0.0,0.0,0,0,0,0,0,0,0,0,无明显情感,未明确对象,未明确方面,中性,0,0.7575936089587916,0.10233588139011167,0.7575936089587916,0.1400705096510968,中性,中性,,False
生活区,BV1YBvhBhE1f,史上最无聊比赛,12666077,370364,50295,71025,3628,6526,28,,28,0,0,1,0,0,0.0,0.0,0.0,0.0,0.0,0.0,0.0,0.0,0,0,0,0,0,0,0,0,无明显情感,未明确对象,未明确方面,中性,0,0.7116372878173702,0.11046762023996076,0.7116372878173702,0.17789509194266906,中性,中性,,False
生活区,BV1YBvhBhE1f,史上最无聊比赛,12666077,370364,50295,71025,3628,6526,小精灵太损了哈哈哈哈,,小精灵太损了哈哈哈哈,1,0,3,0,0,1.8,1.8,0.0,1.8,0.3333333333333333,1.8,1.8,0.0,0,0,1,0,0,0,0,1,对象评价+自身情绪,未明确对象,娱乐与趣味,正面,1,0.9273403409904225,0.03487653714148032,0.03778312186809716,0.9273403409904225,正面,正面,,False
生活区,BV1YBvhBhE1f,史上最无聊比赛,12666077,370364,50295,71025,3628,6526,小精灵脸好红啊哈哈哈,,小精灵脸好红啊哈哈哈,1,0,4,0,0,1.0,1.0,0.0,1.0,0.25,1.0,1.0,0.0,0,0,1,0,0,0,0,1,对象评价+自身情绪,未明确对象,娱乐与趣味,正面,1,0.7759992121193645,0.19008619033510807,0.03391459754552749,0.7759992121193645,正面,正面,,False
生活区,BV1YBvhBhE1f,史上最无聊比赛,12666077,370364,50295,71025,3628,6526,永远不要质疑裁判的实力,,永远不要质疑裁判的实力,0,0,5,0,0,0.0,0.0,0.0,0.0,0.0,0.0,0.0,0.0,0,0,0,0,0,0,1,0,立场,比赛内容,比赛表现,中性,1,0.4495650549112044,0.12844887614714043,0.42198606894165513,0.4495650549112044,正面,正面,,False
生活区,BV1YBvhBhE1f,史上最无聊比赛,12666077,370364,50295,71025,3628,6526,跷脚牛肉是四川乐山美食，拍黄瓜不是川菜,,跷脚牛肉是四川乐山美食，拍黄瓜不是川菜,0,0,11,0,0,0.0,0.0,0.0,0.0,0.0,0.0,0.0,0.0,0,0,0,0,0,0,0,0,无明显情感,未明确对象,未明确方面,中性,-1,0.7920249565397324,0.7920249565397324,0.17601249255275117,0.031962550907516554,负面,负面,,False
生活区,BV1YBvhBhE1f,史上最无聊比赛,12666077,370364,50295,71025,3628,6526,小选手哈哈哈哈哈,,小选手哈哈哈哈哈,2,0,4,0,0,2.0,2.0,0.0,2.0,0.5,2.0,2.0,0.0,0,0,1,0,0,0,0,1,对象评价+自身情绪,比赛内容,娱乐与趣味+比赛表现,正面,1,0.9786584176320848,0.004846609516034024,0.016494972851881014,0.9786584176320848,正面,正面,,False
生活区,BV1YBvhBhE1f,史上最无聊比赛,12666077,370364,50295,71025,3628,6526,星见雅,,星见雅,0,0,1,0,0,0.0,0.0,0.0,0.0,0.0,0.0,0.0,0.0,0,0,0,0,0,0,0,0,无明显情感,未明确对象,未明确方面,中性,0,0.6641811267415451,0.13348938228347546,0.6641811267415451,0.20232949097497943,中性,中性,,False
生活区,BV1YBvhBhE1f,史上最无聊比赛,12666077,370364,50295,71025,3628,6526,那那个我其实确实可以闭眼唱，因为我熬夜的时候看不见，所以我就闭眼把苹果8 plus的插头给插上了,,那那个我其实确实可以闭眼唱，因为我熬夜的时候看不见，所以我就闭眼把苹果8plus的插头给插上了,1,0,22,0,0,1.0,1.0,0.0,1.0,0.045454545454545456,1.0,1.0,0.0,0,0,0,0,0,0,0,1,对象评价,未明确对象,未明确方面,正面,0,0.6004614338486414,0.2600382587714264,0.6004614338486414,0.13950030737993235,中性,中性,0.0,True
生活区,BV1YBvhBhE1f,史上最无聊比赛,12666077,370364,50295,71025,3628,6526,不是。班级里谁会学的美食？哪个生姜带班里啊？谁会生吃姜啊？,,不是。班级里谁会学的美食？哪个生姜带班里啊？谁会生吃姜啊？,0,0,18,0,3,0.0,0.0,0.0,0.0,0.0,0.0,0.0,0.0,0,0,0,0,0,0,0,0,无明显情感,未明确对象,未明确方面,中性,-1,0.9969750667949261,0.9969750667949261,0.0028982479532266947,0.0001266852518471724,负面,负面,,False
生活区,BV1YBvhBhE1f,史上最无聊比赛,12666077,370364,50295,71025,3628,6526,为什么要偷吃呀？我直接上课拿出来吃老师也只是看着我笑笑,,为什么要偷吃呀？我直接上课拿出来吃老师也只是看着我笑笑,0,0,14,0,1,0.0,0.0,0.0,0.0,0.0,0.0,0.0,0.0,1,0,0,0,0,0,0,0,无明显情感,讲解者,未明确方面,中性,-1,0.8246585247602788,0.8246585247602788,0.1571878577349236,0.01815361750479756,负面,负面,,False
生活区,BV1YBvhBhE1f,史上最无聊比赛,12666077,370364,50295,71025,3628,6526,哇塞,,哇塞,0,0,1,0,0,0.0,0.0,0.0,0.0,0.0,0.0,0.0,0.0,0,0,0,0,0,0,0,0,无明显情感,未明确对象,未明确方面,中性,0,0.6641811267415451,0.13348938228347546,0.6641811267415451,0.20232949097497943,中性,中性,,False
生活区,BV1YBvhBhE1f,史上最无聊比赛,12666077,370364,50295,71025,3628,6526,逐渐变成推理题（）,,逐渐变成推理题,0,0,3,0,0,0.0,0.0,0.0,0.0,0.0,0.0,0.0,0.0,0,0,0,0,0,0,0,0,无明显情感,未明确对象,未明确方面,中性,0,0.4888487632998726,0.3084730034834387,0.4888487632998726,0.20267823321668874,中性,中性,,False
生活区,BV1YBvhBhE1f,史上最无聊比赛,12666077,370364,50295,71025,3628,6526,哇,,哇,0,0,1,0,0,0.0,0.0,0.0,0.0,0.0,0.0,0.0,0.0,0,0,0,0,0,0,0,0,无明显情感,未明确对象,未明确方面,中性,0,0.7315274753695622,0.09713219506276188,0.7315274753695622,0.17134032956767575,中性,中性,,False
生活区,BV1YBvhBhE1f,史上最无聊比赛,12666077,370364,50295,71025,3628,6526,抖抖抖然后抬头对视点头hhhh,,抖抖抖然后抬头对视点头hhhh,1,0,7,0,0,1.0,1.0,0.0,1.0,0.14285714285714285,1.0,1.0,0.0,0,0,0,0,0,0,0,1,对象评价,未明确对象,未明确方面,正面,1,0.49896384466409965,0.06857170640026872,0.4324644489356317,0.49896384466409965,正面,正面,,False
生活区,BV1YBvhBhE1f,史上最无聊比赛,12666077,370364,50295,71025,3628,6526,？？？,,？？？,0,0,3,0,3,0.0,0.0,0.0,0.0,0.0,0.0,0.0,0.0,0,0,0,0,0,0,0,0,无明显情感,未明确对象,未明确方面,中性,-1,0.9309758778040922,0.9309758778040922,0.06516675663390702,0.0038573655620008853,负面,负面,,False
生活区,BV1YBvhBhE1f,史上最无聊比赛,12666077,370364,50295,71025,3628,6526,电竞后羿,,电竞后羿,0,0,2,0,0,0.0,0.0,0.0,0.0,0.0,0.0,0.0,0.0,0,0,0,0,0,0,0,0,无明显情感,未明确对象,未明确方面,中性,0,0.6585046096608349,0.14118285317383877,0.6585046096608349,0.20031253716532643,中性,中性,,False
生活区,BV1YBvhBhE1f,史上最无聊比赛,12666077,370364,50295,71025,3628,6526,你们串了吧，学校不是上个比赛吗,,你们串了吧，学校不是上个比赛吗,0,0,8,0,0,0.0,0.0,0.0,0.0,0.0,0.0,0.0,0.0,0,0,0,0,0,0,0,0,无明显情感,比赛内容,比赛表现,中性,-1,0.5055217688343323,0.5055217688343323,0.4195668889279188,0.07491134223774897,负面,负面,,False
生活区,BV1YBvhBhE1f,史上最无聊比赛,12666077,370364,50295,71025,3628,6526,厉害！,,厉害！,1,0,2,1,0,1.0,1.0,0.0,1.0,0.5,1.0,1.0,0.0,0,0,0,0,0,0,0,1,对象评价,未明确对象,未明确方面,正面,1,0.8420707682663132,0.033572008486964275,0.12435722324672238,0.8420707682663132,正面,正面,,False
生活区,BV1YBvhBhE1f,史上最无聊比赛,12666077,370364,50295,71025,3628,6526,！！！！！！,,！！！！！！,0,0,6,6,0,0.0,0.0,0.0,0.0,0.0,0.0,0.0,0.0,0,0,0,0,0,0,0,0,无明显情感,未明确对象,未明确方面,中性,1,0.4019226552168763,0.29092370234606535,0.30715364243705834,0.4019226552168763,正面,正面,,False
生活区,BV1YBvhBhE1f,史上最无聊比赛,12666077,370364,50295,71025,3628,6526,只有九龙冰室,,只有九龙冰室,0,0,3,0,0,0.0,0.0,0.0,0.0,0.0,0.0,0.0,0.0,0,0,0,0,0,0,0,0,无明显情感,未明确对象,未明确方面,中性,0,0.6525424904832393,0.14924331021065323,0.6525424904832393,0.19821419930610756,中性,中性,,False
生活区,BV1YBvhBhE1f,史上最无聊比赛,12666077,370364,50295,71025,3628,6526,简单的物理，极致的胜利,,简单的物理，极致的胜利,2,0,5,0,0,2.0,2.0,0.0,2.0,0.4,2.0,2.0,0.0,0,0,0,0,0,0,0,1,对象评价,未明确对象,理解与难度,正面,1,0.8884529748900974,0.08710575659911855,0.024441268510784063,0.8884529748900974,正面,正面,,False
生活区,BV1YBvhBhE1f,史上最无聊比赛,12666077,370364,50295,71025,3628,6526,贪吃王hhhhhhh,,贪吃王hhhhhhh,1,0,3,0,0,1.2,1.2,0.0,1.2,0.3333333333333333,1.2,1.2,0.0,0,0,0,0,0,0,0,1,对象评价,未明确对象,未明确方面,正面,1,0.6541799300631305,0.10169936220938965,0.24412070772747993,0.6541799300631305,正面,正面,,False
生活区,BV1YBvhBhE1f,史上最无聊比赛,12666077,370364,50295,71025,3628,6526,八仙过海，各显神通,,八仙过海，各显神通,0,0,3,0,0,0.0,0.0,0.0,0.0,0.0,0.0,0.0,0.0,0,0,0,0,0,0,0,0,无明显情感,未明确对象,未明确方面,中性,-1,0.43020554136026573,0.43020554136026573,0.3552404510132486,0.21455400762648558,负面,负面,,False
生活区,BV1YBvhBhE1f,史上最无聊比赛,12666077,370364,50295,71025,3628,6526,这是真读过书,,这是真读过书,0,0,3,0,0,0.0,0.0,0.0,0.0,0.0,0.0,0.0,0.0,0,0,0,0,0,0,0,0,无明显情感,未明确对象,未明确方面,中性,0,0.810815018983352,0.105041286342406,0.810815018983352,0.08414369467424199,中性,中性,,False
生活区,BV1YBvhBhE1f,史上最无聊比赛,12666077,370364,50295,71025,3628,6526,我可以倒着背圆周率,,我可以倒着背圆周率,1,0,5,0,0,1.0,1.0,0.0,1.0,0.2,1.0,1.0,0.0,0,0,0,0,0,0,0,1,对象评价,未明确对象,未明确方面,正面,-1,0.7230121601573449,0.7230121601573449,0.17907637834316692,0.09791146149948816,负面,负面,-1.0,True
生活区,BV1YBvhBhE1f,史上最无聊比赛,12666077,370364,50295,71025,3628,6526,好像偷吃哈哈哈,,好像偷吃哈哈哈,1,0,3,0,0,1.0,1.0,0.0,1.0,0.3333333333333333,1.0,1.0,0.0,0,0,1,0,0,0,0,1,对象评价+自身情绪,未明确对象,娱乐与趣味,正面,1,0.8233376052967656,0.043898771193194,0.13276362351004048,0.8233376052967656,正面,正面,,False
生活区,BV1YBvhBhE1f,史上最无聊比赛,12666077,370364,50295,71025,3628,6526,好帅！,,好帅！,0,0,2,1,0,0.0,0.0,0.0,0.0,0.0,0.0,0.0,0.0,0,0,0,0,0,0,0,0,无明显情感,未明确对象,未明确方面,中性,0,0.5456417544791244,0.07997947706372356,0.5456417544791244,0.3743787684571521,中性,中性,,False
生活区,BV1YBvhBhE1f,史上最无聊比赛,12666077,370364,50295,71025,3628,6526,雨哥到处玩游戏没输过,,雨哥到处玩游戏没输过,0,0,5,0,0,0.0,0.0,0.0,0.0,0.0,0.0,0.0,0.0,0,0,0,0,0,0,0,0,无明显情感,未明确对象,比赛表现,中性,0,0.6609669939262686,0.16465945910543395,0.6609669939262686,0.17437354696829757,中性,中性,,False
生活区,BV1YBvhBhE1f,史上最无聊比赛,12666077,370364,50295,71025,3628,6526,我能背短歌行,,我能背短歌行,0,0,3,0,0,0.0,0.0,0.0,0.0,0.0,0.0,0.0,0.0,0,0,0,0,0,0,0,0,无明显情感,未明确对象,未明确方面,中性,0,0.5861113302041212,0.21005088831420216,0.5861113302041212,0.20383778148167664,中性,中性,,False
生活区,BV1YBvhBhE1f,史上最无聊比赛,12666077,370364,50295,71025,3628,6526,比如左撇子,,比如左撇子,0,0,2,0,0,0.0,0.0,0.0,0.0,0.0,0.0,0.0,0.0,0,0,0,0,0,0,0,0,无明显情感,未明确对象,未明确方面,中性,0,0.6585046096608349,0.14118285317383877,0.6585046096608349,0.20031253716532643,中性,中性,,False
生活区,BV1YBvhBhE1f,史上最无聊比赛,12666077,370364,50295,71025,3628,6526,[《古希腊掌管端水的神》ohhhhhhh！],,古希腊掌管端水的神ohhhhhhh！,1,0,6,1,0,1.2,1.2,0.0,1.2,0.16666666666666666,1.2,1.2,0.0,0,0,0,0,0,0,0,1,对象评价,未明确对象,未明确方面,正面,1,0.7567918657173596,0.04746408351158906,0.19574405077105145,0.7567918657173596,正面,正面,,False
生活区,BV1YBvhBhE1f,史上最无聊比赛,12666077,370364,50295,71025,3628,6526,水老师！！！,,水老师！！！,0,0,5,3,0,0.0,0.0,0.0,0.0,0.0,0.0,0.0,0.0,0,0,0,0,0,0,0,0,无明显情感,讲解者,未明确方面,中性,1,0.598785200968385,0.14436650504898635,0.2568482939826287,0.598785200968385,正面,正面,,False
生活区,BV1YBvhBhE1f,史上最无聊比赛,12666077,370364,50295,71025,3628,6526,《见证奇葩》,,见证奇葩,0,0,2,0,0,0.0,0.0,0.0,0.0,0.0,0.0,0.0,0.0,0,0,0,0,0,0,0,0,无明显情感,未明确对象,未明确方面,中性,0,0.6585046096608349,0.14118285317383877,0.6585046096608349,0.20031253716532643,中性,中性,,False
生活区,BV1YBvhBhE1f,史上最无聊比赛,12666077,370364,50295,71025,3628,6526,我选A：KFC，因为这几家都不可能但KFC真可以,,我选AKFC，因为这几家都不可能但KFC真可以,1,0,12,0,0,1.4,1.4,0.0,1.4,0.08333333333333333,1.4,1.4,0.0,0,0,0,0,0,0,0,1,对象评价,未明确对象,未明确方面,正面,0,0.5661197478309178,0.1980681808829353,0.5661197478309178,0.2358120712861468,中性,中性,0.0,True
生活区,BV1YBvhBhE1f,史上最无聊比赛,12666077,370364,50295,71025,3628,6526,翘脚牛肉是川菜啊,,翘脚牛肉是川菜啊,0,0,3,0,0,0.0,0.0,0.0,0.0,0.0,0.0,0.0,0.0,0,0,0,0,0,0,0,0,无明显情感,未明确对象,未明确方面,中性,-1,0.5860367041131886,0.5860367041131886,0.2949426217480861,0.11902067413872532,负面,负面,,False
生活区,BV1YBvhBhE1f,史上最无聊比赛,12666077,370364,50295,71025,3628,6526,啊啊啊啊啊啊啊,,啊啊啊啊啊啊啊,0,0,2,0,0,0.0,0.0,0.0,0.0,0.0,0.0,0.0,0.0,0,0,0,0,0,0,0,0,无明显情感,未明确对象,未明确方面,中性,0,0.6325109087397942,0.17078877756860353,0.6325109087397942,0.19670031369160224,中性,中性,,False
生活区,BV1YBvhBhE1f,史上最无聊比赛,12666077,370364,50295,71025,3628,6526,现在一点点已经塌了hhh,,现在一点点已经塌了hhh,1,0,5,0,0,1.2,1.2,0.0,1.2,0.2,1.2,1.2,0.0,0,0,0,0,0,0,0,1,对象评价,未明确对象,未明确方面,正面,1,0.6461665109481769,0.1292020353018513,0.2246314537499719,0.6461665109481769,正面,正面,,False
生活区,BV1YBvhBhE1f,史上最无聊比赛,12666077,370364,50295,71025,3628,6526,这不是星间雅吗,,这不是星间雅吗,0,0,3,0,0,0.0,0.0,0.0,0.0,0.0,0.0,0.0,0.0,0,0,0,0,0,0,0,0,无明显情感,未明确对象,未明确方面,中性,0,0.5687418056813704,0.3666980233085291,0.5687418056813704,0.06456017101010064,中性,中性,,False
生活区,BV1YBvhBhE1f,史上最无聊比赛,12666077,370364,50295,71025,3628,6526,是谁！在吃旺旺小小酥？,,是谁！在吃旺旺小小酥？,0,0,8,1,1,0.0,0.0,0.0,0.0,0.0,0.0,0.0,0.0,0,0,0,0,0,0,0,0,无明显情感,未明确对象,未明确方面,中性,0,0.5202965842153006,0.42331777722272057,0.5202965842153006,0.056385638561978854,中性,中性,,False
生活区,BV1YBvhBhE1f,史上最无聊比赛,12666077,370364,50295,71025,3628,6526,非吃不可吗,,非吃不可吗,0,0,1,0,0,0.0,0.0,0.0,0.0,0.0,0.0,0.0,0.0,0,0,0,0,0,0,0,0,无明显情感,未明确对象,未明确方面,中性,0,0.9146495948599213,0.049748434859161875,0.9146495948599213,0.035601970280916884,中性,中性,,False
生活区,BV1YBvhBhE1f,史上最无聊比赛,12666077,370364,50295,71025,3628,6526,snmb,,snmb,0,0,1,0,0,0.0,0.0,0.0,0.0,0.0,0.0,0.0,0.0,0,0,0,0,0,0,0,0,无明显情感,未明确对象,未明确方面,中性,0,0.6641811267415451,0.13348938228347546,0.6641811267415451,0.20232949097497943,中性,中性,,False
生活区,BV1YBvhBhE1f,史上最无聊比赛,12666077,370364,50295,71025,3628,6526,[Ohhhhhhhhh],,Ohhhhhhhhh,1,0,1,0,0,1.2,1.2,0.0,1.2,1.0,1.2,1.2,0.0,0,0,0,0,0,0,0,1,对象评价,未明确对象,未明确方面,正面,1,0.7406135643783034,0.17598250810310373,0.08340392751859296,0.7406135643783034,正面,正面,,False
生活区,BV1YBvhBhE1f,史上最无聊比赛,12666077,370364,50295,71025,3628,6526,我天天这么吃,,我天天这么吃,0,0,3,0,0,0.0,0.0,0.0,0.0,0.0,0.0,0.0,0.0,0,0,0,0,0,0,0,0,无明显情感,未明确对象,未明确方面,中性,0,0.5449184396462591,0.22224858995910896,0.5449184396462591,0.23283297039463188,中性,中性,,False
生活区,BV1YBvhBhE1f,史上最无聊比赛,12666077,370364,50295,71025,3628,6526,别说，这个我真会,,别说，这个我真会,0,0,4,0,0,0.0,0.0,0.0,0.0,0.0,0.0,0.0,0.0,0,0,0,0,0,0,0,0,无明显情感,未明确对象,未明确方面,中性,-1,0.8332891876387594,0.8332891876387594,0.12273345204662212,0.04397736031461851,负面,负面,,False
生活区,BV1YBvhBhE1f,史上最无聊比赛,12666077,370364,50295,71025,3628,6526,《见证奇迹》,,见证奇迹,0,0,2,0,0,0.0,0.0,0.0,0.0,0.0,0.0,0.0,0.0,0,0,0,0,0,0,0,0,无明显情感,未明确对象,未明确方面,中性,0,0.6585046096608349,0.14118285317383877,0.6585046096608349,0.20031253716532643,中性,中性,,False
生活区,BV1YBvhBhE1f,史上最无聊比赛,12666077,370364,50295,71025,3628,6526,别奖励他们啊,,别奖励他们啊,0,0,3,0,0,0.0,0.0,0.0,0.0,0.0,0.0,0.0,0.0,0,0,0,0,0,0,0,0,无明显情感,未明确对象,未明确方面,中性,-1,0.7050723909945158,0.7050723909945158,0.16745595820312462,0.12747165080235962,负面,负面,,False
生活区,BV1YBvhBhE1f,史上最无聊比赛,12666077,370364,50295,71025,3628,6526,全在吃零食,,全在吃零食,0,0,2,0,0,0.0,0.0,0.0,0.0,0.0,0.0,0.0,0.0,0,0,0,0,0,0,0,0,无明显情感,未明确对象,未明确方面,中性,0,0.6585046096608349,0.14118285317383877,0.6585046096608349,0.20031253716532643,中性,中性,,False
生活区,BV1YBvhBhE1f,史上最无聊比赛,12666077,370364,50295,71025,3628,6526,啥意思啊,,啥意思啊,0,0,1,0,0,0.0,0.0,0.0,0.0,0.0,0.0,0.0,0.0,0,0,0,0,0,0,0,0,无明显情感,未明确对象,未明确方面,中性,-1,0.6772350798507288,0.6772350798507288,0.18303419170076352,0.13973072844850765,负面,负面,,False
生活区,BV1YBvhBhE1f,史上最无聊比赛,12666077,370364,50295,71025,3628,6526,不能从侧面切吗？,,不能从侧面切吗？,0,0,5,0,1,0.0,0.0,0.0,0.0,0.0,0.0,0.0,0.0,0,0,0,0,0,0,0,0,无明显情感,未明确对象,未明确方面,中性,-1,0.5659225927684949,0.5659225927684949,0.3637945308002056,0.07028287643129955,负面,负面,,False
生活区,BV1YBvhBhE1f,史上最无聊比赛,12666077,370364,50295,71025,3628,6526,我的技能是赌王，文武双全，游戏从不会输。,,我的技能是赌王，文武双全，游戏从不会输。,0,1,10,0,0,-1.0,0.0,1.0,1.0,0.1,-1.0,0.0,1.0,0,0,0,0,0,0,0,1,对象评价,未明确对象,比赛表现,负面,-1,0.6314882287853603,0.6314882287853603,0.32668077766099796,0.04183099355364184,负面,负面,,False
生活区,BV1YBvhBhE1f,史上最无聊比赛,12666077,370364,50295,71025,3628,6526,我选择用指甲抠开瓜子,,我选择用指甲抠开瓜子,0,0,6,0,0,0.0,0.0,0.0,0.0,0.0,0.0,0.0,0.0,0,0,0,0,0,0,0,0,无明显情感,未明确对象,未明确方面,中性,0,0.6078539746605046,0.2737460677672423,0.6078539746605046,0.11839995757225316,中性,中性,,False
生活区,BV1YBvhBhE1f,史上最无聊比赛,12666077,370364,50295,71025,3628,6526,真老吃家,,真老吃家,0,0,2,0,0,0.0,0.0,0.0,0.0,0.0,0.0,0.0,0.0,0,0,0,0,0,0,0,0,无明显情感,未明确对象,未明确方面,中性,0,0.6585046096608349,0.14118285317383877,0.6585046096608349,0.20031253716532643,中性,中性,,False
生活区,BV1YBvhBhE1f,史上最无聊比赛,12666077,370364,50295,71025,3628,6526,《复旦之耻》,,复旦之耻,0,0,2,0,0,0.0,0.0,0.0,0.0,0.0,0.0,0.0,0.0,0,0,0,0,0,0,0,0,无明显情感,未明确对象,未明确方面,中性,0,0.44610068443686995,0.11699831451299575,0.44610068443686995,0.4369010010501344,中性,中性,,False
生活区,BV1YBvhBhE1f,史上最无聊比赛,12666077,370364,50295,71025,3628,6526,啊？,,啊？,0,0,1,0,1,0.0,0.0,0.0,0.0,0.0,0.0,0.0,0.0,0,0,0,0,0,0,0,0,无明显情感,未明确对象,未明确方面,中性,-1,0.8410009028525898,0.8410009028525898,0.1226117249533641,0.036387372194046017,负面,负面,,False
生活区,BV1YBvhBhE1f,史上最无聊比赛,12666077,370364,50295,71025,3628,6526,我嘞个徐家汇,,我嘞个徐家汇,0,0,3,0,0,0.0,0.0,0.0,0.0,0.0,0.0,0.0,0.0,0,0,0,0,0,0,0,0,无明显情感,未明确对象,未明确方面,中性,0,0.5261454809778058,0.3738486663498427,0.5261454809778058,0.1000058526723516,中性,中性,,False
生活区,BV1YBvhBhE1f,史上最无聊比赛,12666077,370364,50295,71025,3628,6526,虽然但是  这不是和手机性能相关嘛,,虽然但是这不是和手机性能相关嘛,0,0,7,0,0,0.0,0.0,0.0,0.0,0.0,0.0,0.0,0.0,2,0,0,0,0,0,0,0,无明显情感,未明确对象,未明确方面,中性,0,0.6407208654406433,0.25477061241954263,0.6407208654406433,0.10450852213981404,中性,中性,0.0,True
生活区,BV1YBvhBhE1f,史上最无聊比赛,12666077,370364,50295,71025,3628,6526,我去  这几个是真有用,,我去这几个是真有用,1,0,4,0,0,1.0,1.0,0.0,1.0,0.25,1.0,1.0,0.0,0,0,0,0,0,0,0,1,对象评价,未明确对象,实用与收获,正面,1,0.7100094020363606,0.12342080268304874,0.16656979528059068,0.7100094020363606,正面,正面,1.0,True
生活区,BV1YBvhBhE1f,史上最无聊比赛,12666077,370364,50295,71025,3628,6526,我有时可以,,我有时可以,1,0,2,0,0,1.0,1.0,0.0,1.0,0.5,1.0,1.0,0.0,0,0,0,0,0,0,0,1,对象评价,未明确对象,未明确方面,正面,0,0.5158451674660238,0.21128272732626924,0.5158451674660238,0.27287210520770677,中性,中性,0.0,True
生活区,BV1YBvhBhE1f,史上最无聊比赛,12666077,370364,50295,71025,3628,6526,？啊？,,？啊？,0,0,2,0,2,0.0,0.0,0.0,0.0,0.0,0.0,0.0,0.0,0,0,0,0,0,0,0,0,无明显情感,未明确对象,未明确方面,中性,-1,0.9266048095774757,0.9266048095774757,0.0638877460321954,0.009507444390328745,负面,负面,,False
生活区,BV1YBvhBhE1f,史上最无聊比赛,12666077,370364,50295,71025,3628,6526,谁会上课偷偷吃这玩意啊！,,谁会上课偷偷吃这玩意啊！,0,0,7,1,0,0.0,0.0,0.0,0.0,0.0,0.0,0.0,0.0,0,0,0,0,0,0,0,0,无明显情感,未明确对象,未明确方面,中性,-1,0.41273832294628887,0.41273832294628887,0.2342293758447297,0.3530323012089815,负面,负面,,False
生活区,BV1YBvhBhE1f,史上最无聊比赛,12666077,370364,50295,71025,3628,6526,SUSIE！！！！！！！！！！！！！！！！,,SUSIE！！！！！！！！！！！！！！！！,0,0,17,16,0,0.0,0.0,0.0,0.0,0.0,0.0,0.0,0.0,0,0,0,0,0,0,0,0,无明显情感,未明确对象,未明确方面,中性,1,0.5484956920980392,0.34448466840050024,0.10701963950146053,0.5484956920980392,正面,正面,,False
生活区,BV1YBvhBhE1f,史上最无聊比赛,12666077,370364,50295,71025,3628,6526,黑美甲如此美萌…,,黑美甲如此美萌,0,0,4,0,0,0.0,0.0,0.0,0.0,0.0,0.0,0.0,0.0,0,0,0,0,0,0,0,0,无明显情感,未明确对象,未明确方面,中性,0,0.6462878438700694,0.15767941730141277,0.6462878438700694,0.19603273882851782,中性,中性,,False
生活区,BV1YBvhBhE1f,史上最无聊比赛,12666077,370364,50295,71025,3628,6526,郭雨：力矩是啥,,郭雨力矩是啥,0,0,3,0,0,0.0,0.0,0.0,0.0,0.0,0.0,0.0,0.0,0,0,0,0,0,0,0,0,无明显情感,未明确对象,未明确方面,中性,0,0.5164599552497205,0.34740329076514553,0.5164599552497205,0.13613675398513406,中性,中性,,False
生活区,BV1YBvhBhE1f,史上最无聊比赛,12666077,370364,50295,71025,3628,6526,因为你们三个菜,,因为你们三个菜,0,0,4,0,0,0.0,0.0,0.0,0.0,0.0,0.0,0.0,0.0,0,0,0,0,0,0,0,0,无明显情感,未明确对象,未明确方面,中性,0,0.8481396118312643,0.0593988835659642,0.8481396118312643,0.09246150460277149,中性,中性,,False
生活区,BV1YBvhBhE1f,史上最无聊比赛,12666077,370364,50295,71025,3628,6526,那我吃啥,,那我吃啥,0,0,2,0,0,0.0,0.0,0.0,0.0,0.0,0.0,0.0,0.0,0,0,0,0,0,0,0,0,无明显情感,未明确对象,未明确方面,中性,0,0.5497617681235324,0.2889862620808389,0.5497617681235324,0.1612519697956288,中性,中性,,False
生活区,BV1YBvhBhE1f,史上最无聊比赛,12666077,370364,50295,71025,3628,6526,他说的是没有拍黄瓜,,他说的是没有拍黄瓜,0,0,4,0,0,0.0,0.0,0.0,0.0,0.0,0.0,0.0,0.0,0,0,0,0,0,0,0,0,无明显情感,未明确对象,未明确方面,中性,0,0.505185277102926,0.3966063060127271,0.505185277102926,0.09820841688434695,中性,中性,,False
生活区,BV1YBvhBhE1f,史上最无聊比赛,12666077,370364,50295,71025,3628,6526,数学！,,数学！,0,0,2,1,0,0.0,0.0,0.0,0.0,0.0,0.0,0.0,0.0,0,0,0,0,0,0,0,0,无明显情感,课程内容,未明确方面,中性,-1,0.4844584739499591,0.4844584739499591,0.3800137698714879,0.13552775617855303,负面,负面,,False
生活区,BV1YBvhBhE1f,史上最无聊比赛,12666077,370364,50295,71025,3628,6526,水老师一直很帅，以前猜画也是,,水老师一直很帅，以前猜画也是,0,0,8,0,0,0.0,0.0,0.0,0.0,0.0,0.0,0.0,0.0,0,0,0,0,0,0,0,0,无明显情感,讲解者,未明确方面,中性,1,0.49504177234794694,0.20328949027975513,0.30166873737229805,0.49504177234794694,正面,正面,1.0,True
生活区,BV1YBvhBhE1f,史上最无聊比赛,12666077,370364,50295,71025,3628,6526,幸好我没坐着，我在蹲着。,,幸好我没坐着，我在蹲着。,0,0,9,0,0,0.0,0.0,0.0,0.0,0.0,0.0,0.0,0.0,0,0,0,0,0,0,0,0,无明显情感,未明确对象,未明确方面,中性,-1,0.39398131777344214,0.39398131777344214,0.3886700765210207,0.2173486057055371,负面,负面,,False
生活区,BV1YBvhBhE1f,史上最无聊比赛,12666077,370364,50295,71025,3628,6526,三角定位,,三角定位,0,0,2,0,0,0.0,0.0,0.0,0.0,0.0,0.0,0.0,0.0,0,0,0,0,0,0,0,0,无明显情感,未明确对象,未明确方面,中性,0,0.6585046096608349,0.14118285317383877,0.6585046096608349,0.20031253716532643,中性,中性,,False
生活区,BV1YBvhBhE1f,史上最无聊比赛,12666077,370364,50295,71025,3628,6526,帅--------,,帅,0,0,1,0,0,0.0,0.0,0.0,0.0,0.0,0.0,0.0,0.0,0,0,0,0,0,0,0,0,无明显情感,未明确对象,未明确方面,中性,0,0.6641811267415451,0.13348938228347546,0.6641811267415451,0.20232949097497943,中性,中性,,False
生活区,BV1YBvhBhE1f,史上最无聊比赛,12666077,370364,50295,71025,3628,6526,一点点吧,,一点点吧,0,0,1,0,0,0.0,0.0,0.0,0.0,0.0,0.0,0.0,0.0,0,0,0,0,0,0,0,0,无明显情感,未明确对象,未明确方面,中性,0,0.7816347773366616,0.13724450967895063,0.7816347773366616,0.08112071298438765,中性,中性,,False
生活区,BV1YBvhBhE1f,史上最无聊比赛,12666077,370364,50295,71025,3628,6526,《自己切自己》,,自己切自己,0,0,3,0,0,0.0,0.0,0.0,0.0,0.0,0.0,0.0,0.0,0,0,0,0,0,0,0,0,无明显情感,未明确对象,未明确方面,中性,0,0.6962793765527266,0.1444395689054762,0.6962793765527266,0.15928105454179717,中性,中性,,False
生活区,BV1YBvhBhE1f,史上最无聊比赛,12666077,370364,50295,71025,3628,6526,《因为你是番茄你知道它内部结构》,,因为你是番茄你知道它内部结构,0,0,4,0,0,0.0,0.0,0.0,0.0,0.0,0.0,0.0,0.0,0,0,0,0,0,0,0,0,无明显情感,未明确对象,未明确方面,中性,0,0.695267601251197,0.15126313524295792,0.695267601251197,0.15346926350584508,中性,中性,,False
生活区,BV1YBvhBhE1f,史上最无聊比赛,12666077,370364,50295,71025,3628,6526,哈哈哈哈哈哈哈哈哈哈哈哈哈哈哈哈哈哈哈哈哈,,哈哈哈哈哈哈哈哈哈哈哈哈哈哈哈哈哈哈哈哈哈,7,0,7,0,0,7.0,7.0,0.0,7.0,1.0,7.0,7.0,0.0,0,0,1,0,0,0,0,1,对象评价+自身情绪,未明确对象,娱乐与趣味,正面,1,0.9999946827849087,2.9645807397399266e-06,2.3526343516159496e-06,0.9999946827849087,正面,正面,,False
生活区,BV1YBvhBhE1f,史上最无聊比赛,12666077,370364,50295,71025,3628,6526,能预判物体的运动轨迹,,能预判物体的运动轨迹,0,0,5,0,0,0.0,0.0,0.0,0.0,0.0,0.0,0.0,0.0,0,0,0,0,0,0,0,0,无明显情感,未明确对象,未明确方面,中性,0,0.5661379369136202,0.2754205629987795,0.5661379369136202,0.15844150008760013,中性,中性,,False
生活区,BV1YBvhBhE1f,史上最无聊比赛,12666077,370364,50295,71025,3628,6526,郭雨老吃家了,,郭雨老吃家了,0,0,2,0,0,0.0,0.0,0.0,0.0,0.0,0.0,0.0,0.0,0,0,0,0,0,0,0,0,无明显情感,未明确对象,未明确方面,中性,0,0.5553858746786516,0.2772288312832641,0.5553858746786516,0.16738529403808428,中性,中性,,False
生活区,BV1YBvhBhE1f,史上最无聊比赛,12666077,370364,50295,71025,3628,6526,难以分辨,,难以分辨,0,0,2,0,0,0.0,0.0,0.0,0.0,0.0,0.0,0.0,0.0,0,0,0,0,0,0,0,0,无明显情感,未明确对象,理解与难度,中性,0,0.6585046096608349,0.14118285317383877,0.6585046096608349,0.20031253716532643,中性,中性,,False
生活区,BV1YBvhBhE1f,史上最无聊比赛,12666077,370364,50295,71025,3628,6526,我同桌吃瓜子就不吐皮,,我同桌吃瓜子就不吐皮,0,0,5,0,0,0.0,0.0,0.0,0.0,0.0,0.0,0.0,0.0,0,0,0,0,0,0,0,0,无明显情感,未明确对象,未明确方面,中性,-1,0.5997462034315099,0.5997462034315099,0.2661910770322469,0.13406271953624332,负面,负面,,False
生活区,BV1YBvhBhE1f,史上最无聊比赛,12666077,370364,50295,71025,3628,6526,q,,q,0,0,1,0,0,0.0,0.0,0.0,0.0,0.0,0.0,0.0,0.0,0,0,0,0,0,0,0,0,无明显情感,未明确对象,未明确方面,中性,0,0.6641811267415451,0.13348938228347546,0.6641811267415451,0.20232949097497943,中性,中性,,False
生活区,BV1YBvhBhE1f,史上最无聊比赛,12666077,370364,50295,71025,3628,6526,番茄看是自己兄弟,,番茄看是自己兄弟,0,0,4,0,0,0.0,0.0,0.0,0.0,0.0,0.0,0.0,0.0,0,0,0,0,0,0,0,0,无明显情感,未明确对象,未明确方面,中性,0,0.6282863353509993,0.20287788615182373,0.6282863353509993,0.16883577849717693,中性,中性,,False
生活区,BV1YBvhBhE1f,史上最无聊比赛,12666077,370364,50295,71025,3628,6526,随时随地的都能打嗝,,随时随地的都能打嗝,0,0,4,0,0,0.0,0.0,0.0,0.0,0.0,0.0,0.0,0.0,0,0,0,0,0,0,0,0,无明显情感,未明确对象,未明确方面,中性,0,0.5876802056271899,0.26864352671741343,0.5876802056271899,0.14367626765539668,中性,中性,,False
生活区,BV1YBvhBhE1f,史上最无聊比赛,12666077,370364,50295,71025,3628,6526,第一个真可以,,第一个真可以,1,0,3,0,0,1.4,1.4,0.0,1.4,0.3333333333333333,1.4,1.4,0.0,0,0,0,0,0,0,0,1,对象评价,未明确对象,未明确方面,正面,1,0.6511790297291592,0.073689965677955,0.2751310045928858,0.6511790297291592,正面,正面,1.0,True
生活区,BV1YBvhBhE1f,史上最无聊比赛,12666077,370364,50295,71025,3628,6526,B,,B,0,0,1,0,0,0.0,0.0,0.0,0.0,0.0,0.0,0.0,0.0,0,0,0,0,0,0,0,0,无明显情感,未明确对象,未明确方面,中性,0,0.5624860751214997,0.09684947904048005,0.5624860751214997,0.3406644458380203,中性,中性,,False
生活区,BV1YBvhBhE1f,史上最无聊比赛,12666077,370364,50295,71025,3628,6526,C,,C,0,0,1,0,0,0.0,0.0,0.0,0.0,0.0,0.0,0.0,0.0,0,0,0,0,0,0,0,0,无明显情感,未明确对象,未明确方面,中性,0,0.7751089631835826,0.08582425029423889,0.7751089631835826,0.13906678652217858,中性,中性,,False
生活区,BV1YBvhBhE1f,史上最无聊比赛,12666077,370364,50295,71025,3628,6526,[ohhhhhhhhhh],,ohhhhhhhhhh,1,0,1,0,0,1.2,1.2,0.0,1.2,1.0,1.2,1.2,0.0,0,0,0,0,0,0,0,1,对象评价,未明确对象,未明确方面,正面,1,0.7406135643783034,0.17598250810310373,0.08340392751859296,0.7406135643783034,正面,正面,,False
生活区,BV1YBvhBhE1f,史上最无聊比赛,12666077,370364,50295,71025,3628,6526,[ohhhhhhhhh],,ohhhhhhhhh,1,0,1,0,0,1.2,1.2,0.0,1.2,1.0,1.2,1.2,0.0,0,0,0,0,0,0,0,1,对象评价,未明确对象,未明确方面,正面,1,0.7406135643783034,0.17598250810310373,0.08340392751859296,0.7406135643783034,正面,正面,,False
生活区,BV1YBvhBhE1f,史上最无聊比赛,12666077,370364,50295,71025,3628,6526,谁上课吃生姜啊？！,,谁上课吃生姜啊？！,0,0,6,1,1,0.0,0.0,0.0,0.0,0.0,0.0,0.0,0.0,0,0,0,0,0,0,0,0,无明显情感,未明确对象,未明确方面,中性,-1,0.927625566824345,0.927625566824345,0.053014861359530964,0.019359571816123956,负面,负面,,False
生活区,BV1YBvhBhE1f,史上最无聊比赛,12666077,370364,50295,71025,3628,6526,去的越均匀差的越多没有计算茄子把,,去的越均匀差的越多没有计算茄子把,0,0,10,0,0,0.0,0.0,0.0,0.0,0.0,0.0,0.0,0.0,0,0,0,0,0,0,0,0,无明显情感,未明确对象,未明确方面,中性,-1,0.6166669802187074,0.6166669802187074,0.3135875150605019,0.06974550472079064,负面,负面,,False
生活区,BV1YBvhBhE1f,史上最无聊比赛,12666077,370364,50295,71025,3628,6526,58.9,,58.9,0,0,1,0,0,0.0,0.0,0.0,0.0,0.0,0.0,0.0,0.0,0,0,0,0,0,0,0,0,无明显情感,未明确对象,未明确方面,中性,0,0.7122102780340683,0.11826173554316156,0.7122102780340683,0.16952798642277023,中性,中性,,False
生活区,BV1YBvhBhE1f,史上最无聊比赛,12666077,370364,50295,71025,3628,6526,是不是有个物理现象能这么干？,,是不是有个物理现象能这么干？,0,0,7,0,1,0.0,0.0,0.0,0.0,0.0,0.0,0.0,0.0,0,0,0,0,0,0,0,0,无明显情感,未明确对象,未明确方面,中性,-1,0.81778068410575,0.81778068410575,0.159922928739708,0.02229638715454192,负面,负面,,False
生活区,BV1YBvhBhE1f,史上最无聊比赛,12666077,370364,50295,71025,3628,6526,???????????????,,???????????????,0,0,15,0,15,0.0,0.0,0.0,0.0,0.0,0.0,0.0,0.0,0,0,0,0,0,0,0,0,无明显情感,未明确对象,未明确方面,中性,-1,0.9999999631335785,0.9999999631335785,3.685806520653191e-08,8.356152845955434e-12,负面,负面,,False
生活区,BV1YBvhBhE1f,史上最无聊比赛,12666077,370364,50295,71025,3628,6526,宝宝巴士玩游戏烟花,,宝宝巴士玩游戏烟花,0,0,4,0,0,0.0,0.0,0.0,0.0,0.0,0.0,0.0,0.0,0,0,0,0,0,0,0,0,无明显情感,未明确对象,未明确方面,中性,0,0.6462878438700694,0.15767941730141277,0.6462878438700694,0.19603273882851782,中性,中性,,False
生活区,BV1YBvhBhE1f,史上最无聊比赛,12666077,370364,50295,71025,3628,6526,呵呵呵，银魂的配乐,,呵呵呵，银魂的配乐,0,0,5,0,0,0.0,0.0,0.0,0.0,0.0,0.0,0.0,0.0,0,0,0,0,0,0,0,0,无明显情感,视频内容,视听体验,中性,-1,0.4839687996072544,0.4839687996072544,0.3301488974319725,0.18588230296077304,负面,负面,,False
生活区,BV1YBvhBhE1f,史上最无聊比赛,12666077,370364,50295,71025,3628,6526,叫你姑奶奶,,叫你姑奶奶,0,0,2,0,0,0.0,0.0,0.0,0.0,0.0,0.0,0.0,0.0,0,0,0,0,0,0,0,0,无明显情感,未明确对象,未明确方面,中性,0,0.5725095995613757,0.23664592998957837,0.5725095995613757,0.19084447044904596,中性,中性,0.0,True
生活区,BV1YBvhBhE1f,史上最无聊比赛,12666077,370364,50295,71025,3628,6526,口水多的赢,,口水多的赢,0,0,3,0,0,0.0,0.0,0.0,0.0,0.0,0.0,0.0,0.0,0,0,0,0,0,0,0,0,无明显情感,未明确对象,比赛表现,中性,0,0.5839340438391323,0.15691433550599174,0.5839340438391323,0.2591516206548759,中性,中性,,False
生活区,BV1YBvhBhE1f,史上最无聊比赛,12666077,370364,50295,71025,3628,6526,完了我也算的12。。,,完了我也算的12。。,0,1,6,0,0,-1.0,0.0,1.0,1.0,0.16666666666666666,-1.0,0.0,1.0,0,0,0,0,0,0,0,1,对象评价,未明确对象,未明确方面,负面,0,0.7018693979607487,0.21844875984529108,0.7018693979607487,0.07968184219396013,中性,中性,,False
生活区,BV1YBvhBhE1f,史上最无聊比赛,12666077,370364,50295,71025,3628,6526,停停停 内蒙应该就蒙东能算东北哈,,停停停内蒙应该就蒙东能算东北哈,0,0,9,0,0,0.0,0.0,0.0,0.0,0.0,0.0,0.0,0.0,0,0,0,0,0,0,0,0,无明显情感,未明确对象,未明确方面,中性,0,0.5044315888152028,0.24556700983179788,0.5044315888152028,0.25000140135299936,中性,中性,,False
生活区,BV1YBvhBhE1f,史上最无聊比赛,12666077,370364,50295,71025,3628,6526,999万播放？,,999万播放？,0,0,4,0,1,0.0,0.0,0.0,0.0,0.0,0.0,0.0,0.0,0,0,0,0,0,0,0,0,无明显情感,未明确对象,未明确方面,中性,0,0.5391939241677848,0.4082987694338558,0.5391939241677848,0.052507306398359516,中性,中性,,False
生活区,BV1YBvhBhE1f,史上最无聊比赛,12666077,370364,50295,71025,3628,6526,这个牛,,这个牛,0,0,2,0,0,0.0,0.0,0.0,0.0,0.0,0.0,0.0,0.0,0,0,0,0,0,0,0,0,无明显情感,未明确对象,未明确方面,中性,0,0.46972497166182603,0.26927520124127285,0.46972497166182603,0.2609998270969011,中性,正面,,False
生活区,BV1YBvhBhE1f,史上最无聊比赛,12666077,370364,50295,71025,3628,6526,招牌肯定贵的呀,,招牌肯定贵的呀,1,0,3,0,0,1.0,1.0,0.0,1.0,0.3333333333333333,1.0,1.0,0.0,0,0,0,0,0,0,0,1,对象评价,未明确对象,未明确方面,正面,1,0.6598758725695155,0.24287679534233705,0.09724733208814741,0.6598758725695155,正面,正面,1.0,True
生活区,BV1YBvhBhE1f,史上最无聊比赛,12666077,370364,50295,71025,3628,6526,每次都是他们俩加赛，番茄输得好惨哈哈哈哈,,每次都是他们俩加赛，番茄输得好惨哈哈哈哈,1,0,11,0,0,1.0,1.0,0.0,1.0,0.09090909090909091,1.0,1.0,0.0,0,0,1,0,0,0,0,1,对象评价+自身情绪,未明确对象,娱乐与趣味+比赛表现,正面,1,0.830923409646832,0.0878471539106132,0.0812294364425549,0.830923409646832,正面,正面,,False
生活区,BV1YBvhBhE1f,史上最无聊比赛,12666077,370364,50295,71025,3628,6526,哈哈哈哈哈哈哈哈哈哈哈哈哈哈哈哈哈,,哈哈哈哈哈哈哈哈哈哈哈哈哈哈哈哈哈,6,0,5,0,0,6.0,6.0,0.0,6.0,1.2,6.0,6.0,0.0,0,0,1,0,0,0,0,1,对象评价+自身情绪,未明确对象,娱乐与趣味,正面,1,0.9999818733510162,1.23935235699928e-05,5.733125413797596e-06,0.9999818733510162,正面,正面,,False
生活区,BV1YBvhBhE1f,史上最无聊比赛,12666077,370364,50295,71025,3628,6526,24,,24,0,0,1,0,0,0.0,0.0,0.0,0.0,0.0,0.0,0.0,0.0,0,0,0,0,0,0,0,0,无明显情感,未明确对象,未明确方面,中性,0,0.7088514933004967,0.11064233069526551,0.7088514933004967,0.18050617600423777,中性,中性,,False
生活区,BV1YBvhBhE1f,史上最无聊比赛,12666077,370364,50295,71025,3628,6526,有脚本,,有脚本,0,0,2,0,0,0.0,0.0,0.0,0.0,0.0,0.0,0.0,0.0,0,0,0,0,0,0,0,0,无明显情感,未明确对象,未明确方面,中性,-1,0.7191328310495941,0.7191328310495941,0.232911488332029,0.04795568061837699,负面,负面,,False
生活区,BV1YBvhBhE1f,史上最无聊比赛,12666077,370364,50295,71025,3628,6526,重心嘛,,重心嘛,0,0,2,0,0,0.0,0.0,0.0,0.0,0.0,0.0,0.0,0.0,0,0,0,0,0,0,0,0,无明显情感,未明确对象,未明确方面,中性,0,0.7629492529742293,0.09888650636170476,0.7629492529742293,0.13816424066406582,中性,中性,,False
生活区,BV1YBvhBhE1f,史上最无聊比赛,12666077,370364,50295,71025,3628,6526,cn,,cn,0,0,1,0,0,0.0,0.0,0.0,0.0,0.0,0.0,0.0,0.0,0,0,0,0,0,0,0,0,无明显情感,未明确对象,未明确方面,中性,0,0.6641811267415451,0.13348938228347546,0.6641811267415451,0.20232949097497943,中性,中性,,False
生活区,BV1YBvhBhE1f,史上最无聊比赛,12666077,370364,50295,71025,3628,6526,nc,,nc,0,0,1,0,0,0.0,0.0,0.0,0.0,0.0,0.0,0.0,0.0,0,0,0,0,0,0,0,0,无明显情感,未明确对象,未明确方面,中性,0,0.6641811267415451,0.13348938228347546,0.6641811267415451,0.20232949097497943,中性,中性,,False
生活区,BV1YBvhBhE1f,史上最无聊比赛,12666077,370364,50295,71025,3628,6526,这个是真的,,这个是真的,0,0,1,0,0,0.0,0.0,0.0,0.0,0.0,0.0,0.0,0.0,0,0,0,0,0,0,0,0,无明显情感,未明确对象,未明确方面,中性,0,0.7477676420360548,0.11997145248662182,0.7477676420360548,0.13226090547732344,中性,中性,,False
生活区,BV1YBvhBhE1f,史上最无聊比赛,12666077,370364,50295,71025,3628,6526,《含化了》,,含化了,0,0,1,0,0,0.0,0.0,0.0,0.0,0.0,0.0,0.0,0.0,0,0,0,0,0,0,0,0,无明显情感,未明确对象,未明确方面,中性,0,0.5650521410051617,0.264404685410483,0.5650521410051617,0.17054317358435528,中性,中性,,False
生活区,BV1YBvhBhE1f,史上最无聊比赛,12666077,370364,50295,71025,3628,6526,.3,,.3,0,0,2,0,0,0.0,0.0,0.0,0.0,0.0,0.0,0.0,0.0,0,0,0,0,0,0,0,0,无明显情感,未明确对象,未明确方面,中性,0,0.5046172961586161,0.2834951217007433,0.5046172961586161,0.21188758214064066,中性,中性,,False
生活区,BV1YBvhBhE1f,史上最无聊比赛,12666077,370364,50295,71025,3628,6526,小萌老师,,小萌老师,0,0,2,0,0,0.0,0.0,0.0,0.0,0.0,0.0,0.0,0.0,0,0,0,0,0,0,0,0,无明显情感,讲解者,未明确方面,中性,0,0.5739885345576508,0.0659323663484478,0.5739885345576508,0.36007909909390146,中性,中性,,False
生活区,BV1YBvhBhE1f,史上最无聊比赛,12666077,370364,50295,71025,3628,6526,我可以拿指甲抠开瓜子壳,,我可以拿指甲抠开瓜子壳,1,0,6,0,0,1.0,1.0,0.0,1.0,0.16666666666666666,1.0,1.0,0.0,0,0,0,0,0,0,0,1,对象评价,未明确对象,未明确方面,正面,0,0.5011262146033826,0.2743219567919749,0.5011262146033826,0.22455182860464248,中性,中性,0.0,True
生活区,BV1YBvhBhE1f,史上最无聊比赛,12666077,370364,50295,71025,3628,6526,为啥朋友要吃生姜？,,为啥朋友要吃生姜？,0,0,6,0,1,0.0,0.0,0.0,0.0,0.0,0.0,0.0,0.0,0,0,0,0,0,0,0,0,无明显情感,未明确对象,未明确方面,中性,-1,0.7868034998172458,0.7868034998172458,0.17273053474427605,0.04046596543847806,负面,负面,,False
生活区,BV1YBvhBhE1f,史上最无聊比赛,12666077,370364,50295,71025,3628,6526,没输过怎么不去打faker,,没输过怎么不去打faker,0,0,6,0,0,0.0,0.0,0.0,0.0,0.0,0.0,0.0,0.0,0,0,0,0,0,0,0,0,无明显情感,未明确对象,比赛表现,中性,-1,0.6872941304467657,0.6872941304467657,0.19800685855770803,0.1146990109955264,负面,负面,,False
生活区,BV1YBvhBhE1f,史上最无聊比赛,12666077,370364,50295,71025,3628,6526,《甲》,,甲,0,0,1,0,0,0.0,0.0,0.0,0.0,0.0,0.0,0.0,0.0,0,0,0,0,0,0,0,0,无明显情感,未明确对象,未明确方面,中性,0,0.6641811267415451,0.13348938228347546,0.6641811267415451,0.20232949097497943,中性,中性,,False
生活区,BV1YBvhBhE1f,史上最无聊比赛,12666077,370364,50295,71025,3628,6526,25.8,,25.8,0,0,1,0,0,0.0,0.0,0.0,0.0,0.0,0.0,0.0,0.0,0,0,0,0,0,0,0,0,无明显情感,未明确对象,未明确方面,中性,0,0.582192310649387,0.1990379303217519,0.582192310649387,0.21876975902886103,中性,中性,,False
生活区,BV1YBvhBhE1f,史上最无聊比赛,12666077,370364,50295,71025,3628,6526,[ohhhhhhhhhhhhhhhhhhhhhhhhhhhhhhhhhhhhh],,ohhhhhhhhhhhhhhhhhhhhhhhhhhhhhhhhhhhhh,1,0,1,0,0,1.2,1.2,0.0,1.2,1.0,1.2,1.2,0.0,0,0,0,0,0,0,0,1,对象评价,未明确对象,未明确方面,正面,1,0.7406135643783034,0.17598250810310373,0.08340392751859296,0.7406135643783034,正面,正面,,False
生活区,BV1YBvhBhE1f,史上最无聊比赛,12666077,370364,50295,71025,3628,6526,和三木一样,,和三木一样,0,0,2,0,0,0.0,0.0,0.0,0.0,0.0,0.0,0.0,0.0,0,0,0,0,0,0,0,0,无明显情感,未明确对象,未明确方面,中性,0,0.7354248231273628,0.10176246471318058,0.7354248231273628,0.16281271215945667,中性,中性,,False
生活区,BV1YBvhBhE1f,史上最无聊比赛,12666077,370364,50295,71025,3628,6526,她好帅她好帅！,,她好帅她好帅！,0,0,3,1,0,0.0,0.0,0.0,0.0,0.0,0.0,0.0,0.0,0,0,0,0,0,0,0,0,无明显情感,未明确对象,未明确方面,中性,0,0.5307741603550141,0.1197094918248047,0.5307741603550141,0.34951634782018115,中性,中性,,False
生活区,BV1YBvhBhE1f,史上最无聊比赛,12666077,370364,50295,71025,3628,6526,还有华为Pura X.,,还有华为PuraX.,0,0,4,0,0,0.0,0.0,0.0,0.0,0.0,0.0,0.0,0.0,0,0,0,0,0,0,0,0,无明显情感,未明确对象,未明确方面,中性,-1,0.4935308566140067,0.4935308566140067,0.30962096880821954,0.19684817457777384,负面,负面,,False
生活区,BV1YBvhBhE1f,史上最无聊比赛,12666077,370364,50295,71025,3628,6526,小精灵有点萌,,小精灵有点萌,0,0,2,0,0,0.0,0.0,0.0,0.0,0.0,0.0,0.0,0.0,0,0,0,0,0,0,0,0,无明显情感,未明确对象,未明确方面,中性,0,0.5240355354917763,0.2828177831148219,0.5240355354917763,0.1931466813934018,中性,中性,,False
生活区,BV1YBvhBhE1f,史上最无聊比赛,12666077,370364,50295,71025,3628,6526,杀手就是稳啊,,杀手就是稳啊,0,0,3,0,0,0.0,0.0,0.0,0.0,0.0,0.0,0.0,0.0,0,0,0,0,0,0,0,0,无明显情感,未明确对象,未明确方面,中性,-1,0.4668149928971644,0.4668149928971644,0.3600586621365504,0.1731263449662853,负面,负面,,False
生活区,BV1YBvhBhE1f,史上最无聊比赛,12666077,370364,50295,71025,3628,6526,老师我眼不瞎,,老师我眼不瞎,0,0,4,0,0,0.0,0.0,0.0,0.0,0.0,0.0,0.0,0.0,0,0,0,0,0,0,0,0,无明显情感,讲解者,未明确方面,中性,0,0.44976246603578357,0.408352000174959,0.44976246603578357,0.14188553378925745,中性,中性,0.0,True
生活区,BV1YBvhBhE1f,史上最无聊比赛,12666077,370364,50295,71025,3628,6526,woooooooooooc,,woooooooooooc,0,0,1,0,0,0.0,0.0,0.0,0.0,0.0,0.0,0.0,0.0,0,0,0,0,0,0,0,0,无明显情感,未明确对象,未明确方面,中性,0,0.6641811267415451,0.13348938228347546,0.6641811267415451,0.20232949097497943,中性,中性,,False
生活区,BV1YBvhBhE1f,史上最无聊比赛,12666077,370364,50295,71025,3628,6526,98,,98,0,0,1,0,0,0.0,0.0,0.0,0.0,0.0,0.0,0.0,0.0,0,0,0,0,0,0,0,0,无明显情感,未明确对象,未明确方面,中性,0,0.6986489244501523,0.12016043781033754,0.6986489244501523,0.1811906377395101,中性,中性,,False
生活区,BV1YBvhBhE1f,史上最无聊比赛,12666077,370364,50295,71025,3628,6526,雨哥老吃家了,,雨哥老吃家了,0,0,2,0,0,0.0,0.0,0.0,0.0,0.0,0.0,0.0,0.0,0,0,0,0,0,0,0,0,无明显情感,未明确对象,未明确方面,中性,0,0.7932403285033446,0.06706012544374064,0.7932403285033446,0.1396995460529148,中性,中性,,False
生活区,BV1YBvhBhE1f,史上最无聊比赛,12666077,370364,50295,71025,3628,6526,Y,,Y,0,0,1,0,0,0.0,0.0,0.0,0.0,0.0,0.0,0.0,0.0,0,0,0,0,0,0,0,0,无明显情感,未明确对象,未明确方面,中性,0,0.6641811267415451,0.13348938228347546,0.6641811267415451,0.20232949097497943,中性,中性,,False
生活区,BV1YBvhBhE1f,史上最无聊比赛,12666077,370364,50295,71025,3628,6526,我靠啊啊啊啊啊啊,,我靠啊啊啊啊啊啊,0,0,3,0,0,0.0,0.0,0.0,0.0,0.0,0.0,0.0,0.0,0,0,0,0,0,0,0,0,无明显情感,未明确对象,未明确方面,中性,0,0.7578622952888981,0.09738395943008553,0.7578622952888981,0.1447537452810162,中性,中性,,False
生活区,BV1YBvhBhE1f,史上最无聊比赛,12666077,370364,50295,71025,3628,6526,《内部结构》,,内部结构,0,0,1,0,0,0.0,0.0,0.0,0.0,0.0,0.0,0.0,0.0,0,0,0,0,0,0,0,0,无明显情感,未明确对象,未明确方面,中性,0,0.6641811267415451,0.13348938228347546,0.6641811267415451,0.20232949097497943,中性,中性,,False
生活区,BV1YBvhBhE1f,史上最无聊比赛,12666077,370364,50295,71025,3628,6526,他使用了亡语！！！,,他使用了亡语！！！,0,0,5,3,0,0.0,0.0,0.0,0.0,0.0,0.0,0.0,0.0,0,0,0,0,0,0,0,0,无明显情感,未明确对象,未明确方面,中性,1,0.4955158751044442,0.31447253522475377,0.19001158967080192,0.4955158751044442,正面,正面,,False
生活区,BV1YBvhBhE1f,史上最无聊比赛,12666077,370364,50295,71025,3628,6526,这个黑指甲好帅啊小老师,,这个黑指甲好帅啊小老师,0,0,6,0,0,0.0,0.0,0.0,0.0,0.0,0.0,0.0,0.0,0,0,0,0,0,0,0,0,无明显情感,讲解者,未明确方面,中性,0,0.4302150390610845,0.23056249127685088,0.4302150390610845,0.33922246966206465,中性,中性,,False
生活区,BV1YBvhBhE1f,史上最无聊比赛,12666077,370364,50295,71025,3628,6526,不对啊雨哥，你这天不是点外卖挑战吗？？,,不对啊雨哥，你这天不是点外卖挑战吗？？,0,0,11,0,2,0.0,0.0,0.0,0.0,0.0,0.0,0.0,0.0,0,0,0,0,0,0,0,0,无明显情感,未明确对象,未明确方面,中性,-1,0.9733177891776162,0.9733177891776162,0.02450537065081073,0.0021768401715730875,负面,负面,,False
生活区,BV1YBvhBhE1f,史上最无聊比赛,12666077,370364,50295,71025,3628,6526,直接全部倒进嘴里，然后用口水融化直接拖下去零分贝,,直接全部倒进嘴里，然后用口水融化直接拖下去零分贝,0,0,14,0,0,0.0,0.0,0.0,0.0,0.0,0.0,0.0,0.0,0,0,0,0,0,0,0,0,无明显情感,未明确对象,未明确方面,中性,0,0.7850582772997674,0.14830077490569854,0.7850582772997674,0.06664094779453407,中性,中性,,False
生活区,BV1YBvhBhE1f,史上最无聊比赛,12666077,370364,50295,71025,3628,6526,我可以用任何的东西在桌面上摩擦出一整首歌,,我可以用任何的东西在桌面上摩擦出一整首歌,1,0,9,0,0,1.0,1.0,0.0,1.0,0.1111111111111111,1.0,1.0,0.0,0,0,0,0,0,0,0,1,对象评价,未明确对象,未明确方面,正面,0,0.6894691528122382,0.16116441117067462,0.6894691528122382,0.14936643601708724,中性,中性,0.0,True
生活区,BV1YBvhBhE1f,史上最无聊比赛,12666077,370364,50295,71025,3628,6526,[ohh][ohh],,ohhohh,1,0,1,0,0,1.2,1.2,0.0,1.2,1.0,1.2,1.2,0.0,0,0,0,0,0,0,0,1,对象评价,未明确对象,未明确方面,正面,1,0.7406135643783034,0.17598250810310373,0.08340392751859296,0.7406135643783034,正面,正面,,False
生活区,BV1YBvhBhE1f,史上最无聊比赛,12666077,370364,50295,71025,3628,6526,入口即化,,入口即化,0,0,3,0,0,0.0,0.0,0.0,0.0,0.0,0.0,0.0,0.0,0,0,0,0,0,0,0,0,无明显情感,未明确对象,未明确方面,中性,0,0.6525424904832393,0.14924331021065323,0.6525424904832393,0.19821419930610756,中性,中性,,False
生活区,BV1YBvhBhE1f,史上最无聊比赛,12666077,370364,50295,71025,3628,6526,把眼睛翻起来呢。,,把眼睛翻起来呢。,0,0,5,0,0,0.0,0.0,0.0,0.0,0.0,0.0,0.0,0.0,0,0,0,0,0,0,0,0,无明显情感,未明确对象,未明确方面,中性,0,0.7100775210950226,0.08906595670825244,0.7100775210950226,0.20085652219672495,中性,中性,,False
生活区,BV1YBvhBhE1f,史上最无聊比赛,12666077,370364,50295,71025,3628,6526,每次一抓东西总是六个,,每次一抓东西总是六个,0,0,5,0,0,0.0,0.0,0.0,0.0,0.0,0.0,0.0,0.0,0,0,0,0,0,0,0,0,无明显情感,未明确对象,未明确方面,中性,0,0.7860039049643931,0.07970360933551764,0.7860039049643931,0.13429248570008936,中性,中性,,False
生活区,BV1YBvhBhE1f,史上最无聊比赛,12666077,370364,50295,71025,3628,6526,说实话，麦记牛奶真的很好喝,,说实话，麦记牛奶真的很好喝,1,0,6,0,0,1.4,1.4,0.0,1.4,0.16666666666666666,1.4,1.4,0.0,0,0,0,0,0,0,0,1,对象评价,未明确对象,未明确方面,正面,1,0.8821513888885613,0.036777495800042005,0.08107111531139674,0.8821513888885613,正面,正面,,False
生活区,BV1YBvhBhE1f,史上最无聊比赛,12666077,370364,50295,71025,3628,6526,[oHH],,oHH,1,0,1,0,0,1.2,1.2,0.0,1.2,1.0,1.2,1.2,0.0,0,0,0,0,0,0,0,1,对象评价,未明确对象,未明确方面,正面,1,0.7406135643783034,0.17598250810310373,0.08340392751859296,0.7406135643783034,正面,正面,,False
生活区,BV1YBvhBhE1f,史上最无聊比赛,12666077,370364,50295,71025,3628,6526,库里，库里，库库里,,库里，库里，库库里,0,0,6,0,0,0.0,0.0,0.0,0.0,0.0,0.0,0.0,0.0,0,0,0,0,0,0,0,0,无明显情感,未明确对象,未明确方面,中性,-1,0.4786276659271675,0.4786276659271675,0.3255782501829811,0.19579408388985134,负面,负面,,False
生活区,BV1YBvhBhE1f,史上最无聊比赛,12666077,370364,50295,71025,3628,6526,萌萌小老师啊啊啊,,萌萌小老师啊啊啊,0,0,4,0,0,0.0,0.0,0.0,0.0,0.0,0.0,0.0,0.0,0,0,0,0,0,0,0,0,无明显情感,讲解者,未明确方面,中性,0,0.6851112023544816,0.08399581228039564,0.6851112023544816,0.23089298536512276,中性,中性,,False
生活区,BV1YBvhBhE1f,史上最无聊比赛,12666077,370364,50295,71025,3628,6526,我也有一个超能 那就是可以透视 我能精确的知道 你的大脑在哪,,我也有一个超能那就是可以透视我能精确的知道你的大脑在哪,1,0,12,0,0,1.0,1.0,0.0,1.0,0.08333333333333333,1.0,1.0,0.0,0,0,0,0,0,0,0,1,对象评价,未明确对象,未明确方面,正面,-1,0.8064399121293594,0.8064399121293594,0.10961112508267161,0.083948962787969,负面,负面,-1.0,True
生活区,BV1YBvhBhE1f,史上最无聊比赛,12666077,370364,50295,71025,3628,6526,不愧是老吃家,,不愧是老吃家,1,0,2,0,0,1.0,1.0,0.0,1.0,0.5,1.0,1.0,0.0,0,0,0,0,0,0,0,1,对象评价,未明确对象,未明确方面,正面,1,0.8217566553280352,0.05759763915125585,0.12064570552070905,0.8217566553280352,正面,正面,1.0,True
生活区,BV1YBvhBhE1f,史上最无聊比赛,12666077,370364,50295,71025,3628,6526,丸辣雨哥进食速度本来就比这俩快,,丸辣雨哥进食速度本来就比这俩快,0,0,9,0,0,0.0,0.0,0.0,0.0,0.0,0.0,0.0,0.0,0,0,0,0,0,0,0,0,无明显情感,未明确对象,节奏与效率,中性,0,0.6125387660639255,0.1656499595687503,0.6125387660639255,0.22181127436732404,中性,中性,,False
生活区,BV1YBvhBhE1f,史上最无聊比赛,12666077,370364,50295,71025,3628,6526,啥子,,啥子,0,0,1,0,0,0.0,0.0,0.0,0.0,0.0,0.0,0.0,0.0,0,0,0,0,0,0,0,0,无明显情感,未明确对象,未明确方面,中性,0,0.6641811267415451,0.13348938228347546,0.6641811267415451,0.20232949097497943,中性,中性,,False
生活区,BV1YBvhBhE1f,史上最无聊比赛,12666077,370364,50295,71025,3628,6526,哈哈哈，瓜子要用手开开了再吃,,哈哈哈，瓜子要用手开开了再吃,1,0,8,0,0,1.0,1.0,0.0,1.0,0.125,1.0,1.0,0.0,0,0,1,0,0,0,0,1,对象评价+自身情绪,未明确对象,娱乐与趣味,正面,1,0.7270684600843222,0.08545426569975154,0.18747727421592622,0.7270684600843222,正面,正面,,False
生活区,BV1YBvhBhE1f,史上最无聊比赛,12666077,370364,50295,71025,3628,6526,下一个是谁片头哈哈哈,,下一个是谁片头哈哈哈,1,0,4,0,0,1.0,1.0,0.0,1.0,0.25,1.0,1.0,0.0,0,0,1,0,0,0,0,1,对象评价+自身情绪,未明确对象,娱乐与趣味,正面,1,0.696271488170617,0.05309868590765013,0.2506298259217329,0.696271488170617,正面,正面,,False
生活区,BV1YBvhBhE1f,史上最无聊比赛,12666077,370364,50295,71025,3628,6526,不要小看下一个是谁的选手啊,,不要小看下一个是谁的选手啊,0,0,5,0,0,0.0,0.0,0.0,0.0,0.0,0.0,0.0,0.0,0,0,0,0,0,0,0,0,无明显情感,比赛内容,比赛表现,中性,0,0.5325271753958605,0.32596860059465943,0.5325271753958605,0.14150422400947996,中性,中性,,False
生活区,BV1YBvhBhE1f,史上最无聊比赛,12666077,370364,50295,71025,3628,6526,[ohhhhhhhhhhh],,ohhhhhhhhhhh,1,0,1,0,0,1.2,1.2,0.0,1.2,1.0,1.2,1.2,0.0,0,0,0,0,0,0,0,1,对象评价,未明确对象,未明确方面,正面,1,0.7406135643783034,0.17598250810310373,0.08340392751859296,0.7406135643783034,正面,正面,,False
生活区,BV1YBvhBhE1f,史上最无聊比赛,12666077,370364,50295,71025,3628,6526,-+-0.,,0.,0,0,2,0,0,0.0,0.0,0.0,0.0,0.0,0.0,0.0,0.0,0,0,0,0,0,0,0,0,无明显情感,未明确对象,未明确方面,中性,0,0.642896889088002,0.17248128224418613,0.642896889088002,0.18462182866781177,中性,中性,,False
生活区,BV1YBvhBhE1f,史上最无聊比赛,12666077,370364,50295,71025,3628,6526,九龙冰室,,九龙冰室,0,0,2,0,0,0.0,0.0,0.0,0.0,0.0,0.0,0.0,0.0,0,0,0,0,0,0,0,0,无明显情感,未明确对象,未明确方面,中性,0,0.6585046096608349,0.14118285317383877,0.6585046096608349,0.20031253716532643,中性,中性,,False
生活区,BV1YBvhBhE1f,史上最无聊比赛,12666077,370364,50295,71025,3628,6526,ta'hao'shuaitahaoshuai！！！！,,tahaoshuaitahaoshuai！！！！,0,0,5,4,0,0.0,0.0,0.0,0.0,0.0,0.0,0.0,0.0,0,0,0,0,0,0,0,0,无明显情感,未明确对象,未明确方面,中性,1,0.37264286672506786,0.3058398840942799,0.3215172491806522,0.37264286672506786,正面,中性,,False
生活区,BV1YBvhBhE1f,史上最无聊比赛,12666077,370364,50295,71025,3628,6526,o,,o,0,0,1,0,0,0.0,0.0,0.0,0.0,0.0,0.0,0.0,0.0,0,0,0,0,0,0,0,0,无明显情感,未明确对象,未明确方面,中性,0,0.6641811267415451,0.13348938228347546,0.6641811267415451,0.20232949097497943,中性,中性,,False
生活区,BV1YBvhBhE1f,史上最无聊比赛,12666077,370364,50295,71025,3628,6526,肉不是白涨的,,肉不是白涨的,0,0,3,0,0,0.0,0.0,0.0,0.0,0.0,0.0,0.0,0.0,0,0,0,0,0,0,0,0,无明显情感,未明确对象,未明确方面,中性,-1,0.6640786940680207,0.6640786940680207,0.2773205139451718,0.05860079198680765,负面,负面,,False
生活区,BV1YBvhBhE1f,史上最无聊比赛,12666077,370364,50295,71025,3628,6526,从郭宇那边过来的,,从郭宇那边过来的,0,0,4,0,0,0.0,0.0,0.0,0.0,0.0,0.0,0.0,0.0,0,0,0,0,0,0,0,0,无明显情感,未明确对象,未明确方面,中性,-1,0.7709686209073089,0.7709686209073089,0.16867733904794163,0.060354040044749556,负面,负面,,False
