partition,bvid,text,pred_label,pred_raw_label,model_confidence,prob_positive,prob_neutral,prob_negative,lexicon_score,discourse_score,pos_cnt,neg_cnt,is_mixed_sentiment,sentiment_type,sentiment_target,sentiment_aspect,aspect_sentiment,manual_override,manual_label
知识区,BV1jj5C6HEPd,毕导：适才相戏耳,中性,中性,0.6654441105737197,0.17787844361736596,0.6654441105737197,0.15667744580891438,0.0,0.0,0,0,0,无明显情感,未明确对象,未明确方面,中性,False,
知识区,BV1jj5C6HEPd,想喝糖水就直说,中性,中性,0.6808998899527182,0.09462980893476516,0.6808998899527182,0.2244703011125167,0.0,0.0,0,0,0,无明显情感,未明确对象,未明确方面,中性,False,
知识区,BV1jj5C6HEPd,其实这个问题计算能力强的同学们可以自己建立模型算出来,中性,中性,0.5337817209161031,0.08282947273051434,0.5337817209161031,0.38338880635338257,0.0,0.0,1,1,1,对象评价,未明确对象,未明确方面,混合,True,0.0
知识区,BV1jj5C6HEPd,《我能在不违法中国法律的情况下做完实验吗》,中性,中性,0.6758458974493265,0.05363402406715987,0.6758458974493265,0.2705200784835135,0.0,0.0,0,0,0,无明显情感,未明确对象,未明确方面,中性,False,
知识区,BV1jj5C6HEPd,白雾本身是液态，但是分散在空气中。相当于空气做溶剂，白雾当显色剂,中性,中性,0.574663298731449,0.05689071086109279,0.574663298731449,0.36844599040745835,0.0,0.0,0,0,0,无明显情感,未明确对象,未明确方面,中性,True,0.0
知识区,BV1jj5C6HEPd,血糖要比播放量高了）bushi,中性,中性,0.6810800762105742,0.13814967555526958,0.6810800762105742,0.1807702482341564,0.0,0.0,0,0,0,无明显情感,未明确对象,未明确方面,中性,True,0.0
知识区,BV1jj5C6HEPd,再倒回瓶子退货回去(bushi),中性,中性,0.8171887516579768,0.07254080749923317,0.8171887516579768,0.11027044084278999,0.0,0.0,0,0,0,无明显情感,未明确对象,未明确方面,中性,True,0.0
知识区,BV1jj5C6HEPd,我的天呐，大厦之上还有乌云,中性,中性,0.7190929536170043,0.15679147290791953,0.7190929536170043,0.1241155734750761,0.0,0.0,0,0,0,无明显情感,未明确对象,未明确方面,中性,False,
知识区,BV1jj5C6HEPd,《仙之人兮列如麻》,中性,中性,0.6738648287527856,0.18144579079972187,0.6738648287527856,0.14468938044749255,0.0,0.0,0,0,0,无明显情感,未明确对象,未明确方面,中性,False,
知识区,BV1jj5C6HEPd,《起因还只是一支化妆品》,中性,负面,0.5040487935073449,0.06644152137212432,0.4295096851205309,0.5040487935073449,0.0,0.0,0,0,0,无明显情感,未明确对象,未明确方面,中性,True,0.0
知识区,BV1jj5C6HEPd,毕导要为了我们去尝试作死了吗？,中性,中性,0.676714508194994,0.14697070276255259,0.676714508194994,0.1763147890424535,0.0,0.0,0,0,0,无明显情感,未明确对象,未明确方面,中性,False,
知识区,BV1jj5C6HEPd,《我的化学老师》,中性,中性,0.6846596563891625,0.223941665187941,0.6846596563891625,0.09139867842289656,0.0,0.0,0,0,0,无明显情感,讲解者,未明确方面,中性,False,
知识区,BV1jj5C6HEPd,还有第三关？！,中性,中性,0.5176587392749203,0.4454356061939318,0.5176587392749203,0.03690565453114785,0.0,0.0,0,0,0,无明显情感,未明确对象,未明确方面,中性,False,
知识区,BV1jj5C6HEPd,毕导为什么不像上次和西湖大学一样，和大学合作实验啊,中性,中性,0.5832728182663046,0.11181689321883141,0.5832728182663046,0.3049102885148639,0.0,0.0,0,0,0,无明显情感,未明确对象,未明确方面,中性,False,
知识区,BV1jj5C6HEPd,卧槽，还有清朝老片,中性,中性,0.5728429920200708,0.1477060383856611,0.5728429920200708,0.2794509695942682,0.0,0.0,0,0,0,无明显情感,未明确对象,未明确方面,中性,False,
知识区,BV1jj5C6HEPd,交给转转的神秘眼镜女（,中性,中性,0.7417078787206427,0.1576972594455449,0.7417078787206427,0.10059486183381251,0.0,0.0,0,0,0,无明显情感,未明确对象,未明确方面,中性,False,
知识区,BV1jj5C6HEPd,圆台形（指正）,中性,中性,0.6697359046476931,0.17967866153710305,0.6697359046476931,0.15058543381520384,0.0,0.0,0,0,0,无明显情感,未明确对象,未明确方面,中性,False,
知识区,BV1jj5C6HEPd,适才相戏尔,中性,中性,0.6738648287527856,0.18144579079972187,0.6738648287527856,0.14468938044749255,0.0,0.0,0,0,0,无明显情感,未明确对象,未明确方面,中性,False,
知识区,BV1jj5C6HEPd,最法治的一集,中性,中性,0.6070679946787977,0.28815973341662493,0.6070679946787977,0.10477227190457744,0.0,0.0,0,0,0,无明显情感,未明确对象,未明确方面,中性,False,
知识区,BV1jj5C6HEPd,哪来的“也”字？,中性,中性,0.6383056083560623,0.05405405071814639,0.6383056083560623,0.3076403409257913,0.0,0.0,0,0,0,无明显情感,未明确对象,未明确方面,中性,False,
知识区,BV1jj5C6HEPd,《我把糖水喝了》,中性,中性,0.8185463630761419,0.0886106102696955,0.8185463630761419,0.09284302665416246,0.0,0.0,0,0,0,无明显情感,未明确对象,未明确方面,中性,False,
知识区,BV1jj5C6HEPd,一天后喝掉？,中性,中性,0.7257195324922389,0.08180291355015842,0.7257195324922389,0.1924775539576028,0.0,0.0,0,0,0,无明显情感,未明确对象,未明确方面,中性,False,
知识区,BV1jj5C6HEPd,我也要死吗？,中性,中性,0.6023541709576804,0.05606845667961606,0.6023541709576804,0.34157737236270347,0.0,0.0,0,0,0,无明显情感,未明确对象,未明确方面,中性,False,
知识区,BV1jj5C6HEPd,毕导没注册自己的实验室,中性,中性,0.7891850329266324,0.1052834520080263,0.7891850329266324,0.10553151506534128,0.0,0.0,0,0,0,无明显情感,未明确对象,未明确方面,中性,False,
知识区,BV1jj5C6HEPd,化学是这样的,中性,中性,0.6293139705774323,0.10994524220680241,0.6293139705774323,0.2607407872157653,0.0,0.0,0,0,0,无明显情感,未明确对象,未明确方面,中性,True,0.0
知识区,BV1jj5C6HEPd,@拉挖稀,中性,中性,0.6697359046476931,0.17967866153710305,0.6697359046476931,0.15058543381520384,0.0,0.0,0,0,0,无明显情感,未明确对象,未明确方面,中性,False,
知识区,BV1jj5C6HEPd,《要么腐蚀我的钱包》,中性,中性,0.7780500460125775,0.12722132334078654,0.7780500460125775,0.09472863064663596,0.0,0.0,0,0,0,无明显情感,未明确对象,未明确方面,中性,False,
知识区,BV1jj5C6HEPd,还有第四关,中性,中性,0.8072519211289808,0.1341443080091308,0.8072519211289808,0.05860377086188845,0.0,0.0,0,0,0,无明显情感,未明确对象,未明确方面,中性,False,
知识区,BV1jj5C6HEPd,路毕十六,中性,中性,0.6697359046476931,0.17967866153710305,0.6697359046476931,0.15058543381520384,0.0,0.0,0,0,0,无明显情感,未明确对象,未明确方面,中性,False,
知识区,BV1jj5C6HEPd,求曲线方程,中性,中性,0.8004340695687294,0.0942688054118637,0.8004340695687294,0.10529712501940697,0.0,0.0,0,0,0,无明显情感,未明确对象,未明确方面,中性,False,
知识区,BV1jj5C6HEPd,你看，1后面总是跟着很多0,中性,中性,0.591304477945762,0.16869522180901053,0.591304477945762,0.24000030024522745,0.0,0.0,0,0,0,无明显情感,未明确对象,未明确方面,中性,False,
知识区,BV1jj5C6HEPd,毕的二阶导,中性,中性,0.7474673597029599,0.1600832377258351,0.7474673597029599,0.092449402571205,0.0,0.0,0,0,0,无明显情感,未明确对象,未明确方面,中性,False,
知识区,BV1jj5C6HEPd,摸不着头脑的拉瓦锡。。。。,中性,中性,0.46835188474799894,0.09604221009147064,0.46835188474799894,0.4356059051605304,0.0,0.0,0,0,0,无明显情感,未明确对象,未明确方面,中性,True,0.0
知识区,BV1jj5C6HEPd,喝，为什么不喝啊！,中性,中性,0.6643084270343622,0.08440901621388414,0.6643084270343622,0.2512825567517536,0.0,0.0,0,0,0,无明显情感,未明确对象,未明确方面,中性,False,
知识区,BV1jj5C6HEPd,给广告位打了广告,中性,中性,0.5199773723916323,0.1399260968301905,0.5199773723916323,0.3400965307781772,0.0,0.0,0,0,0,无明显情感,未明确对象,未明确方面,中性,False,
知识区,BV1jj5C6HEPd,浓度梯度具象化,中性,中性,0.6738648287527856,0.18144579079972187,0.6738648287527856,0.14468938044749255,0.0,0.0,0,0,0,无明显情感,未明确对象,未明确方面,中性,False,
知识区,BV1jj5C6HEPd,太多糖了喝糖水变成吃糖了,中性,中性,0.43052677235997483,0.15172657019842295,0.43052677235997483,0.4177466574416023,0.0,0.0,0,0,0,无明显情感,未明确对象,未明确方面,中性,False,
知识区,BV1jj5C6HEPd,怪不得秦始皇死了，他搞那么多水银修墓,中性,中性,0.4452238294544851,0.12870699446315578,0.4452238294544851,0.42606917608235906,0.0,0.0,0,0,0,无明显情感,未明确对象,未明确方面,中性,False,
知识区,BV1jj5C6HEPd,水银温度计都停产了怎么摔,中性,中性,0.6310114792158983,0.0463645136957335,0.6310114792158983,0.3226240070883682,0.0,0.0,0,0,0,无明显情感,未明确对象,未明确方面,中性,False,
知识区,BV1jj5C6HEPd,好，等离子体搞一下啊doge,中性,中性,0.45723317895906085,0.19138439067019822,0.45723317895906085,0.3513824303707409,0.0,0.0,0,0,0,无明显情感,未明确对象,未明确方面,中性,False,
知识区,BV1jj5C6HEPd,《增强法治意识》,中性,中性,0.6697359046476931,0.17967866153710305,0.6697359046476931,0.15058543381520384,0.0,0.0,0,0,0,无明显情感,未明确对象,未明确方面,中性,False,
知识区,BV1jj5C6HEPd,每日说唱（1/1）,中性,中性,0.8174098944111818,0.13789810995816837,0.8174098944111818,0.04469199563064967,0.0,0.0,0,0,0,无明显情感,未明确对象,未明确方面,中性,False,
知识区,BV1jj5C6HEPd,这个价格好像还真不贵，但是大厚缸...让他接广！,中性,中性,0.7697822484591041,0.14190570123800048,0.7697822484591041,0.08831205030289532,0.0,0.0,0,0,0,无明显情感,未明确对象,未明确方面,中性,True,0.0
知识区,BV1jj5C6HEPd,小馋猫,中性,中性,0.6757018320696918,0.22441436947187943,0.6757018320696918,0.09988379845842878,0.0,0.0,0,0,0,无明显情感,未明确对象,未明确方面,中性,False,
知识区,BV1jj5C6HEPd,？！喝喝！？,中性,中性,0.5172402552670395,0.4024013331562723,0.5172402552670395,0.0803584115766882,0.0,0.0,0,0,0,无明显情感,未明确对象,未明确方面,中性,True,0.0
知识区,BV1jj5C6HEPd,全剧终,中性,中性,0.6738648287527856,0.18144579079972187,0.6738648287527856,0.14468938044749255,0.0,0.0,0,0,0,无明显情感,未明确对象,未明确方面,中性,False,
知识区,BV1jj5C6HEPd,细节缸已经裂了,中性,中性,0.6585716234914692,0.24433128765000417,0.6585716234914692,0.0970970888585266,0.0,0.0,0,0,0,无明显情感,未明确对象,未明确方面,中性,False,
知识区,BV1jj5C6HEPd,欲转又止,中性,中性,0.6170839922297394,0.2068263120061813,0.6170839922297394,0.17608969576407932,0.0,0.0,0,0,0,无明显情感,未明确对象,未明确方面,中性,False,
知识区,BV1jj5C6HEPd,居然不是把发誓那段直接剪掉,中性,中性,0.6274174677736871,0.1323017915123619,0.6274174677736871,0.240280740713951,0.0,0.0,0,0,0,无明显情感,未明确对象,未明确方面,中性,True,0.0
知识区,BV1jj5C6HEPd,适才相戏耳,中性,中性,0.6697359046476931,0.17967866153710305,0.6697359046476931,0.15058543381520384,0.0,0.0,0,0,0,无明显情感,未明确对象,未明确方面,中性,False,
知识区,BV1jj5C6HEPd,因为你没喝，它还在这,中性,中性,0.5845354881181053,0.028650673018341632,0.5845354881181053,0.38681383886355314,0.0,0.0,0,0,0,无明显情感,未明确对象,未明确方面,中性,False,
知识区,BV1jj5C6HEPd,水那有蓝色的这分别就是硫酸铜溶液,中性,中性,0.4945685179075828,0.06350432419274918,0.4945685179075828,0.4419271578996679,0.0,0.0,0,0,0,无明显情感,未明确对象,未明确方面,中性,False,
知识区,BV1jj5C6HEPd,还有第四关？！,中性,中性,0.5175956496134921,0.44376271536999773,0.5175956496134921,0.03864163501651012,0.0,0.0,0,0,0,无明显情感,未明确对象,未明确方面,中性,False,
知识区,BV1jj5C6HEPd,依旧双押,中性,中性,0.6738648287527856,0.18144579079972187,0.6738648287527856,0.14468938044749255,0.0,0.0,0,0,0,无明显情感,未明确对象,未明确方面,中性,False,
知识区,BV1jj5C6HEPd,【NICE BOAT】,中性,中性,0.6778336915593252,0.1831801651441017,0.6778336915593252,0.13898614329657322,0.0,0.0,0,0,0,无明显情感,未明确对象,未明确方面,中性,False,
知识区,BV1jj5C6HEPd,侵蚀毕导的钱包,中性,中性,0.7474673597029599,0.1600832377258351,0.7474673597029599,0.092449402571205,0.0,0.0,0,0,0,无明显情感,未明确对象,未明确方面,中性,False,
知识区,BV1jj5C6HEPd,个个都是重量级,中性,中性,0.7258725773300153,0.12519222231149554,0.7258725773300153,0.1489352003584891,0.0,0.0,0,0,0,无明显情感,未明确对象,未明确方面,中性,False,
知识区,BV1jj5C6HEPd,商家:富公呦泡面用两个碗,中性,中性,0.7693317381060373,0.16917284661041287,0.7693317381060373,0.06149541528354989,0.0,0.0,0,0,0,无明显情感,未明确对象,未明确方面,中性,False,
知识区,BV1jj5C6HEPd,想喝其实可以直接说的,中性,中性,0.6993896078471067,0.1802182284359067,0.6993896078471067,0.12039216371698665,1.0,1.0,1,0,0,对象评价,未明确对象,未明确方面,正面,True,0.0
知识区,BV1jj5C6HEPd,注：以上气体都是有毒气体和环境污染物,中性,中性,0.7508469920676812,0.06303811577354959,0.7508469920676812,0.1861148921587691,0.0,0.0,0,0,0,无明显情感,未明确对象,未明确方面,中性,False,
知识区,BV1jj5C6HEPd,《壁的二阶缸》,中性,中性,0.8012764161780738,0.11783034121929774,0.8012764161780738,0.08089324260262848,0.0,0.0,0,0,0,无明显情感,未明确对象,未明确方面,中性,False,
知识区,BV1jj5C6HEPd,破费,中性,中性,0.6778336915593252,0.1831801651441017,0.6778336915593252,0.13898614329657322,0.0,0.0,0,0,0,无明显情感,未明确对象,未明确方面,中性,False,
知识区,BV1jj5C6HEPd,<(◎o◎)>,中性,中性,0.6778336915593252,0.1831801651441017,0.6778336915593252,0.13898614329657322,0.0,0.0,0,0,0,无明显情感,未明确对象,未明确方面,中性,False,
知识区,BV1jj5C6HEPd,梅开二度,中性,中性,0.6778336915593252,0.1831801651441017,0.6778336915593252,0.13898614329657322,0.0,0.0,0,0,0,无明显情感,未明确对象,未明确方面,中性,False,
知识区,BV1jj5C6HEPd,谁说没有完美犯罪的,中性,中性,0.6395103603981299,0.20813975745029883,0.6395103603981299,0.15234988215157114,1.0,1.0,1,0,0,对象评价,未明确对象,未明确方面,正面,True,0.0
知识区,BV1jj5C6HEPd,毕导要为科学献身了吗,中性,中性,0.9224736587217316,0.04606268594503826,0.9224736587217316,0.031463655333230034,0.0,0.0,0,0,0,无明显情感,未明确对象,未明确方面,中性,False,
知识区,BV1jj5C6HEPd,！？AmazingnizamA？！,中性,中性,0.5200543939650631,0.4016258409949287,0.5200543939650631,0.0783197650400082,0.0,0.0,0,0,0,无明显情感,未明确对象,未明确方面,中性,False,
知识区,BV1jj5C6HEPd,还有三阶导？ 话说不会是糖水由于浓度不均自身形成了个“大厚缸”罢,中性,中性,0.7874630913875171,0.03263313151393337,0.7874630913875171,0.17990377709854943,0.0,0.0,1,1,1,对象评价,未明确对象,未明确方面,混合,True,0.0
知识区,BV1jj5C6HEPd,还有DLC？毕普空,中性,中性,0.8133468115266572,0.08519340007593477,0.8133468115266572,0.10145978839740794,0.0,0.0,0,0,0,无明显情感,未明确对象,未明确方面,中性,False,
知识区,BV1jj5C6HEPd,群贤毕至,中性,中性,0.6778336915593252,0.1831801651441017,0.6778336915593252,0.13898614329657322,0.0,0.0,0,0,0,无明显情感,未明确对象,未明确方面,中性,False,
知识区,BV1jj5C6HEPd,阿基上身啦,中性,中性,0.702131072596312,0.11454014778166645,0.702131072596312,0.18332877962202154,0.0,0.0,0,0,0,无明显情感,未明确对象,未明确方面,中性,False,
知识区,BV1jj5C6HEPd,撇了！旧的撇了！,中性,中性,0.6950427559974405,0.2461442276423837,0.6950427559974405,0.0588130163601757,0.0,0.0,0,0,0,无明显情感,未明确对象,未明确方面,中性,False,
知识区,BV1jj5C6HEPd,梦回一战,中性,中性,0.6738648287527856,0.18144579079972187,0.6738648287527856,0.14468938044749255,0.0,0.0,0,0,0,无明显情感,未明确对象,未明确方面,中性,False,
知识区,BV1jj5C6HEPd,泊松：我也是这么想的,中性,中性,0.5583366644797728,0.185821582988576,0.5583366644797728,0.255841752531651,0.0,0.0,0,0,0,无明显情感,未明确对象,未明确方面,中性,False,
知识区,BV1jj5C6HEPd,@转转,中性,中性,0.6778336915593252,0.1831801651441017,0.6778336915593252,0.13898614329657322,0.0,0.0,0,0,0,无明显情感,未明确对象,未明确方面,中性,False,
知识区,BV1jj5C6HEPd,酒精会溶解亚克力，啥,中性,中性,0.7566255964350129,0.056590531670939526,0.7566255964350129,0.18678387189404744,0.0,0.0,0,0,0,无明显情感,未明确对象,未明确方面,中性,True,0.0
知识区,BV1jj5C6HEPd,蔬菜汁-初音未来,中性,中性,0.7146082918828414,0.17739082432425235,0.7146082918828414,0.10800088379290627,0.0,0.0,0,0,0,无明显情感,未明确对象,未明确方面,中性,False,
知识区,BV1jj5C6HEPd,摔1000根温度计,中性,中性,0.6866239753885146,0.2217863755905882,0.6866239753885146,0.09158964902089733,0.0,0.0,0,0,0,无明显情感,未明确对象,未明确方面,中性,False,
知识区,BV1jj5C6HEPd,撇了！旧的撇了！！！,中性,中性,0.459383456568727,0.37970105347252847,0.459383456568727,0.16091548995874447,0.0,0.0,0,0,0,无明显情感,未明确对象,未明确方面,中性,False,
知识区,BV1jj5C6HEPd,吓哭了,中性,负面,0.9504938881935922,0.023096765398335703,0.026409346408072173,0.9504938881935922,-1.0,-1.0,0,1,0,对象评价,未明确对象,未明确方面,负面,True,0.0
知识区,BV1jj5C6HEPd,绝命毕导来了,中性,中性,0.7721771348668481,0.05889951186179364,0.7721771348668481,0.16892335327135832,0.0,0.0,0,0,0,无明显情感,未明确对象,未明确方面,中性,False,
知识区,BV1jj5C6HEPd,圆台是一种体（指正）,中性,中性,0.8815878823824038,0.057433002624458475,0.8815878823824038,0.06097911499313786,0.0,0.0,0,0,0,无明显情感,未明确对象,未明确方面,中性,False,
知识区,BV1jj5C6HEPd,那旧的怎么办呢？,中性,中性,0.4900471750055133,0.03147505579363594,0.4900471750055133,0.4784777692008507,0.0,0.0,0,0,0,无明显情感,未明确对象,未明确方面,中性,False,
知识区,BV1jj5C6HEPd,海市蜃楼类似（猜测）,中性,中性,0.6697359046476931,0.17967866153710305,0.6697359046476931,0.15058543381520384,0.0,0.0,0,0,0,无明显情感,未明确对象,未明确方面,中性,False,
知识区,BV1jj5C6HEPd,阵亡原因又可以再出一期科普,中性,中性,0.7090974590850124,0.18514168346871873,0.7090974590850124,0.10576085744626883,1.0,1.0,1,0,0,对象评价,未明确对象,未明确方面,正面,True,0.0
知识区,BV1jj5C6HEPd,那旧的怎么办？,中性,中性,0.7571108870704079,0.0524962369366088,0.7571108870704079,0.19039287599298338,0.0,0.0,0,0,0,无明显情感,未明确对象,未明确方面,中性,False,
知识区,BV1jj5C6HEPd,细节大厚缸有裂痕,中性,中性,0.8950872240792384,0.04253173386938217,0.8950872240792384,0.06238104205137956,0.0,0.0,0,0,0,无明显情感,未明确对象,未明确方面,中性,False,
知识区,BV1jj5C6HEPd,都不是善茬doge,中性,中性,0.5999645046277938,0.08089339396684192,0.5999645046277938,0.3191421014053643,0.0,0.0,0,0,0,无明显情感,未明确对象,未明确方面,中性,False,
知识区,BV1jj5C6HEPd,蔬菜汁,中性,中性,0.6778336915593252,0.1831801651441017,0.6778336915593252,0.13898614329657322,0.0,0.0,0,0,0,无明显情感,未明确对象,未明确方面,中性,False,
知识区,BV1jj5C6HEPd,我也要死刑吗？,中性,中性,0.6102424673681748,0.0812351174460217,0.6102424673681748,0.30852241518580353,0.0,0.0,0,0,0,无明显情感,未明确对象,未明确方面,中性,True,0.0
知识区,BV1jj5C6HEPd,←加了蓝色墨水,中性,中性,0.6509875362356633,0.14501342116305027,0.6509875362356633,0.20399904260128643,0.0,0.0,0,0,0,无明显情感,未明确对象,未明确方面,中性,False,
知识区,BV1jj5C6HEPd,亚克力不能碰酒精哦，各位吃谷人也要注意啦,中性,中性,0.8054758532661446,0.07767674381083495,0.8054758532661446,0.11684740292302047,0.0,0.0,0,0,0,无明显情感,未明确对象,未明确方面,中性,True,0.0
知识区,BV1jj5C6HEPd,毕导答：缸已坏，免问,中性,中性,0.6019603183578593,0.17420415318698942,0.6019603183578593,0.22383552845515117,0.0,0.0,0,0,0,无明显情感,未明确对象,未明确方面,中性,False,
知识区,BV1jj5C6HEPd,看来广子被反射了（,中性,中性,0.5204763450103377,0.09710371957549198,0.5204763450103377,0.3824199354141703,0.0,0.0,0,0,0,无明显情感,未明确对象,未明确方面,中性,False,
知识区,BV1jj5C6HEPd,↑天才：加酒精，看放大多少倍,中性,中性,0.6623087404468563,0.14161882258526806,0.6623087404468563,0.1960724369678757,0.0,0.0,0,0,0,无明显情感,未明确对象,未明确方面,中性,False,
知识区,BV1jj5C6HEPd,加酒精，看放大多少倍,中性,中性,0.6678619151925314,0.1433271146162079,0.6678619151925314,0.18881097019126086,0.0,0.0,0,0,0,无明显情感,未明确对象,未明确方面,中性,False,
知识区,BV1jj5C6HEPd,破费了！,中性,中性,0.7003713830722902,0.23278740423796662,0.7003713830722902,0.06684121268974301,0.0,0.0,0,0,0,无明显情感,未明确对象,未明确方面,中性,True,0.0
知识区,BV1jj5C6HEPd,话又说回来,中性,中性,0.5748565091913029,0.13290665376704647,0.5748565091913029,0.29223683704165065,0.0,0.0,0,0,0,无明显情感,未明确对象,未明确方面,中性,False,
知识区,BV1jj5C6HEPd,钱包哭泣,中性,中性,0.6738648287527856,0.18144579079972187,0.6738648287527856,0.14468938044749255,0.0,0.0,0,0,0,无明显情感,未明确对象,未明确方面,中性,False,
知识区,BV1jj5C6HEPd,BGM:UT雪镇,中性,中性,0.6738648287527856,0.18144579079972187,0.6738648287527856,0.14468938044749255,0.0,0.0,0,0,0,无明显情感,未明确对象,未明确方面,中性,False,
知识区,BV1jj5C6HEPd,鸡汤来喽,中性,中性,0.7935566225373669,0.09714533928294133,0.7935566225373669,0.10929803817969169,0.0,0.0,0,0,0,无明显情感,未明确对象,未明确方面,中性,False,
知识区,BV1jj5C6HEPd,那之前不是拍了一期最强的酸吗,中性,中性,0.6629275653198455,0.038558181805217376,0.6629275653198455,0.29851425287493694,0.0,0.0,0,0,0,无明显情感,未明确对象,未明确方面,中性,False,
知识区,BV1jj5C6HEPd,还有一缸糖水没喝呢（Doge）,中性,中性,0.6720584545598443,0.10736517681134333,0.6720584545598443,0.22057636862881247,0.0,0.0,0,0,0,无明显情感,未明确对象,未明确方面,中性,False,
知识区,BV1jj5C6HEPd,什么时候换眼镜了？,中性,中性,0.8121445196207117,0.01619741152985076,0.8121445196207117,0.17165806884943746,0.0,0.0,0,0,0,无明显情感,未明确对象,未明确方面,中性,False,
知识区,BV1jj5C6HEPd,仅退款的喵喵小用法,中性,中性,0.5905112005717764,0.20539434596124287,0.5905112005717764,0.20409445346698063,0.0,0.0,0,0,0,无明显情感,未明确对象,未明确方面,中性,False,
知识区,BV1jj5C6HEPd,详略得当,中性,中性,0.6738648287527856,0.18144579079972187,0.6738648287527856,0.14468938044749255,0.0,0.0,0,0,0,无明显情感,未明确对象,未明确方面,中性,False,
知识区,BV1jj5C6HEPd,下期选题来了！,中性,中性,0.9235414650270025,0.0602700387914432,0.9235414650270025,0.016188496181554265,0.0,0.0,0,0,0,无明显情感,未明确对象,未明确方面,中性,False,
知识区,BV1jj5C6HEPd,摄影：君子无戏言,中性,中性,0.6654441105737197,0.17787844361736596,0.6654441105737197,0.15667744580891438,0.0,0.0,0,0,0,无明显情感,未明确对象,未明确方面,中性,False,
知识区,BV1jj5C6HEPd,省流：还有第四关,中性,中性,0.8054183089365484,0.13335320979681967,0.8054183089365484,0.06122848126663193,0.0,0.0,0,0,0,无明显情感,未明确对象,未明确方面,中性,False,
知识区,BV1jj5C6HEPd,《我来搞定死刑》,中性,中性,0.6084616420479353,0.32950104686622855,0.6084616420479353,0.06203731108583613,1.0,1.0,1,0,0,对象评价,未明确对象,未明确方面,正面,True,0.0
知识区,BV1jj5C6HEPd,这么拍能回本吗,中性,中性,0.5725627357282804,0.08872727421080434,0.5725627357282804,0.33870999006091523,0.0,0.0,0,0,0,无明显情感,未明确对象,未明确方面,中性,False,
知识区,BV1jj5C6HEPd,毕导能不能解析一下真香定律的式子？,中性,中性,0.6666280873310071,0.15740914341491305,0.6666280873310071,0.17596276925407975,1.0,1.0,1,0,0,对象评价,未明确对象,未明确方面,正面,True,0.0
知识区,BV1jj5C6HEPd,胰腺：不妙，冲我来的,中性,中性,0.8165876026654489,0.12579709225600397,0.8165876026654489,0.05761530507854708,0.0,0.0,0,0,0,无明显情感,未明确对象,未明确方面,中性,False,
知识区,BV1jj5C6HEPd,学有机的用酒精擦亚克力？,中性,中性,0.8425851541402496,0.02053340630187912,0.8425851541402496,0.13688143955787135,0.0,0.0,0,0,0,无明显情感,未明确对象,未明确方面,中性,False,
知识区,BV1jj5C6HEPd,高危职业,中性,中性,0.6738648287527856,0.18144579079972187,0.6738648287527856,0.14468938044749255,0.0,0.0,0,0,0,无明显情感,未明确对象,未明确方面,中性,False,
知识区,BV1jj5C6HEPd,不是今年水银产品已经完全退出市场了啊,中性,中性,0.567565613600519,0.13423406632270507,0.567565613600519,0.2982003200767759,0.0,0.0,0,0,0,无明显情感,未明确对象,未明确方面,中性,True,0.0
知识区,BV1jj5C6HEPd,第三季都来了,中性,中性,0.9436356650565959,0.028424844782236162,0.9436356650565959,0.027939490161167962,0.0,0.0,0,0,0,无明显情感,未明确对象,未明确方面,中性,False,
知识区,BV1jj5C6HEPd,《欲言又止》,中性,中性,0.6778336915593252,0.1831801651441017,0.6778336915593252,0.13898614329657322,0.0,0.0,0,0,0,无明显情感,未明确对象,未明确方面,中性,False,
知识区,BV1jj5C6HEPd,逆向思维一下能不能找点折射低的材料做个缸,中性,中性,0.8800046520337034,0.03152212611657341,0.8800046520337034,0.08847322184972325,0.0,0.0,0,0,0,无明显情感,未明确对象,未明确方面,中性,False,
知识区,BV1jj5C6HEPd,还有第4关？,中性,中性,0.7075162241099544,0.1331607821557106,0.7075162241099544,0.15932299373433498,0.0,0.0,0,0,0,无明显情感,未明确对象,未明确方面,中性,False,
知识区,BV1jj5C6HEPd,可以和罗翔联动了,中性,中性,0.7346230748999517,0.14787796669269318,0.7346230748999517,0.11749895840735512,1.0,1.0,1,0,0,对象评价,未明确对象,未明确方面,正面,True,0.0
知识区,BV1jj5C6HEPd,《绝命毒师》,中性,中性,0.6738648287527856,0.18144579079972187,0.6738648287527856,0.14468938044749255,0.0,0.0,0,0,0,无明显情感,未明确对象,未明确方面,中性,False,
知识区,BV1jj5C6HEPd,来，你自己说的，变锥形你自己喝了,中性,中性,0.8306284655880258,0.06074047428919499,0.8306284655880258,0.10863106012277915,0.0,0.0,0,0,0,无明显情感,未明确对象,未明确方面,中性,False,
知识区,BV1jj5C6HEPd,这仨全是管制的,中性,中性,0.47006856090267185,0.12853048522142843,0.47006856090267185,0.40140095387589964,0.0,0.0,0,0,0,无明显情感,未明确对象,未明确方面,中性,False,
知识区,BV1jj5C6HEPd,想喝直接说,中性,中性,0.8557164564655783,0.04715356397381734,0.8557164564655783,0.09712997956060447,0.0,0.0,0,0,0,无明显情感,未明确对象,未明确方面,中性,False,
知识区,BV1jj5C6HEPd,你想喝就直说,中性,中性,0.635150800759279,0.08711082664863094,0.635150800759279,0.27773837259209017,0.0,0.0,0,0,0,无明显情感,未明确对象,未明确方面,中性,False,
知识区,BV1jj5C6HEPd,缸裂了,中性,中性,0.7203528967686905,0.11838513260490219,0.7203528967686905,0.16126197062640737,0.0,0.0,0,0,0,无明显情感,未明确对象,未明确方面,中性,False,
知识区,BV1jj5C6HEPd,（细节：大厚缸还是裂着的）,中性,中性,0.9273107669921263,0.033629605556572614,0.9273107669921263,0.03905962745130111,0.0,0.0,0,0,0,无明显情感,未明确对象,未明确方面,中性,False,
知识区,BV1jj5C6HEPd,最后一期了,中性,中性,0.8089692292552012,0.08742690750119876,0.8089692292552012,0.10360386324359987,0.0,0.0,0,0,0,无明显情感,未明确对象,未明确方面,中性,False,
知识区,BV1jj5C6HEPd,《大家想象一下》,中性,中性,0.8277819169447901,0.1390104279716458,0.8277819169447901,0.03320765508356425,0.0,0.0,0,0,0,无明显情感,未明确对象,未明确方面,中性,False,
知识区,BV1jj5C6HEPd,还有合订本,中性,中性,0.8089915105659431,0.13492372195973443,0.8089915105659431,0.05608476747432255,0.0,0.0,0,0,0,无明显情感,未明确对象,未明确方面,中性,False,
知识区,BV1jj5C6HEPd,一桩化妆品造成的惨案,中性,中性,0.7446535443964235,0.1589010259336683,0.7446535443964235,0.09644542966990813,0.0,0.0,0,0,0,无明显情感,未明确对象,未明确方面,中性,False,
知识区,BV1jj5C6HEPd,细节等级都很高,中性,中性,0.6036216537168165,0.26395241215702886,0.6036216537168165,0.13242593412615464,0.0,0.0,0,0,0,无明显情感,未明确对象,未明确方面,中性,False,
知识区,BV1jj5C6HEPd,初音未来！,中性,中性,0.5405461513427576,0.3958251611718045,0.5405461513427576,0.0636286874854378,0.0,0.0,0,0,0,无明显情感,未明确对象,未明确方面,中性,False,
知识区,BV1jj5C6HEPd,另外你刚才说的要是这瓜不熟，你自己把它吞了,中性,中性,0.7392571782985299,0.11454151835475423,0.7392571782985299,0.14620130334671597,0.0,0.0,0,0,0,无明显情感,未明确对象,未明确方面,中性,False,
知识区,BV1jj5C6HEPd,亚克力材质怕酒精，只要一涂抹就会碎,中性,中性,0.7626854285677332,0.07576562760651818,0.7626854285677332,0.16154894382574847,0.0,0.0,0,0,0,无明显情感,未明确对象,未明确方面,中性,False,
知识区,BV1jj5C6HEPd,试试铟镓锡吧,中性,中性,0.6087449215209264,0.12678296801529437,0.6087449215209264,0.2644721104637793,0.0,0.0,0,0,0,无明显情感,未明确对象,未明确方面,中性,False,
知识区,BV1jj5C6HEPd,这不求曲线方程吗？这能忍得住？,中性,中性,0.7185864129485897,0.03997884720505178,0.7185864129485897,0.24143473984635844,0.0,0.0,0,0,0,无明显情感,未明确对象,未明确方面,中性,False,
知识区,BV1jj5C6HEPd,旧的撇了,中性,中性,0.5824055038332391,0.14126329436329346,0.5824055038332391,0.2763312018034674,0.0,0.0,0,0,0,无明显情感,未明确对象,未明确方面,中性,False,
知识区,BV1jj5C6HEPd,每日押韵（1/1）,中性,中性,0.8174098944111818,0.13789810995816837,0.8174098944111818,0.04469199563064967,0.0,0.0,0,0,0,无明显情感,未明确对象,未明确方面,中性,False,
知识区,BV1jj5C6HEPd,<(ºOº)>,中性,中性,0.6778336915593252,0.1831801651441017,0.6778336915593252,0.13898614329657322,0.0,0.0,0,0,0,无明显情感,未明确对象,未明确方面,中性,False,
知识区,BV1jj5C6HEPd,嗯，其实你可以买很多个体温计，然后打碎,中性,中性,0.6801576791243432,0.1698775322505023,0.6801576791243432,0.14996478862515433,1.0,1.0,1,0,0,对象评价,未明确对象,未明确方面,正面,True,0.0
知识区,BV1jj5C6HEPd,《每日死刑》,中性,中性,0.6738648287527856,0.18144579079972187,0.6738648287527856,0.14468938044749255,0.0,0.0,0,0,0,无明显情感,未明确对象,未明确方面,中性,False,
知识区,BV1jj5C6HEPd,谁说没有完美犯罪？,中性,中性,0.5834479899137361,0.1291836781727993,0.5834479899137361,0.28736833191346456,1.0,1.0,1,0,0,对象评价,未明确对象,未明确方面,正面,True,0.0
知识区,BV1jj5C6HEPd,不可以直接把碘固体升华吗？,中性,中性,0.7617479575810816,0.009819200762347385,0.7617479575810816,0.22843284165657096,-1.0,-1.0,0,1,0,对象评价,未明确对象,未明确方面,负面,True,0.0
知识区,BV1jj5C6HEPd,那你之前还买氟锑酸。,中性,中性,0.5409979585835935,0.1461541807223919,0.5409979585835935,0.31284786069401455,0.0,0.0,0,0,0,无明显情感,未明确对象,未明确方面,中性,False,
知识区,BV1jj5C6HEPd,学过小学二年级化学的都知道亚克力俗称有机玻璃，酒精是极性有机溶剂，所以酒精分子会渗入溶胀亚克力表层,中性,中性,0.7822618136770914,0.024610762638197767,0.7822618136770914,0.19312742368471086,0.0,0.0,0,0,0,无明显情感,未明确对象,未明确方面,中性,False,
知识区,BV1jj5C6HEPd,你之前那期三大强酸视频怎么做的,中性,中性,0.7408885797450828,0.10090155443579694,0.7408885797450828,0.15820986581912017,0.0,0.0,0,0,0,无明显情感,视频内容,未明确方面,中性,False,
知识区,BV1jj5C6HEPd,卖胰岛素的涨价了,中性,中性,0.5752039237151165,0.13900951016221316,0.5752039237151165,0.2857865661226703,0.0,0.0,0,0,0,无明显情感,未明确对象,未明确方面,中性,False,
知识区,BV1jj5C6HEPd,另外你说的，这糖水要是锥形，你自己喝了它,中性,中性,0.5277582074761406,0.10143859903413073,0.5277582074761406,0.3708031934897288,0.0,0.0,0,0,0,无明显情感,未明确对象,未明确方面,中性,True,0.0
知识区,BV1jj5C6HEPd,谁说没有完美犯罪,中性,中性,0.6285900381892497,0.20874037912567003,0.6285900381892497,0.16266958268508008,1.0,1.0,1,0,0,对象评价,未明确对象,未明确方面,正面,True,0.0
知识区,BV1jj5C6HEPd,可以用这种方式追踪浓度了,中性,中性,0.8022314009642846,0.17462400559007218,0.8022314009642846,0.02314459344564318,1.0,1.0,1,0,0,对象评价,未明确对象,未明确方面,正面,True,0.0
知识区,BV1jj5C6HEPd,ζ(s)=∏(1−p^(-s))^(-1)=∑(n=1→∞)n^(-s)=lim(N→∞)[∑(k=1→N)k^(-s)+N^(1-s)/(s-1)-1/2·N^(-s)+∑(m=1→∞)B2m/(2,中性,中性,0.7568146359930934,0.17733202289433575,0.7568146359930934,0.06585334111257092,0.0,0.0,0,0,0,无明显情感,未明确对象,未明确方面,中性,False,
知识区,BV1jj5C6HEPd,多买几个体温计,中性,中性,0.44968204239451265,0.1461695937513655,0.44968204239451265,0.40414836385412184,0.0,0.0,0,0,0,无明显情感,未明确对象,未明确方面,中性,False,
知识区,BV1jj5C6HEPd,好像液态的环氧树脂e51是在23摄氏度1.57左右,中性,中性,0.7072706090896126,0.08606400545634159,0.7072706090896126,0.20666538545404572,0.0,0.0,0,0,0,无明显情感,未明确对象,未明确方面,中性,False,
知识区,BV1jj5C6HEPd,氟化氢钾不贵的，电解制氟气也行,中性,中性,0.6284712066523865,0.2368368635015994,0.6284712066523865,0.1346919298460141,0.0,0.0,0,0,0,无明显情感,未明确对象,未明确方面,中性,True,0.0
知识区,BV1jj5C6HEPd,其实就是边上的糖更容易溶解，然后起了一个凸的屋顶一样，如果矮处看 ，那屋顶会被遮住,中性,中性,0.5789140503186141,0.10490267000900595,0.5789140503186141,0.31618327967237997,0.0,0.0,0,0,0,无明显情感,未明确对象,未明确方面,中性,True,0.0
知识区,BV1jj5C6HEPd,《CS2》,中性,中性,0.6778336915593252,0.1831801651441017,0.6778336915593252,0.13898614329657322,0.0,0.0,0,0,0,无明显情感,未明确对象,未明确方面,中性,False,
知识区,BV1jj5C6HEPd,BGM：Shop-Toby Fox,中性,中性,0.7532688620245311,0.15807720376806303,0.7532688620245311,0.08865393420740593,0.0,0.0,0,0,0,无明显情感,未明确对象,未明确方面,中性,False,
知识区,BV1jj5C6HEPd,买水银温度计,中性,中性,0.7980652693526837,0.09471584126777875,0.7980652693526837,0.10721888937953745,0.0,0.0,0,0,0,无明显情感,未明确对象,未明确方面,中性,False,
知识区,BV1jj5C6HEPd,会腐蚀大厚缸,中性,中性,0.8998203687127797,0.06288636171404645,0.8998203687127797,0.03729326957317382,0.0,0.0,0,0,0,无明显情感,未明确对象,未明确方面,中性,True,0.0
知识区,BV1jj5C6HEPd,买一千个水印温度计doge,中性,中性,0.6674539020206031,0.11650861182880205,0.6674539020206031,0.2160374861505948,0.0,0.0,0,0,0,无明显情感,未明确对象,未明确方面,中性,False,
知识区,BV1jj5C6HEPd,还有伏笔,中性,中性,0.8089915105659431,0.13492372195973443,0.8089915105659431,0.05608476747432255,0.0,0.0,0,0,0,无明显情感,未明确对象,未明确方面,中性,False,
知识区,BV1jj5C6HEPd,所以只能选哪个“贵”了,中性,中性,0.6947608578658353,0.055371091819126084,0.6947608578658353,0.2498680503150386,0.0,0.0,0,0,0,无明显情感,未明确对象,未明确方面,中性,False,
知识区,BV1jj5C6HEPd,停产了还有原来没卖完的库存呀，只是用一根少一根罢了,中性,负面,0.6689196778728191,0.03491616440682265,0.29616415772035826,0.6689196778728191,0.0,0.0,0,0,0,无明显情感,未明确对象,未明确方面,中性,True,0.0
知识区,BV1jj5C6HEPd,亚克力板是有机高分子，和塑料差不多，溶于酒精,中性,中性,0.6097269837261668,0.23006032180134922,0.6097269837261668,0.16021269447248376,1.0,1.0,1,0,0,对象评价,未明确对象,未明确方面,正面,True,0.0
知识区,BV1jj5C6HEPd,下期预告,中性,中性,0.6738648287527856,0.18144579079972187,0.6738648287527856,0.14468938044749255,0.0,0.0,0,0,0,无明显情感,未明确对象,未明确方面,中性,False,
知识区,BV1jj5C6HEPd,直接去网上收体温计啊,中性,中性,0.5680562129660838,0.1742381293623325,0.5680562129660838,0.2577056576715837,0.0,0.0,0,0,0,无明显情感,未明确对象,未明确方面,中性,False,
知识区,BV1jj5C6HEPd,热量得有多少啊,中性,中性,0.6147804318080787,0.11286984217707394,0.6147804318080787,0.27234972601484736,0.0,0.0,0,0,0,无明显情感,未明确对象,未明确方面,中性,False,
知识区,BV1jj5C6HEPd,还有摘要,中性,中性,0.8089915105659431,0.13492372195973443,0.8089915105659431,0.05608476747432255,0.0,0.0,0,0,0,无明显情感,未明确对象,未明确方面,中性,False,
知识区,BV1jj5C6HEPd,还有第二关,中性,中性,0.8072519211289808,0.1341443080091308,0.8072519211289808,0.05860377086188845,0.0,0.0,0,0,0,无明显情感,未明确对象,未明确方面,中性,False,
知识区,BV1jj5C6HEPd,完了再倒回去,中性,中性,0.5314116533094327,0.13914755576753726,0.5314116533094327,0.3294407909230301,-1.0,-1.0,0,1,0,对象评价,未明确对象,未明确方面,负面,True,0.0
知识区,BV1jj5C6HEPd,体温计:？？？,中性,中性,0.6867623138695562,0.06144691239396329,0.6867623138695562,0.2517907737364805,0.0,0.0,0,0,0,无明显情感,未明确对象,未明确方面,中性,False,
知识区,BV1jj5C6HEPd,多找些水银温度计,中性,中性,0.8453582160071793,0.10713644699779601,0.8453582160071793,0.04750533699502461,0.0,0.0,0,0,0,无明显情感,未明确对象,未明确方面,中性,False,
知识区,BV1jj5C6HEPd,“等一下”,中性,中性,0.882365783759282,0.07662376454223628,0.882365783759282,0.04101045169848178,0.0,0.0,0,0,0,无明显情感,未明确对象,未明确方面,中性,False,
知识区,BV1jj5C6HEPd,毕导十六,中性,中性,0.6738648287527856,0.18144579079972187,0.6738648287527856,0.14468938044749255,0.0,0.0,0,0,0,无明显情感,未明确对象,未明确方面,中性,False,
知识区,BV1jj5C6HEPd,就不能搞个无毒的吗(手动狗头),中性,中性,0.8243166346529962,0.039673598604692266,0.8243166346529962,0.13600976674231147,0.0,0.0,0,0,0,无明显情感,未明确对象,未明确方面,中性,False,
知识区,BV1jj5C6HEPd,miyavi的butterfly出现第二次啦,中性,中性,0.7489051450595158,0.11024381187824223,0.7489051450595158,0.14085104306224194,0.0,0.0,0,0,0,无明显情感,未明确对象,未明确方面,中性,False,
知识区,BV1jj5C6HEPd,up没悄咪咪骂我吧？,中性,中性,0.5795871808538575,0.0795761218013614,0.5795871808538575,0.34083669734478106,0.0,0.0,0,0,0,无明显情感,讲解者,未明确方面,中性,False,
知识区,BV1jj5C6HEPd,这不得多买点宝石把它用掉 别浪费啊,中性,中性,0.6134867966320555,0.29944506218083394,0.6134867966320555,0.08706814118711068,1.0,1.0,1,0,0,对象评价,未明确对象,未明确方面,正面,True,0.0
知识区,BV1jj5C6HEPd,bgm是miyavi的butterfly！,中性,中性,0.5484610758995863,0.38198612620014183,0.5484610758995863,0.06955279790027197,0.0,0.0,0,0,0,无明显情感,未明确对象,未明确方面,中性,False,
知识区,BV1jj5C6HEPd,为啥用酒精擦！？亚克力会炸的……,中性,中性,0.771463725557002,0.0550324450589845,0.771463725557002,0.1735038293840135,0.0,0.0,0,0,0,无明显情感,未明确对象,未明确方面,中性,False,
知识区,BV1jj5C6HEPd,希区柯克,中性,中性,0.6778336915593252,0.1831801651441017,0.6778336915593252,0.13898614329657322,0.0,0.0,0,0,0,无明显情感,未明确对象,未明确方面,中性,False,
知识区,BV1jj5C6HEPd,总不能因为法律禁止就不做了吧.jpg,中性,中性,0.6190798327251069,0.07857332031461389,0.6190798327251069,0.30234684696027925,0.0,0.0,0,0,0,无明显情感,未明确对象,未明确方面,中性,True,0.0
知识区,BV1jj5C6HEPd,《也》,中性,中性,0.5753441122985906,0.13570053862058323,0.5753441122985906,0.28895534908082626,0.0,0.0,0,0,0,无明显情感,未明确对象,未明确方面,中性,False,
知识区,BV1jj5C6HEPd,去找个大学实验室合作一下啦,中性,中性,0.802697009500895,0.09416377003101903,0.802697009500895,0.103139220468086,0.0,0.0,0,0,0,无明显情感,未明确对象,未明确方面,中性,False,
知识区,BV1jj5C6HEPd,吸铁石，还有你说的变锥形你喝了它,中性,中性,0.7271001969155394,0.07289686353475712,0.7271001969155394,0.2000029395497035,0.0,0.0,0,0,0,无明显情感,未明确对象,未明确方面,中性,False,
知识区,BV1jj5C6HEPd,这是折射率，等等还有个大boss阿贝数,中性,中性,0.7597502956685778,0.08788286785463263,0.7597502956685778,0.1523668364767896,0.0,0.0,0,0,0,无明显情感,未明确对象,未明确方面,中性,False,
知识区,BV1jj5C6HEPd,拿ai生成一个效果看看,中性,中性,0.5856897205955006,0.12774418340224616,0.5856897205955006,0.2865660960022532,0.0,0.0,0,0,0,无明显情感,未明确对象,未明确方面,中性,False,
知识区,BV1jj5C6HEPd,谁把我化学有机大题搬过来了,中性,中性,0.5796066024291465,0.07508490030815476,0.5796066024291465,0.3453084972626988,0.0,0.0,0,0,0,无明显情感,未明确对象,未明确方面,中性,False,
知识区,BV1jj5C6HEPd,nice boat,中性,中性,0.6778336915593252,0.1831801651441017,0.6778336915593252,0.13898614329657322,0.0,0.0,0,0,0,无明显情感,未明确对象,未明确方面,中性,False,
知识区,BV1jj5C6HEPd,制备可以,中性,中性,0.6665665021635852,0.2143030676788556,0.6665665021635852,0.11913043015755927,1.0,1.0,1,0,0,对象评价,未明确对象,未明确方面,正面,True,0.0
知识区,BV1jj5C6HEPd,喝啊！你为什么不喝！！！！！,中性,中性,0.45716527427947534,0.1471500104133559,0.45716527427947534,0.3956847153071687,0.0,0.0,0,0,0,无明显情感,未明确对象,未明确方面,中性,False,
知识区,BV1jj5C6HEPd,和罗老师联动一下,中性,中性,0.8768823114710017,0.0805210645589831,0.8768823114710017,0.04259662397001498,0.0,0.0,0,0,0,无明显情感,讲解者,未明确方面,中性,False,
知识区,BV1jj5C6HEPd,好像日语（doge,中性,中性,0.7811771045892838,0.12947070654598444,0.7811771045892838,0.0893521888647318,0.0,0.0,0,0,0,无明显情感,未明确对象,未明确方面,中性,False,
知识区,BV1jj5C6HEPd,注意大后方的裂纹后面要考,中性,中性,0.6965735736945724,0.16691657516193495,0.6965735736945724,0.13650985114349248,0.0,0.0,0,0,0,无明显情感,未明确对象,未明确方面,中性,True,0.0
知识区,BV1jj5C6HEPd,直接去买几个体温计,中性,中性,0.6012532234878619,0.1166599175606216,0.6012532234878619,0.2820868589515165,0.0,0.0,0,0,0,无明显情感,未明确对象,未明确方面,中性,False,
知识区,BV1jj5C6HEPd,但是可以买到朱砂,中性,中性,0.7501583452911035,0.147783932175992,0.7501583452911035,0.10205772253290457,1.55,1.55,1,0,0,对象评价,未明确对象,未明确方面,正面,True,0.0
知识区,BV1jj5C6HEPd,仙人之兮列如麻,中性,中性,0.6697359046476931,0.17967866153710305,0.6697359046476931,0.15058543381520384,0.0,0.0,0,0,0,无明显情感,未明确对象,未明确方面,中性,False,
知识区,BV1jj5C6HEPd,想喝直说。,中性,中性,0.7705146974244664,0.1068476739197168,0.7705146974244664,0.1226376286558168,0.0,0.0,0,0,0,无明显情感,未明确对象,未明确方面,中性,False,
知识区,BV1jj5C6HEPd,搞点镓或者低温合金,中性,中性,0.6609868144823405,0.17604485809061587,0.6609868144823405,0.16296832742704365,0.0,0.0,0,0,0,无明显情感,未明确对象,未明确方面,中性,False,
知识区,BV1jj5C6HEPd,胰岛B细胞：这把高端局,中性,中性,0.561954913794713,0.2253380502782497,0.561954913794713,0.21270703592703732,0.0,0.0,0,0,0,无明显情感,未明确对象,未明确方面,中性,True,0.0
知识区,BV1jj5C6HEPd,你倒是喝呀,中性,中性,0.5243938173581854,0.10444449773826565,0.5243938173581854,0.3711616849035489,0.0,0.0,0,0,0,无明显情感,未明确对象,未明确方面,中性,False,
知识区,BV1jj5C6HEPd,？？？初音未来？,中性,中性,0.5320149533810822,0.03434628501571104,0.5320149533810822,0.4336387616032067,0.0,0.0,0,0,0,无明显情感,未明确对象,未明确方面,中性,True,0.0
知识区,BV1jj5C6HEPd,洁厕灵和八四不就行了吗,中性,中性,0.8571693835790184,0.029095080120344965,0.8571693835790184,0.11373553630063676,0.0,0.0,0,0,0,无明显情感,未明确对象,未明确方面,中性,False,
知识区,BV1jj5C6HEPd,346人,中性,中性,0.8800963337603486,0.09793112993657371,0.8800963337603486,0.021972536303077744,0.0,0.0,0,0,0,无明显情感,未明确对象,未明确方面,中性,False,
知识区,BV1jj5C6HEPd,咋还跟王司徒和董太师联动了,中性,中性,0.7020256480286033,0.11189008343606392,0.7020256480286033,0.18608426853533278,0.0,0.0,0,0,0,无明显情感,未明确对象,未明确方面,中性,False,
知识区,BV1jj5C6HEPd,水银温度计停售了,中性,中性,0.7780154221892172,0.10742294022055981,0.7780154221892172,0.11456163759022302,0.0,0.0,0,0,0,无明显情感,未明确对象,未明确方面,中性,False,
知识区,BV1jj5C6HEPd,到了擅长的化学了,中性,中性,0.863093591323832,0.06494547322913821,0.863093591323832,0.07196093544702976,0.0,0.0,0,0,0,无明显情感,未明确对象,未明确方面,中性,False,
知识区,BV1jj5C6HEPd,我去，初音未来的蔬菜汁！,中性,中性,0.5081559034155815,0.4286193145847408,0.5081559034155815,0.06322478199967774,0.0,0.0,0,0,0,无明显情感,未明确对象,未明确方面,中性,False,
知识区,BV1jj5C6HEPd,电解饱和食盐水。,中性,中性,0.6252321616619579,0.23022862953175008,0.6252321616619579,0.14453920880629204,0.0,0.0,0,0,0,无明显情感,未明确对象,未明确方面,中性,False,
知识区,BV1jj5C6HEPd,bgm是Butterfly，《异度侵入》里洞哥的小曲,中性,中性,0.6718178964013977,0.18256548803775272,0.6718178964013977,0.14561661556084954,0.0,0.0,0,0,0,无明显情感,未明确对象,未明确方面,中性,False,
知识区,BV1jj5C6HEPd,其他平台没人问吗,中性,中性,0.8294682763823827,0.09551874389333874,0.8294682763823827,0.07501297972427853,0.0,0.0,0,0,0,无明显情感,未明确对象,未明确方面,中性,False,
知识区,BV1jj5C6HEPd,去学校啊,中性,中性,0.5039964174643685,0.20802914213579607,0.5039964174643685,0.28797444039983544,0.0,0.0,0,0,0,无明显情感,未明确对象,未明确方面,中性,False,
知识区,BV1jj5C6HEPd,养乐多。,中性,中性,0.6322148117614866,0.2345011937944512,0.6322148117614866,0.1332839944440622,0.0,0.0,0,0,0,无明显情感,未明确对象,未明确方面,中性,False,
知识区,BV1jj5C6HEPd,水银体温计可不可以看成是mini版的大厚缸？,中性,中性,0.8043945450542743,0.011025067095000495,0.8043945450542743,0.1845803878507252,-1.0,-1.0,0,1,0,对象评价,未明确对象,未明确方面,负面,True,0.0
知识区,BV1jj5C6HEPd,每日amazine(-1/1),中性,中性,0.7668189181790948,0.17260360479961442,0.7668189181790948,0.06057747702129094,0.0,0.0,0,0,0,无明显情感,未明确对象,未明确方面,中性,False,
知识区,BV1jj5C6HEPd,《四氯化碳呢？》,中性,中性,0.47030468790133667,0.05999200709902278,0.47030468790133667,0.46970330499964064,0.0,0.0,0,0,0,无明显情感,未明确对象,未明确方面,中性,False,
知识区,BV1jj5C6HEPd,买200根温度计,中性,中性,0.6575528551535861,0.15891582212736716,0.6575528551535861,0.18353132271904685,0.0,0.0,0,0,0,无明显情感,未明确对象,未明确方面,中性,False,
知识区,BV1jj5C6HEPd,依旧一个视频打n个补丁。,中性,中性,0.4576982709265688,0.25660917575619047,0.4576982709265688,0.28569255331724064,0.0,0.0,0,0,0,无明显情感,视频内容,未明确方面,中性,False,
知识区,BV1jj5C6HEPd,还有DLC！,中性,中性,0.5870626054955347,0.3801208986331414,0.5870626054955347,0.032816495871323924,0.0,0.0,0,0,0,无明显情感,未明确对象,未明确方面,中性,False,
知识区,BV1jj5C6HEPd,要么又有毒又很贵,中性,中性,0.4722377764334297,0.13742266555087537,0.4722377764334297,0.3903395580156949,0.0,0.0,0,0,0,无明显情感,未明确对象,未明确方面,中性,False,
知识区,BV1jj5C6HEPd,买一百支温度计（,中性,中性,0.6493095050383084,0.11694991540478399,0.6493095050383084,0.2337405795569076,0.0,0.0,0,0,0,无明显情感,未明确对象,未明确方面,中性,False,
知识区,BV1jj5C6HEPd,诶？云朵～,中性,中性,0.7149959167405132,0.09910216279344349,0.7149959167405132,0.18590192046604329,0.0,0.0,0,0,0,无明显情感,未明确对象,未明确方面,中性,False,
知识区,BV1jj5C6HEPd,可汗大点兵,中性,中性,0.6697359046476931,0.17967866153710305,0.6697359046476931,0.15058543381520384,0.0,0.0,0,0,0,无明显情感,未明确对象,未明确方面,中性,False,
知识区,BV1jj5C6HEPd,电解饱和食盐水生成氯气加氢气和氢氧化钠溶液不得了,中性,中性,0.7936043307664625,0.09382350683342766,0.7936043307664625,0.11257216240010984,0.0,0.0,0,0,0,无明显情感,未明确对象,未明确方面,中性,False,
知识区,BV1jj5C6HEPd,这个系列能出到第三集在座的各位——,中性,中性,0.7344104934740349,0.12505763450007606,0.7344104934740349,0.14053187202588913,0.0,0.0,0,0,0,无明显情感,未明确对象,未明确方面,中性,False,
知识区,BV1jj5C6HEPd,难道不是因为你拿来泡面了么,中性,中性,0.7970942615102172,0.045392806356968636,0.7970942615102172,0.15751293213281403,0.0,0.0,0,0,0,无明显情感,未明确对象,理解与难度,中性,False,
知识区,BV1jj5C6HEPd,巩辉老师物理课实时观看,中性,中性,0.4707402829171143,0.44034967352385446,0.4707402829171143,0.08891004355903123,0.0,0.0,0,0,0,无明显情感,讲解者,未明确方面,中性,False,
知识区,BV1jj5C6HEPd,旧的在手里,中性,中性,0.5783168734466501,0.09149392095418761,0.5783168734466501,0.3301892055991623,0.0,0.0,0,0,0,无明显情感,未明确对象,未明确方面,中性,False,
知识区,BV1jj5C6HEPd,啊？,中性,中性,0.4552311804244456,0.18819922857408067,0.4552311804244456,0.35656959100147373,0.0,0.0,0,0,0,无明显情感,未明确对象,未明确方面,中性,True,0.0
知识区,BV1jj5C6HEPd,气体不放大应该是可以推倒出来的所以……这种厚壁类的容器是其实是在卖气?,中性,中性,0.6784470711558013,0.042665878988440285,0.6784470711558013,0.27888704985575846,1.0,1.0,1,0,0,对象评价,未明确对象,未明确方面,正面,True,0.0
知识区,BV1jj5C6HEPd,商家：嗨嗨嗨,中性,中性,0.6654441105737197,0.17787844361736596,0.6654441105737197,0.15667744580891438,0.0,0.0,0,0,0,无明显情感,未明确对象,未明确方面,中性,False,
知识区,BV1jj5C6HEPd,白雾的确是液体，但是该实验中可以视为气体,中性,中性,0.5558033110596687,0.20795064368185245,0.5558033110596687,0.2362460452584788,1.55,1.55,1,0,0,对象评价,未明确对象,未明确方面,正面,True,0.0
知识区,BV1jj5C6HEPd,那汞呢,中性,中性,0.44089790177850013,0.14566976453662253,0.44089790177850013,0.4134323336848774,0.0,0.0,0,0,0,无明显情感,未明确对象,未明确方面,中性,False,
知识区,BV1jj5C6HEPd,对,中性,中性,0.6204880327212028,0.17320074436238314,0.6204880327212028,0.20631122291641407,0.0,0.0,0,0,0,无明显情感,未明确对象,未明确方面,中性,True,0.0
知识区,BV1jj5C6HEPd,气氛JOJO起来,中性,中性,0.633706999635231,0.11429893143080695,0.633706999635231,0.2519940689339619,0.0,0.0,0,0,0,无明显情感,未明确对象,未明确方面,中性,False,
知识区,BV1jj5C6HEPd,都是绝命毒师啊,中性,中性,0.490693103744123,0.14911572066707662,0.490693103744123,0.3601911755888003,0.0,0.0,0,0,0,无明显情感,未明确对象,未明确方面,中性,False,
知识区,BV1jj5C6HEPd,三强酸齐活了,中性,中性,0.6710180218721938,0.10709923764023795,0.6710180218721938,0.22188274048756823,0.0,0.0,0,0,0,无明显情感,未明确对象,未明确方面,中性,False,
知识区,BV1jj5C6HEPd,依旧骗吃骗喝,中性,中性,0.6738648287527856,0.18144579079972187,0.6738648287527856,0.14468938044749255,0.0,0.0,0,0,0,无明显情感,未明确对象,未明确方面,中性,False,
知识区,BV1jj5C6HEPd,依旧化学老师,中性,中性,0.5601479818362828,0.33032909869146226,0.5601479818362828,0.10952291947225502,0.0,0.0,0,0,0,无明显情感,讲解者,未明确方面,中性,False,
知识区,BV1jj5C6HEPd,还有第五关,中性,中性,0.8072519211289808,0.1341443080091308,0.8072519211289808,0.05860377086188845,0.0,0.0,0,0,0,无明显情感,未明确对象,未明确方面,中性,False,
知识区,BV1jj5C6HEPd,喝,中性,中性,0.8834687715091952,0.065307081476012,0.8834687715091952,0.05122414701479265,0.0,0.0,0,0,0,无明显情感,未明确对象,未明确方面,中性,False,
知识区,BV1jj5C6HEPd,oh,中性,中性,0.6778336915593252,0.1831801651441017,0.6778336915593252,0.13898614329657322,0.0,0.0,0,0,0,无明显情感,未明确对象,未明确方面,中性,False,
知识区,BV1jj5C6HEPd,买几个水银温度计,中性,中性,0.6055856429120815,0.10446796397680319,0.6055856429120815,0.2899463931111152,0.0,0.0,0,0,0,无明显情感,未明确对象,未明确方面,中性,True,0.0
知识区,BV1jj5C6HEPd,这不是浸润吗？,中性,中性,0.6553545175831653,0.028300345735210446,0.6553545175831653,0.3163451366816242,0.0,0.0,0,0,0,无明显情感,未明确对象,未明确方面,中性,False,
知识区,BV1jj5C6HEPd,喝！喝！喝！,中性,中性,0.7075401221750002,0.25791585463798306,0.7075401221750002,0.03454402318701688,0.0,0.0,0,0,0,无明显情感,未明确对象,未明确方面,中性,False,
知识区,BV1jj5C6HEPd,斥巨资,中性,中性,0.6738648287527856,0.18144579079972187,0.6738648287527856,0.14468938044749255,0.0,0.0,0,0,0,无明显情感,未明确对象,未明确方面,中性,False,
知识区,BV1jj5C6HEPd,备案可以买,中性,中性,0.701519818430506,0.18380104180551404,0.701519818430506,0.11467913976397992,1.0,1.0,1,0,0,对象评价,未明确对象,未明确方面,正面,True,0.0
知识区,BV1jj5C6HEPd,专选,中性,中性,0.6778336915593252,0.1831801651441017,0.6778336915593252,0.13898614329657322,0.0,0.0,0,0,0,无明显情感,未明确对象,未明确方面,中性,False,
知识区,BV1jj5C6HEPd,你是谁呀,中性,中性,0.5236008290261148,0.08873945500495597,0.5236008290261148,0.38765971596892923,0.0,0.0,0,0,0,无明显情感,未明确对象,未明确方面,中性,False,
知识区,BV1jj5C6HEPd,水哪有蓝的？,中性,中性,0.6554815522143279,0.05555195607387264,0.6554815522143279,0.2889664917117994,0.0,0.0,0,0,0,无明显情感,未明确对象,未明确方面,中性,False,
知识区,BV1jj5C6HEPd,？！说唱？！,中性,正面,0.5517082573093676,0.5517082573093676,0.3678073260270338,0.0804844166635986,0.0,0.0,0,0,0,无明显情感,未明确对象,未明确方面,中性,True,0.0
知识区,BV1jj5C6HEPd,能不能找点好气体,中性,中性,0.527728373359239,0.16562620747733606,0.527728373359239,0.30664541916342497,0.0,0.0,0,0,0,无明显情感,未明确对象,未明确方面,中性,True,0.0
知识区,BV1jj5C6HEPd,奖励自己是吧？,中性,中性,0.9033645505344593,0.029439576686126963,0.9033645505344593,0.06719587277941372,0.0,0.0,0,0,0,无明显情感,未明确对象,未明确方面,中性,False,
知识区,BV1jj5C6HEPd,我也要死吗……,中性,中性,0.7209094730824207,0.07555138152065309,0.7209094730824207,0.20353914539692614,0.0,0.0,0,0,0,无明显情感,未明确对象,未明确方面,中性,False,
知识区,BV1jj5C6HEPd,喝！,中性,中性,0.7502571166604878,0.21047138289325898,0.7502571166604878,0.03927150044625333,0.0,0.0,0,0,0,无明显情感,未明确对象,未明确方面,中性,False,
知识区,BV1jj5C6HEPd,？！锥锥！？,中性,中性,0.5160390321268632,0.4000077990737747,0.5160390321268632,0.08395316879936214,0.0,0.0,0,0,0,无明显情感,未明确对象,未明确方面,中性,True,0.0
知识区,BV1jj5C6HEPd,别废话，赶紧喝,中性,中性,0.5017767154098969,0.3981962421806854,0.5017767154098969,0.10002704240941768,1.0,1.0,1,0,0,对象评价,未明确对象,未明确方面,正面,True,0.0
知识区,BV1jj5C6HEPd,《浓》,中性,中性,0.6778336915593252,0.1831801651441017,0.6778336915593252,0.13898614329657322,0.0,0.0,0,0,0,无明显情感,未明确对象,未明确方面,中性,False,
知识区,BV1jj5C6HEPd,噗…全是管制的吧,中性,中性,0.7412431618556364,0.08717065483249652,0.7412431618556364,0.17158618331186698,0.0,0.0,0,0,0,无明显情感,未明确对象,未明确方面,中性,False,
知识区,BV1jj5C6HEPd,毕导毕导，你上次的氟锑酸是怎么买到的,中性,负面,0.49278949222759283,0.06468244824758648,0.44252805952482066,0.49278949222759283,0.0,0.0,0,0,0,无明显情感,未明确对象,未明确方面,中性,True,0.0
知识区,BV1jj5C6HEPd,洁厕灵加84可以合成氯气。,中性,中性,0.6552624848325267,0.2765698596060205,0.6552624848325267,0.06816765556145295,1.0,1.0,1,0,0,对象评价,未明确对象,未明确方面,正面,True,0.0
知识区,BV1jj5C6HEPd,看视频也要死么？,中性,中性,0.5832194985857186,0.16903545375064244,0.5832194985857186,0.24774504766363886,0.0,0.0,0,0,0,无明显情感,视频内容,未明确方面,中性,False,
知识区,BV1jj5C6HEPd,赶快枪毙,中性,中性,0.6738648287527856,0.18144579079972187,0.6738648287527856,0.14468938044749255,0.0,0.0,0,0,0,无明显情感,未明确对象,未明确方面,中性,False,
知识区,BV1jj5C6HEPd,易制爆化学品,中性,中性,0.6697359046476931,0.17967866153710305,0.6697359046476931,0.15058543381520384,0.0,0.0,0,0,0,无明显情感,未明确对象,未明确方面,中性,False,
知识区,BV1jj5C6HEPd,乐，你还能死两次,中性,中性,0.5134471914970223,0.26267983050547594,0.5134471914970223,0.22387297799750175,0.0,0.0,0,0,0,无明显情感,未明确对象,未明确方面,中性,False,
知识区,BV1jj5C6HEPd,来，直播喝,中性,中性,0.8296083011219292,0.07329118849390907,0.8296083011219292,0.09710051038416169,0.0,0.0,0,0,0,无明显情感,未明确对象,未明确方面,中性,False,
知识区,BV1jj5C6HEPd,好船,中性,中性,0.6778336915593252,0.1831801651441017,0.6778336915593252,0.13898614329657322,0.0,0.0,0,0,0,无明显情感,未明确对象,未明确方面,中性,False,
知识区,BV1jj5C6HEPd,忽远忽近,中性,中性,0.6738648287527856,0.18144579079972187,0.6738648287527856,0.14468938044749255,0.0,0.0,0,0,0,无明显情感,未明确对象,未明确方面,中性,False,
知识区,BV1jj5C6HEPd,蓝色的→硫酸铜溶液,中性,中性,0.7474673597029599,0.1600832377258351,0.7474673597029599,0.092449402571205,0.0,0.0,0,0,0,无明显情感,未明确对象,未明确方面,中性,False,
知识区,BV1jj5C6HEPd,为科学献身,中性,中性,0.7796500785779245,0.1253196437685124,0.7796500785779245,0.09503027765356313,0.0,0.0,0,0,0,无明显情感,未明确对象,未明确方面,中性,False,
知识区,BV1jj5C6HEPd,快请拉瓦锡来,中性,中性,0.6757579989467385,0.11143068646481152,0.6757579989467385,0.21281131458844996,0.0,0.0,0,0,0,无明显情感,未明确对象,未明确方面,中性,False,
知识区,BV1jj5C6HEPd,什么背景音乐,中性,中性,0.9207095204397909,0.029547071653021097,0.9207095204397909,0.04974340790718799,0.0,0.0,0,0,0,无明显情感,未明确对象,未明确方面,中性,False,
知识区,BV1jj5C6HEPd,中间和边缘的溶解梯度不一样，构成球面镜,中性,中性,0.5285098520216952,0.07802903339347333,0.5285098520216952,0.39346111458483146,0.0,0.0,0,0,0,无明显情感,未明确对象,未明确方面,中性,False,
知识区,BV1jj5C6HEPd,我来搞定无酸纸,中性,中性,0.6084616420479353,0.32950104686622855,0.6084616420479353,0.06203731108583613,1.0,1.0,1,0,0,对象评价,未明确对象,未明确方面,正面,True,0.0
知识区,BV1jj5C6HEPd,温度计,中性,中性,0.6778336915593252,0.1831801651441017,0.6778336915593252,0.13898614329657322,0.0,0.0,0,0,0,无明显情感,未明确对象,未明确方面,中性,False,
知识区,BV1jj5C6HEPd,是UFO!,中性,中性,0.5700204150634878,0.3194412273343171,0.5700204150634878,0.11053835760219528,0.0,0.0,0,0,0,无明显情感,未明确对象,未明确方面,中性,False,
知识区,BV1jj5C6HEPd,咬牙切齿,中性,中性,0.6778336915593252,0.1831801651441017,0.6778336915593252,0.13898614329657322,0.0,0.0,0,0,0,无明显情感,未明确对象,未明确方面,中性,False,
知识区,BV1jj5C6HEPd,咋还涨了80,中性,中性,0.4764432576795791,0.161709238964966,0.4764432576795791,0.3618475033554548,0.0,0.0,0,0,0,无明显情感,未明确对象,未明确方面,中性,False,
知识区,BV1jj5C6HEPd,@转转，都快说出来了，神秘眼镜女,中性,负面,0.44482978373986054,0.11457138370756911,0.4405988325525703,0.44482978373986054,0.0,0.0,0,0,0,无明显情感,未明确对象,未明确方面,中性,True,0.0
知识区,BV1jj5C6HEPd,血糖爆炸,中性,中性,0.6967764091936617,0.1899729259370365,0.6967764091936617,0.11325066486930184,0.0,0.0,0,0,0,无明显情感,未明确对象,未明确方面,中性,False,
知识区,BV1jj5C6HEPd,明明就是大了1毫米！,中性,中性,0.7533472998798751,0.13432153316594628,0.7533472998798751,0.11233116695417851,0.0,0.0,0,0,0,无明显情感,未明确对象,未明确方面,中性,False,
知识区,BV1jj5C6HEPd,海市蜃楼,中性,中性,0.6778336915593252,0.1831801651441017,0.6778336915593252,0.13898614329657322,0.0,0.0,0,0,0,无明显情感,未明确对象,未明确方面,中性,False,
知识区,BV1jj5C6HEPd,卖家：怪东西的复购率,中性,中性,0.744703273928194,0.13532627198290154,0.744703273928194,0.11997045408890447,0.0,0.0,0,0,0,无明显情感,未明确对象,未明确方面,中性,False,
知识区,BV1jj5C6HEPd,可以用苯，苯毒性相对较小而且不会爆炸,中性,中性,0.8990027887612118,0.06764055277106977,0.8990027887612118,0.03335665846771841,0.0,0.0,1,1,1,对象评价,未明确对象,未明确方面,混合,True,0.0
知识区,BV1jj5C6HEPd,<(ºOº)> <(ºOº)> <(ºOº)> <(ºOº)> <(ºOº)> <(ºOº)> <(ºOº)> <(ºOº)> <(ºOº)> <(ºOº)> <(ºOº)> <(ºOº)>,中性,中性,0.6778336915593252,0.1831801651441017,0.6778336915593252,0.13898614329657322,0.0,0.0,0,0,0,无明显情感,未明确对象,未明确方面,中性,False,
知识区,BV1jj5C6HEPd,UT,中性,中性,0.6778336915593252,0.1831801651441017,0.6778336915593252,0.13898614329657322,0.0,0.0,0,0,0,无明显情感,未明确对象,未明确方面,中性,False,
知识区,BV1jj5C6HEPd,你是故意找茬是吧,中性,中性,0.8031609522526513,0.06754122468625073,0.8031609522526513,0.12929782306109788,0.0,0.0,0,0,0,无明显情感,未明确对象,未明确方面,中性,False,
知识区,BV1jj5C6HEPd,泊松亮斑,中性,中性,0.6738648287527856,0.18144579079972187,0.6738648287527856,0.14468938044749255,0.0,0.0,0,0,0,无明显情感,未明确对象,未明确方面,中性,False,
知识区,BV1jj5C6HEPd,糖水呢,中性,中性,0.5193095724424743,0.10257507582733184,0.5193095724424743,0.3781153517301939,0.0,0.0,0,0,0,无明显情感,未明确对象,未明确方面,中性,False,
知识区,BV1jj5C6HEPd,还有联动,中性,中性,0.8089915105659431,0.13492372195973443,0.8089915105659431,0.05608476747432255,0.0,0.0,0,0,0,无明显情感,未明确对象,未明确方面,中性,False,
知识区,BV1jj5C6HEPd,亚克力对上酒精会应力开裂,中性,中性,0.7932492904071455,0.10933049327782501,0.7932492904071455,0.09742021631502941,0.0,0.0,0,0,0,无明显情感,未明确对象,未明确方面,中性,True,0.0
知识区,BV1jj5C6HEPd,开除摄影师,中性,中性,0.6738648287527856,0.18144579079972187,0.6738648287527856,0.14468938044749255,0.0,0.0,0,0,0,无明显情感,未明确对象,未明确方面,中性,False,
知识区,BV1jj5C6HEPd,上转转回收了(秒答),中性,中性,0.5946817077757932,0.3018072119610132,0.5946817077757932,0.10351108026319361,0.0,0.0,0,0,0,无明显情感,未明确对象,未明确方面,中性,True,0.0
知识区,BV1jj5C6HEPd,用镓也行啊，加热就行，40度就成液态了。,中性,中性,0.4847408371727657,0.1748520875642145,0.4847408371727657,0.34040707526301994,0.0,0.0,0,0,0,无明显情感,未明确对象,未明确方面,中性,True,0.0
知识区,BV1jj5C6HEPd,买水银温度计，然后摔了。,中性,中性,0.7736946046544235,0.09700512742712454,0.7736946046544235,0.1293002679184519,0.0,0.0,0,0,0,无明显情感,未明确对象,未明确方面,中性,False,
知识区,BV1jj5C6HEPd,.0,中性,中性,0.6756402774070084,0.23081046431968302,0.6756402774070084,0.09354925827330858,0.0,0.0,0,0,0,无明显情感,未明确对象,未明确方面,中性,False,
知识区,BV1jj5C6HEPd,哪有蓝色水啊，这分明是硫酸铜溶液（bushi）,中性,中性,0.6392405620529567,0.07418899290224892,0.6392405620529567,0.2865704450447944,0.0,0.0,0,0,0,无明显情感,未明确对象,未明确方面,中性,True,0.0
知识区,BV1jj5C6HEPd,白糖俯视面吧,中性,中性,0.6157956547034122,0.12871921125826621,0.6157956547034122,0.25548513403832157,0.0,0.0,0,0,0,无明显情感,未明确对象,未明确方面,中性,False,
知识区,BV1jj5C6HEPd,都快800万。,中性,中性,0.5649833611071864,0.2403322380763018,0.5649833611071864,0.19468440081651167,0.0,0.0,0,0,0,无明显情感,未明确对象,未明确方面,中性,False,
知识区,BV1jj5C6HEPd,还有第三关,中性,中性,0.8089915105659431,0.13492372195973443,0.8089915105659431,0.05608476747432255,0.0,0.0,0,0,0,无明显情感,未明确对象,未明确方面,中性,False,
知识区,BV1jj5C6HEPd,依旧清朝老片,中性,中性,0.5913454020518427,0.1108706257653482,0.5913454020518427,0.29778397218280916,0.0,0.0,0,0,0,无明显情感,未明确对象,未明确方面,中性,False,
知识区,BV1jj5C6HEPd,注意：这里面毒性最低的可能是NO3,中性,中性,0.5223649163651936,0.08306177930356204,0.5223649163651936,0.39457330433124443,0.0,0.0,0,0,0,无明显情感,未明确对象,未明确方面,中性,False,
知识区,BV1jj5C6HEPd,糖尿病预警,中性,中性,0.6738648287527856,0.18144579079972187,0.6738648287527856,0.14468938044749255,0.0,0.0,0,0,0,无明显情感,未明确对象,未明确方面,中性,False,
知识区,BV1jj5C6HEPd,想喝就喝，渴了直说,中性,中性,0.5945722325957845,0.09102453209608478,0.5945722325957845,0.3144032353081307,0.0,0.0,0,0,0,无明显情感,未明确对象,未明确方面,中性,False,
知识区,BV1jj5C6HEPd,还有蔬菜汁的事？,中性,中性,0.673069608480656,0.09742952388899666,0.673069608480656,0.22950086763034733,0.0,0.0,0,0,0,无明显情感,未明确对象,未明确方面,中性,False,
知识区,BV1jj5C6HEPd,浓度的另一种光学测量方法,中性,中性,0.845691200165344,0.08840217853651328,0.845691200165344,0.06590662129814277,0.0,0.0,0,0,0,无明显情感,课程内容,未明确方面,中性,False,
知识区,BV1jj5C6HEPd,你就是想喝,中性,中性,0.7909816964015082,0.043974308960534156,0.7909816964015082,0.16504399463795774,0.0,0.0,0,0,0,无明显情感,未明确对象,未明确方面,中性,False,
知识区,BV1jj5C6HEPd,回收以下也许别的实验将来能用,中性,中性,0.6521323177104384,0.222782082607924,0.6521323177104384,0.12508559968163757,1.0,1.0,1,0,0,对象评价,未明确对象,未明确方面,正面,True,0.0
知识区,BV1jj5C6HEPd,<(ºOº)><(ºOº)><(ºOº)><(ºOº)><(ºOº)>,中性,中性,0.6778336915593252,0.1831801651441017,0.6778336915593252,0.13898614329657322,0.0,0.0,0,0,0,无明显情感,未明确对象,未明确方面,中性,False,
知识区,BV1jj5C6HEPd,多买点水银温度计,中性,中性,0.8453582160071793,0.10713644699779601,0.8453582160071793,0.04750533699502461,0.0,0.0,0,0,0,无明显情感,未明确对象,未明确方面,中性,False,
知识区,BV1jj5C6HEPd,这得就着二甲双胍一起喝,中性,中性,0.619533688937608,0.15202501786808476,0.619533688937608,0.2284412931943073,0.0,0.0,0,0,0,无明显情感,未明确对象,未明确方面,中性,False,
知识区,BV1jj5C6HEPd,黄金之风,中性,中性,0.6738648287527856,0.18144579079972187,0.6738648287527856,0.14468938044749255,0.0,0.0,0,0,0,无明显情感,未明确对象,未明确方面,中性,False,
知识区,BV1jj5C6HEPd,卖给转转,中性,中性,0.7574269411751632,0.14456715172561965,0.7574269411751632,0.09800590709921728,0.0,0.0,0,0,0,无明显情感,未明确对象,未明确方面,中性,False,
知识区,BV1jj5C6HEPd,14122,中性,中性,0.7077628853972469,0.2066627113086938,0.7077628853972469,0.08557440329405931,0.0,0.0,0,0,0,无明显情感,未明确对象,未明确方面,中性,False,
知识区,BV1jj5C6HEPd,39.5206*8,中性,中性,0.7646529196163487,0.13009716062258703,0.7646529196163487,0.10524991976106417,0.0,0.0,0,0,0,无明显情感,未明确对象,未明确方面,中性,False,
知识区,BV1jj5C6HEPd,喝完直接喜提糖尿病icu一位,中性,中性,0.8509051802023595,0.08343044279490232,0.8509051802023595,0.0656643770027383,0.0,0.0,0,0,0,无明显情感,未明确对象,未明确方面,中性,False,
知识区,BV1jj5C6HEPd,同款尺子,中性,中性,0.6738648287527856,0.18144579079972187,0.6738648287527856,0.14468938044749255,0.0,0.0,0,0,0,无明显情感,未明确对象,未明确方面,中性,False,
知识区,BV1jj5C6HEPd,亚克力啊,中性,中性,0.6984580081321846,0.09023836930679809,0.6984580081321846,0.21130362256101734,0.0,0.0,0,0,0,无明显情感,未明确对象,未明确方面,中性,False,
知识区,BV1jj5C6HEPd,生成什么？,中性,中性,0.892295326418431,0.01990285287106447,0.892295326418431,0.08780182071050452,0.0,0.0,0,0,0,无明显情感,未明确对象,未明确方面,中性,False,
知识区,BV1jj5C6HEPd,是不是不能当泡面缸了（）,中性,中性,0.5966274516144295,0.06639769865938723,0.5966274516144295,0.33697484972618325,0.0,0.0,0,0,0,无明显情感,未明确对象,未明确方面,中性,False,
知识区,BV1jj5C6HEPd,用稀有气体,中性,中性,0.8280347748135122,0.07286944412615246,0.8280347748135122,0.09909578106033544,0.0,0.0,0,0,0,无明显情感,未明确对象,未明确方面,中性,False,
知识区,BV1jj5C6HEPd,想喝直说,中性,中性,0.796060858329982,0.08734892522800883,0.796060858329982,0.11659021644200915,0.0,0.0,0,0,0,无明显情感,未明确对象,未明确方面,中性,False,
知识区,BV1jj5C6HEPd,旧的瞥了,中性,中性,0.5824055038332391,0.14126329436329346,0.5824055038332391,0.2763312018034674,0.0,0.0,0,0,0,无明显情感,未明确对象,未明确方面,中性,False,
知识区,BV1jj5C6HEPd,毕导别齁死了,中性,中性,0.5438203312805988,0.1336194332622315,0.5438203312805988,0.3225602354571696,0.0,0.0,0,0,0,无明显情感,未明确对象,未明确方面,中性,False,
知识区,BV1jj5C6HEPd,再买三瓶,中性,中性,0.6051042735599731,0.09941413200383648,0.6051042735599731,0.2954815944361905,0.0,0.0,0,0,0,无明显情感,未明确对象,未明确方面,中性,False,
知识区,BV1jj5C6HEPd,@神秘园,中性,中性,0.6778336915593252,0.1831801651441017,0.6778336915593252,0.13898614329657322,0.0,0.0,0,0,0,无明显情感,未明确对象,未明确方面,中性,False,
知识区,BV1jj5C6HEPd,美国人日常饮料,中性,中性,0.7797573578256385,0.16754006653056525,0.7797573578256385,0.05270257564379626,0.0,0.0,0,0,0,无明显情感,未明确对象,未明确方面,中性,False,
知识区,BV1jj5C6HEPd,哇,中性,中性,0.6614681460471558,0.2461992514451403,0.6614681460471558,0.09233260250770392,0.0,0.0,0,0,0,无明显情感,未明确对象,未明确方面,中性,False,
知识区,BV1jj5C6HEPd,你跟国家说一下，你这个是做实验用哦,中性,中性,0.7320447115309063,0.06440968252253104,0.7320447115309063,0.20354560594656262,0.0,0.0,0,0,0,无明显情感,未明确对象,未明确方面,中性,False,
知识区,BV1jj5C6HEPd,再多看一眼就会爆炸,中性,中性,0.7029632399408123,0.17600982268720877,0.7029632399408123,0.12102693737197878,0.0,0.0,0,0,0,无明显情感,未明确对象,未明确方面,中性,False,
知识区,BV1jj5C6HEPd,tnnd为什么不喝,中性,中性,0.7179921815865861,0.014266030117005063,0.7179921815865861,0.26774178829640893,0.0,0.0,0,0,0,无明显情感,未明确对象,未明确方面,中性,False,
知识区,BV1jj5C6HEPd,酒精会溶解亚克力！？！？,中性,中性,0.781740630705842,0.11051560268313598,0.781740630705842,0.1077437666110219,0.0,0.0,0,0,0,无明显情感,未明确对象,未明确方面,中性,True,0.0
知识区,BV1jj5C6HEPd,woc,中性,中性,0.6778336915593252,0.1831801651441017,0.6778336915593252,0.13898614329657322,0.0,0.0,0,0,0,无明显情感,未明确对象,未明确方面,中性,False,
知识区,BV1jj5C6HEPd,买一堆体温计,中性,中性,0.6493095050383084,0.11694991540478399,0.6493095050383084,0.2337405795569076,0.0,0.0,0,0,0,无明显情感,未明确对象,未明确方面,中性,False,
知识区,BV1jj5C6HEPd,再倒回去退货？,中性,中性,0.5748891233222365,0.07362548490035581,0.5748891233222365,0.3514853917774078,0.0,0.0,0,0,0,无明显情感,未明确对象,未明确方面,中性,False,
知识区,BV1jj5C6HEPd,买水银体温计不就行了（手动狗头）,中性,中性,0.6741702092195109,0.08261521780407098,0.6741702092195109,0.24321457297641824,0.0,0.0,0,0,0,无明显情感,未明确对象,未明确方面,中性,False,
知识区,BV1jj5C6HEPd,旧的旧的碎了,中性,中性,0.6494469594118492,0.14924328167081813,0.6494469594118492,0.20130975891733274,0.0,0.0,0,0,0,无明显情感,未明确对象,未明确方面,中性,False,
知识区,BV1jj5C6HEPd,二碘甲烷还会眨眼,中性,中性,0.6465853211938187,0.2381087643719316,0.6465853211938187,0.11530591443424969,0.0,0.0,0,0,0,无明显情感,未明确对象,未明确方面,中性,False,
知识区,BV1jj5C6HEPd,求斜率,中性,中性,0.8039706582182402,0.09503067708344763,0.8039706582182402,0.10099866469831219,0.0,0.0,0,0,0,无明显情感,未明确对象,未明确方面,中性,False,
知识区,BV1jj5C6HEPd,eee,中性,中性,0.6778336915593252,0.1831801651441017,0.6778336915593252,0.13898614329657322,0.0,0.0,0,0,0,无明显情感,未明确对象,未明确方面,中性,False,
知识区,BV1jj5C6HEPd,骗你的会全反射。,中性,中性,0.5419530508548792,0.36833507186750325,0.5419530508548792,0.08971187727761754,0.0,0.0,0,0,0,无明显情感,未明确对象,未明确方面,中性,False,
知识区,BV1jj5C6HEPd,baking bread,中性,中性,0.7218424191948339,0.18317443922064128,0.7218424191948339,0.09498314158452466,0.0,0.0,0,0,0,无明显情感,未明确对象,未明确方面,中性,False,
知识区,BV1jj5C6HEPd,这三个全高危险管制物品,中性,负面,0.6096121983336782,0.0434173272722967,0.3469704743940252,0.6096121983336782,-1.0,-1.0,0,1,0,对象评价,未明确对象,未明确方面,负面,True,0.0
知识区,BV1jj5C6HEPd,会逐渐超出是指侧壁被腐蚀吗（bushi）,中性,中性,0.9081446168211125,0.03002224741201716,0.9081446168211125,0.06183313576687043,0.0,0.0,0,0,0,无明显情感,未明确对象,未明确方面,中性,False,
知识区,BV1jj5C6HEPd,都是有机啊,中性,中性,0.4393958765430659,0.13885331609201035,0.4393958765430659,0.42175080736492376,0.0,0.0,0,0,0,无明显情感,未明确对象,未明确方面,中性,False,
知识区,BV1jj5C6HEPd,那必须得狠狠地看了,中性,中性,0.6634704158353777,0.20583555558425035,0.6634704158353777,0.13069402858037185,0.0,0.0,0,0,0,无明显情感,未明确对象,未明确方面,中性,False,
知识区,BV1jj5C6HEPd,我想租。,中性,中性,0.5911979368727144,0.19340371380477472,0.5911979368727144,0.21539834932251098,0.0,0.0,0,0,0,无明显情感,未明确对象,未明确方面,中性,False,
知识区,BV1jj5C6HEPd,砒霜是吧,中性,中性,0.7080332880311944,0.08535041616004722,0.7080332880311944,0.20661629580875857,0.0,0.0,0,0,0,无明显情感,未明确对象,未明确方面,中性,False,
知识区,BV1jj5C6HEPd,喝了没？！,中性,中性,0.6492228850352666,0.21411505844137943,0.6492228850352666,0.136662056523354,0.0,0.0,0,0,0,无明显情感,未明确对象,未明确方面,中性,False,
知识区,BV1jj5C6HEPd,老弟坐穿,中性,中性,0.6697359046476931,0.17967866153710305,0.6697359046476931,0.15058543381520384,0.0,0.0,0,0,0,无明显情感,未明确对象,未明确方面,中性,False,
知识区,BV1jj5C6HEPd,《浓硫酸》,中性,中性,0.6778336915593252,0.1831801651441017,0.6778336915593252,0.13898614329657322,0.0,0.0,0,0,0,无明显情感,未明确对象,未明确方面,中性,False,
知识区,BV1jj5C6HEPd,盲猜毕导被判处死刑。,中性,中性,0.6302508153960067,0.14377880008347468,0.6302508153960067,0.2259703845205186,0.0,0.0,0,0,0,无明显情感,未明确对象,未明确方面,中性,False,
知识区,BV1jj5C6HEPd,你说的，喝了,中性,中性,0.5919816196756021,0.06815672272589943,0.5919816196756021,0.33986165759849846,0.0,0.0,0,0,0,无明显情感,未明确对象,未明确方面,中性,False,
知识区,BV1jj5C6HEPd,今天数学考试才让算了折射率！,中性,中性,0.5553552630005132,0.20108255049691978,0.5553552630005132,0.2435621865025671,0.0,0.0,0,0,0,无明显情感,课程内容,未明确方面,中性,False,
知识区,BV1jj5C6HEPd,初见端倪,中性,中性,0.6778336915593252,0.1831801651441017,0.6778336915593252,0.13898614329657322,0.0,0.0,0,0,0,无明显情感,未明确对象,未明确方面,中性,False,
知识区,BV1jj5C6HEPd,水银温度计都买不到了,中性,中性,0.8070290076303138,0.0772303082498205,0.8070290076303138,0.11574068411986556,0.0,0.0,0,0,0,无明显情感,未明确对象,未明确方面,中性,False,
知识区,BV1jj5C6HEPd,糖尿病警告,中性,中性,0.6738648287527856,0.18144579079972187,0.6738648287527856,0.14468938044749255,0.0,0.0,0,0,0,无明显情感,未明确对象,未明确方面,中性,False,
知识区,BV1jj5C6HEPd,溶液是均匀的,中性,中性,0.8134206576882982,0.08513893859018455,0.8134206576882982,0.10144040372151737,0.0,0.0,0,0,0,无明显情感,未明确对象,未明确方面,中性,False,
知识区,BV1jj5C6HEPd,请输入文本,中性,中性,0.6697359046476931,0.17967866153710305,0.6697359046476931,0.15058543381520384,0.0,0.0,0,0,0,无明显情感,未明确对象,比赛表现,中性,False,
知识区,BV1jj5C6HEPd,Layas,中性,中性,0.6492195335819221,0.21212061714142144,0.6492195335819221,0.13865984927665642,0.0,0.0,0,0,0,无明显情感,未明确对象,未明确方面,中性,False,
知识区,BV1jj5C6HEPd,又骗吃骗喝,中性,中性,0.6850911783506684,0.15361378830223874,0.6850911783506684,0.16129503334709283,0.0,0.0,0,0,0,无明显情感,未明确对象,未明确方面,中性,False,
知识区,BV1jj5C6HEPd,别以为放一天我们就会忘了让你喝！,中性,中性,0.7053968925273427,0.16432809822690952,0.7053968925273427,0.13027500924574775,0.0,0.0,0,0,0,无明显情感,未明确对象,未明确方面,中性,True,0.0
知识区,BV1jj5C6HEPd,一会儿准备上断头台吧,中性,中性,0.49617610299904885,0.3428707739173966,0.49617610299904885,0.16095312308355456,0.0,0.0,0,0,0,无明显情感,未明确对象,未明确方面,中性,False,
知识区,BV1jj5C6HEPd,7,中性,中性,0.6778336915593252,0.1831801651441017,0.6778336915593252,0.13898614329657322,0.0,0.0,0,0,0,无明显情感,未明确对象,未明确方面,中性,False,
知识区,BV1jj5C6HEPd,我是来找麦粒肿的。,中性,中性,0.6596950414462531,0.023778751986082505,0.6596950414462531,0.31652620656766434,0.0,0.0,0,0,0,无明显情感,未明确对象,未明确方面,中性,False,
知识区,BV1jj5C6HEPd,j,中性,中性,0.6778336915593252,0.1831801651441017,0.6778336915593252,0.13898614329657322,0.0,0.0,0,0,0,无明显情感,未明确对象,未明确方面,中性,False,
知识区,BV1jj5C6HEPd,弹幕护体,中性,中性,0.6207419468118769,0.3609888802894793,0.6207419468118769,0.018269172898643916,0.0,0.0,0,0,0,无明显情感,未明确对象,未明确方面,中性,False,
知识区,BV1jj5C6HEPd,你就是想喝呗,中性,中性,0.7849963764208486,0.04348295549787347,0.7849963764208486,0.17152066808127792,0.0,0.0,0,0,0,无明显情感,未明确对象,未明确方面,中性,False,
知识区,BV1jj5C6HEPd,真没白买大厚缸,中性,中性,0.7207109787424381,0.15151264738243916,0.7207109787424381,0.1277763738751227,0.0,0.0,0,0,0,无明显情感,未明确对象,未明确方面,中性,True,0.0
知识区,BV1jj5C6HEPd,还有续集,中性,中性,0.8089915105659431,0.13492372195973443,0.8089915105659431,0.05608476747432255,0.0,0.0,0,0,0,无明显情感,未明确对象,未明确方面,中性,False,
知识区,BV1jj5C6HEPd,全网千万 700万在b站,中性,中性,0.41982844944079656,0.40207202293051103,0.41982844944079656,0.17809952762869236,0.0,0.0,0,0,0,无明显情感,未明确对象,未明确方面,中性,False,
知识区,BV1jj5C6HEPd,不能购买？  那自己提炼？,中性,中性,0.5987259001555685,0.07610904341000517,0.5987259001555685,0.32516505643442634,0.0,0.0,0,0,0,无明显情感,未明确对象,未明确方面,中性,False,
知识区,BV1jj5C6HEPd,买胰岛素的变野兽先生了,中性,中性,0.5771544773587792,0.1034336199244692,0.5771544773587792,0.3194119027167515,0.0,0.0,0,0,0,无明显情感,未明确对象,未明确方面,中性,False,
知识区,BV1jj5C6HEPd,用镓代替,中性,中性,0.6738648287527856,0.18144579079972187,0.6738648287527856,0.14468938044749255,0.0,0.0,0,0,0,无明显情感,未明确对象,未明确方面,中性,False,
知识区,BV1jj5C6HEPd,全反射  放置时间再久点就是海市蜃楼,中性,中性,0.46933621745716053,0.06992543386816065,0.46933621745716053,0.4607383486746788,0.0,0.0,0,0,0,无明显情感,未明确对象,未明确方面,中性,False,
知识区,BV1jj5C6HEPd,你买一堆体温计，然后把体温计夹碎不就行了吗？,中性,中性,0.7294561534090015,0.033120181561884225,0.7294561534090015,0.23742366502911436,0.0,0.0,0,0,0,无明显情感,未明确对象,未明确方面,中性,False,
知识区,BV1jj5C6HEPd,氯气？,中性,中性,0.7207706130523623,0.10026695566560039,0.7207706130523623,0.1789624312820372,0.0,0.0,0,0,0,无明显情感,未明确对象,未明确方面,中性,False,
知识区,BV1jj5C6HEPd,七天无理由退货,中性,中性,0.6654441105737197,0.17787844361736596,0.6654441105737197,0.15667744580891438,0.0,0.0,0,0,0,无明显情感,未明确对象,未明确方面,中性,False,
知识区,BV1jj5C6HEPd,你换成石英缸就没事了,中性,中性,0.6150852061699161,0.09192455077247899,0.6150852061699161,0.2929902430576049,0.0,0.0,0,0,0,无明显情感,未明确对象,未明确方面,中性,False,
知识区,BV1jj5C6HEPd,打碎温度计。,中性,中性,0.6287977714679892,0.23238612747319964,0.6287977714679892,0.1388161010588112,0.0,0.0,0,0,0,无明显情感,未明确对象,未明确方面,中性,False,
知识区,BV1jj5C6HEPd,毕乙十六,中性,中性,0.6738648287527856,0.18144579079972187,0.6738648287527856,0.14468938044749255,0.0,0.0,0,0,0,无明显情感,未明确对象,未明确方面,中性,False,
知识区,BV1jj5C6HEPd,Linvo狂喜,中性,中性,0.7823962444721686,0.14770688572972582,0.7823962444721686,0.06989686979810551,0.0,0.0,0,0,0,无明显情感,未明确对象,未明确方面,中性,False,
知识区,BV1jj5C6HEPd,换眼镜了？？？,中性,中性,0.5737604687633674,0.043121082899272474,0.5737604687633674,0.3831184483373602,0.0,0.0,0,0,0,无明显情感,未明确对象,未明确方面,中性,False,
知识区,BV1jj5C6HEPd,毕导の哭泣,中性,中性,0.6738648287527856,0.18144579079972187,0.6738648287527856,0.14468938044749255,0.0,0.0,0,0,0,无明显情感,未明确对象,未明确方面,中性,False,
知识区,BV1jj5C6HEPd,水银你多买几个温度计不就行了,中性,中性,0.5753286138746098,0.08513425874150617,0.5753286138746098,0.3395371273838841,0.0,0.0,0,0,0,无明显情感,未明确对象,未明确方面,中性,False,
知识区,BV1jj5C6HEPd,真的吗,中性,中性,0.6604419796705943,0.19883396700100564,0.6604419796705943,0.1407240533284001,0.0,0.0,0,0,0,无明显情感,未明确对象,未明确方面,中性,False,
知识区,BV1jj5C6HEPd,哎，他奶奶滴，为什么不喝，喝，喝！,中性,中性,0.7143068834810744,0.1317484666326355,0.7143068834810744,0.15394464988629014,0.0,0.0,0,0,0,无明显情感,未明确对象,未明确方面,中性,False,
知识区,BV1jj5C6HEPd,卖家：也是吃泡面用的？,中性,中性,0.7280715355685257,0.12370016775750084,0.7280715355685257,0.1482282966739734,0.0,0.0,0,0,0,无明显情感,未明确对象,未明确方面,中性,False,
知识区,BV1jj5C6HEPd,强强。,中性,中性,0.6322148117614866,0.2345011937944512,0.6322148117614866,0.1332839944440622,0.0,0.0,0,0,0,无明显情感,未明确对象,未明确方面,中性,False,
知识区,BV1jj5C6HEPd,直接撇了。,中性,中性,0.5800126826083815,0.17923465641134628,0.5800126826083815,0.24075266098027215,0.0,0.0,0,0,0,无明显情感,未明确对象,未明确方面,中性,True,0.0
知识区,BV1jj5C6HEPd,但你是化学博士是可以买的,中性,中性,0.6798914932836666,0.17833893233134424,0.6798914932836666,0.14176957438498924,1.0,1.0,1,0,0,对象评价,未明确对象,未明确方面,正面,True,0.0
知识区,BV1jj5C6HEPd,旧的都在第二只手上了,中性,中性,0.7884659867456114,0.10429863105033743,0.7884659867456114,0.10723538220405111,0.0,0.0,0,0,0,无明显情感,未明确对象,未明确方面,中性,False,
知识区,BV1jj5C6HEPd,去看二师兄记录了怎么获取水银，你就知道怎么获取了,中性,负面,0.5605293272853827,0.08511122992357595,0.3543594427910413,0.5605293272853827,0.0,0.0,0,0,0,无明显情感,未明确对象,未明确方面,中性,True,0.0
知识区,BV1jj5C6HEPd,哦，哦哦哦，哦哦哦，比狗，哦哦哦哦哦哦比狗,中性,中性,0.6509431000314286,0.15595611976166293,0.6509431000314286,0.1931007802069083,0.0,0.0,0,0,0,无明显情感,未明确对象,未明确方面,中性,True,0.0
知识区,BV1jj5C6HEPd,喝！！！！,中性,中性,0.4912054326232507,0.28386592845857134,0.4912054326232507,0.22492863891817796,0.0,0.0,0,0,0,无明显情感,未明确对象,未明确方面,中性,False,
知识区,BV1jj5C6HEPd,不都有毒吗 一定要死吗,中性,中性,0.6722045023779251,0.10503306543709631,0.6722045023779251,0.22276243218497865,0.0,0.0,0,0,0,无明显情感,未明确对象,未明确方面,中性,False,
知识区,BV1jj5C6HEPd,毕导能讲一下关于梦核和池核的东西吗？,中性,中性,0.8462613513209,0.04992466900312692,0.8462613513209,0.10381397967597315,0.0,0.0,0,0,0,无明显情感,未明确对象,未明确方面,中性,False,
知识区,BV1jj5C6HEPd,直接上合集吧,中性,中性,0.7228893163433049,0.19278847480846747,0.7228893163433049,0.08432220884822755,0.0,0.0,0,0,0,无明显情感,未明确对象,未明确方面,中性,False,
知识区,BV1jj5C6HEPd,李四维：哪有无影墙？吃我一脚！,中性,中性,0.6865747316975221,0.13026962353133384,0.6865747316975221,0.1831556447711439,0.0,0.0,0,0,0,无明显情感,未明确对象,未明确方面,中性,False,
知识区,BV1jj5C6HEPd,水银不就嗝儿了吗？,中性,中性,0.7699393003276865,0.04476042868632763,0.7699393003276865,0.18530027098598595,0.0,0.0,0,0,0,无明显情感,未明确对象,未明确方面,中性,False,
知识区,BV1jj5C6HEPd,绵羊料理,中性,中性,0.6738648287527856,0.18144579079972187,0.6738648287527856,0.14468938044749255,0.0,0.0,0,0,0,无明显情感,未明确对象,未明确方面,中性,False,
知识区,BV1jj5C6HEPd,上回氟锑酸都搞到了，浓硫酸还不简单吗,中性,负面,0.5729296790039858,0.02489309622872387,0.4021772247672903,0.5729296790039858,-1.0,-1.0,0,1,0,对象评价,未明确对象,理解与难度,负面,True,0.0
知识区,BV1jj5C6HEPd,还有第三关？,中性,中性,0.8168258076088357,0.0858698729203078,0.8168258076088357,0.09730431947085653,0.0,0.0,0,0,0,无明显情感,未明确对象,未明确方面,中性,False,
知识区,BV1jj5C6HEPd,w,中性,中性,0.6778336915593252,0.1831801651441017,0.6778336915593252,0.13898614329657322,0.0,0.0,0,0,0,无明显情感,未明确对象,未明确方面,中性,False,
知识区,BV1jj5C6HEPd,iu,中性,中性,0.6778336915593252,0.1831801651441017,0.6778336915593252,0.13898614329657322,0.0,0.0,0,0,0,无明显情感,未明确对象,未明确方面,中性,False,
知识区,BV1jj5C6HEPd,难道这个也能去转转回收吗？,中性,中性,0.6680365719946673,0.03517183383879588,0.6680365719946673,0.29679159416653694,0.0,0.0,0,0,0,无明显情感,未明确对象,理解与难度,中性,False,
知识区,BV1jj5C6HEPd,加汞,中性,中性,0.6778336915593252,0.1831801651441017,0.6778336915593252,0.13898614329657322,0.0,0.0,0,0,0,无明显情感,未明确对象,未明确方面,中性,False,
知识区,BV1jj5C6HEPd,无事发生,中性,中性,0.5295358378203069,0.17849825376712594,0.5295358378203069,0.29196590841256714,0.0,0.0,0,0,0,无明显情感,未明确对象,未明确方面,中性,False,
知识区,BV1jj5C6HEPd,你倒是喝啊,中性,中性,0.5777558813020715,0.08960792887450737,0.5777558813020715,0.3326361898234211,0.0,0.0,0,0,0,无明显情感,未明确对象,未明确方面,中性,True,0.0
知识区,BV1jj5C6HEPd,58同城,中性,中性,0.7056518147819957,0.1647487738670254,0.7056518147819957,0.12959941135097894,0.0,0.0,0,0,0,无明显情感,未明确对象,未明确方面,中性,False,
生活区,BV1VvLc6AEGb,我也要被打吗,中性,中性,0.6184461492458068,0.11122528154481581,0.6184461492458068,0.27032856920937726,0.0,0.0,0,0,0,无明显情感,未明确对象,未明确方面,中性,False,
生活区,BV1VvLc6AEGb,我负责搅动泥沙+临时起意,中性,中性,0.7656250405945133,0.08250684850725389,0.7656250405945133,0.15186811089823288,1.0,1.0,1,0,0,对象评价,未明确对象,未明确方面,正面,True,0.0
生活区,BV1VvLc6AEGb,我对冲绳的印象还停留在捷德奥特曼,中性,中性,0.6701509081080579,0.17623239372146532,0.6701509081080579,0.15361669817047677,0.0,0.0,0,0,0,无明显情感,未明确对象,未明确方面,中性,False,
生活区,BV1VvLc6AEGb,哔哩哔哩 - ( ゜- ゜)つロ 乾杯~,中性,中性,0.6697359046476931,0.17967866153710305,0.6697359046476931,0.15058543381520384,0.0,0.0,0,0,0,无明显情感,未明确对象,未明确方面,中性,False,
生活区,BV1VvLc6AEGb,等一下，你不是开车过来的吗,中性,中性,0.6982707919341407,0.051147338004900934,0.6982707919341407,0.25058187006095856,0.0,0.0,0,0,0,无明显情感,未明确对象,未明确方面,中性,False,
生活区,BV1VvLc6AEGb,大阪旅行社社长,中性,中性,0.5895847964061894,0.22441550848192318,0.5895847964061894,0.1859996951118875,0.0,0.0,0,0,0,无明显情感,未明确对象,未明确方面,中性,False,
生活区,BV1VvLc6AEGb,我负责搅动泥沙,中性,中性,0.9157594582592916,0.060705787162017785,0.9157594582592916,0.023534754578690673,1.0,1.0,1,0,0,对象评价,未明确对象,未明确方面,正面,False,
生活区,BV1VvLc6AEGb,银魂里面偷的就是这个吧？,中性,中性,0.5157734445069312,0.049909115017381045,0.5157734445069312,0.43431744047568777,0.0,0.0,0,0,0,无明显情感,未明确对象,未明确方面,中性,False,
生活区,BV1VvLc6AEGb,冲绳受古代中国影响很深，所以养猪技术估计也是学的中国所以对比日本来说不腥,中性,中性,0.8263923284517535,0.04910624621566718,0.8263923284517535,0.12450142533257932,0.0,0.0,0,0,0,无明显情感,未明确对象,未明确方面,中性,False,
生活区,BV1VvLc6AEGb,客户什么？,中性,中性,0.9111988432574717,0.01658214068065118,0.9111988432574717,0.07221901606187711,0.0,0.0,0,0,0,无明显情感,未明确对象,未明确方面,中性,False,
生活区,BV1VvLc6AEGb,你这民宿真能报销吗,中性,中性,0.6325841724194927,0.06564607802820482,0.6325841724194927,0.30176974955230246,0.0,0.0,0,0,0,无明显情感,未明确对象,未明确方面,中性,False,
生活区,BV1VvLc6AEGb,前面一看就是神秘园的兵，我负责临时起意,中性,中性,0.6862963024471495,0.11577688182649769,0.6862963024471495,0.19792681572635287,1.0,1.0,1,0,0,对象评价,未明确对象,未明确方面,正面,True,0.0
生活区,BV1VvLc6AEGb,广告招商位（,中性,中性,0.5829082104507654,0.1445531732051355,0.5829082104507654,0.2725386163440992,0.0,0.0,0,0,0,无明显情感,未明确对象,未明确方面,中性,False,
生活区,BV1VvLc6AEGb,肯定老板交代带客户一起玩,中性,中性,0.6587688225033728,0.25571017896264686,0.6587688225033728,0.08552099853398044,1.0,1.0,1,0,0,对象评价,未明确对象,未明确方面,正面,True,0.0
生活区,BV1VvLc6AEGb,啊，我也要举起我的三星手机来吗,中性,中性,0.628966644344884,0.11716436580783858,0.628966644344884,0.2538689898472773,0.0,0.0,0,0,0,无明显情感,未明确对象,未明确方面,中性,False,
生活区,BV1VvLc6AEGb,详情可见：碧蓝之海,中性,中性,0.6654441105737197,0.17787844361736596,0.6654441105737197,0.15667744580891438,0.0,0.0,0,0,0,无明显情感,未明确对象,未明确方面,中性,False,
生活区,BV1VvLc6AEGb,有一种办法能让四川人常年看到海，你要听吗,中性,中性,0.7653495870426702,0.10315684470533101,0.7653495870426702,0.1314935682519988,0.0,0.0,0,0,0,无明显情感,未明确对象,未明确方面,中性,False,
生活区,BV1VvLc6AEGb,这猫一看就十五岁以上了,中性,中性,0.5848742293891742,0.12371237793446192,0.5848742293891742,0.2914133926763638,0.0,0.0,0,0,0,无明显情感,未明确对象,未明确方面,中性,True,0.0
生活区,BV1VvLc6AEGb,啤酒加潜水，你是碧蓝之海？,中性,中性,0.7550855643072224,0.08406862207681157,0.7550855643072224,0.16084581361596606,0.0,0.0,0,0,0,无明显情感,未明确对象,未明确方面,中性,False,
生活区,BV1VvLc6AEGb,搅动海水浑起来,中性,中性,0.6265207090081883,0.11259209763305748,0.6265207090081883,0.2608871933587541,0.0,0.0,0,0,0,无明显情感,未明确对象,未明确方面,中性,True,0.0
生活区,BV1VvLc6AEGb,回过神来已是豪饮,中性,中性,0.7005541444603067,0.1713278911165742,0.7005541444603067,0.12811796442311912,0.0,0.0,0,0,0,无明显情感,未明确对象,未明确方面,中性,False,
生活区,BV1VvLc6AEGb,白嫖两年了 今天的两个币是给小姐姐的,中性,中性,0.6541127060004696,0.2679125983419278,0.6541127060004696,0.07797469565760279,0.0,0.0,0,0,0,无明显情感,未明确对象,未明确方面,中性,False,
生活区,BV1VvLc6AEGb,我负责轻装上阵,中性,中性,0.8852832940240104,0.08302813062234754,0.8852832940240104,0.031688575353642105,1.0,1.0,1,0,0,对象评价,未明确对象,未明确方面,正面,True,0.0
生活区,BV1VvLc6AEGb,在冲绳吃美式汉堡，在夏威夷吃日料，异曲同工之妙 :doge:,中性,中性,0.5386380726811592,0.09713764223148846,0.5386380726811592,0.3642242850873524,0.0,0.0,0,0,0,无明显情感,未明确对象,未明确方面,中性,False,
生活区,BV1VvLc6AEGb,能报销就是有底气,中性,中性,0.5422830949074378,0.06993117478800603,0.5422830949074378,0.3877857303045562,0.0,0.0,0,0,0,无明显情感,未明确对象,未明确方面,中性,False,
生活区,BV1VvLc6AEGb,不是 这能报销？？,中性,中性,0.5929614043223284,0.03571497915061525,0.5929614043223284,0.3713236165270564,0.0,0.0,0,0,0,无明显情感,未明确对象,未明确方面,中性,False,
生活区,BV1VvLc6AEGb,还是三花娘娘,中性,中性,0.7067341498301241,0.07019562197358764,0.7067341498301241,0.22307022819628833,0.0,0.0,0,0,0,无明显情感,未明确对象,未明确方面,中性,False,
生活区,BV1VvLc6AEGb,感觉好像夏日重现里的街道,中性,中性,0.5637180765520909,0.13050481752600843,0.5637180765520909,0.3057771059219005,0.0,0.0,0,0,0,无明显情感,未明确对象,未明确方面,中性,True,0.0
生活区,BV1VvLc6AEGb,啤酒加潜水，碧蓝之海喽,中性,中性,0.680308490273813,0.13155430117002087,0.680308490273813,0.18813720855616606,0.0,0.0,0,0,0,无明显情感,未明确对象,未明确方面,中性,False,
生活区,BV1VvLc6AEGb,禁婆：嗨嗨嗨,中性,中性,0.6654441105737197,0.17787844361736596,0.6654441105737197,0.15667744580891438,0.0,0.0,0,0,0,无明显情感,未明确对象,未明确方面,中性,False,
生活区,BV1VvLc6AEGb,这建筑是美军二战修的,中性,中性,0.5711757428553454,0.08500473252185756,0.5711757428553454,0.34381952462279697,0.0,0.0,0,0,0,无明显情感,未明确对象,未明确方面,中性,False,
生活区,BV1VvLc6AEGb,看样子今天真的心情很好，客户都没弄死只是教训了一下【狗头】,中性,负面,0.40287292156607696,0.3323249825754401,0.264802095858483,0.40287292156607696,1.4,1.4,1,0,0,对象评价,未明确对象,未明确方面,正面,True,0.0
生活区,BV1VvLc6AEGb,我负责惊慌失措乱抓同行者的装备,中性,中性,0.9374152246816368,0.046409176940330074,0.9374152246816368,0.016175598378033007,1.0,1.0,1,0,0,对象评价,未明确对象,未明确方面,正面,True,0.0
生活区,BV1VvLc6AEGb,山航旱地拔葱,中性,中性,0.6697359046476931,0.17967866153710305,0.6697359046476931,0.15058543381520384,0.0,0.0,0,0,0,无明显情感,未明确对象,未明确方面,中性,False,
生活区,BV1VvLc6AEGb,你到底在什么企业上班QAQ！！！,中性,负面,0.4791328297229413,0.11318691129167646,0.4076802589853824,0.4791328297229413,0.0,0.0,0,0,0,无明显情感,未明确对象,未明确方面,中性,True,0.0
生活区,BV1VvLc6AEGb,弹幕经典对地名哈气,中性,中性,0.6868330232145526,0.285749735031628,0.6868330232145526,0.02741724175381934,1.0,1.0,1,0,0,对象评价,未明确对象,未明确方面,正面,True,0.0
生活区,BV1VvLc6AEGb,每日热情招待客户（1/1）,中性,中性,0.8953095772770957,0.07819593675744077,0.8953095772770957,0.026494485965463523,0.0,0.0,0,0,0,无明显情感,未明确对象,未明确方面,中性,False,
生活区,BV1VvLc6AEGb,我词呢！,中性,中性,0.4661356792656994,0.31250373630599315,0.4661356792656994,0.2213605844283075,0.0,0.0,0,0,0,无明显情感,未明确对象,未明确方面,中性,False,
生活区,BV1VvLc6AEGb,我负责一意孤行,中性,中性,0.8852832940240104,0.08302813062234754,0.8852832940240104,0.031688575353642105,1.0,1.0,1,0,0,对象评价,未明确对象,未明确方面,正面,True,0.0
生活区,BV1VvLc6AEGb,种草了，去冲绳的话一定来这里,中性,中性,0.5027034399306219,0.21594051364341635,0.5027034399306219,0.28135604642596174,0.0,0.0,0,0,0,无明显情感,未明确对象,未明确方面,中性,False,
生活区,BV1VvLc6AEGb,受中国影响，冲绳是全日本最会吃猪肉的地区,中性,中性,0.5929114333921077,0.187896523761662,0.5929114333921077,0.2191920428462302,0.0,0.0,0,0,0,无明显情感,未明确对象,未明确方面,中性,False,
生活区,BV1VvLc6AEGb,看上去有点像瓦猫,中性,中性,0.7933161709994767,0.08983700711685219,0.7933161709994767,0.1168468218836711,0.0,0.0,0,0,0,无明显情感,未明确对象,未明确方面,中性,False,
生活区,BV1VvLc6AEGb,這個店社長去年來過,中性,中性,0.6420861469209094,0.18735716756889628,0.6420861469209094,0.1705566855101944,0.0,0.0,0,0,0,无明显情感,未明确对象,未明确方面,中性,False,
生活区,BV1VvLc6AEGb,客户要是刷到你的视频怎么搞？？？,中性,中性,0.5475204604234882,0.03287187113528223,0.5475204604234882,0.41960766844122954,0.0,0.0,0,0,0,无明显情感,视频内容,未明确方面,中性,True,0.0
生活区,BV1VvLc6AEGb,海底也有客户吗,中性,中性,0.7326284942952198,0.05156414810224228,0.7326284942952198,0.21580735760253789,0.0,0.0,0,0,0,无明显情感,未明确对象,未明确方面,中性,False,
生活区,BV1VvLc6AEGb,Ciallo～(∠・ω< )✄╰ひ╯,中性,中性,0.6778336915593252,0.1831801651441017,0.6778336915593252,0.13898614329657322,0.0,0.0,0,0,0,无明显情感,未明确对象,未明确方面,中性,False,
生活区,BV1VvLc6AEGb,碧蓝之海是吧,中性,中性,0.7014153812448264,0.08424537451795981,0.7014153812448264,0.2143392442372138,0.0,0.0,0,0,0,无明显情感,未明确对象,未明确方面,中性,False,
生活区,BV1VvLc6AEGb,擎天柱,中性,中性,0.6778336915593252,0.1831801651441017,0.6778336915593252,0.13898614329657322,0.0,0.0,0,0,0,无明显情感,未明确对象,未明确方面,中性,False,
生活区,BV1VvLc6AEGb,《减肥》说是,中性,中性,0.6616539895329088,0.0698010732030164,0.6616539895329088,0.2685449372640749,0.0,0.0,0,0,0,无明显情感,未明确对象,未明确方面,中性,False,
生活区,BV1VvLc6AEGb,听海诶，还是张惠妹的key,中性,中性,0.5197065631175972,0.11618316384301974,0.5197065631175972,0.364110273039383,0.0,0.0,0,0,0,无明显情感,未明确对象,未明确方面,中性,False,
生活区,BV1VvLc6AEGb,旁边是？,中性,中性,0.7515362516774391,0.05735163314432282,0.7515362516774391,0.19111211517823812,0.0,0.0,0,0,0,无明显情感,未明确对象,未明确方面,中性,False,
生活区,BV1VvLc6AEGb,冲绳真的出美人。新垣结衣，安室奈美惠，阿部宽都是冲绳人。,中性,中性,0.5408866204465762,0.3200495434091031,0.5408866204465762,0.13906383614432088,0.0,0.0,0,0,0,无明显情感,未明确对象,未明确方面,中性,False,
生活区,BV1VvLc6AEGb,每日日式英语（1/1）,中性,中性,0.8160985938262667,0.13717654692988407,0.8160985938262667,0.046724859243849344,0.0,0.0,0,0,0,无明显情感,未明确对象,未明确方面,中性,False,
生活区,BV1VvLc6AEGb,碧蓝之海,中性,中性,0.6738648287527856,0.18144579079972187,0.6738648287527856,0.14468938044749255,0.0,0.0,0,0,0,无明显情感,未明确对象,未明确方面,中性,False,
生活区,BV1VvLc6AEGb,爆啥？,中性,中性,0.7207706130523623,0.10026695566560039,0.7207706130523623,0.1789624312820372,0.0,0.0,0,0,0,无明显情感,未明确对象,未明确方面,中性,False,
生活区,BV1VvLc6AEGb,这里是不是孤独的美食家琉球篇好像去过,中性,中性,0.6951332929148637,0.044227314066520966,0.6951332929148637,0.2606393930186155,0.0,0.0,0,0,0,无明显情感,未明确对象,未明确方面,中性,False,
生活区,BV1VvLc6AEGb,我负责剪断氧气罐的输气管,中性,中性,0.9294637379276267,0.05225869169240335,0.9294637379276267,0.018277570379969854,1.0,1.0,1,0,0,对象评价,未明确对象,比赛表现,正面,True,0.0
生活区,BV1VvLc6AEGb,这是量天尺,中性,中性,0.5769560624244431,0.07266779943922608,0.5769560624244431,0.35037613813633095,0.0,0.0,0,0,0,无明显情感,未明确对象,未明确方面,中性,False,
生活区,BV1VvLc6AEGb,大明给西南土司和海外领地派的都是是宣慰使 虽然说这名字感觉挺像文官 但实际上是武职,中性,负面,0.48120245449316423,0.07682905133547761,0.44196849417135814,0.48120245449316423,0.0,0.0,0,0,0,无明显情感,未明确对象,未明确方面,中性,True,0.0
生活区,BV1VvLc6AEGb,目前没看到租车的意义,中性,中性,0.808109938904862,0.04988895961580895,0.808109938904862,0.14200110147932887,0.0,0.0,0,0,0,无明显情感,未明确对象,未明确方面,中性,False,
生活区,BV1VvLc6AEGb,潜完水是不是还要来杯乌龙茶,中性,中性,0.6826345693866375,0.05370981311466668,0.6826345693866375,0.26365561749869576,0.0,0.0,0,0,0,无明显情感,未明确对象,未明确方面,中性,False,
生活区,BV1VvLc6AEGb,冲绳自己的饮食风格确实很偏中式，只不过受到闽粤的影响比较多，喜欢吃辣的可能会有点失望,中性,中性,0.6993004096979921,0.16931763391233132,0.6993004096979921,0.1313819563896767,0.0,0.0,1,1,1,对象评价,未明确对象,未明确方面,混合,True,0.0
生活区,BV1VvLc6AEGb,冲绳是哪？不是琉球吗？,中性,中性,0.5930737988885963,0.015830247686281006,0.5930737988885963,0.39109595342512266,0.0,0.0,0,0,0,无明显情感,未明确对象,未明确方面,中性,False,
生活区,BV1VvLc6AEGb,万尺一线（笑）,中性,中性,0.5732111998352736,0.19555146771494103,0.5732111998352736,0.23123733244978556,0.0,0.0,0,0,0,无明显情感,未明确对象,未明确方面,中性,True,0.0
生活区,BV1VvLc6AEGb,我记得之前来过这种的。之前也有来冲绳玩的视频。,中性,中性,0.834498641450479,0.11239111984729867,0.834498641450479,0.053110238702222375,0.0,0.0,0,0,0,无明显情感,视频内容,未明确方面,中性,False,
生活区,BV1VvLc6AEGb,来，学地理的告诉我，这是什么地貌,中性,中性,0.6590101689818928,0.17178473324156351,0.6590101689818928,0.16920509777654377,0.0,0.0,0,0,0,无明显情感,未明确对象,未明确方面,中性,False,
生活区,BV1VvLc6AEGb,烤鸡得配柠檬汁,中性,中性,0.6697359046476931,0.17967866153710305,0.6697359046476931,0.15058543381520384,0.0,0.0,0,0,0,无明显情感,未明确对象,未明确方面,中性,False,
生活区,BV1VvLc6AEGb,←那霸是冲绳的核心城市，我那霸响就是冲绳人,中性,中性,0.6658675101673687,0.24203596588675003,0.6658675101673687,0.09209652394588133,0.0,0.0,0,0,0,无明显情感,未明确对象,未明确方面,中性,False,
生活区,BV1VvLc6AEGb,问就是陪客户,中性,中性,0.8300784252634374,0.07829952865489576,0.8300784252634374,0.09162204608166676,0.0,0.0,0,0,0,无明显情感,未明确对象,未明确方面,中性,False,
生活区,BV1VvLc6AEGb,Brian,中性,中性,0.6778336915593252,0.1831801651441017,0.6778336915593252,0.13898614329657322,0.0,0.0,0,0,0,无明显情感,未明确对象,未明确方面,中性,False,
生活区,BV1VvLc6AEGb,这个店来了不止一次了肯定似曾相识（）,中性,中性,0.470697426526281,0.24293293626120668,0.470697426526281,0.2863696372125124,1.0,1.0,1,0,0,对象评价,未明确对象,未明确方面,正面,True,0.0
生活区,BV1VvLc6AEGb,咋感觉之前来过这家店，好像还唱歌来着,中性,中性,0.4998746383921705,0.12970935371810965,0.4998746383921705,0.3704160078897198,0.0,0.0,0,0,0,无明显情感,未明确对象,未明确方面,中性,True,0.0
生活区,BV1VvLc6AEGb,费玉清之琉球分清是吧,中性,中性,0.7221834326886079,0.09559914255838459,0.7221834326886079,0.1822174247530076,0.0,0.0,0,0,0,无明显情感,未明确对象,未明确方面,中性,False,
生活区,BV1VvLc6AEGb,最爱客户的一集,中性,中性,0.5856502374019374,0.31350661291077686,0.5856502374019374,0.10084314968728561,0.0,0.0,0,0,0,无明显情感,未明确对象,未明确方面,中性,False,
生活区,BV1VvLc6AEGb,《届不到的爱恋》（错乱）,中性,中性,0.6745132422498482,0.07925547311452685,0.6745132422498482,0.24623128463562508,-1.0,-1.0,0,1,0,对象评价,未明确对象,未明确方面,负面,True,0.0
生活区,BV1VvLc6AEGb,跟广东的自建屋有一丢丢的相似,中性,中性,0.6597566338082301,0.14253194595162,0.6597566338082301,0.19771142024014973,0.0,0.0,0,0,0,无明显情感,未明确对象,未明确方面,中性,False,
生活区,BV1VvLc6AEGb,社长玩嗨了,中性,中性,0.6762739768661579,0.13117061526216356,0.6762739768661579,0.19255540787167857,0.0,0.0,0,0,0,无明显情感,未明确对象,未明确方面,中性,False,
生活区,BV1VvLc6AEGb,哀家的头发,中性,中性,0.7501530325024405,0.1612444155709263,0.7501530325024405,0.08860255192663323,0.0,0.0,0,0,0,无明显情感,未明确对象,未明确方面,中性,False,
生活区,BV1VvLc6AEGb,投的币是给小姐姐的噢…你不许贪污了,中性,中性,0.47693854709906447,0.34443911732039884,0.47693854709906447,0.17862233558053678,0.0,0.0,0,0,0,无明显情感,未明确对象,未明确方面,中性,False,
生活区,BV1VvLc6AEGb,哇塞是《小小恋歌》!!!,中性,中性,0.6847241986452172,0.23543538671815858,0.6847241986452172,0.07984041463662413,0.0,0.0,0,0,0,无明显情感,未明确对象,未明确方面,中性,False,
生活区,BV1VvLc6AEGb,是啊，吃什么？,中性,中性,0.7068179368396105,0.019884088051936033,0.7068179368396105,0.2732979751084535,0.0,0.0,0,0,0,无明显情感,未明确对象,未明确方面,中性,False,
生活区,BV1VvLc6AEGb,saki酱saki酱（,中性,中性,0.7191728187997143,0.15827759723395343,0.7191728187997143,0.12254958396633225,0.0,0.0,0,0,0,无明显情感,未明确对象,未明确方面,中性,False,
生活区,BV1VvLc6AEGb,一个人住三个人的小房，是这样的,中性,中性,0.6590365631397922,0.10130037305341565,0.6590365631397922,0.23966306380679223,0.0,0.0,0,0,0,无明显情感,未明确对象,未明确方面,中性,False,
生活区,BV1VvLc6AEGb,羡慕美国汉堡连锁店,中性,中性,0.6654441105737197,0.17787844361736596,0.6654441105737197,0.15667744580891438,0.0,0.0,0,0,0,无明显情感,未明确对象,未明确方面,中性,False,
生活区,BV1VvLc6AEGb,这不是专门卖root beer的牌子嘛,中性,中性,0.7050103167257843,0.05608594266733632,0.7050103167257843,0.23890374060687944,0.0,0.0,0,0,0,无明显情感,未明确对象,未明确方面,中性,False,
生活区,BV1VvLc6AEGb,负责临时起意,中性,中性,0.5306491613879247,0.15110564057625042,0.5306491613879247,0.3182451980358249,1.0,1.0,1,0,0,对象评价,未明确对象,未明确方面,正面,True,0.0
生活区,BV1VvLc6AEGb,氛围不赖,中性,中性,0.6738648287527856,0.18144579079972187,0.6738648287527856,0.14468938044749255,0.0,0.0,0,0,0,无明显情感,未明确对象,未明确方面,中性,False,
生活区,BV1VvLc6AEGb,我的天今天的饭咋这么好吃,中性,中性,0.465748374589165,0.33091861798780314,0.465748374589165,0.2033330074230318,0.0,0.0,0,0,0,无明显情感,未明确对象,未明确方面,中性,False,
生活区,BV1VvLc6AEGb,你这家伙是来旅游的吧,中性,中性,0.5969148520699313,0.06208846851609793,0.5969148520699313,0.3409966794139707,0.0,0.0,0,0,0,无明显情感,未明确对象,未明确方面,中性,False,
生活区,BV1VvLc6AEGb,"听到""类sei"" 才确定是家乡人",中性,中性,0.711295647443583,0.13205712339911327,0.711295647443583,0.15664722915730375,0.0,0.0,0,0,0,无明显情感,未明确对象,未明确方面,中性,False,
生活区,BV1VvLc6AEGb,up这口音绝对重庆人啊,中性,中性,0.4515776607999742,0.17396299441022758,0.4515776607999742,0.3744593447897983,0.0,0.0,0,0,0,无明显情感,讲解者,未明确方面,中性,False,
生活区,BV1VvLc6AEGb,我负责惊慌失措,中性,中性,0.8852832940240104,0.08302813062234754,0.8852832940240104,0.031688575353642105,1.0,1.0,1,0,0,对象评价,未明确对象,未明确方面,正面,True,0.0
生活区,BV1VvLc6AEGb,怎么还叫冲绳？不是琉球吗,中性,中性,0.5693500313691318,0.018481360446928743,0.5693500313691318,0.41216860818393947,0.0,0.0,0,0,0,无明显情感,未明确对象,未明确方面,中性,False,
生活区,BV1VvLc6AEGb,车怎么办？ 滴滴代驾？,中性,中性,0.5384463826584012,0.029557986171065604,0.5384463826584012,0.43199563117053325,0.0,0.0,0,0,0,无明显情感,未明确对象,未明确方面,中性,False,
生活区,BV1VvLc6AEGb,海蚀拱桥,中性,中性,0.6738648287527856,0.18144579079972187,0.6738648287527856,0.14468938044749255,0.0,0.0,0,0,0,无明显情感,未明确对象,未明确方面,中性,False,
生活区,BV1VvLc6AEGb,烤鸡还是得配酸奶doge,中性,中性,0.7163009372019353,0.09170962655265154,0.7163009372019353,0.191989436245413,0.0,0.0,0,0,0,无明显情感,未明确对象,未明确方面,中性,False,
生活区,BV1VvLc6AEGb,别骂了别骂了,中性,中性,0.5800175199057432,0.07510091839552203,0.5800175199057432,0.3448815616987347,0.0,0.0,0,0,0,无明显情感,未明确对象,未明确方面,中性,False,
生活区,BV1VvLc6AEGb,社长放纵的一天,中性,中性,0.6850287490999067,0.17121713524647952,0.6850287490999067,0.14375411565361368,0.0,0.0,0,0,0,无明显情感,未明确对象,未明确方面,中性,False,
生活区,BV1VvLc6AEGb,你都吃了，那我们吃什么,中性,中性,0.5006161860163275,0.1519341730722277,0.5006161860163275,0.3474496409114449,0.0,0.0,0,0,0,无明显情感,未明确对象,未明确方面,中性,False,
生活区,BV1VvLc6AEGb,并不是叉烧，而是冲绳红烧肉。,中性,中性,0.5136524716915665,0.13661713030281383,0.5136524716915665,0.3497303980056198,0.0,0.0,0,0,0,无明显情感,未明确对象,未明确方面,中性,False,
生活区,BV1VvLc6AEGb,还有三个小姐姐,中性,中性,0.518880234710665,0.41694990827226464,0.518880234710665,0.06416985701707037,0.0,0.0,0,0,0,无明显情感,未明确对象,未明确方面,中性,False,
生活区,BV1VvLc6AEGb,这个是云南的瓦猫,中性,中性,0.5502116198246711,0.05591310436006532,0.5502116198246711,0.39387527581526355,0.0,0.0,0,0,0,无明显情感,未明确对象,未明确方面,中性,False,
生活区,BV1VvLc6AEGb,我负责氧气消耗过快,中性,中性,0.9277177314077455,0.05160916012744638,0.9277177314077455,0.02067310846480814,1.0,1.0,1,0,0,对象评价,未明确对象,未明确方面,正面,True,0.0
生活区,BV1VvLc6AEGb,我负责临时起意,中性,中性,0.7224726827803174,0.09472528949459134,0.7224726827803174,0.18280202772509124,1.0,1.0,1,0,0,对象评价,未明确对象,未明确方面,正面,True,0.0
生活区,BV1VvLc6AEGb,邓丽君的味道,中性,中性,0.7501530325024405,0.1612444155709263,0.7501530325024405,0.08860255192663323,0.0,0.0,0,0,0,无明显情感,未明确对象,未明确方面,中性,False,
生活区,BV1VvLc6AEGb,来点可燃乌龙茶就没事了,中性,中性,0.6723213229290341,0.08359747441939536,0.6723213229290341,0.24408120265157052,0.0,0.0,0,0,0,无明显情感,未明确对象,未明确方面,中性,True,0.0
生活区,BV1VvLc6AEGb,依旧神奇的比喻,中性,中性,0.6022630017845171,0.3446184379864398,0.6022630017845171,0.05311856022904314,0.0,0.0,0,0,0,无明显情感,未明确对象,未明确方面,中性,False,
生活区,BV1VvLc6AEGb,嗯？我那霸？,中性,中性,0.5909158059648292,0.06953980093095595,0.5909158059648292,0.3395443931042149,0.0,0.0,0,0,0,无明显情感,未明确对象,未明确方面,中性,False,
生活区,BV1VvLc6AEGb,民宿也公司报销?,中性,负面,0.46312826570971555,0.08781181638243468,0.4490599179078497,0.46312826570971555,0.0,0.0,0,0,0,无明显情感,未明确对象,未明确方面,中性,True,0.0
生活区,BV1VvLc6AEGb,是琉球,中性,中性,0.8126365443695116,0.09544424128784844,0.8126365443695116,0.09191921434264014,0.0,0.0,0,0,0,无明显情感,未明确对象,未明确方面,中性,False,
生活区,BV1VvLc6AEGb,我负责搅起泥沙,中性,中性,0.9157594582592916,0.060705787162017785,0.9157594582592916,0.023534754578690673,1.0,1.0,1,0,0,对象评价,未明确对象,未明确方面,正面,False,
生活区,BV1VvLc6AEGb,这时候不喊几句冲绳特色的，啊咦哦咦,中性,中性,0.5535185242306001,0.2345813836900242,0.5535185242306001,0.21190009207937577,0.0,0.0,0,0,0,无明显情感,未明确对象,未明确方面,中性,False,
生活区,BV1VvLc6AEGb,玩嗨了说说,中性,中性,0.6229327258935184,0.07282066021131516,0.6229327258935184,0.30424661389516644,0.0,0.0,0,0,0,无明显情感,未明确对象,未明确方面,中性,False,
生活区,BV1VvLc6AEGb,重生在哪？请重视,中性,中性,0.5988801934595386,0.011755775715809488,0.5988801934595386,0.3893640308246518,0.0,0.0,0,0,0,无明显情感,未明确对象,未明确方面,中性,False,
生活区,BV1VvLc6AEGb,必须来点可燃乌龙茶,中性,中性,0.7372300111915249,0.09955951304259944,0.7372300111915249,0.1632104757658757,0.0,0.0,0,0,0,无明显情感,未明确对象,未明确方面,中性,False,
生活区,BV1VvLc6AEGb,冲绳？？？,中性,中性,0.7446241980221495,0.07412485967990383,0.7446241980221495,0.18125094229794667,0.0,0.0,0,0,0,无明显情感,未明确对象,未明确方面,中性,False,
生活区,BV1VvLc6AEGb,量天尺？,中性,中性,0.7149959167405132,0.09910216279344349,0.7149959167405132,0.18590192046604329,0.0,0.0,0,0,0,无明显情感,未明确对象,未明确方面,中性,False,
生活区,BV1VvLc6AEGb,德川基基,中性,中性,0.6738648287527856,0.18144579079972187,0.6738648287527856,0.14468938044749255,0.0,0.0,0,0,0,无明显情感,未明确对象,未明确方面,中性,False,
生活区,BV1VvLc6AEGb,这种属于家庭度假屋吧，几个人住才消费合理,中性,负面,0.4931403484945696,0.13334783550026885,0.37351181600516153,0.4931403484945696,0.0,0.0,0,0,0,无明显情感,未明确对象,未明确方面,中性,True,0.0
生活区,BV1VvLc6AEGb,银魂的KFC爷爷,中性,中性,0.7474673597029599,0.1600832377258351,0.7474673597029599,0.092449402571205,0.0,0.0,0,0,0,无明显情感,未明确对象,未明确方面,中性,False,
生活区,BV1VvLc6AEGb,脏脏的三花娘娘,中性,中性,0.7474673597029599,0.1600832377258351,0.7474673597029599,0.092449402571205,0.0,0.0,0,0,0,无明显情感,未明确对象,未明确方面,中性,False,
生活区,BV1VvLc6AEGb,碧蓝之海来了,中性,中性,0.7721771348668481,0.05889951186179364,0.7721771348668481,0.16892335327135832,0.0,0.0,0,0,0,无明显情感,未明确对象,未明确方面,中性,False,
生活区,BV1VvLc6AEGb,以后这里会恢复琉球的,中性,中性,0.6318696937118082,0.09210706336079644,0.6318696937118082,0.2760232429273954,0.0,0.0,0,0,0,无明显情感,未明确对象,未明确方面,中性,False,
生活区,BV1VvLc6AEGb,感觉冲绳人好实诚,中性,中性,0.48128308483588544,0.24920072347649136,0.48128308483588544,0.2695161916876233,0.0,0.0,0,0,0,无明显情感,未明确对象,未明确方面,中性,False,
生活区,BV1VvLc6AEGb,碧蓝之海同款姿势,中性,中性,0.6654441105737197,0.17787844361736596,0.6654441105737197,0.15667744580891438,0.0,0.0,0,0,0,无明显情感,未明确对象,未明确方面,中性,False,
生活区,BV1VvLc6AEGb,@碧蓝之海 井上伊织,中性,中性,0.6654441105737197,0.17787844361736596,0.6654441105737197,0.15667744580891438,0.0,0.0,0,0,0,无明显情感,未明确对象,未明确方面,中性,False,
生活区,BV1VvLc6AEGb,九子之歌,中性,中性,0.6738648287527856,0.18144579079972187,0.6738648287527856,0.14468938044749255,0.0,0.0,0,0,0,无明显情感,未明确对象,未明确方面,中性,False,
生活区,BV1VvLc6AEGb,晚上人就多啦,中性,中性,0.666752571057723,0.2524565833932745,0.666752571057723,0.08079084554900265,0.0,0.0,0,0,0,无明显情感,未明确对象,未明确方面,中性,False,
生活区,BV1VvLc6AEGb,冲绳,中性,中性,0.7279084930367825,0.23444391540142798,0.7279084930367825,0.037647591561789456,0.0,0.0,0,0,0,无明显情感,未明确对象,未明确方面,中性,False,
生活区,BV1VvLc6AEGb,嗯？？？？,中性,中性,0.5323679493120099,0.03671100876065004,0.5323679493120099,0.43092104192734004,0.0,0.0,0,0,0,无明显情感,未明确对象,未明确方面,中性,True,0.0
生活区,BV1VvLc6AEGb,日常仙品,中性,中性,0.6456494879673806,0.23864811580725792,0.6456494879673806,0.11570239622536146,0.0,0.0,0,0,0,无明显情感,未明确对象,未明确方面,中性,False,
生活区,BV1VvLc6AEGb,这个400日元能报销吗,中性,中性,0.8017860539838045,0.08132661300997054,0.8017860539838045,0.11688733300622492,0.0,0.0,0,0,0,无明显情感,未明确对象,未明确方面,中性,False,
生活区,BV1VvLc6AEGb,冲绳是哪里的方言？,中性,中性,0.8240526771221771,0.10247600993174905,0.8240526771221771,0.07347131294607377,0.0,0.0,0,0,0,无明显情感,未明确对象,未明确方面,中性,False,
生活区,BV1VvLc6AEGb,琉球,中性,中性,0.7606753265973777,0.1227528784413443,0.7606753265973777,0.11657179496127798,0.0,0.0,0,0,0,无明显情感,未明确对象,未明确方面,中性,False,
生活区,BV1VvLc6AEGb,客戶還能搶救嗎,中性,中性,0.6609868144823405,0.17604485809061587,0.6609868144823405,0.16296832742704365,0.0,0.0,0,0,0,无明显情感,未明确对象,未明确方面,中性,False,
生活区,BV1VvLc6AEGb,是啊，吃什麼,中性,中性,0.6132149167212523,0.07586223460974068,0.6132149167212523,0.31092284866900693,0.0,0.0,0,0,0,无明显情感,未明确对象,未明确方面,中性,False,
生活区,BV1VvLc6AEGb,险胜,中性,中性,0.6778336915593252,0.1831801651441017,0.6778336915593252,0.13898614329657322,0.0,0.0,0,0,0,无明显情感,未明确对象,未明确方面,中性,False,
生活区,BV1VvLc6AEGb,新垣、金城、玉城、比嘉这些都是冲绳姓,中性,中性,0.5535519597814486,0.11561865396526212,0.5535519597814486,0.3308293862532894,0.0,0.0,0,0,0,无明显情感,未明确对象,未明确方面,中性,False,
生活区,BV1VvLc6AEGb,不对吧，冲绳经典不应该是苦瓜炒蛋吗？,中性,中性,0.6439556296758703,0.1308108255449959,0.6439556296758703,0.2252335447791338,1.0,1.0,1,0,0,对象评价,未明确对象,未明确方面,正面,True,0.0
生活区,BV1VvLc6AEGb,冲绳有特产黑猪,中性,中性,0.6659036023186171,0.19645874988637105,0.6659036023186171,0.13763764779501178,0.0,0.0,0,0,0,无明显情感,未明确对象,未明确方面,中性,False,
生活区,BV1VvLc6AEGb,三味线bgm,中性,中性,0.5642961688738255,0.3011750290071201,0.5642961688738255,0.1345288021190545,0.0,0.0,0,0,0,无明显情感,未明确对象,未明确方面,中性,False,
生活区,BV1VvLc6AEGb,是啊，吃什么,中性,中性,0.796831691661048,0.03267192418209226,0.796831691661048,0.17049638415685978,0.0,0.0,0,0,0,无明显情感,未明确对象,未明确方面,中性,False,
生活区,BV1VvLc6AEGb,海麻线 大连也有产就是贵,中性,中性,0.48568014680133154,0.09692873462947106,0.48568014680133154,0.4173911185691974,0.0,0.0,0,0,0,无明显情感,未明确对象,未明确方面,中性,False,
生活区,BV1VvLc6AEGb,盲猜琉球怪要刷出来了,中性,中性,0.8489057163103467,0.09818296814916987,0.8489057163103467,0.05291131554048334,0.0,0.0,0,0,0,无明显情感,未明确对象,未明确方面,中性,False,
生活区,BV1VvLc6AEGb,现在日本1w多也算贵了,中性,中性,0.4762809408398774,0.07548245730557455,0.4762809408398774,0.44823660185454794,0.0,0.0,0,0,0,无明显情感,未明确对象,未明确方面,中性,False,
生活区,BV1VvLc6AEGb,弹幕嘉豪哈气了,中性,中性,0.7171783617013563,0.18345388025252055,0.7171783617013563,0.09936775804612323,0.0,0.0,0,0,0,无明显情感,未明确对象,未明确方面,中性,False,
生活区,BV1VvLc6AEGb,这不瓦猫吗,中性,中性,0.9483887362704522,0.02271363789614694,0.9483887362704522,0.028897625833400744,0.0,0.0,0,0,0,无明显情感,未明确对象,未明确方面,中性,False,
生活区,BV1VvLc6AEGb,新垣结衣家的商店么？冲绳那霸,中性,中性,0.7774963716168429,0.14317468993263907,0.7774963716168429,0.07932893845051811,0.0,0.0,0,0,0,无明显情感,未明确对象,未明确方面,中性,False,
生活区,BV1VvLc6AEGb,自己也没绷住是吧,中性,中性,0.8352805059711814,0.031582062889460416,0.8352805059711814,0.13313743113935828,0.0,0.0,0,0,0,无明显情感,未明确对象,未明确方面,中性,False,
生活区,BV1VvLc6AEGb,中！正！,中性,中性,0.5768352163520957,0.37810714669081164,0.5768352163520957,0.04505763695709273,0.0,0.0,0,0,0,无明显情感,未明确对象,未明确方面,中性,False,
生活区,BV1VvLc6AEGb,？,中性,中性,0.7263599695586234,0.10141305033998313,0.7263599695586234,0.17222698010139353,0.0,0.0,0,0,0,无明显情感,未明确对象,未明确方面,中性,False,
生活区,BV1VvLc6AEGb,还有蒋中正,中性,中性,0.8089915105659431,0.13492372195973443,0.8089915105659431,0.05608476747432255,0.0,0.0,0,0,0,无明显情感,未明确对象,未明确方面,中性,False,
生活区,BV1VvLc6AEGb,客户：每日被揍kpi,中性,中性,0.7577577154096963,0.09338168154199276,0.7577577154096963,0.14886060304831095,0.0,0.0,0,0,0,无明显情感,未明确对象,未明确方面,中性,False,
生活区,BV1VvLc6AEGb,能报销使劲整,中性,中性,0.704787894029566,0.1301236314178502,0.704787894029566,0.16508847455258377,0.0,0.0,0,0,0,无明显情感,未明确对象,未明确方面,中性,False,
生活区,BV1VvLc6AEGb,那霸有美军的空军基地,中性,中性,0.48629591887372636,0.10296042336070758,0.48629591887372636,0.41074365776556615,0.0,0.0,0,0,0,无明显情感,未明确对象,未明确方面,中性,True,0.0
生活区,BV1VvLc6AEGb,应该新垣结衣也是冲绳人，唱她的歌,中性,中性,0.6640380004489511,0.21386840652145897,0.6640380004489511,0.12209359302959003,0.0,0.0,0,0,0,无明显情感,未明确对象,未明确方面,中性,False,
生活区,BV1VvLc6AEGb,难说,中性,中性,0.6778336915593252,0.1831801651441017,0.6778336915593252,0.13898614329657322,0.0,0.0,0,0,0,无明显情感,未明确对象,理解与难度,中性,False,
生活区,BV1VvLc6AEGb,两个币是给小姐姐的,中性,中性,0.6543439006725644,0.2972562751772007,0.6543439006725644,0.048399824150234735,0.0,0.0,0,0,0,无明显情感,未明确对象,未明确方面,中性,False,
生活区,BV1VvLc6AEGb,还的有花衬衫,中性,中性,0.5162009391712981,0.12137486636170144,0.5162009391712981,0.36242419446700047,0.0,0.0,0,0,0,无明显情感,未明确对象,未明确方面,中性,True,0.0
生活区,BV1VvLc6AEGb,就是冲绳,中性,中性,0.7957562646299999,0.14413033315950313,0.7957562646299999,0.06011340221049683,0.0,0.0,0,0,0,无明显情感,未明确对象,未明确方面,中性,False,
生活区,BV1VvLc6AEGb,这不是云南的瓦猫吗,中性,中性,0.7892411621830498,0.035107664468382954,0.7892411621830498,0.17565117334856709,0.0,0.0,0,0,0,无明显情感,未明确对象,未明确方面,中性,False,
生活区,BV1VvLc6AEGb,麦克阿瑟吗,中性,中性,0.9027132314900245,0.039159085453727066,0.9027132314900245,0.058127683056248526,0.0,0.0,0,0,0,无明显情感,未明确对象,未明确方面,中性,False,
生活区,BV1VvLc6AEGb,你就说冲绳是不是县罢（doge）,中性,中性,0.5414291291520099,0.07868644933957321,0.5414291291520099,0.37988442150841706,0.0,0.0,0,0,0,无明显情感,未明确对象,未明确方面,中性,False,
生活区,BV1VvLc6AEGb,那叫琉球。,中性,中性,0.6267511766372122,0.14716846998300925,0.6267511766372122,0.22608035337977847,0.0,0.0,0,0,0,无明显情感,未明确对象,未明确方面,中性,False,
生活区,BV1VvLc6AEGb,南陇侯都跑国外去啦,中性,中性,0.60100206626413,0.14375351685141924,0.60100206626413,0.2552444168844509,0.0,0.0,0,0,0,无明显情感,未明确对象,未明确方面,中性,False,
生活区,BV1VvLc6AEGb,这还回的来吗？,中性,中性,0.6133624526569991,0.047816363879629044,0.6133624526569991,0.338821183463372,0.0,0.0,0,0,0,无明显情感,未明确对象,未明确方面,中性,False,
生活区,BV1VvLc6AEGb,捷德奥特曼,中性,中性,0.6738648287527856,0.18144579079972187,0.6738648287527856,0.14468938044749255,0.0,0.0,0,0,0,无明显情感,未明确对象,未明确方面,中性,False,
生活区,BV1VvLc6AEGb,甚至吃过海里捞出来的头发,中性,中性,0.7276711936834463,0.12296475504811713,0.7276711936834463,0.1493640512684365,0.0,0.0,0,0,0,无明显情感,未明确对象,未明确方面,中性,False,
生活区,BV1VvLc6AEGb,阿妹的<听海>,中性,中性,0.7501530325024405,0.1612444155709263,0.7501530325024405,0.08860255192663323,0.0,0.0,0,0,0,无明显情感,未明确对象,未明确方面,中性,False,
生活区,BV1VvLc6AEGb,我负责来都来了,中性,中性,0.9505533674953104,0.03511430000840293,0.9505533674953104,0.014332332496286631,1.0,1.0,1,0,0,对象评价,未明确对象,未明确方面,正面,False,
生活区,BV1VvLc6AEGb,很复古,中性,中性,0.550632429559204,0.27789363930007394,0.550632429559204,0.1714739311407221,0.0,0.0,0,0,0,无明显情感,未明确对象,未明确方面,中性,False,
生活区,BV1VvLc6AEGb,爆了！,中性,中性,0.7003713830722902,0.23278740423796662,0.7003713830722902,0.06684121268974301,0.0,0.0,0,0,0,无明显情感,未明确对象,未明确方面,中性,True,0.0
生活区,BV1VvLc6AEGb,说到潜水那肯定要喝乌龙茶（）,中性,中性,0.7083637270678338,0.2256043108860404,0.7083637270678338,0.06603196204612574,1.0,1.0,1,0,0,对象评价,未明确对象,未明确方面,正面,True,0.0
生活区,BV1VvLc6AEGb,是琉球。。。,中性,中性,0.5051329935642593,0.07861651673315359,0.5051329935642593,0.41625048970258705,0.0,0.0,0,0,0,无明显情感,未明确对象,未明确方面,中性,True,0.0
生活区,BV1VvLc6AEGb,还有高木的事？我只在高木里听过这首歌,中性,中性,0.6776107881088886,0.042072000072698554,0.6776107881088886,0.2803172118184128,0.0,0.0,0,0,0,无明显情感,未明确对象,未明确方面,中性,True,0.0
生活区,BV1VvLc6AEGb,今天进度条这么长,中性,中性,0.4715504398808058,0.15494953566257555,0.4715504398808058,0.3735000244566187,0.0,0.0,0,0,0,无明显情感,未明确对象,未明确方面,中性,False,
生活区,BV1VvLc6AEGb,AG超玩会,中性,中性,0.6738648287527856,0.18144579079972187,0.6738648287527856,0.14468938044749255,0.0,0.0,0,0,0,无明显情感,未明确对象,未明确方面,中性,False,
生活区,BV1VvLc6AEGb,今日维生素摄入已达标,中性,中性,0.6106226995457735,0.2611100362842237,0.6106226995457735,0.1282672641700028,0.0,0.0,0,0,0,无明显情感,未明确对象,未明确方面,中性,False,
生活区,BV1VvLc6AEGb,可能是山航.jpg,中性,中性,0.5192600962907914,0.11339047857892583,0.5192600962907914,0.3673494251302828,0.0,0.0,0,0,0,无明显情感,未明确对象,未明确方面,中性,False,
生活区,BV1VvLc6AEGb,这个英文才是最搞的,中性,中性,0.49434793278214645,0.25836153339638596,0.49434793278214645,0.24729053382146748,0.0,0.0,0,0,0,无明显情感,未明确对象,未明确方面,中性,False,
生活区,BV1VvLc6AEGb,万尺一线,中性,中性,0.6738648287527856,0.18144579079972187,0.6738648287527856,0.14468938044749255,0.0,0.0,0,0,0,无明显情感,未明确对象,未明确方面,中性,False,
生活区,BV1VvLc6AEGb,大明驻石山本愿寺刺史,中性,中性,0.6563615818075198,0.1741776853973381,0.6563615818075198,0.16946073279514212,0.0,0.0,0,0,0,无明显情感,未明确对象,未明确方面,中性,False,
生活区,BV1VvLc6AEGb,同事磨刀中,中性,中性,0.7989053384690675,0.0941568889087292,0.7989053384690675,0.10693777262220318,0.0,0.0,0,0,0,无明显情感,未明确对象,未明确方面,中性,False,
生活区,BV1VvLc6AEGb,吃这么少是有什么心事吗,中性,中性,0.711221849067919,0.025978983423569846,0.711221849067919,0.2627991675085112,0.0,0.0,0,0,0,无明显情感,未明确对象,未明确方面,中性,False,
生活区,BV1VvLc6AEGb,小小恋歌,中性,中性,0.6738648287527856,0.18144579079972187,0.6738648287527856,0.14468938044749255,0.0,0.0,0,0,0,无明显情感,未明确对象,未明确方面,中性,False,
生活区,BV1VvLc6AEGb,啧，好香的样子,中性,负面,0.36948142063620204,0.2636600327608648,0.36685854660293316,0.36948142063620204,0.0,0.0,0,0,0,无明显情感,未明确对象,未明确方面,中性,False,
生活区,BV1VvLc6AEGb,如 龙 6,中性,中性,0.6258893929569653,0.24103221580266998,0.6258893929569653,0.13307839124036464,0.0,0.0,0,0,0,无明显情感,未明确对象,未明确方面,中性,True,0.0
生活区,BV1VvLc6AEGb,华为极端粉丝？,中性,中性,0.7090342959730308,0.09791869728285793,0.7090342959730308,0.1930470067441112,0.0,0.0,0,0,0,无明显情感,未明确对象,未明确方面,中性,False,
生活区,BV1VvLc6AEGb,搅动泥沙、弄丢引绳、临时起意、呼吸急促,中性,中性,0.5064484557045966,0.04461181373093041,0.5064484557045966,0.44893973056447295,0.0,0.0,0,0,0,无明显情感,未明确对象,未明确方面,中性,False,
生活区,BV1VvLc6AEGb,答案是冲绳萝莉岛（doge）,中性,中性,0.7426126157053542,0.15187964431022566,0.7426126157053542,0.10550773998442015,0.0,0.0,0,0,0,无明显情感,未明确对象,未明确方面,中性,False,
生活区,BV1VvLc6AEGb,发菜吗,中性,中性,0.9027132314900245,0.039159085453727066,0.9027132314900245,0.058127683056248526,0.0,0.0,0,0,0,无明显情感,未明确对象,未明确方面,中性,False,
生活区,BV1VvLc6AEGb,台风好稳,中性,中性,0.6738648287527856,0.18144579079972187,0.6738648287527856,0.14468938044749255,0.0,0.0,0,0,0,无明显情感,未明确对象,未明确方面,中性,False,
生活区,BV1VvLc6AEGb,民风淳朴,中性,中性,0.6738648287527856,0.18144579079972187,0.6738648287527856,0.14468938044749255,0.0,0.0,0,0,0,无明显情感,未明确对象,未明确方面,中性,False,
生活区,BV1VvLc6AEGb,明朝时候，琉球过去了不少中国移民。新垣结衣就是那批人的后代，新垣是中国姓。,中性,中性,0.6142237035723391,0.05772202029157898,0.6142237035723391,0.32805427613608196,0.0,0.0,0,0,0,无明显情感,未明确对象,未明确方面,中性,False,
生活区,BV1VvLc6AEGb,对的以前来过,中性,中性,0.6927674337225569,0.1770867248426939,0.6927674337225569,0.13014584143474928,0.0,0.0,0,0,0,无明显情感,未明确对象,未明确方面,中性,False,
生活区,BV1VvLc6AEGb,我一直以为冲绳是美国的,中性,中性,0.7807469384285827,0.14193321820727012,0.7807469384285827,0.0773198433641471,0.0,0.0,0,0,0,无明显情感,未明确对象,未明确方面,中性,False,
生活区,BV1VvLc6AEGb,那叫无醇啤酒,中性,中性,0.537577430389908,0.1582815403504144,0.537577430389908,0.3041410292596777,0.0,0.0,0,0,0,无明显情感,未明确对象,未明确方面,中性,False,
生活区,BV1VvLc6AEGb,琉球！,中性,中性,0.5961555343355642,0.3313532528764735,0.5961555343355642,0.07249121278796218,0.0,0.0,0,0,0,无明显情感,未明确对象,未明确方面,中性,False,
生活区,BV1VvLc6AEGb,看到这想起来了，之前社长拍过！,中性,中性,0.6831090234585087,0.1375987858479598,0.6831090234585087,0.17929219069353164,0.0,0.0,0,0,0,无明显情感,未明确对象,未明确方面,中性,True,0.0
生活区,BV1VvLc6AEGb,侧脸好像广末凉子,中性,中性,0.8484159583571589,0.10360378370533106,0.8484159583571589,0.04798025793751003,0.0,0.0,0,0,0,无明显情感,未明确对象,未明确方面,中性,False,
生活区,BV1VvLc6AEGb,并非迷路,中性,中性,0.6738648287527856,0.18144579079972187,0.6738648287527856,0.14468938044749255,0.0,0.0,0,0,0,无明显情感,未明确对象,未明确方面,中性,False,
生活区,BV1VvLc6AEGb,？？？,中性,中性,0.6944828217569249,0.06236433622833236,0.6944828217569249,0.24315284201474288,0.0,0.0,0,0,0,无明显情感,未明确对象,未明确方面,中性,False,
生活区,BV1VvLc6AEGb,字正腔圆,中性,中性,0.6778336915593252,0.1831801651441017,0.6778336915593252,0.13898614329657322,0.0,0.0,0,0,0,无明显情感,未明确对象,未明确方面,中性,False,
生活区,BV1VvLc6AEGb,这海有辐吗？,中性,中性,0.5727772869621419,0.04556185847062335,0.5727772869621419,0.38166085456723486,0.0,0.0,0,0,0,无明显情感,未明确对象,未明确方面,中性,False,
生活区,BV1VvLc6AEGb,《临死前》,中性,中性,0.6778336915593252,0.1831801651441017,0.6778336915593252,0.13898614329657322,0.0,0.0,0,0,0,无明显情感,未明确对象,未明确方面,中性,False,
生活区,BV1VvLc6AEGb,这字正腔圆的,中性,中性,0.4868179010933403,0.13408304186613484,0.4868179010933403,0.379099057040525,0.0,0.0,0,0,0,无明显情感,未明确对象,未明确方面,中性,False,
生活区,BV1VvLc6AEGb,这个时候，应该唱像笨蛋一样,中性,中性,0.44428590728998857,0.1170300068033757,0.44428590728998857,0.43868408590663577,0.0,0.0,0,0,0,无明显情感,未明确对象,未明确方面,中性,False,
生活区,BV1VvLc6AEGb,小小恋曲，求婚大作战,中性,中性,0.4714617589507063,0.1930575553535667,0.4714617589507063,0.33548068569572714,0.0,0.0,0,0,0,无明显情感,未明确对象,未明确方面,中性,False,
生活区,BV1VvLc6AEGb,今日维生素get,中性,中性,0.6813601853170739,0.16726587412774457,0.6813601853170739,0.15137394055518164,0.0,0.0,0,0,0,无明显情感,未明确对象,未明确方面,中性,False,
生活区,BV1VvLc6AEGb,逐渐放纵,中性,中性,0.6738648287527856,0.18144579079972187,0.6738648287527856,0.14468938044749255,0.0,0.0,0,0,0,无明显情感,未明确对象,未明确方面,中性,False,
生活区,BV1VvLc6AEGb,有无酒精啤酒,中性,中性,0.7362471226470622,0.09679790851560867,0.7362471226470622,0.16695496883732916,0.0,0.0,0,0,0,无明显情感,未明确对象,未明确方面,中性,False,
生活区,BV1VvLc6AEGb,一个人也能玩这么开心吗,中性,中性,0.6911047362513697,0.2442575087980843,0.6911047362513697,0.064637754950546,1.0,1.0,1,0,0,对象评价+自身情绪,未明确对象,未明确方面,正面,True,0.0
生活区,BV1VvLc6AEGb,求婚大作战阿,中性,中性,0.7148997885937751,0.14155475427256756,0.7148997885937751,0.1435454571336575,0.0,0.0,0,0,0,无明显情感,未明确对象,未明确方面,中性,False,
生活区,BV1VvLc6AEGb,官方说什么，我们就说什么，老琉球什么,中性,中性,0.5310990090512184,0.06265622079414393,0.5310990090512184,0.4062447701546376,0.0,0.0,0,0,0,无明显情感,未明确对象,未明确方面,中性,False,
生活区,BV1VvLc6AEGb,收收汉奸味,中性,中性,0.6697359046476931,0.17967866153710305,0.6697359046476931,0.15058543381520384,0.0,0.0,0,0,0,无明显情感,未明确对象,未明确方面,中性,False,
生活区,BV1VvLc6AEGb,啥时候回归,中性,中性,0.7785640248106993,0.115422167299972,0.7785640248106993,0.1060138078893287,0.0,0.0,0,0,0,无明显情感,未明确对象,未明确方面,中性,False,
生活区,BV1VvLc6AEGb,何衣服,中性,中性,0.6738648287527856,0.18144579079972187,0.6738648287527856,0.14468938044749255,0.0,0.0,0,0,0,无明显情感,未明确对象,未明确方面,中性,False,
生活区,BV1VvLc6AEGb,人美声甜,中性,中性,0.8618664168217217,0.10486493782588653,0.8618664168217217,0.03326864535239175,0.0,0.0,0,0,0,无明显情感,未明确对象,未明确方面,中性,False,
生活区,BV1VvLc6AEGb,五负责迷路,中性,中性,0.8364553265482644,0.10984407021946041,0.8364553265482644,0.05370060323227531,1.0,1.0,1,0,0,对象评价,未明确对象,未明确方面,正面,True,0.0
生活区,BV1VvLc6AEGb,哪里来的冲绳，只有琉球,中性,中性,0.7990861175553335,0.09957301209866033,0.7990861175553335,0.10134087034600618,0.0,0.0,0,0,0,无明显情感,未明确对象,未明确方面,中性,False,
生活区,BV1VvLc6AEGb,海发菜？,中性,中性,0.6087201089023738,0.18130990738251176,0.6087201089023738,0.2099699837151145,0.0,0.0,0,0,0,无明显情感,未明确对象,未明确方面,中性,False,
生活区,BV1VvLc6AEGb,国外开车可以喝一瓶的，而且查酒驾就是让数 1234,中性,中性,0.7972503459307486,0.13042088153370643,0.7972503459307486,0.07232877253554504,1.0,1.0,1,0,0,对象评价,未明确对象,未明确方面,正面,True,0.0
生活区,BV1VvLc6AEGb,天使,中性,中性,0.6778336915593252,0.1831801651441017,0.6778336915593252,0.13898614329657322,0.0,0.0,0,0,0,无明显情感,未明确对象,未明确方面,中性,False,
生活区,BV1VvLc6AEGb,不是琉球吗？什么冲绳。,中性,中性,0.8174252416317778,0.02360845589397784,0.8174252416317778,0.15896630247424445,0.0,0.0,0,0,0,无明显情感,未明确对象,未明确方面,中性,False,
生活区,BV1VvLc6AEGb,好像是她老公在弹三弦,中性,中性,0.7650147744015366,0.09454728211713127,0.7650147744015366,0.1404379434813321,0.0,0.0,0,0,0,无明显情感,未明确对象,未明确方面,中性,False,
生活区,BV1VvLc6AEGb,潜水!先干了这杯可燃乌龙茶!,中性,中性,0.6459682103728777,0.20170188169880213,0.6459682103728777,0.1523299079283204,0.0,0.0,0,0,0,无明显情感,未明确对象,未明确方面,中性,True,0.0
生活区,BV1VvLc6AEGb,冲绳萝莉岛,中性,中性,0.7272367667216074,0.2333763375063886,0.7272367667216074,0.0393868957720039,0.0,0.0,0,0,0,无明显情感,未明确对象,未明确方面,中性,False,
生活区,BV1VvLc6AEGb,迷路？,中性,中性,0.7207706130523623,0.10026695566560039,0.7207706130523623,0.1789624312820372,0.0,0.0,0,0,0,无明显情感,未明确对象,未明确方面,中性,False,
生活区,BV1VvLc6AEGb,为什么不是五只，是因为五只不行吗,中性,中性,0.5837849497218083,0.011935035271012624,0.5837849497218083,0.40428001500717914,-1.0,-1.0,0,1,0,对象评价,未明确对象,未明确方面,负面,True,0.0
生活区,BV1VvLc6AEGb,安室的后辈,中性,中性,0.7501530325024405,0.1612444155709263,0.7501530325024405,0.08860255192663323,0.0,0.0,0,0,0,无明显情感,未明确对象,未明确方面,中性,False,
生活区,BV1VvLc6AEGb,浦西（pus*y）,中性,中性,0.7944769449277524,0.11917908218665825,0.7944769449277524,0.08634397288558941,0.0,0.0,0,0,0,无明显情感,未明确对象,未明确方面,中性,False,
生活区,BV1VvLc6AEGb,屁桃航空（もも）,中性,中性,0.6738648287527856,0.18144579079972187,0.6738648287527856,0.14468938044749255,0.0,0.0,0,0,0,无明显情感,未明确对象,未明确方面,中性,False,
生活区,BV1VvLc6AEGb,Okinawa,中性,中性,0.7218424191948339,0.18317443922064128,0.7218424191948339,0.09498314158452466,0.0,0.0,0,0,0,无明显情感,未明确对象,未明确方面,中性,False,
生活区,BV1VvLc6AEGb,这不咱们琉球县吗,中性,中性,0.675984182901599,0.025949951960851356,0.675984182901599,0.2980658651375496,0.0,0.0,0,0,0,无明显情感,未明确对象,未明确方面,中性,False,
生活区,BV1VvLc6AEGb,还不就是这样吗,中性,中性,0.6457906790249347,0.05508282874771009,0.6457906790249347,0.2991264922273552,0.0,0.0,0,0,0,无明显情感,未明确对象,未明确方面,中性,False,
生活区,BV1VvLc6AEGb,对的对的,中性,中性,0.6963998920712895,0.17866456396553776,0.6963998920712895,0.12493554396317277,0.0,0.0,0,0,0,无明显情感,未明确对象,未明确方面,中性,False,
生活区,BV1VvLc6AEGb,我靠小小恋歌,中性,中性,0.6702448333020301,0.1810499194507006,0.6702448333020301,0.14870524724726916,0.0,0.0,0,0,0,无明显情感,未明确对象,未明确方面,中性,False,
生活区,BV1VvLc6AEGb,不是假发 是挂,中性,中性,0.4937251110232511,0.021095606878484573,0.4937251110232511,0.4851792820982642,0.0,0.0,0,0,0,无明显情感,未明确对象,未明确方面,中性,False,
生活区,BV1VvLc6AEGb,临什么,中性,中性,0.9207095204397909,0.029547071653021097,0.9207095204397909,0.04974340790718799,0.0,0.0,0,0,0,无明显情感,未明确对象,未明确方面,中性,False,
生活区,BV1VvLc6AEGb,费玉清起手式,中性,中性,0.6738648287527856,0.18144579079972187,0.6738648287527856,0.14468938044749255,0.0,0.0,0,0,0,无明显情感,未明确对象,未明确方面,中性,False,
生活区,BV1VvLc6AEGb,有没有可能他自己就是老板,中性,中性,0.7225362324089568,0.10564349004909136,0.7225362324089568,0.1718202775419519,0.0,0.0,0,0,0,无明显情感,未明确对象,未明确方面,中性,False,
生活区,BV1VvLc6AEGb,等以后独立了，重新建设,中性,负面,0.5268403599373168,0.12632434860392877,0.34683529145875447,0.5268403599373168,0.0,0.0,0,0,0,无明显情感,未明确对象,未明确方面,中性,True,0.0
生活区,BV1VvLc6AEGb,中孝介,中性,中性,0.6778336915593252,0.1831801651441017,0.6778336915593252,0.13898614329657322,0.0,0.0,0,0,0,无明显情感,未明确对象,未明确方面,中性,False,
生活区,BV1VvLc6AEGb,都成碳了,中性,中性,0.46680631033605224,0.1095534859210018,0.46680631033605224,0.423640203742946,0.0,0.0,0,0,0,无明显情感,未明确对象,未明确方面,中性,False,
生活区,BV1VvLc6AEGb,梅开二度,中性,中性,0.6778336915593252,0.1831801651441017,0.6778336915593252,0.13898614329657322,0.0,0.0,0,0,0,无明显情感,未明确对象,未明确方面,中性,False,
生活区,BV1VvLc6AEGb,这才对,中性,中性,0.6148916452054768,0.17101482095137446,0.6148916452054768,0.21409353384314875,0.0,0.0,0,0,0,无明显情感,未明确对象,未明确方面,中性,True,0.0
生活区,BV1VvLc6AEGb,防台风,中性,中性,0.6738648287527856,0.18144579079972187,0.6738648287527856,0.14468938044749255,0.0,0.0,0,0,0,无明显情感,未明确对象,未明确方面,中性,False,
生活区,BV1VvLc6AEGb,你长得好像岛袋力也,中性,中性,0.7816729268324222,0.08575899688410232,0.7816729268324222,0.13256807628347553,0.0,0.0,0,0,0,无明显情感,未明确对象,未明确方面,中性,False,
生活区,BV1VvLc6AEGb,公费旅游,中性,中性,0.6778336915593252,0.1831801651441017,0.6778336915593252,0.13898614329657322,0.0,0.0,0,0,0,无明显情感,未明确对象,未明确方面,中性,False,
生活区,BV1VvLc6AEGb,琉球早晚会回归祖国的,中性,中性,0.7449623901689244,0.14914477020846384,0.7449623901689244,0.10589283962261174,0.0,0.0,0,0,0,无明显情感,未明确对象,未明确方面,中性,False,
生活区,BV1VvLc6AEGb,多少？？,中性,中性,0.7867500839974592,0.07940714235300278,0.7867500839974592,0.1338427736495379,0.0,0.0,0,0,0,无明显情感,未明确对象,未明确方面,中性,False,
生活区,BV1VvLc6AEGb,家乡话,中性,中性,0.6778336915593252,0.1831801651441017,0.6778336915593252,0.13898614329657322,0.0,0.0,0,0,0,无明显情感,未明确对象,未明确方面,中性,False,
生活区,BV1VvLc6AEGb,你是来工作的还是来度假的,中性,中性,0.7678413171727667,0.03654190482662224,0.7678413171727667,0.19561677800061114,0.0,0.0,0,0,0,无明显情感,未明确对象,未明确方面,中性,False,
生活区,BV1VvLc6AEGb,琉球群岛中的冲绳岛,中性,中性,0.771319857230675,0.12455665215452474,0.771319857230675,0.1041234906148003,0.0,0.0,0,0,0,无明显情感,未明确对象,未明确方面,中性,False,
生活区,BV1VvLc6AEGb,冲绳奴隶岛（察觉）,中性,中性,0.7257056195622795,0.2311953557388156,0.7257056195622795,0.04309902469890495,0.0,0.0,0,0,0,无明显情感,未明确对象,未明确方面,中性,False,
生活区,BV1VvLc6AEGb,四川的?你就是大西王,中性,中性,0.5719778461846993,0.046409259819428325,0.5719778461846993,0.38161289399587245,0.0,0.0,0,0,0,无明显情感,未明确对象,未明确方面,中性,False,
生活区,BV1VvLc6AEGb,挺会享受,中性,中性,0.6738648287527856,0.18144579079972187,0.6738648287527856,0.14468938044749255,0.0,0.0,0,0,0,无明显情感,未明确对象,未明确方面,中性,False,
生活区,BV1VvLc6AEGb,详情请见：碧蓝之海,中性,中性,0.629377024654385,0.22523769120804765,0.629377024654385,0.1453852841375673,0.0,0.0,0,0,0,无明显情感,未明确对象,未明确方面,中性,False,
生活区,BV1VvLc6AEGb,是喵帕斯里的海滩吗？,中性,中性,0.7403949754790122,0.06888918439854229,0.7403949754790122,0.19071584012244547,0.0,0.0,0,0,0,无明显情感,未明确对象,未明确方面,中性,False,
生活区,BV1VvLc6AEGb,琉球懂吗？早晚日本鬼子得吐出来的地方,中性,中性,0.7710848389616889,0.058728872230949296,0.7710848389616889,0.1701862888073619,0.0,0.0,0,0,0,无明显情感,未明确对象,未明确方面,中性,False,
生活区,BV1VvLc6AEGb,去琉球了,中性,中性,0.6250404473816534,0.16563768984773006,0.6250404473816534,0.20932186277061648,0.0,0.0,0,0,0,无明显情感,未明确对象,未明确方面,中性,False,
生活区,BV1VvLc6AEGb,卧槽,中性,中性,0.6778336915593252,0.1831801651441017,0.6778336915593252,0.13898614329657322,0.0,0.0,0,0,0,无明显情感,未明确对象,未明确方面,中性,False,
生活区,BV1VvLc6AEGb,怎么好像阿库娅？,中性,中性,0.7311306970142115,0.0424678388842704,0.7311306970142115,0.2264014641015181,0.0,0.0,0,0,0,无明显情感,未明确对象,未明确方面,中性,False,
生活区,BV1VvLc6AEGb,这个名字让我想起了在这个岛上当萝莉的人,中性,负面,0.49264055746648266,0.08331723163025746,0.4240422109032598,0.49264055746648266,0.0,0.0,0,0,0,无明显情感,未明确对象,未明确方面,中性,True,0.0
生活区,BV1VvLc6AEGb,这把我干哪儿来了？,中性,中性,0.898691518235094,0.020616626586366742,0.898691518235094,0.08069185517853922,0.0,0.0,0,0,0,无明显情感,未明确对象,未明确方面,中性,False,
生活区,BV1VvLc6AEGb,这面够呛能吃三口,中性,中性,0.660771620668819,0.0785567122207279,0.660771620668819,0.2606716671104531,0.0,0.0,0,0,0,无明显情感,未明确对象,未明确方面,中性,False,
生活区,BV1VvLc6AEGb,每日i客户TV,中性,中性,0.796422685772735,0.11102231106472328,0.796422685772735,0.09255500316254174,0.0,0.0,0,0,0,无明显情感,未明确对象,未明确方面,中性,False,
生活区,BV1VvLc6AEGb,酸的，苦的,中性,中性,0.5556000610305967,0.2206058481249079,0.5556000610305967,0.22379409084449542,0.0,0.0,0,0,0,无明显情感,未明确对象,未明确方面,中性,False,
生活区,BV1VvLc6AEGb,琉球复国不远了,中性,中性,0.663031326934026,0.11322991819501992,0.663031326934026,0.22373875487095407,0.0,0.0,0,0,0,无明显情感,未明确对象,未明确方面,中性,False,
生活区,BV1VvLc6AEGb,杨国福,中性,中性,0.6778336915593252,0.1831801651441017,0.6778336915593252,0.13898614329657322,0.0,0.0,0,0,0,无明显情感,未明确对象,未明确方面,中性,False,
生活区,BV1VvLc6AEGb,听海,中性,中性,0.6778336915593252,0.1831801651441017,0.6778336915593252,0.13898614329657322,0.0,0.0,0,0,0,无明显情感,未明确对象,未明确方面,中性,False,
生活区,BV1VvLc6AEGb,冲绳的特产不是美军嘛,中性,中性,0.7629764991631477,0.0836173627937123,0.7629764991631477,0.1534061380431399,0.0,0.0,0,0,0,无明显情感,未明确对象,未明确方面,中性,False,
生活区,BV1VvLc6AEGb,琉球花姑娘,中性,中性,0.7568516273075406,0.12169196885256899,0.7568516273075406,0.12145640383989041,0.0,0.0,0,0,0,无明显情感,未明确对象,未明确方面,中性,False,
生活区,BV1VvLc6AEGb,看饿了,中性,中性,0.6368783994221606,0.22544549673034292,0.6368783994221606,0.13767610384749646,0.0,0.0,0,0,0,无明显情感,未明确对象,未明确方面,中性,False,
生活区,BV1VvLc6AEGb,爆什么 这合理吗？,中性,中性,0.7717076139872884,0.020565856969721838,0.7717076139872884,0.2077265290429897,0.0,0.0,0,0,0,无明显情感,未明确对象,未明确方面,中性,False,
生活区,BV1VvLc6AEGb,经典琉球粉红,中性,中性,0.6553358448230907,0.29463763083113376,0.6553358448230907,0.05002652434577559,1.0,1.0,1,0,0,对象评价,未明确对象,未明确方面,正面,True,0.0
生活区,BV1VvLc6AEGb,五蚂蚁,中性,中性,0.6738648287527856,0.18144579079972187,0.6738648287527856,0.14468938044749255,0.0,0.0,0,0,0,无明显情感,未明确对象,未明确方面,中性,False,
生活区,BV1VvLc6AEGb,晚上人就多了,中性,中性,0.6299852473880101,0.3166026132251314,0.6299852473880101,0.053412139386858494,0.0,0.0,0,0,0,无明显情感,未明确对象,未明确方面,中性,False,
生活区,BV1VvLc6AEGb,临死www,中性,中性,0.6738648287527856,0.18144579079972187,0.6738648287527856,0.14468938044749255,0.0,0.0,0,0,0,无明显情感,未明确对象,未明确方面,中性,False,
生活区,BV1VvLc6AEGb,普锐斯导弹,中性,中性,0.6738648287527856,0.18144579079972187,0.6738648287527856,0.14468938044749255,0.0,0.0,0,0,0,无明显情感,未明确对象,未明确方面,中性,False,
生活区,BV1VvLc6AEGb,沖縄県です,中性,中性,0.6697359046476931,0.17967866153710305,0.6697359046476931,0.15058543381520384,0.0,0.0,0,0,0,无明显情感,未明确对象,未明确方面,中性,False,
生活区,BV1VvLc6AEGb,用脚恢复,中性,中性,0.6738648287527856,0.18144579079972187,0.6738648287527856,0.14468938044749255,0.0,0.0,0,0,0,无明显情感,未明确对象,未明确方面,中性,False,
生活区,BV1VvLc6AEGb,比基尼呢,中性,中性,0.5193095724424743,0.10257507582733184,0.5193095724424743,0.3781153517301939,0.0,0.0,0,0,0,无明显情感,未明确对象,未明确方面,中性,False,
生活区,BV1VvLc6AEGb,我去,中性,中性,0.620137511884442,0.32892595259426943,0.620137511884442,0.05093653552128865,0.0,0.0,0,0,0,无明显情感,未明确对象,未明确方面,中性,False,
生活区,BV1VvLc6AEGb,这阶段推荐去日本旅游吗，有意思,中性,中性,0.355394642106929,0.2957255511354853,0.355394642106929,0.3488798067575857,1.0,1.0,1,0,0,对象评价+立场,未明确对象,未明确方面,正面,True,0.0
生活区,BV1VvLc6AEGb,蠢 鸡,中性,中性,0.6778336915593252,0.1831801651441017,0.6778336915593252,0.13898614329657322,0.0,0.0,0,0,0,无明显情感,未明确对象,未明确方面,中性,False,
生活区,BV1VvLc6AEGb,《冲绳奴隶岛》,中性,中性,0.7265032998220047,0.23229368173295323,0.7265032998220047,0.04120301844504205,0.0,0.0,0,0,0,无明显情感,未明确对象,未明确方面,中性,False,
生活区,BV1VvLc6AEGb,牙买加烤鸡,中性,中性,0.6738648287527856,0.18144579079972187,0.6738648287527856,0.14468938044749255,0.0,0.0,0,0,0,无明显情感,未明确对象,未明确方面,中性,False,
生活区,BV1VvLc6AEGb,海蕴,中性,中性,0.6778336915593252,0.1831801651441017,0.6778336915593252,0.13898614329657322,0.0,0.0,0,0,0,无明显情感,未明确对象,未明确方面,中性,False,
生活区,BV1VvLc6AEGb,是冲绳,中性,中性,0.8036549377847717,0.15575091016132098,0.8036549377847717,0.0405941520539074,0.0,0.0,0,0,0,无明显情感,未明确对象,未明确方面,中性,False,
生活区,BV1VvLc6AEGb,风狮爷,中性,中性,0.6778336915593252,0.1831801651441017,0.6778336915593252,0.13898614329657322,0.0,0.0,0,0,0,无明显情感,未明确对象,未明确方面,中性,False,
生活区,BV1VvLc6AEGb,张惠妹上大分,中性,中性,0.6738648287527856,0.18144579079972187,0.6738648287527856,0.14468938044749255,0.0,0.0,0,0,0,无明显情感,未明确对象,未明确方面,中性,False,
生活区,BV1VvLc6AEGb,痛风:你好,中性,中性,0.6738648287527856,0.18144579079972187,0.6738648287527856,0.14468938044749255,0.0,0.0,0,0,0,无明显情感,未明确对象,未明确方面,中性,False,
生活区,BV1VvLc6AEGb,无人岛就是nagaro岛吧,中性,中性,0.6733592767777066,0.06354632999638858,0.6733592767777066,0.2630943932259049,0.0,0.0,0,0,0,无明显情感,未明确对象,未明确方面,中性,False,
生活区,BV1VvLc6AEGb,我去不早说,中性,中性,0.5974435143101258,0.17060623377794115,0.5974435143101258,0.23195025191193308,0.0,0.0,0,0,0,无明显情感,未明确对象,未明确方面,中性,False,
生活区,BV1VvLc6AEGb,妙哇,中性,中性,0.6198611104990661,0.3079342114169825,0.6198611104990661,0.07220467808395134,0.0,0.0,0,0,0,无明显情感,未明确对象,未明确方面,中性,False,
生活区,BV1VvLc6AEGb,现在麦当劳我小心点吃就两口,中性,中性,0.673938912886617,0.0788636955700215,0.673938912886617,0.24719739154336148,0.0,0.0,0,0,0,无明显情感,未明确对象,未明确方面,中性,False,
生活区,BV1VvLc6AEGb,@神秘园,中性,中性,0.6778336915593252,0.1831801651441017,0.6778336915593252,0.13898614329657322,0.0,0.0,0,0,0,无明显情感,未明确对象,未明确方面,中性,False,
生活区,BV1VvLc6AEGb,經典 只要別人厲害的地方 就開始全部往自己口袋裡放 再說是自己的技術 經典啊,中性,中性,0.7107093956472212,0.13706799778923956,0.7107093956472212,0.15222260656353917,0.0,0.0,0,0,0,无明显情感,未明确对象,未明确方面,中性,False,
生活区,BV1VvLc6AEGb,美军,中性,中性,0.6778336915593252,0.1831801651441017,0.6778336915593252,0.13898614329657322,0.0,0.0,0,0,0,无明显情感,未明确对象,未明确方面,中性,False,
生活区,BV1VvLc6AEGb,神秘园呢，出来救一下,中性,中性,0.7000058487987725,0.11930422916030493,0.7000058487987725,0.18068992204092266,0.0,0.0,0,0,0,无明显情感,未明确对象,未明确方面,中性,False,
生活区,BV1VvLc6AEGb,喝嗨了,中性,中性,0.8260940270706613,0.06810722237909861,0.8260940270706613,0.10579875055024011,0.0,0.0,0,0,0,无明显情感,未明确对象,未明确方面,中性,False,
生活区,BV1VvLc6AEGb,?不过也是，2000块钱应该是能住5个人,中性,中性,0.6970474662084432,0.06223897984265255,0.6970474662084432,0.24071355394890423,0.0,0.0,0,0,0,无明显情感,未明确对象,未明确方面,中性,True,0.0
生活区,BV1VvLc6AEGb,小鸟胃,中性,中性,0.6738648287527856,0.18144579079972187,0.6738648287527856,0.14468938044749255,0.0,0.0,0,0,0,无明显情感,未明确对象,未明确方面,中性,False,
生活区,BV1VvLc6AEGb,量天尺,中性,中性,0.6738648287527856,0.18144579079972187,0.6738648287527856,0.14468938044749255,0.0,0.0,0,0,0,无明显情感,未明确对象,未明确方面,中性,False,
生活区,BV1VvLc6AEGb,kksk,中性,中性,0.6778336915593252,0.1831801651441017,0.6778336915593252,0.13898614329657322,0.0,0.0,0,0,0,无明显情感,未明确对象,未明确方面,中性,False,
生活区,BV1VvLc6AEGb,去冲绳打吉尔巴里斯呢,中性,中性,0.5929496215527534,0.24901388879570566,0.5929496215527534,0.1580364896515408,0.0,0.0,0,0,0,无明显情感,未明确对象,未明确方面,中性,False,
生活区,BV1VvLc6AEGb,350234,中性,中性,0.7315286837823906,0.17599232020521144,0.7315286837823906,0.09247899601239806,0.0,0.0,0,0,0,无明显情感,未明确对象,未明确方面,中性,False,
生活区,BV1VvLc6AEGb,再说一遍是琉球！！！！,中性,中性,0.4876921948477401,0.26486021825526423,0.4876921948477401,0.2474475868969956,0.0,0.0,0,0,0,无明显情感,未明确对象,未明确方面,中性,False,
生活区,BV1VvLc6AEGb,美军冲绳基地的战斗机啊,中性,中性,0.5563095616184778,0.30532541942563285,0.5563095616184778,0.13836501895588932,0.0,0.0,0,0,0,无明显情感,未明确对象,未明确方面,中性,False,
生活区,BV1VvLc6AEGb,还有小小恋歌,中性,中性,0.8072519211289808,0.1341443080091308,0.8072519211289808,0.05860377086188845,0.0,0.0,0,0,0,无明显情感,未明确对象,未明确方面,中性,False,
生活区,BV1VvLc6AEGb,看看浦西,中性,中性,0.8144930751116788,0.09923100003276399,0.8144930751116788,0.08627592485555713,0.0,0.0,0,0,0,无明显情感,未明确对象,未明确方面,中性,False,
生活区,BV1VvLc6AEGb,这不来首宾克斯的美酒？,中性,中性,0.8515218026759249,0.06114251664987134,0.8515218026759249,0.08733568067420365,0.0,0.0,0,0,0,无明显情感,未明确对象,未明确方面,中性,False,
生活区,BV1VvLc6AEGb,琉球还是早点回归吧,中性,中性,0.7022038430347209,0.06580798334342956,0.7022038430347209,0.2319881736218496,0.0,0.0,0,0,0,无明显情感,未明确对象,未明确方面,中性,False,
生活区,BV1VvLc6AEGb,风蚀,中性,中性,0.6778336915593252,0.1831801651441017,0.6778336915593252,0.13898614329657322,0.0,0.0,0,0,0,无明显情感,未明确对象,未明确方面,中性,False,
生活区,BV1VvLc6AEGb,我以为是导弹呢？,中性,中性,0.6555505645943146,0.029712295816687377,0.6555505645943146,0.31473713958899796,0.0,0.0,0,0,0,无明显情感,未明确对象,未明确方面,中性,False,
生活区,BV1VvLc6AEGb,哇哦,中性,中性,0.684795655176677,0.22911422271969498,0.684795655176677,0.08609012210362811,0.0,0.0,0,0,0,无明显情感,未明确对象,未明确方面,中性,False,
生活区,BV1VvLc6AEGb,2个币帮我转交给小姐姐,中性,中性,0.5823909900312938,0.30313851671720704,0.5823909900312938,0.11447049325149913,0.0,0.0,0,0,0,无明显情感,未明确对象,未明确方面,中性,False,
生活区,BV1VvLc6AEGb,这个价格不亲民吧。,中性,中性,0.674949076099791,0.12421933072014725,0.674949076099791,0.2008315931800618,0.0,0.0,0,0,0,无明显情感,未明确对象,未明确方面,中性,False,
生活区,BV1VvLc6AEGb,男人至死是嘉豪,中性,中性,0.7836620258651779,0.07628006331515662,0.7836620258651779,0.14005791081966562,0.0,0.0,0,0,0,无明显情感,未明确对象,未明确方面,中性,False,
生活区,BV1VvLc6AEGb,可以报销？,中性,中性,0.5205673632728454,0.26573868315698823,0.5205673632728454,0.2136939535701664,1.0,1.0,1,0,0,对象评价,未明确对象,未明确方面,正面,True,0.0
生活区,BV1VvLc6AEGb,柯南的杀人事件,中性,中性,0.7474673597029599,0.1600832377258351,0.7474673597029599,0.092449402571205,0.0,0.0,0,0,0,无明显情感,未明确对象,未明确方面,中性,False,
生活区,BV1VvLc6AEGb,不止几个，日本绝大多数美军基地都在冲绳,中性,中性,0.47391910864462977,0.10818993582360838,0.47391910864462977,0.4178909555317618,0.0,0.0,0,0,0,无明显情感,未明确对象,未明确方面,中性,True,0.0
生活区,BV1VvLc6AEGb,可以,中性,中性,0.4109486003721616,0.3714436710735194,0.4109486003721616,0.21760772855431895,1.0,1.0,1,0,0,对象评价,未明确对象,未明确方面,正面,True,0.0
生活区,BV1VvLc6AEGb,你美爹,中性,中性,0.5755091814789914,0.13068898857767874,0.5755091814789914,0.2938018299433299,0.0,0.0,0,0,0,无明显情感,未明确对象,未明确方面,中性,False,
生活区,BV1VvLc6AEGb,你的生活我的梦,中性,中性,0.6736048589146542,0.23829016634130443,0.6736048589146542,0.08810497474404144,0.0,0.0,0,0,0,无明显情感,未明确对象,未明确方面,中性,False,
生活区,BV1VvLc6AEGb,真成社长了,中性,中性,0.5159825025909647,0.2007342401949027,0.5159825025909647,0.2832832572141327,0.0,0.0,0,0,0,无明显情感,未明确对象,未明确方面,中性,False,
生活区,BV1VvLc6AEGb,阔以呦,中性,中性,0.6738648287527856,0.18144579079972187,0.6738648287527856,0.14468938044749255,0.0,0.0,0,0,0,无明显情感,未明确对象,未明确方面,中性,False,
生活区,BV1VvLc6AEGb,嘉手纳的,中性,中性,0.7527142656171152,0.1623850886544816,0.7527142656171152,0.08490064572840314,0.0,0.0,0,0,0,无明显情感,未明确对象,未明确方面,中性,False,
生活区,BV1VvLc6AEGb,太有气氛,中性,中性,0.5018509731204779,0.41430518234016445,0.5018509731204779,0.08384384453935766,0.0,0.0,0,0,0,无明显情感,未明确对象,未明确方面,中性,False,
生活区,BV1VvLc6AEGb,你再骂！,中性,中性,0.4941866096470395,0.29543485258874863,0.4941866096470395,0.21037853776421192,0.0,0.0,0,0,0,无明显情感,未明确对象,未明确方面,中性,False,
生活区,BV1VvLc6AEGb,冲绳冲绳冲绳,中性,中性,0.7265032998220047,0.23229368173295323,0.7265032998220047,0.04120301844504205,0.0,0.0,0,0,0,无明显情感,未明确对象,未明确方面,中性,False,
生活区,BV1VvLc6AEGb,核辐射海,中性,中性,0.584900965664963,0.29808813545361057,0.584900965664963,0.11701089888142653,0.0,0.0,0,0,0,无明显情感,未明确对象,未明确方面,中性,False,
生活区,BV1VvLc6AEGb,很近台湾的地方,中性,中性,0.7474673597029599,0.1600832377258351,0.7474673597029599,0.092449402571205,0.0,0.0,0,0,0,无明显情感,未明确对象,未明确方面,中性,False,
生活区,BV1VvLc6AEGb,搁浅的海臀,中性,中性,0.562635857662707,0.33934594980908545,0.562635857662707,0.09801819252820768,0.0,0.0,0,0,0,无明显情感,未明确对象,未明确方面,中性,False,
生活区,BV1VvLc6AEGb,琉球该回归了祖国怀抱了,中性,中性,0.48819790983892974,0.09206793822574108,0.48819790983892974,0.41973415193532915,0.0,0.0,0,0,0,无明显情感,未明确对象,未明确方面,中性,False,
生活区,BV1VvLc6AEGb,等一下，你不是开车么？,中性,中性,0.6047144477003441,0.05062866442727539,0.6047144477003441,0.34465688787238047,0.0,0.0,0,0,0,无明显情感,未明确对象,未明确方面,中性,False,
生活区,BV1VvLc6AEGb,客户还是死了,中性,中性,0.6669635785116574,0.075616297357339,0.6669635785116574,0.2574201241310036,0.0,0.0,0,0,0,无明显情感,未明确对象,未明确方面,中性,False,
生活区,BV1VvLc6AEGb,啊啊啊？,中性,中性,0.4588119810593468,0.09419669795623493,0.4588119810593468,0.4469913209844183,0.0,0.0,0,0,0,无明显情感,未明确对象,未明确方面,中性,False,
生活区,BV1VvLc6AEGb,看上去像瓦猫,中性,中性,0.5960580688984638,0.15316613461227102,0.5960580688984638,0.25077579648926523,0.0,0.0,0,0,0,无明显情感,未明确对象,未明确方面,中性,False,
生活区,BV1VvLc6AEGb,南陇侯是你吗？,中性,中性,0.7232820858160575,0.04073722997341097,0.7232820858160575,0.23598068421053164,0.0,0.0,0,0,0,无明显情感,未明确对象,未明确方面,中性,False,
生活区,BV1VvLc6AEGb,琉球群岛阿,中性,中性,0.688453924779609,0.16966211963599417,0.688453924779609,0.14188395558439687,0.0,0.0,0,0,0,无明显情感,未明确对象,未明确方面,中性,False,
生活区,BV1VvLc6AEGb,突然大兵附体,中性,中性,0.5134142612641888,0.1455349791957048,0.5134142612641888,0.34105075954010644,0.0,0.0,0,0,0,无明显情感,未明确对象,未明确方面,中性,False,
生活区,BV1VvLc6AEGb,琉球啊亲,中性,中性,0.458390543857686,0.15292824732687638,0.458390543857686,0.38868120881543766,0.0,0.0,0,0,0,无明显情感,未明确对象,未明确方面,中性,False,
生活区,BV1VvLc6AEGb,想起来一个僵尸游戏,中性,中性,0.45378358109797695,0.10654528088485093,0.45378358109797695,0.43967113801717217,0.0,0.0,0,0,0,无明显情感,未明确对象,未明确方面,中性,False,
生活区,BV1VvLc6AEGb,aw,中性,中性,0.6778336915593252,0.1831801651441017,0.6778336915593252,0.13898614329657322,0.0,0.0,0,0,0,无明显情感,未明确对象,未明确方面,中性,False,
生活区,BV1VvLc6AEGb,冲绳的小曲,中性,中性,0.8042074363128943,0.1680300195634894,0.8042074363128943,0.027762544123616267,0.0,0.0,0,0,0,无明显情感,未明确对象,未明确方面,中性,False,
生活区,BV1VvLc6AEGb,巡抚,中性,中性,0.6778336915593252,0.1831801651441017,0.6778336915593252,0.13898614329657322,0.0,0.0,0,0,0,无明显情感,未明确对象,未明确方面,中性,False,
生活区,BV1VvLc6AEGb,金典,中性,中性,0.6778336915593252,0.1831801651441017,0.6778336915593252,0.13898614329657322,0.0,0.0,0,0,0,无明显情感,未明确对象,未明确方面,中性,False,
生活区,BV1VvLc6AEGb,好像渡嘉敷岛,中性,中性,0.8499315685373735,0.10416742642015774,0.8499315685373735,0.04590100504246878,0.0,0.0,0,0,0,无明显情感,未明确对象,未明确方面,中性,False,
生活区,BV1VvLc6AEGb,社长：你这家伙真的是什么都干得出来呢,中性,中性,0.6867552614601834,0.11444003660741428,0.6867552614601834,0.19880470193240243,0.0,0.0,0,0,0,无明显情感,未明确对象,未明确方面,中性,False,
生活区,BV1VvLc6AEGb,老爷车系列游玩县城,中性,中性,0.6654441105737197,0.17787844361736596,0.6654441105737197,0.15667744580891438,0.0,0.0,0,0,0,无明显情感,未明确对象,未明确方面,中性,False,
生活区,BV1VvLc6AEGb,老兵汉堡,中性,中性,0.6738648287527856,0.18144579079972187,0.6738648287527856,0.14468938044749255,0.0,0.0,0,0,0,无明显情感,未明确对象,未明确方面,中性,False,
生活区,BV1VvLc6AEGb,南陇侯的万尺一线,中性,中性,0.7474673597029599,0.1600832377258351,0.7474673597029599,0.092449402571205,0.0,0.0,0,0,0,无明显情感,未明确对象,未明确方面,中性,False,
生活区,BV1VvLc6AEGb,琉球王国，冲绳是哪里,中性,中性,0.6108334637352699,0.2927938370705731,0.6108334637352699,0.09637269919415697,0.0,0.0,0,0,0,无明显情感,未明确对象,未明确方面,中性,False,
生活区,BV1VvLc6AEGb,取关,中性,中性,0.6778336915593252,0.1831801651441017,0.6778336915593252,0.13898614329657322,0.0,0.0,0,0,0,无明显情感,未明确对象,未明确方面,中性,False,
生活区,BV1VvLc6AEGb,回来 一条龙吃蹄髈,中性,中性,0.7166762720441346,0.10650533830255568,0.7166762720441346,0.17681838965330968,0.0,0.0,0,0,0,无明显情感,未明确对象,未明确方面,中性,False,
生活区,BV1VvLc6AEGb,六 轩 岛,中性,中性,0.6738648287527856,0.18144579079972187,0.6738648287527856,0.14468938044749255,0.0,0.0,0,0,0,无明显情感,未明确对象,未明确方面,中性,False,
生活区,BV1VvLc6AEGb,这不放个推特id？,中性,中性,0.8336408981896065,0.06379346062354427,0.8336408981896065,0.10256564118684917,0.0,0.0,0,0,0,无明显情感,未明确对象,未明确方面,中性,False,
生活区,BV1VvLc6AEGb,想去了,中性,中性,0.480951190559828,0.19417492161154581,0.480951190559828,0.3248738878286262,0.0,0.0,0,0,0,无明显情感,未明确对象,未明确方面,中性,False,
生活区,BV1VvLc6AEGb,狮爷？,中性,中性,0.7207706130523623,0.10026695566560039,0.7207706130523623,0.1789624312820372,0.0,0.0,0,0,0,无明显情感,未明确对象,未明确方面,中性,False,
生活区,BV1VvLc6AEGb,传销卧底视角,中性,中性,0.6697359046476931,0.17967866153710305,0.6697359046476931,0.15058543381520384,0.0,0.0,0,0,0,无明显情感,未明确对象,未明确方面,中性,False,
生活区,BV1VvLc6AEGb,种的,中性,中性,0.7527142656171152,0.1623850886544816,0.7527142656171152,0.08490064572840314,0.0,0.0,0,0,0,无明显情感,未明确对象,未明确方面,中性,False,
生活区,BV1VvLc6AEGb,当地人自己的土地 爱咋叫咋叫,中性,中性,0.7181347361571089,0.18025734916678154,0.7181347361571089,0.10160791467610952,0.0,0.0,0,0,0,无明显情感,未明确对象,未明确方面,中性,False,
生活区,BV1VvLc6AEGb,这期比鲁含量超标,中性,中性,0.6654441105737197,0.17787844361736596,0.6654441105737197,0.15667744580891438,0.0,0.0,0,0,0,无明显情感,未明确对象,未明确方面,中性,False,
生活区,BV1VvLc6AEGb,哇,中性,中性,0.6614681460471558,0.2461992514451403,0.6614681460471558,0.09233260250770392,0.0,0.0,0,0,0,无明显情感,未明确对象,未明确方面,中性,False,
生活区,BV1VvLc6AEGb,喔呦,中性,中性,0.6738648287527856,0.18144579079972187,0.6738648287527856,0.14468938044749255,0.0,0.0,0,0,0,无明显情感,未明确对象,未明确方面,中性,False,
生活区,BV1VvLc6AEGb,已取餐,中性,中性,0.6191016221487358,0.2676431432814025,0.6191016221487358,0.11325523456986164,0.0,0.0,0,0,0,无明显情感,未明确对象,未明确方面,中性,False,
生活区,BV1VvLc6AEGb,看看前方有无极好的臀线,中性,中性,0.8119106536423781,0.08744214576987673,0.8119106536423781,0.10064720058774518,0.0,0.0,0,0,0,无明显情感,未明确对象,未明确方面,中性,False,
生活区,BV1VvLc6AEGb,每日殴打客户致死,中性,中性,0.796422685772735,0.11102231106472328,0.796422685772735,0.09255500316254174,0.0,0.0,0,0,0,无明显情感,未明确对象,未明确方面,中性,False,
生活区,BV1VvLc6AEGb,最后一期,中性,中性,0.8636325018858291,0.08614857434135403,0.8636325018858291,0.050218923772816934,0.0,0.0,0,0,0,无明显情感,未明确对象,未明确方面,中性,False,
生活区,BV1VvLc6AEGb,来一罐ICE BEER,中性,中性,0.7935566225373669,0.09714533928294133,0.7935566225373669,0.10929803817969169,0.0,0.0,0,0,0,无明显情感,未明确对象,未明确方面,中性,False,
生活区,BV1VvLc6AEGb,过段时间会改回琉球的,中性,中性,0.6938056789987013,0.12996573560346747,0.6938056789987013,0.17622858539783126,0.0,0.0,0,0,0,无明显情感,未明确对象,未明确方面,中性,True,0.0
生活区,BV1VvLc6AEGb,本地人上身了么？,中性,中性,0.5043958659910919,0.07777832364540166,0.5043958659910919,0.4178258103635065,0.0,0.0,0,0,0,无明显情感,未明确对象,未明确方面,中性,False,
生活区,BV1VvLc6AEGb,注意看这个英文，jerk还得了,中性,中性,0.5301292758746091,0.1290641384687664,0.5301292758746091,0.3408065856566245,0.0,0.0,0,0,0,无明显情感,未明确对象,未明确方面,中性,True,0.0
生活区,BV1VvLc6AEGb,只知道琉球,中性,中性,0.7410609400718347,0.08380500818148007,0.7410609400718347,0.1751340517466852,0.0,0.0,0,0,0,无明显情感,未明确对象,未明确方面,中性,False,
生活区,BV1VvLc6AEGb,冲绳？琉球！,中性,中性,0.6894478999071222,0.23779655300366756,0.6894478999071222,0.07275554708921035,0.0,0.0,0,0,0,无明显情感,未明确对象,未明确方面,中性,False,
生活区,BV1VvLc6AEGb,冲绳冲绳冲绳 气不气啊，黄娜？,中性,中性,0.611896886915478,0.16258379640455858,0.611896886915478,0.22551931667996325,0.0,0.0,0,0,0,无明显情感,未明确对象,未明确方面,中性,False,
生活区,BV1VvLc6AEGb,ciallo～,中性,中性,0.6778336915593252,0.1831801651441017,0.6778336915593252,0.13898614329657322,0.0,0.0,0,0,0,无明显情感,未明确对象,未明确方面,中性,False,
生活区,BV1VvLc6AEGb,唉~打窝了~打窝了啊~,中性,中性,0.51922825194171,0.1013920070252986,0.51922825194171,0.37937974103299144,0.0,0.0,0,0,0,无明显情感,未明确对象,未明确方面,中性,True,0.0
生活区,BV1VvLc6AEGb,那我只能负责传来噩耗了,中性,中性,0.4779461393083033,0.2013435280491218,0.4779461393083033,0.32071033264257487,1.0,1.0,1,0,0,对象评价,未明确对象,未明确方面,正面,True,0.0
生活区,BV1VvLc6AEGb,琉球群岛,中性,中性,0.692450636250879,0.1712694935511433,0.692450636250879,0.1362798701979777,0.0,0.0,0,0,0,无明显情感,未明确对象,未明确方面,中性,False,
生活区,BV1VvLc6AEGb,你是桂，不是假发,中性,中性,0.4730486364114583,0.06371957032086585,0.4730486364114583,0.4632317932676759,0.0,0.0,0,0,0,无明显情感,未明确对象,未明确方面,中性,False,
生活区,BV1VvLc6AEGb,去神秘园报到,中性,中性,0.7264319338664775,0.12909765517771934,0.7264319338664775,0.14447041095580315,0.0,0.0,0,0,0,无明显情感,未明确对象,未明确方面,中性,False,
生活区,BV1VvLc6AEGb,这件，能代购吗,中性,中性,0.7228625111248219,0.08279987946781761,0.7228625111248219,0.19433760940736058,0.0,0.0,0,0,0,无明显情感,未明确对象,未明确方面,中性,False,
生活区,BV1VvLc6AEGb,你不是一个人去的吗,中性,中性,0.7850802437579104,0.022274412532677118,0.7850802437579104,0.19264534370941258,0.0,0.0,0,0,0,无明显情感,未明确对象,未明确方面,中性,False,
生活区,BV1VvLc6AEGb,他们本地猪,中性,中性,0.6697359046476931,0.17967866153710305,0.6697359046476931,0.15058543381520384,0.0,0.0,0,0,0,无明显情感,未明确对象,未明确方面,中性,False,
生活区,BV1VvLc6AEGb,一句话点踩,中性,中性,0.5270303332969251,0.3046619912686213,0.5270303332969251,0.16830767543445352,0.0,0.0,0,0,0,无明显情感,未明确对象,未明确方面,中性,False,
生活区,BV1VvLc6AEGb,欢迎来义乌,中性,中性,0.7935566225373669,0.09714533928294133,0.7935566225373669,0.10929803817969169,0.0,0.0,0,0,0,无明显情感,未明确对象,未明确方面,中性,False,
生活区,BV1VvLc6AEGb,炭烤：emmm，看出来了（够黑）,中性,中性,0.7048504886608388,0.17899118643381562,0.7048504886608388,0.11615832490534557,0.0,0.0,0,0,0,无明显情感,未明确对象,未明确方面,中性,False,
生活区,BV1VvLc6AEGb,打起来了？,中性,中性,0.669559637571279,0.04674736525962921,0.669559637571279,0.28369299716909174,0.0,0.0,0,0,0,无明显情感,未明确对象,未明确方面,中性,False,
生活区,BV1VvLc6AEGb,纳尼？,中性,中性,0.7207706130523623,0.10026695566560039,0.7207706130523623,0.1789624312820372,0.0,0.0,0,0,0,无明显情感,未明确对象,未明确方面,中性,False,
生活区,BV1VvLc6AEGb,这个我知道，美军飞机,中性,中性,0.4353759484100311,0.14334768081272334,0.4353759484100311,0.4212763707772455,0.0,0.0,0,0,0,无明显情感,未明确对象,未明确方面,中性,True,0.0
生活区,BV1VvLc6AEGb,补充维生素,中性,中性,0.6738648287527856,0.18144579079972187,0.6738648287527856,0.14468938044749255,0.0,0.0,0,0,0,无明显情感,未明确对象,未明确方面,中性,False,
生活区,BV1VvLc6AEGb,伽椰子来拉,中性,中性,0.559393419026046,0.0677384183272016,0.559393419026046,0.37286816264675243,0.0,0.0,0,0,0,无明显情感,未明确对象,未明确方面,中性,False,
生活区,BV1VvLc6AEGb,客户全在海底,中性,中性,0.7994316428389329,0.11184824193643066,0.7994316428389329,0.08872011522463663,0.0,0.0,0,0,0,无明显情感,未明确对象,未明确方面,中性,False,
生活区,BV1VvLc6AEGb,jerk,中性,中性,0.6778336915593252,0.1831801651441017,0.6778336915593252,0.13898614329657322,0.0,0.0,0,0,0,无明显情感,未明确对象,未明确方面,中性,False,
生活区,BV1VvLc6AEGb,深圳梧桐山露营地给你一个帐篷都2000了,中性,中性,0.49913038566769674,0.15678387241171665,0.49913038566769674,0.3440857419205866,0.0,0.0,0,0,0,无明显情感,未明确对象,未明确方面,中性,False,
生活区,BV1VvLc6AEGb,冷知识这是景区,中性,中性,0.8344713261485912,0.11177771950540877,0.8344713261485912,0.053750954346000024,0.0,0.0,0,0,0,无明显情感,未明确对象,未明确方面,中性,False,
生活区,BV1VvLc6AEGb,临死前说是,中性,中性,0.6616539895329088,0.0698010732030164,0.6616539895329088,0.2685449372640749,0.0,0.0,0,0,0,无明显情感,未明确对象,未明确方面,中性,False,
生活区,BV1VvLc6AEGb,唉，琉球,中性,中性,0.5504621462448663,0.17489820359190908,0.5504621462448663,0.2746396501632245,0.0,0.0,0,0,0,无明显情感,未明确对象,未明确方面,中性,False,
生活区,BV1VvLc6AEGb,经验告诉我 去前不要吃东西XD,中性,中性,0.5015682606057781,0.16687080262025825,0.5015682606057781,0.3315609367739637,0.0,0.0,0,0,0,无明显情感,未明确对象,未明确方面,中性,True,0.0
生活区,BV1VvLc6AEGb,有冲绳萝莉岛吗,中性,中性,0.8180920160120104,0.09830216011636583,0.8180920160120104,0.08360582387162384,0.0,0.0,0,0,0,无明显情感,未明确对象,未明确方面,中性,False,
生活区,BV1VvLc6AEGb,重生萝莉岛,中性,中性,0.6738648287527856,0.18144579079972187,0.6738648287527856,0.14468938044749255,0.0,0.0,0,0,0,无明显情感,未明确对象,未明确方面,中性,False,
生活区,BV1VvLc6AEGb,瓦猫,中性,中性,0.6778336915593252,0.1831801651441017,0.6778336915593252,0.13898614329657322,0.0,0.0,0,0,0,无明显情感,未明确对象,未明确方面,中性,False,
生活区,BV1VvLc6AEGb,我负责灵机一动,中性,中性,0.8852832940240104,0.08302813062234754,0.8852832940240104,0.031688575353642105,1.0,1.0,1,0,0,对象评价,未明确对象,未明确方面,正面,True,0.0
生活区,BV1VvLc6AEGb,海人,中性,中性,0.6778336915593252,0.1831801651441017,0.6778336915593252,0.13898614329657322,0.0,0.0,0,0,0,无明显情感,未明确对象,未明确方面,中性,False,
生活区,BV1VvLc6AEGb,蛮便宜的,中性,中性,0.7501530325024405,0.1612444155709263,0.7501530325024405,0.08860255192663323,0.0,0.0,0,0,0,无明显情感,未明确对象,未明确方面,中性,False,
生活区,BV1VvLc6AEGb,肉食主义者,中性,中性,0.6738648287527856,0.18144579079972187,0.6738648287527856,0.14468938044749255,0.0,0.0,0,0,0,无明显情感,未明确对象,未明确方面,中性,False,
生活区,BV1VvLc6AEGb,喝一口,中性,中性,0.8815481451027639,0.06492828362573082,0.8815481451027639,0.05352357127150527,0.0,0.0,0,0,0,无明显情感,未明确对象,未明确方面,中性,False,
生活区,BV1VvLc6AEGb,潜水性价比还行 住宿就算了,中性,中性,0.7253185411627274,0.113554382659681,0.7253185411627274,0.16112707617759153,0.0,0.0,0,0,0,无明显情感,未明确对象,未明确方面,中性,True,0.0
生活区,BV1VvLc6AEGb,@高铁,中性,中性,0.6778336915593252,0.1831801651441017,0.6778336915593252,0.13898614329657322,0.0,0.0,0,0,0,无明显情感,未明确对象,未明确方面,中性,False,
生活区,BV1VvLc6AEGb,给我看饿了,中性,中性,0.46695464003786985,0.13015992190675704,0.46695464003786985,0.402885438055373,0.0,0.0,0,0,0,无明显情感,未明确对象,未明确方面,中性,False,
生活区,BV1VvLc6AEGb,小小恋歌是Mongol800的歌 gakki是翻唱,中性,中性,0.8037119990905811,0.12338280732945786,0.8037119990905811,0.07290519357996103,0.0,0.0,0,0,0,无明显情感,未明确对象,未明确方面,中性,False,
生活区,BV1VvLc6AEGb,琉球琉球琉球,中性,中性,0.752871680381059,0.12061211782559748,0.752871680381059,0.1265162017933435,0.0,0.0,0,0,0,无明显情感,未明确对象,未明确方面,中性,False,
生活区,BV1VvLc6AEGb,琉球！琉球！,中性,中性,0.5710957975758658,0.36183672270182937,0.5710957975758658,0.06706747972230474,0.0,0.0,0,0,0,无明显情感,未明确对象,未明确方面,中性,False,
生活区,BV1VvLc6AEGb,吃不饱,中性,中性,0.6778336915593252,0.1831801651441017,0.6778336915593252,0.13898614329657322,0.0,0.0,0,0,0,无明显情感,未明确对象,未明确方面,中性,False,
生活区,BV1VvLc6AEGb,AW,中性,中性,0.6778336915593252,0.1831801651441017,0.6778336915593252,0.13898614329657322,0.0,0.0,0,0,0,无明显情感,未明确对象,未明确方面,中性,False,
生活区,BV1VvLc6AEGb,okinawa,中性,中性,0.7218424191948339,0.18317443922064128,0.7218424191948339,0.09498314158452466,0.0,0.0,0,0,0,无明显情感,未明确对象,未明确方面,中性,False,
生活区,BV1VvLc6AEGb,普锐斯飞弹,中性,中性,0.6738648287527856,0.18144579079972187,0.6738648287527856,0.14468938044749255,0.0,0.0,0,0,0,无明显情感,未明确对象,未明确方面,中性,False,
生活区,BV1VvLc6AEGb,baori,中性,中性,0.6778336915593252,0.1831801651441017,0.6778336915593252,0.13898614329657322,0.0,0.0,0,0,0,无明显情感,未明确对象,未明确方面,中性,False,
生活区,BV1VvLc6AEGb,收回琉球，必须要开始啊,中性,中性,0.5417789776177782,0.1436163361865743,0.5417789776177782,0.31460468619564763,0.0,0.0,0,0,0,无明显情感,未明确对象,未明确方面,中性,False,
生活区,BV1VvLc6AEGb,就像二战的守岛日军吗？,中性,中性,0.558558784969593,0.059008238185630675,0.558558784969593,0.38243297684477634,0.0,0.0,0,0,0,无明显情感,未明确对象,未明确方面,中性,False,
生活区,BV1VvLc6AEGb,适合部门团建或者家庭出游,中性,中性,0.7225813759983399,0.188397527252957,0.7225813759983399,0.08902109674870301,0.0,0.0,0,0,0,无明显情感,未明确对象,未明确方面,中性,True,0.0
生活区,BV1VvLc6AEGb,凤梨科的应该是菠萝的亲戚,中性,中性,0.9328302361783923,0.03922254048936209,0.9328302361783923,0.027947223332245405,0.0,0.0,0,0,0,无明显情感,未明确对象,未明确方面,中性,False,
生活区,BV1VvLc6AEGb,多少？？？？,中性,中性,0.5294139795084559,0.033061457845618265,0.5294139795084559,0.4375245626459259,0.0,0.0,0,0,0,无明显情感,未明确对象,未明确方面,中性,True,0.0
生活区,BV1VvLc6AEGb,多少？,中性,中性,0.7163693179261869,0.0971437906298729,0.7163693179261869,0.18648689144394023,0.0,0.0,0,0,0,无明显情感,未明确对象,未明确方面,中性,False,
生活区,BV1VvLc6AEGb,低温慢煮再煎一下,中性,中性,0.8808611260764194,0.05007945796370508,0.8808611260764194,0.06905941595987551,0.0,0.0,0,0,0,无明显情感,未明确对象,未明确方面,中性,False,
生活区,BV1VvLc6AEGb,说琉球的刷怪了,中性,中性,0.6289073364690393,0.08533419091572536,0.6289073364690393,0.2857584726152354,0.0,0.0,0,0,0,无明显情感,未明确对象,未明确方面,中性,False,
生活区,BV1VvLc6AEGb,成吉思汗鸡,中性,中性,0.6738648287527856,0.18144579079972187,0.6738648287527856,0.14468938044749255,0.0,0.0,0,0,0,无明显情感,未明确对象,未明确方面,中性,False,
生活区,BV1VvLc6AEGb,认出来了，这不是渡嘉敷岛的阿波连沙滩吗？,中性,中性,0.56030138582465,0.025728394440920014,0.56030138582465,0.4139702197344301,0.0,0.0,0,0,0,无明显情感,未明确对象,未明确方面,中性,True,0.0
生活区,BV1VvLc6AEGb,新城队员？长胡须版,中性,中性,0.6965455594660314,0.09549607881838762,0.6965455594660314,0.20795836171558113,0.0,0.0,0,0,0,无明显情感,未明确对象,未明确方面,中性,False,
生活区,BV1VvLc6AEGb,绳......绳艺大学？,中性,中性,0.5453455576509239,0.15465482282818732,0.5453455576509239,0.2999996195208889,0.0,0.0,0,0,0,无明显情感,未明确对象,未明确方面,中性,False,
生活区,BV1VvLc6AEGb,不是琉球？,中性,中性,0.5065546107396559,0.026424408237941625,0.5065546107396559,0.46702098102240247,0.0,0.0,0,0,0,无明显情感,未明确对象,未明确方面,中性,False,
生活区,BV1VvLc6AEGb,等等什么？,中性,中性,0.892295326418431,0.01990285287106447,0.892295326418431,0.08780182071050452,0.0,0.0,0,0,0,无明显情感,未明确对象,未明确方面,中性,False,
生活区,BV1VvLc6AEGb,你币没了,中性,负面,0.6840191915601718,0.03938960510891529,0.2765912033309129,0.6840191915601718,0.0,0.0,0,0,0,无明显情感,未明确对象,未明确方面,中性,True,0.0
生活区,BV1VvLc6AEGb,啊？,中性,中性,0.4552311804244456,0.18819922857408067,0.4552311804244456,0.35656959100147373,0.0,0.0,0,0,0,无明显情感,未明确对象,未明确方面,中性,True,0.0
生活区,BV1VvLc6AEGb,已经感觉不像中国人了,中性,中性,0.5010579644542126,0.2531673544526594,0.5010579644542126,0.24577468109312797,0.0,0.0,0,0,0,无明显情感,未明确对象,未明确方面,中性,True,0.0
生活区,BV1VvLc6AEGb,好像太原沾串,中性,中性,0.8484159583571589,0.10360378370533106,0.8484159583571589,0.04798025793751003,0.0,0.0,0,0,0,无明显情感,未明确对象,未明确方面,中性,False,
生活区,BV1VvLc6AEGb,不是成都人，是卢布董卓人,中性,中性,0.5888553336626089,0.053066118720136786,0.5888553336626089,0.3580785476172542,0.0,0.0,0,0,0,无明显情感,未明确对象,未明确方面,中性,False,
生活区,BV1VvLc6AEGb,看着像烤海蛎子,中性,中性,0.4311163276173531,0.22949573564856354,0.4311163276173531,0.3393879367340834,0.0,0.0,0,0,0,无明显情感,未明确对象,未明确方面,中性,True,0.0
生活区,BV1VvLc6AEGb,发际线危,中性,中性,0.6738648287527856,0.18144579079972187,0.6738648287527856,0.14468938044749255,0.0,0.0,0,0,0,无明显情感,未明确对象,未明确方面,中性,False,
生活区,BV1VvLc6AEGb,万次一线（凡人修仙传）,中性,中性,0.6609868144823405,0.17604485809061587,0.6609868144823405,0.16296832742704365,0.0,0.0,0,0,0,无明显情感,未明确对象,未明确方面,中性,False,
生活区,BV1VvLc6AEGb,成都必吃款,中性,中性,0.6738648287527856,0.18144579079972187,0.6738648287527856,0.14468938044749255,0.0,0.0,0,0,0,无明显情感,未明确对象,未明确方面,中性,False,
生活区,BV1VvLc6AEGb,天啦这么便宜！,中性,中性,0.3422980666827946,0.3379411803449069,0.3422980666827946,0.3197607529722985,0.0,0.0,0,0,0,无明显情感,未明确对象,未明确方面,中性,False,
生活区,BV1VvLc6AEGb,从没见过这么清澈的海,中性,正面,0.3390121781766721,0.3390121781766721,0.3349142140001867,0.3260736078231412,0.0,0.0,0,0,0,无明显情感,未明确对象,未明确方面,中性,False,
生活区,BV1VvLc6AEGb,加什么番茄酱！豆瓣酱才是王道！,中性,中性,0.7752006734607402,0.15724683586857335,0.7752006734607402,0.06755249067068637,0.0,0.0,0,0,0,无明显情感,未明确对象,未明确方面,中性,False,
生活区,BV1VvLc6AEGb,我冲,中性,中性,0.6778336915593252,0.1831801651441017,0.6778336915593252,0.13898614329657322,0.0,0.0,0,0,0,无明显情感,未明确对象,未明确方面,中性,False,
生活区,BV1VvLc6AEGb,霍,中性,中性,0.6778336915593252,0.1831801651441017,0.6778336915593252,0.13898614329657322,0.0,0.0,0,0,0,无明显情感,未明确对象,未明确方面,中性,False,
生活区,BV1VvLc6AEGb,最近刚好在看冲绳妹(喜),中性,中性,0.7326873560791575,0.17710302978341844,0.7326873560791575,0.09020961413742425,0.0,0.0,0,0,0,无明显情感,未明确对象,未明确方面,中性,False,
生活区,BV1VvLc6AEGb,琉球必须要回归,中性,中性,0.746984432291651,0.13993903776964928,0.746984432291651,0.11307652993869971,0.0,0.0,0,0,0,无明显情感,未明确对象,未明确方面,中性,False,
生活区,BV1VvLc6AEGb,你不是开车吗,中性,中性,0.5738226526083566,0.01555193986714445,0.5738226526083566,0.4106254075244988,0.0,0.0,0,0,0,无明显情感,未明确对象,未明确方面,中性,False,
生活区,BV1VvLc6AEGb,@波士顿圆脸,中性,中性,0.6738648287527856,0.18144579079972187,0.6738648287527856,0.14468938044749255,0.0,0.0,0,0,0,无明显情感,未明确对象,未明确方面,中性,False,
生活区,BV1VvLc6AEGb,那我就是大唐使者视察倭国（doge）,中性,中性,0.5235909794954772,0.11394420591184894,0.5235909794954772,0.3624648145926739,0.0,0.0,0,0,0,无明显情感,未明确对象,未明确方面,中性,False,
生活区,BV1VvLc6AEGb,也可能是陪客户,中性,中性,0.6684922883649543,0.06731249342965226,0.6684922883649543,0.2641952182053935,0.0,0.0,0,0,0,无明显情感,未明确对象,未明确方面,中性,False,
生活区,BV1VvLc6AEGb,我举索尼,中性,中性,0.6738648287527856,0.18144579079972187,0.6738648287527856,0.14468938044749255,0.0,0.0,0,0,0,无明显情感,未明确对象,未明确方面,中性,False,
生活区,BV1VvLc6AEGb,龙的屁,中性,中性,0.7501530325024405,0.1612444155709263,0.7501530325024405,0.08860255192663323,0.0,0.0,0,0,0,无明显情感,未明确对象,未明确方面,中性,False,
生活区,BV1VvLc6AEGb,分区嘉豪收收味,中性,中性,0.6654441105737197,0.17787844361736596,0.6654441105737197,0.15667744580891438,0.0,0.0,0,0,0,无明显情感,未明确对象,未明确方面,中性,False,
生活区,BV1VvLc6AEGb,核污水,中性,中性,0.6738648287527856,0.18144579079972187,0.6738648287527856,0.14468938044749255,0.0,0.0,0,0,0,无明显情感,未明确对象,未明确方面,中性,False,
生活区,BV1VvLc6AEGb,看这让我想起了黑之契约者OVA,中性,中性,0.5531288640276391,0.13971095918013263,0.5531288640276391,0.3071601767922283,0.0,0.0,0,0,0,无明显情感,未明确对象,未明确方面,中性,True,0.0
生活区,BV1VvLc6AEGb,这也是报销的？,中性,中性,0.5440580880579721,0.11126746814319466,0.5440580880579721,0.3446744437988332,0.0,0.0,0,0,0,无明显情感,未明确对象,未明确方面,中性,False,
生活区,BV1VvLc6AEGb,tkyohot,中性,中性,0.657848890904717,0.20331644268117363,0.657848890904717,0.13883466641410955,0.0,0.0,0,0,0,无明显情感,未明确对象,未明确方面,中性,False,
生活区,BV1VvLc6AEGb,我在这里跟鬼子打过仗,中性,中性,0.4751108465688149,0.06749876042252244,0.4751108465688149,0.4573903930086626,0.0,0.0,0,0,0,无明显情感,未明确对象,未明确方面,中性,False,
生活区,BV1VvLc6AEGb,冲绳的潜水吗？好像还真去过,中性,中性,0.8037354995339411,0.08457542135804923,0.8037354995339411,0.11168907910800972,0.0,0.0,0,0,0,无明显情感,未明确对象,未明确方面,中性,False,
生活区,BV1VvLc6AEGb,烤鸡要没喽,中性,中性,0.5507235201772022,0.09358583203676746,0.5507235201772022,0.35569064778603043,0.0,0.0,0,0,0,无明显情感,未明确对象,未明确方面,中性,False,
生活区,BV1VvLc6AEGb,不是琉球，人家现在叫冲绳,中性,中性,0.6719941741803621,0.06936729404248546,0.6719941741803621,0.2586385317771524,0.0,0.0,0,0,0,无明显情感,未明确对象,未明确方面,中性,False,
生活区,BV1VvLc6AEGb,这首歌还是挺难唱的,中性,中性,0.6367007881730653,0.1586578648903539,0.6367007881730653,0.20464134693658084,0.0,0.0,0,0,0,无明显情感,未明确对象,理解与难度,中性,True,0.0
生活区,BV1VvLc6AEGb,用的什么胶水,中性,中性,0.8939438159243668,0.05883952349607551,0.8939438159243668,0.04721666057955779,0.0,0.0,0,0,0,无明显情感,未明确对象,未明确方面,中性,False,
生活区,BV1VvLc6AEGb,打窝了！打窝了！,中性,中性,0.6797856226631703,0.25755802042250353,0.6797856226631703,0.06265635691432614,0.0,0.0,0,0,0,无明显情感,未明确对象,未明确方面,中性,True,0.0
生活区,BV1VvLc6AEGb,哇 咬字好准,中性,中性,0.6567858570626292,0.24268292036341552,0.6567858570626292,0.10053122257395529,0.0,0.0,0,0,0,无明显情感,未明确对象,未明确方面,中性,False,
生活区,BV1VvLc6AEGb,<(ºOº)><(ºOº)>,中性,中性,0.6778336915593252,0.1831801651441017,0.6778336915593252,0.13898614329657322,0.0,0.0,0,0,0,无明显情感,未明确对象,未明确方面,中性,False,
生活区,BV1VvLc6AEGb,冲绳!,中性,中性,0.5026557791014549,0.4645570644299947,0.5026557791014549,0.03278715646855042,0.0,0.0,0,0,0,无明显情感,未明确对象,未明确方面,中性,False,
生活区,BV1VvLc6AEGb,Jerk Chicken说是,中性,中性,0.6616539895329088,0.0698010732030164,0.6616539895329088,0.2685449372640749,0.0,0.0,0,0,0,无明显情感,未明确对象,未明确方面,中性,False,
生活区,BV1VvLc6AEGb,这家是不是来过,中性,中性,0.6384548283299871,0.08303580818530515,0.6384548283299871,0.2785093634847076,0.0,0.0,0,0,0,无明显情感,未明确对象,未明确方面,中性,False,
生活区,BV1VvLc6AEGb,我对冲绳的印象还停留在某某岛……,中性,中性,0.6701509081080579,0.17623239372146532,0.6701509081080579,0.15361669817047677,0.0,0.0,0,0,0,无明显情感,未明确对象,未明确方面,中性,False,
生活区,BV1VvLc6AEGb,明年还骗你,中性,中性,0.5441427590069308,0.13811949424276526,0.5441427590069308,0.317737746750304,0.0,0.0,0,0,0,无明显情感,未明确对象,未明确方面,中性,False,
生活区,BV1VvLc6AEGb,《伊澳，冲绳潜水日志》,中性,中性,0.6369674272437627,0.294181643747764,0.6369674272437627,0.06885092900847331,0.0,0.0,0,0,0,无明显情感,未明确对象,未明确方面,中性,True,0.0
生活区,BV1VvLc6AEGb,感觉好像阿妹本人唱,中性,中性,0.47733272409438937,0.16454822594037047,0.47733272409438937,0.3581190499652401,0.0,0.0,0,0,0,无明显情感,未明确对象,未明确方面,中性,False,
生活区,BV1VvLc6AEGb,把秋裤拿来，马飞,中性,中性,0.5260907940340565,0.2521508590909465,0.5260907940340565,0.22175834687499704,0.0,0.0,0,0,0,无明显情感,未明确对象,未明确方面,中性,True,0.0
生活区,BV1VvLc6AEGb,求婚大作战！,中性,中性,0.531734102959884,0.38910550332866906,0.531734102959884,0.07916039371144691,0.0,0.0,0,0,0,无明显情感,未明确对象,未明确方面,中性,False,
生活区,BV1VvLc6AEGb,琉球嘉豪来了,中性,中性,0.860017373554376,0.06226290489402162,0.860017373554376,0.07771972155160234,0.0,0.0,0,0,0,无明显情感,未明确对象,未明确方面,中性,False,
生活区,BV1VvLc6AEGb,德川 faker,中性,中性,0.6738648287527856,0.18144579079972187,0.6738648287527856,0.14468938044749255,0.0,0.0,0,0,0,无明显情感,未明确对象,未明确方面,中性,False,
生活区,BV1VvLc6AEGb,圆脸络腮胡↓,中性,中性,0.6738648287527856,0.18144579079972187,0.6738648287527856,0.14468938044749255,0.0,0.0,0,0,0,无明显情感,未明确对象,未明确方面,中性,False,
生活区,BV1VvLc6AEGb,上链接,中性,正面,0.5134186974736911,0.5134186974736911,0.40977056798857187,0.07681073453773705,0.0,0.0,0,0,0,无明显情感,未明确对象,未明确方面,中性,False,
生活区,BV1VvLc6AEGb,仙人掌仙人,中性,中性,0.6738648287527856,0.18144579079972187,0.6738648287527856,0.14468938044749255,0.0,0.0,0,0,0,无明显情感,未明确对象,未明确方面,中性,False,
生活区,BV1VvLc6AEGb,客户临死前,中性,中性,0.8023104358579523,0.1126604432270254,0.8023104358579523,0.08502912091502231,0.0,0.0,0,0,0,无明显情感,未明确对象,未明确方面,中性,False,
生活区,BV1VvLc6AEGb,啊 小岛子有K杯？？？,中性,负面,0.4797109338011627,0.05862055839824742,0.46166850780058993,0.4797109338011627,0.0,0.0,0,0,0,无明显情感,未明确对象,未明确方面,中性,True,0.0
生活区,BV1VvLc6AEGb,客户已经打死了,中性,中性,0.5189162119442562,0.31310818308616617,0.5189162119442562,0.1679756049695776,0.0,0.0,0,0,0,无明显情感,未明确对象,未明确方面,中性,False,
生活区,BV1VvLc6AEGb,我就不该半夜看这个,中性,中性,0.4942285733285063,0.1003041172633468,0.4942285733285063,0.4054673094081468,0.0,0.0,0,0,0,无明显情感,未明确对象,未明确方面,中性,False,
生活区,BV1VvLc6AEGb,水晶灯 日式 唉,中性,中性,0.6697359046476931,0.17967866153710305,0.6697359046476931,0.15058543381520384,0.0,0.0,0,0,0,无明显情感,未明确对象,未明确方面,中性,False,
生活区,BV1VvLc6AEGb,其实可以说琉球,中性,中性,0.4789535655695687,0.19658725826334675,0.4789535655695687,0.3244591761670845,1.0,1.0,1,0,0,对象评价,未明确对象,未明确方面,正面,True,0.0
生活区,BV1VvLc6AEGb,这不是琉球吗？,中性,中性,0.6821721938146964,0.027521686489190417,0.6821721938146964,0.29030611969611314,0.0,0.0,0,0,0,无明显情感,未明确对象,未明确方面,中性,False,
生活区,BV1VvLc6AEGb,客户呢？,中性,中性,0.6314334674116441,0.05829455355163641,0.6314334674116441,0.31027197903671955,0.0,0.0,0,0,0,无明显情感,未明确对象,未明确方面,中性,False,
生活区,BV1VvLc6AEGb,琉球自古以来就是中国的,中性,中性,0.7924906355271771,0.07607785127880319,0.7924906355271771,0.13143151319401966,0.0,0.0,0,0,0,无明显情感,未明确对象,未明确方面,中性,False,
生活区,BV1VvLc6AEGb,社长在国内看来是没吃过大猪蹄,中性,中性,0.59059203329637,0.09625637936683826,0.59059203329637,0.31315158733679166,0.0,0.0,0,0,0,无明显情感,未明确对象,未明确方面,中性,False,
生活区,BV1VvLc6AEGb,乌龙茶呢,中性,中性,0.6921459224803284,0.09851958590876599,0.6921459224803284,0.20933449161090564,0.0,0.0,0,0,0,无明显情感,未明确对象,未明确方面,中性,False,
生活区,BV1VvLc6AEGb,客户刷到了就让他吔稀去,中性,中性,0.8077020594385055,0.13828024854458854,0.8077020594385055,0.0540176920169059,0.0,0.0,0,0,0,无明显情感,未明确对象,未明确方面,中性,False,
生活区,BV1VvLc6AEGb,人家叫风狮爷,中性,中性,0.6493116220495466,0.11011068054261867,0.6493116220495466,0.2405776974078346,0.0,0.0,0,0,0,无明显情感,未明确对象,未明确方面,中性,False,
生活区,BV1VvLc6AEGb,谁点的可燃乌龙茶,中性,中性,0.6055422619003016,0.16926646533702805,0.6055422619003016,0.2251912727626704,0.0,0.0,0,0,0,无明显情感,未明确对象,未明确方面,中性,False,
生活区,BV1VvLc6AEGb,哇塞～,中性,中性,0.6778336915593252,0.1831801651441017,0.6778336915593252,0.13898614329657322,0.0,0.0,0,0,0,无明显情感,未明确对象,未明确方面,中性,False,
生活区,BV1VvLc6AEGb,雅美碟,中性,中性,0.6738648287527856,0.18144579079972187,0.6738648287527856,0.14468938044749255,0.0,0.0,0,0,0,无明显情感,未明确对象,未明确方面,中性,False,
生活区,BV1VvLc6AEGb,哈？,中性,中性,0.7207706130523623,0.10026695566560039,0.7207706130523623,0.1789624312820372,0.0,0.0,0,0,0,无明显情感,未明确对象,未明确方面,中性,False,
生活区,BV1VvLc6AEGb,Brian同款,中性,中性,0.6738648287527856,0.18144579079972187,0.6738648287527856,0.14468938044749255,0.0,0.0,0,0,0,无明显情感,未明确对象,未明确方面,中性,False,
生活区,BV1VvLc6AEGb,打窝,中性,中性,0.6778336915593252,0.1831801651441017,0.6778336915593252,0.13898614329657322,0.0,0.0,0,0,0,无明显情感,未明确对象,未明确方面,中性,False,
生活区,BV1VvLc6AEGb,海狗丸,中性,中性,0.6738648287527856,0.18144579079972187,0.6738648287527856,0.14468938044749255,0.0,0.0,0,0,0,无明显情感,未明确对象,未明确方面,中性,False,
生活区,BV1VvLc6AEGb,冲绳尼玛这是琉球,中性,中性,0.8217492657931244,0.13605583035022886,0.8217492657931244,0.04219490385664671,0.0,0.0,0,0,0,无明显情感,未明确对象,未明确方面,中性,False,
生活区,BV1VvLc6AEGb,yui,中性,中性,0.6778336915593252,0.1831801651441017,0.6778336915593252,0.13898614329657322,0.0,0.0,0,0,0,无明显情感,未明确对象,未明确方面,中性,False,
生活区,BV1VvLc6AEGb,？？,中性,中性,0.7827886915553008,0.08876321540718006,0.7827886915553008,0.12844809303751897,0.0,0.0,0,0,0,无明显情感,未明确对象,未明确方面,中性,False,
生活区,BV1VvLc6AEGb,校长立的,中性,中性,0.7501530325024405,0.1612444155709263,0.7501530325024405,0.08860255192663323,0.0,0.0,0,0,0,无明显情感,未明确对象,未明确方面,中性,False,
生活区,BV1VvLc6AEGb,这啤酒有点苦,中性,中性,0.7560919059742567,0.032051376710781114,0.7560919059742567,0.2118567173149621,0.0,0.0,0,0,0,无明显情感,未明确对象,未明确方面,中性,False,
生活区,BV1VvLc6AEGb,！！！,中性,正面,0.558314443440612,0.558314443440612,0.20956908963676046,0.23211646692262763,0.0,0.0,0,0,0,无明显情感,未明确对象,未明确方面,中性,True,0.0
生活区,BV1VvLc6AEGb,冲绳是琉球没错，同时也是日本,中性,中性,0.568672596736902,0.19050586944821477,0.568672596736902,0.24082153381488328,0.0,0.0,0,0,0,无明显情感,未明确对象,未明确方面,中性,True,0.0
生活区,BV1VvLc6AEGb,这是瓦猫,中性,中性,0.5769560624244431,0.07266779943922608,0.5769560624244431,0.35037613813633095,0.0,0.0,0,0,0,无明显情感,未明确对象,未明确方面,中性,False,
生活区,BV1VvLc6AEGb,琉球国啊,中性,中性,0.458390543857686,0.15292824732687638,0.458390543857686,0.38868120881543766,0.0,0.0,0,0,0,无明显情感,未明确对象,未明确方面,中性,False,
生活区,BV1VvLc6AEGb,仿中国喝完一杯还有3杯,中性,中性,0.7915059783838944,0.1245104512125643,0.7915059783838944,0.08398357040354132,0.0,0.0,0,0,0,无明显情感,未明确对象,未明确方面,中性,False,
生活区,BV1VvLc6AEGb,嘉手纳的美军,中性,中性,0.7501530325024405,0.1612444155709263,0.7501530325024405,0.08860255192663323,0.0,0.0,0,0,0,无明显情感,未明确对象,未明确方面,中性,False,
生活区,BV1VvLc6AEGb,冲绳？有萝莉岛吗,中性,中性,0.877454135102555,0.06863690837485907,0.877454135102555,0.0539089565225859,0.0,0.0,0,0,0,无明显情感,未明确对象,未明确方面,中性,False,
生活区,BV1VvLc6AEGb,哟西,中性,中性,0.6738648287527856,0.18144579079972187,0.6738648287527856,0.14468938044749255,0.0,0.0,0,0,0,无明显情感,未明确对象,未明确方面,中性,False,
生活区,BV1VvLc6AEGb,gaki老家听gaki的歌,中性,中性,0.6533136204183184,0.19404531455987836,0.6533136204183184,0.15264106502180314,0.0,0.0,0,0,0,无明显情感,未明确对象,未明确方面,中性,True,0.0
生活区,BV1VvLc6AEGb,去过阿嘉岛 岛上有野鹿的。,中性,中性,0.685444581304564,0.11499721940576912,0.685444581304564,0.19955819928966684,0.0,0.0,0,0,0,无明显情感,未明确对象,未明确方面,中性,True,0.0
生活区,BV1VvLc6AEGb,传下去，社长下海了doge,中性,中性,0.45783215838659524,0.1913042579079604,0.45783215838659524,0.35086358370544435,0.0,0.0,0,0,0,无明显情感,未明确对象,未明确方面,中性,False,
生活区,BV1VvLc6AEGb,小鸟航空吧,中性,中性,0.6226686363263935,0.13063060173169616,0.6226686363263935,0.24670076194191032,0.0,0.0,0,0,0,无明显情感,未明确对象,未明确方面,中性,False,
生活区,BV1VvLc6AEGb,卧槽老张,中性,中性,0.6738648287527856,0.18144579079972187,0.6738648287527856,0.14468938044749255,0.0,0.0,0,0,0,无明显情感,未明确对象,未明确方面,中性,False,
生活区,BV1VvLc6AEGb,发际线撤退中,中性,中性,0.7951667524836388,0.0933756856014699,0.7951667524836388,0.11145756191489127,0.0,0.0,0,0,0,无明显情感,未明确对象,未明确方面,中性,False,
生活区,BV1VvLc6AEGb,冲绳的战斗机起飞基本就是去监视解放军飞机的。,中性,中性,0.824347225064618,0.12673391798085373,0.824347225064618,0.048918856954528356,0.0,0.0,0,0,0,无明显情感,未明确对象,未明确方面,中性,False,
生活区,BV1VvLc6AEGb,海海海跳戏别腹,中性,中性,0.6654441105737197,0.17787844361736596,0.6654441105737197,0.15667744580891438,0.0,0.0,0,0,0,无明显情感,未明确对象,未明确方面,中性,False,
生活区,BV1VvLc6AEGb,天 乍一看 还以为是周野芒,中性,中性,0.7981633020579054,0.07430096853136028,0.7981633020579054,0.1275357294107343,0.0,0.0,0,0,0,无明显情感,未明确对象,未明确方面,中性,False,
生活区,BV1VvLc6AEGb,社长可能有男朋友帮他开车,中性,中性,0.47081280965408906,0.1616662907460575,0.47081280965408906,0.3675208995998534,0.0,0.0,0,0,0,无明显情感,未明确对象,未明确方面,中性,False,
生活区,BV1VvLc6AEGb,还有海臀,中性,中性,0.72019520271115,0.22099451046301047,0.72019520271115,0.058810286825839574,0.0,0.0,0,0,0,无明显情感,未明确对象,未明确方面,中性,False,
生活区,BV1VvLc6AEGb,琉球不是中国的,中性,中性,0.651233904146511,0.0478653235596444,0.651233904146511,0.30090077229384465,0.0,0.0,0,0,0,无明显情感,未明确对象,未明确方面,中性,False,
生活区,BV1VvLc6AEGb,期待清算和琉球独立的那一天,中性,中性,0.8501626052523644,0.07719139359199155,0.8501626052523644,0.07264600115564401,0.0,0.0,0,0,0,无明显情感,未明确对象,未明确方面,中性,False,
生活区,BV1VvLc6AEGb,首里城,中性,中性,0.6778336915593252,0.1831801651441017,0.6778336915593252,0.13898614329657322,0.0,0.0,0,0,0,无明显情感,未明确对象,未明确方面,中性,False,
生活区,BV1VvLc6AEGb,这1500？,中性,中性,0.4713871348357102,0.1299220534923971,0.4713871348357102,0.39869081167189274,0.0,0.0,0,0,0,无明显情感,未明确对象,未明确方面,中性,True,0.0
生活区,BV1VvLc6AEGb,太高怕台风吧？,中性,中性,0.5964876002587676,0.0786243444499556,0.5964876002587676,0.32488805529127684,0.0,0.0,0,0,0,无明显情感,未明确对象,未明确方面,中性,False,
生活区,BV1VvLc6AEGb,好喝,中性,中性,0.6778336915593252,0.1831801651441017,0.6778336915593252,0.13898614329657322,0.0,0.0,0,0,0,无明显情感,未明确对象,未明确方面,中性,False,
生活区,BV1VvLc6AEGb,最绝的还是烤鸡配泰式辣酱,中性,中性,0.7302047642597085,0.07085200770282397,0.7302047642597085,0.19894322803746756,0.0,0.0,0,0,0,无明显情感,未明确对象,未明确方面,中性,False,
生活区,BV1VvLc6AEGb,这也报销……,中性,中性,0.4639196544367571,0.11281632077301974,0.4639196544367571,0.423264024790223,0.0,0.0,0,0,0,无明显情感,未明确对象,未明确方面,中性,False,
生活区,BV1VvLc6AEGb,打窝打窝,中性,中性,0.6738648287527856,0.18144579079972187,0.6738648287527856,0.14468938044749255,0.0,0.0,0,0,0,无明显情感,未明确对象,未明确方面,中性,False,
生活区,BV1VvLc6AEGb,就17块钱 要啥自行车啊,中性,中性,0.4884441689119641,0.18077870206401006,0.4884441689119641,0.33077712902402584,0.0,0.0,0,0,0,无明显情感,未明确对象,未明确方面,中性,True,0.0
生活区,BV1VvLc6AEGb,吃个浦西,中性,中性,0.6738648287527856,0.18144579079972187,0.6738648287527856,0.14468938044749255,0.0,0.0,0,0,0,无明显情感,未明确对象,未明确方面,中性,False,
生活区,BV1VvLc6AEGb,冲绳是琉球一个地区,中性,中性,0.7541673854885393,0.14896134779996256,0.7541673854885393,0.09687126671149814,0.0,0.0,0,0,0,无明显情感,未明确对象,未明确方面,中性,False,
生活区,BV1VvLc6AEGb,我负责上神秘园,中性,中性,0.8255522791945709,0.1511735143742895,0.8255522791945709,0.02327420643113961,1.0,1.0,1,0,0,对象评价,未明确对象,未明确方面,正面,True,0.0
生活区,BV1VvLc6AEGb,就是琉球,中性,中性,0.7766772770088507,0.07845821828310487,0.7766772770088507,0.14486450470804446,0.0,0.0,0,0,0,无明显情感,未明确对象,未明确方面,中性,False,
生活区,BV1VvLc6AEGb,我负责醉氧乱动,中性,中性,0.9277177314077455,0.05160916012744638,0.9277177314077455,0.02067310846480814,1.0,1.0,1,0,0,对象评价,未明确对象,未明确方面,正面,True,0.0
