partition,bvid,title,view_count,like_count,coin_count,favorite_count,reply_count,danmaku_count,text,label,text_clean,pos_cnt,neg_cnt,word_len,exclaim_cnt,question_cnt,lexicon_score,lexicon_pos_score,lexicon_neg_score,lexicon_abs_score,sentiment_density,discourse_score,clause_positive_score,clause_negative_score,contrast_count,is_mixed_sentiment,self_emotion_flag,cognitive_negative_flag,cognitive_positive_flag,stance_positive_flag,stance_negative_flag,evaluation_flag,sentiment_type,sentiment_target,sentiment_aspect,aspect_sentiment,pred,model_confidence,prob_negative,prob_neutral,prob_positive,pred_raw_label,pred_label,manual_label,manual_override
知识区,BV1zrGi6PE9B,【最后一课】2X2联表与独立性检验！,1054414,81616,6893,18820,2559,5701,“我们该怎么告别呢？”“像当初见面那样”,,我们该怎么告别呢？像当初见面那样,0,0,9,0,1,0.0,0.0,0.0,0.0,0.0,0.0,0.0,0.0,0,0,0,0,0,0,0,0,无明显情感,未明确对象,未明确方面,中性,-1,0.8206041277261494,0.8206041277261494,0.1451214710924996,0.034274401181351076,负面,负面,-1.0,True
知识区,BV1zrGi6PE9B,【最后一课】2X2联表与独立性检验！,1054414,81616,6893,18820,2559,5701,此时一个数学140+的赞了我,,此时一个数学140的赞了我,0,0,4,0,0,0.0,0.0,0.0,0.0,0.0,0.0,0.0,0.0,0,0,0,0,0,0,0,0,无明显情感,课程内容,未明确方面,中性,-1,0.42552707740165413,0.42552707740165413,0.34568182658025315,0.22879109601809283,负面,正面,,False
知识区,BV1zrGi6PE9B,【最后一课】2X2联表与独立性检验！,1054414,81616,6893,18820,2559,5701,点赞这条弹幕，祝你们高考数学140+（真）,,点赞这条弹幕，祝你们高考数学140真,1,0,9,0,0,1.0,1.0,0.0,1.0,0.1111111111111111,1.0,1.0,0.0,0,0,0,0,0,0,0,1,对象评价,课程内容,未明确方面,正面,1,0.9210226770456312,0.04588931309255533,0.033088009861813455,0.9210226770456312,正面,正面,,False
知识区,BV1zrGi6PE9B,【最后一课】2X2联表与独立性检验！,1054414,81616,6893,18820,2559,5701,“当一个故事结束的时候，我们总会想起它们的开始”,,当一个故事结束的时候，我们总会想起它们的开始,0,0,10,0,0,0.0,0.0,0.0,0.0,0.0,0.0,0.0,0.0,0,0,0,0,0,0,0,0,无明显情感,未明确对象,未明确方面,中性,0,0.7238426086246963,0.10908145112090252,0.7238426086246963,0.16707594025440117,中性,中性,,False
知识区,BV1zrGi6PE9B,【最后一课】2X2联表与独立性检验！,1054414,81616,6893,18820,2559,5701,各位26届高考的哥哥姐姐们加油！！！（我27届高考，嘿嘿…）,,各位26届高考的哥哥姐姐们加油！！！我27届高考，嘿嘿,1,0,16,3,0,1.0,1.0,0.0,1.0,0.0625,1.0,1.0,0.0,0,0,0,0,0,0,0,1,对象评价,未明确对象,未明确方面,正面,1,0.9770381271976484,0.005642835327773921,0.017319037474577727,0.9770381271976484,正面,正面,,False
知识区,BV1zrGi6PE9B,【最后一课】2X2联表与独立性检验！,1054414,81616,6893,18820,2559,5701,至此你的青春也画上了一个逗号：但少年你的青春不止岁月不息！继续无限进步！！！,,至此你的青春也画上了一个逗号但少年你的青春不止岁月不息！继续无限进步！！！,0,1,19,4,0,-1.0,0.0,1.0,1.0,0.05263157894736842,-1.0,0.0,1.0,0,0,0,0,0,0,0,1,对象评价,未明确对象,未明确方面,负面,-1,0.45745573201326994,0.45745573201326994,0.09085233059249671,0.4516919373942333,负面,正面,1.0,True
知识区,BV1zrGi6PE9B,【最后一课】2X2联表与独立性检验！,1054414,81616,6893,18820,2559,5701,那么以上就是高中数学全部内容，很高兴认识大家！,,那么以上就是高中数学全部内容，很高兴认识大家！,1,0,11,1,0,1.5,1.5,0.0,1.5,0.09090909090909091,1.5,1.5,0.0,0,0,0,0,0,0,0,1,对象评价,课程内容,未明确方面,正面,1,0.799846902815759,0.08563215953782083,0.11452093764642013,0.799846902815759,正面,正面,,False
知识区,BV1zrGi6PE9B,【最后一课】2X2联表与独立性检验！,1054414,81616,6893,18820,2559,5701,27届高考加油！,,27届高考加油！,1,0,5,1,0,1.0,1.0,0.0,1.0,0.2,1.0,1.0,0.0,0,0,0,0,0,0,0,1,对象评价,未明确对象,未明确方面,正面,1,0.9680023757871762,0.0034070795105305323,0.028590544702293247,0.9680023757871762,正面,正面,,False
知识区,BV1zrGi6PE9B,【最后一课】2X2联表与独立性检验！,1054414,81616,6893,18820,2559,5701,祝大家高二第二次月考数学115分加,,祝大家高二第二次月考数学115分加,0,0,9,0,0,0.0,0.0,0.0,0.0,0.0,0.0,0.0,0.0,0,0,0,0,0,0,0,0,无明显情感,课程内容,未明确方面,中性,0,0.6111852979796,0.07339183109574146,0.6111852979796,0.31542287092465854,中性,中性,,False
知识区,BV1zrGi6PE9B,【最后一课】2X2联表与独立性检验！,1054414,81616,6893,18820,2559,5701,——开启高三副本——,,开启高三副本,0,0,3,0,0,0.0,0.0,0.0,0.0,0.0,0.0,0.0,0.0,0,0,0,0,0,0,0,0,无明显情感,未明确对象,未明确方面,中性,0,0.7397480591726885,0.11296360667282365,0.7397480591726885,0.14728833415448772,中性,中性,,False
知识区,BV1zrGi6PE9B,【最后一课】2X2联表与独立性检验！,1054414,81616,6893,18820,2559,5701,祝诸君：知难上，戒骄狂，常自省，穷途明，不溺于往，早登青云！,,祝诸君知难上，戒骄狂，常自省，穷途明，不溺于往，早登青云！,0,0,21,1,0,0.0,0.0,0.0,0.0,0.0,0.0,0.0,0.0,0,0,0,0,0,0,0,0,无明显情感,未明确对象,理解与难度,中性,1,0.6975571430977268,0.21752425056212019,0.08491860634015305,0.6975571430977268,正面,正面,,False
知识区,BV1zrGi6PE9B,【最后一课】2X2联表与独立性检验！,1054414,81616,6893,18820,2559,5701,什么？胃炎？势？魏延？蜀道艰险！！！粮草何以运输！！,,什么？胃炎？势？魏延？蜀道艰险！！！粮草何以运输！！,0,0,18,5,4,0.0,0.0,0.0,0.0,0.0,0.0,0.0,0.0,0,0,0,0,0,0,0,0,无明显情感,未明确对象,比赛表现,中性,-1,0.9783891403916859,0.9783891403916859,0.015195822210925863,0.006415037397388382,负面,负面,,False
知识区,BV1zrGi6PE9B,【最后一课】2X2联表与独立性检验！,1054414,81616,6893,18820,2559,5701,谁来懂一下这个onelastkiss好想哭,,谁来懂一下这个onelastkiss好想哭,0,1,6,0,0,-1.0,0.0,1.0,1.0,0.16666666666666666,-1.0,0.0,1.0,0,0,0,0,0,0,0,1,对象评价,未明确对象,未明确方面,负面,-1,0.631663523959915,0.631663523959915,0.28060007137745646,0.08773640466262854,负面,负面,-1.0,True
知识区,BV1zrGi6PE9B,【最后一课】2X2联表与独立性检验！,1054414,81616,6893,18820,2559,5701,这回不是姥姥了？（doge）,,这回不是姥姥了？doge,0,0,5,0,1,0.0,0.0,0.0,0.0,0.0,0.0,0.0,0.0,0,0,0,0,0,0,0,0,无明显情感,未明确对象,未明确方面,中性,-1,0.740908829991392,0.740908829991392,0.23987670159133845,0.01921446841726955,负面,负面,,False
知识区,BV1zrGi6PE9B,【最后一课】2X2联表与独立性检验！,1054414,81616,6893,18820,2559,5701,艾伦打卡结束，完结撒花！祝各位旗开得胜，金榜题名！！！,,艾伦打卡结束，完结撒花！祝各位旗开得胜，金榜题名！！！,0,0,15,4,0,0.0,0.0,0.0,0.0,0.0,0.0,0.0,0.0,0,0,0,0,0,0,0,0,无明显情感,未明确对象,未明确方面,中性,1,0.9458212020145459,0.023990883156840517,0.030187914828613594,0.9458212020145459,正面,正面,,False
知识区,BV1zrGi6PE9B,【最后一课】2X2联表与独立性检验！,1054414,81616,6893,18820,2559,5701,《妈呀，上面这个太刺眼了吧～》,,妈呀，上面这个太刺眼了吧,0,0,6,0,0,0.0,0.0,0.0,0.0,0.0,0.0,0.0,0.0,0,0,0,0,0,0,0,0,无明显情感,未明确对象,未明确方面,中性,-1,0.8756813798459923,0.8756813798459923,0.06497635737689028,0.059342262777117544,负面,负面,-1.0,True
知识区,BV1zrGi6PE9B,【最后一课】2X2联表与独立性检验！,1054414,81616,6893,18820,2559,5701,所有高三的少年们 人生才正式开始,,所有高三的少年们人生才正式开始,0,0,8,0,0,0.0,0.0,0.0,0.0,0.0,0.0,0.0,0.0,0,0,0,0,0,0,0,0,无明显情感,未明确对象,未明确方面,中性,0,0.6222436149095212,0.11776759240273818,0.6222436149095212,0.25998879268774067,中性,中性,,False
知识区,BV1zrGi6PE9B,【最后一课】2X2联表与独立性检验！,1054414,81616,6893,18820,2559,5701,潘塔罗涅and多托雷,,潘塔罗涅and多托雷,0,0,5,0,0,0.0,0.0,0.0,0.0,0.0,0.0,0.0,0.0,0,0,0,0,0,0,0,0,无明显情感,未明确对象,未明确方面,中性,0,0.6361716333369394,0.16765974534753447,0.6361716333369394,0.1961686213155261,中性,中性,,False
知识区,BV1zrGi6PE9B,【最后一课】2X2联表与独立性检验！,1054414,81616,6893,18820,2559,5701,祝2026高考生蟾宫折桂、金榜题名,,祝2026高考生蟾宫折桂金榜题名,0,0,6,0,0,0.0,0.0,0.0,0.0,0.0,0.0,0.0,0.0,0,0,0,0,0,0,0,0,无明显情感,未明确对象,未明确方面,中性,1,0.7261143123588051,0.05445267559267973,0.21943301204851515,0.7261143123588051,正面,正面,,False
知识区,BV1zrGi6PE9B,【最后一课】2X2联表与独立性检验！,1054414,81616,6893,18820,2559,5701,感我此言良久立，却坐促弦弦转急,,感我此言良久立，却坐促弦弦转急,0,0,10,0,0,0.0,0.0,0.0,0.0,0.0,0.0,0.0,0.0,1,0,0,0,0,0,0,0,无明显情感,未明确对象,未明确方面,中性,0,0.6607187693070771,0.14204659502352332,0.6607187693070771,0.1972346356693996,中性,中性,0.0,True
知识区,BV1zrGi6PE9B,【最后一课】2X2联表与独立性检验！,1054414,81616,6893,18820,2559,5701,达成成就：高中数学通关,,达成成就高中数学通关,0,0,4,0,0,0.0,0.0,0.0,0.0,0.0,0.0,0.0,0.0,0,0,0,0,0,0,0,0,无明显情感,课程内容,未明确方面,中性,1,0.7721406270663305,0.06020006482913496,0.1676593081045345,0.7721406270663305,正面,正面,1.0,True
知识区,BV1zrGi6PE9B,【最后一课】2X2联表与独立性检验！,1054414,81616,6893,18820,2559,5701,究竟是什么样的结局 才配得上这一路上的颠沛流离？,,究竟是什么样的结局才配得上这一路上的颠沛流离？,0,0,9,0,1,0.0,0.0,0.0,0.0,0.0,0.0,0.0,0.0,0,0,0,0,0,0,0,0,无明显情感,未明确对象,未明确方面,中性,-1,0.7686366865222996,0.7686366865222996,0.17892133223035428,0.052441981247346295,负面,负面,,False
知识区,BV1zrGi6PE9B,【最后一课】2X2联表与独立性检验！,1054414,81616,6893,18820,2559,5701,乐观  ：）    不乐观   ：（,,乐观不乐观,1,1,3,0,0,0.0,1.0,1.0,0.0,0.6666666666666666,0.0,1.0,1.0,0,1,0,0,0,0,0,1,对象评价,未明确对象,未明确方面,混合,0,0.5110396573528471,0.25300504044542055,0.5110396573528471,0.23595530220173253,中性,中性,0.0,True
知识区,BV1zrGi6PE9B,【最后一课】2X2联表与独立性检验！,1054414,81616,6893,18820,2559,5701,很高兴认识你，敬我们的初相识,,很高兴认识你，敬我们的初相识,1,0,8,0,0,1.5,1.5,0.0,1.5,0.125,1.5,1.5,0.0,0,0,0,0,0,0,0,1,对象评价,未明确对象,未明确方面,正面,1,0.8739774530469604,0.05195841299761204,0.07406413395542757,0.8739774530469604,正面,正面,,False
知识区,BV1zrGi6PE9B,【最后一课】2X2联表与独立性检验！,1054414,81616,6893,18820,2559,5701,再见了，我的青春,,再见了，我的青春,0,0,3,0,0,0.0,0.0,0.0,0.0,0.0,0.0,0.0,0.0,0,0,0,0,0,0,0,0,无明显情感,未明确对象,未明确方面,中性,-1,0.8138762544657783,0.8138762544657783,0.10221487565706058,0.0839088698771612,负面,负面,-1.0,True
知识区,BV1zrGi6PE9B,【最后一课】2X2联表与独立性检验！,1054414,81616,6893,18820,2559,5701,高考还有15天，同志仍需努力,,高考还有15天，同志仍需努力,0,0,9,0,0,0.0,0.0,0.0,0.0,0.0,0.0,0.0,0.0,0,0,0,0,0,0,0,0,无明显情感,未明确对象,未明确方面,中性,0,0.4839856487720126,0.09316007626224025,0.4839856487720126,0.42285427496574707,中性,中性,,False
知识区,BV1zrGi6PE9B,【最后一课】2X2联表与独立性检验！,1054414,81616,6893,18820,2559,5701,2026年5月30日10：55已通关高中数学，愿我2027高考顺利,,2026年5月30日1055已通关高中数学，愿我2027高考顺利,1,0,15,0,0,1.0,1.0,0.0,1.0,0.06666666666666667,1.0,1.0,0.0,0,0,0,0,0,0,0,1,对象评价,课程内容,未明确方面,正面,1,0.9465134547299695,0.012491335233371348,0.04099521003665919,0.9465134547299695,正面,正面,1.0,True
知识区,BV1zrGi6PE9B,【最后一课】2X2联表与独立性检验！,1054414,81616,6893,18820,2559,5701,顺反异构,,顺反异构,0,0,1,0,0,0.0,0.0,0.0,0.0,0.0,0.0,0.0,0.0,0,0,0,0,0,0,0,0,无明显情感,未明确对象,未明确方面,中性,0,0.6613337795964743,0.14035796080361848,0.6613337795964743,0.19830825959990717,中性,中性,,False
知识区,BV1zrGi6PE9B,【最后一课】2X2联表与独立性检验！,1054414,81616,6893,18820,2559,5701,感谢一数感谢我们的相识，高三副本即将开启，祝你我高三顺利2027高考加油,,感谢一数感谢我们的相识，高三副本即将开启，祝你我高三顺利2027高考加油,4,0,17,0,0,4.0,4.0,0.0,4.0,0.23529411764705882,4.0,4.0,0.0,0,0,0,0,0,0,0,1,对象评价,未明确对象,未明确方面,正面,1,0.9996546514546454,7.720917252293981e-05,0.0002681393728315641,0.9996546514546454,正面,正面,,False
知识区,BV1zrGi6PE9B,【最后一课】2X2联表与独立性检验！,1054414,81616,6893,18820,2559,5701,这时一一个数学能考140+的人表示这很简单，并点赞了我,,这时一一个数学能考140的人表示这很简单，并点赞了我,2,0,12,0,0,2.5,2.5,0.0,2.5,0.16666666666666666,2.5,2.5,0.0,0,0,0,0,0,0,0,1,对象评价,课程内容,理解与难度,正面,1,0.8924608755014437,0.04559120661125914,0.06194791788729722,0.8924608755014437,正面,正面,,False
知识区,BV1zrGi6PE9B,【最后一课】2X2联表与独立性检验！,1054414,81616,6893,18820,2559,5701,高考我要上550＋，祝大家也都能取得理想成绩,,高考我要上550，祝大家也都能取得理想成绩,0,0,13,0,0,0.0,0.0,0.0,0.0,0.0,0.0,0.0,0.0,0,0,0,0,0,0,0,0,无明显情感,未明确对象,未明确方面,中性,1,0.7116573643860505,0.05680386352905007,0.23153877208489945,0.7116573643860505,正面,正面,,False
知识区,BV1zrGi6PE9B,【最后一课】2X2联表与独立性检验！,1054414,81616,6893,18820,2559,5701,27届高考加油！！！,,27届高考加油！！！,1,0,7,3,0,1.0,1.0,0.0,1.0,0.14285714285714285,1.0,1.0,0.0,0,0,0,0,0,0,0,1,对象评价,未明确对象,未明确方面,正面,1,0.9728324326869725,0.00744720515087872,0.019720362162148865,0.9728324326869725,正面,正面,,False
知识区,BV1zrGi6PE9B,【最后一课】2X2联表与独立性检验！,1054414,81616,6893,18820,2559,5701,新合集完结撒花！感谢小猪老师！,,新合集完结撒花！感谢小猪老师！,1,0,9,2,0,1.0,1.0,0.0,1.0,0.1111111111111111,1.0,1.0,0.0,0,0,0,0,0,0,0,1,对象评价,讲解者,未明确方面,正面,1,0.987192233097538,0.0029974660099378364,0.009810300892524163,0.987192233097538,正面,正面,,False
知识区,BV1zrGi6PE9B,【最后一课】2X2联表与独立性检验！,1054414,81616,6893,18820,2559,5701,坏宝宝，幸运宝宝，倒霉宝宝，自律宝宝,,坏宝宝，幸运宝宝，倒霉宝宝，自律宝宝,0,1,11,0,0,-1.0,0.0,1.0,1.0,0.09090909090909091,-1.0,0.0,1.0,0,0,0,0,0,0,0,1,对象评价,未明确对象,未明确方面,负面,-1,0.5293713092199082,0.5293713092199082,0.4014748347301733,0.06915385604991853,负面,中性,0.0,True
知识区,BV1zrGi6PE9B,【最后一课】2X2联表与独立性检验！,1054414,81616,6893,18820,2559,5701,明年的这个时候，就准备高考了,,明年的这个时候，就准备高考了,0,0,7,0,0,0.0,0.0,0.0,0.0,0.0,0.0,0.0,0.0,0,0,0,0,0,0,0,0,无明显情感,未明确对象,未明确方面,中性,0,0.6097574663744654,0.14047022533547368,0.6097574663744654,0.24977230829006086,中性,中性,0.0,True
知识区,BV1zrGi6PE9B,【最后一课】2X2联表与独立性检验！,1054414,81616,6893,18820,2559,5701,2026年5月24日08:30:18  我通关了高中数学！,,2026年5月24日083018我通关了高中数学！,0,0,10,1,0,0.0,0.0,0.0,0.0,0.0,0.0,0.0,0.0,0,0,0,0,0,0,0,0,无明显情感,课程内容,未明确方面,中性,1,0.6321803852061998,0.0531221110158678,0.3146975037779324,0.6321803852061998,正面,正面,1.0,True
知识区,BV1zrGi6PE9B,【最后一课】2X2联表与独立性检验！,1054414,81616,6893,18820,2559,5701,上海考生笑了,,上海考生笑了,0,0,3,0,0,0.0,0.0,0.0,0.0,0.0,0.0,0.0,0.0,0,0,0,0,0,0,0,0,无明显情感,未明确对象,未明确方面,中性,0,0.6406872360191563,0.17283520818736725,0.6406872360191563,0.1864775557934764,中性,中性,0.0,True
知识区,BV1zrGi6PE9B,【最后一课】2X2联表与独立性检验！,1054414,81616,6893,18820,2559,5701,妈呀，上面这个太刺眼了啊，换一个，换成白色吧。哈哈哈,,妈呀，上面这个太刺眼了啊，换一个，换成白色吧。哈哈哈,1,0,13,0,0,1.0,1.0,0.0,1.0,0.07692307692307693,1.0,1.0,0.0,0,0,1,0,0,0,0,1,对象评价+自身情绪,未明确对象,娱乐与趣味,正面,1,0.6138974567773177,0.26158037298965003,0.12452217023303234,0.6138974567773177,正面,正面,,False
知识区,BV1zrGi6PE9B,【最后一课】2X2联表与独立性检验！,1054414,81616,6893,18820,2559,5701,下下周各位高考加油,,下下周各位高考加油,1,0,5,0,0,1.0,1.0,0.0,1.0,0.2,1.0,1.0,0.0,0,0,0,0,0,0,0,1,对象评价,未明确对象,未明确方面,正面,1,0.9168767674788548,0.004689172510330928,0.07843406001081427,0.9168767674788548,正面,正面,,False
知识区,BV1zrGi6PE9B,【最后一课】2X2联表与独立性检验！,1054414,81616,6893,18820,2559,5701,文长可敢担太守之责  蜀道艰险 粮草如何运送,,文长可敢担太守之责蜀道艰险粮草如何运送,0,0,10,0,0,0.0,0.0,0.0,0.0,0.0,0.0,0.0,0.0,0,0,0,0,0,0,0,0,无明显情感,未明确对象,未明确方面,中性,0,0.6006792159087079,0.2075127591902632,0.6006792159087079,0.1918080249010289,中性,中性,,False
知识区,BV1zrGi6PE9B,【最后一课】2X2联表与独立性检验！,1054414,81616,6893,18820,2559,5701,27年高考上岸,,27年高考上岸,0,0,4,0,0,0.0,0.0,0.0,0.0,0.0,0.0,0.0,0.0,0,0,0,0,0,0,0,0,无明显情感,未明确对象,未明确方面,中性,1,0.834175570506375,0.020317501414808228,0.14550692807881674,0.834175570506375,正面,正面,,False
知识区,BV1zrGi6PE9B,【最后一课】2X2联表与独立性检验！,1054414,81616,6893,18820,2559,5701,获得成就   结束了？,,获得成就结束了？,0,0,4,0,1,0.0,0.0,0.0,0.0,0.0,0.0,0.0,0.0,0,0,0,0,0,0,0,0,无明显情感,未明确对象,未明确方面,中性,-1,0.5723982138709686,0.5723982138709686,0.3224978687621161,0.10510391736691542,负面,负面,,False
知识区,BV1zrGi6PE9B,【最后一课】2X2联表与独立性检验！,1054414,81616,6893,18820,2559,5701,恭喜你解锁成就：结束了？,,恭喜你解锁成就结束了？,1,0,5,0,1,1.0,1.0,0.0,1.0,0.2,1.0,1.0,0.0,0,0,0,0,0,0,0,1,对象评价,未明确对象,未明确方面,正面,1,0.4840005052716086,0.34405394155128166,0.17194555317710983,0.4840005052716086,正面,正面,1.0,True
知识区,BV1zrGi6PE9B,【最后一课】2X2联表与独立性检验！,1054414,81616,6893,18820,2559,5701,希望大家都能考上理想的大学,,希望大家都能考上理想的大学,0,0,7,0,0,0.0,0.0,0.0,0.0,0.0,0.0,0.0,0.0,0,0,0,0,0,0,0,0,无明显情感,未明确对象,未明确方面,中性,1,0.77998939705353,0.05938362963574357,0.1606269733107265,0.77998939705353,正面,正面,1.0,True
知识区,BV1zrGi6PE9B,【最后一课】2X2联表与独立性检验！,1054414,81616,6893,18820,2559,5701,胃炎？魏延！蜀道艰险...,,胃炎？魏延！蜀道艰险...,0,0,7,1,1,0.0,0.0,0.0,0.0,0.0,0.0,0.0,0.0,0,0,0,0,0,0,0,0,无明显情感,未明确对象,未明确方面,中性,0,0.5015958791379207,0.2886922573751672,0.5015958791379207,0.20971186348691215,中性,中性,0.0,True
知识区,BV1zrGi6PE9B,【最后一课】2X2联表与独立性检验！,1054414,81616,6893,18820,2559,5701,[结束了？],,结束了？,0,0,2,0,1,0.0,0.0,0.0,0.0,0.0,0.0,0.0,0.0,0,0,0,0,0,0,0,0,无明显情感,未明确对象,未明确方面,中性,-1,0.6123285214498482,0.6123285214498482,0.35073587601282363,0.03693560253732829,负面,负面,,False
知识区,BV1zrGi6PE9B,【最后一课】2X2联表与独立性检验！,1054414,81616,6893,18820,2559,5701,愿这份友谊长存！,,愿这份友谊长存！,0,0,5,1,0,0.0,0.0,0.0,0.0,0.0,0.0,0.0,0.0,0,0,0,0,0,0,0,0,无明显情感,未明确对象,未明确方面,中性,1,0.658692087619323,0.07099892636494545,0.27030898601573145,0.658692087619323,正面,正面,,False
知识区,BV1zrGi6PE9B,【最后一课】2X2联表与独立性检验！,1054414,81616,6893,18820,2559,5701,未曾谋面的老师，遇见你真的是我最幸运的事之一,,未曾谋面的老师，遇见你真的是我最幸运的事之一,0,0,9,0,0,0.0,0.0,0.0,0.0,0.0,0.0,0.0,0.0,0,0,0,0,0,0,0,0,无明显情感,讲解者,未明确方面,中性,1,0.5054101088281843,0.17886186368889206,0.3157280274829238,0.5054101088281843,正面,正面,1.0,True
知识区,BV1zrGi6PE9B,【最后一课】2X2联表与独立性检验！,1054414,81616,6893,18820,2559,5701,高考，我不认为，这次，我会葬身于此，相反，我从没有感觉到有现在这样神清气爽过！！,,高考，我不认为，这次，我会葬身于此，相反，我从没有感觉到有现在这样神清气爽过！！,0,0,25,2,0,0.0,0.0,0.0,0.0,0.0,0.0,0.0,0.0,0,0,1,0,0,0,0,0,自身情绪,未明确对象,未明确方面,中性,-1,0.9678312298830329,0.9678312298830329,0.005935819813187546,0.02623295030377934,负面,负面,,False
知识区,BV1zrGi6PE9B,【最后一课】2X2联表与独立性检验！,1054414,81616,6893,18820,2559,5701,高考题杀队数柱最新力作,,高考题杀队数柱最新力作,0,0,5,0,0,0.0,0.0,0.0,0.0,0.0,0.0,0.0,0.0,0,0,0,0,0,0,0,0,无明显情感,未明确对象,未明确方面,中性,0,0.5460641004449229,0.07136920441338103,0.5460641004449229,0.3825666951416961,中性,中性,,False
知识区,BV1zrGi6PE9B,【最后一课】2X2联表与独立性检验！,1054414,81616,6893,18820,2559,5701,这下是真的全都完结了，撒花撒花,,这下是真的全都完结了，撒花撒花,0,0,6,0,0,0.0,0.0,0.0,0.0,0.0,0.0,0.0,0.0,0,0,0,0,0,0,0,0,无明显情感,未明确对象,未明确方面,中性,1,0.6754898498001126,0.22112366471519126,0.10338648548469619,0.6754898498001126,正面,正面,,False
知识区,BV1zrGi6PE9B,【最后一课】2X2联表与独立性检验！,1054414,81616,6893,18820,2559,5701,倒霉宝宝,,倒霉宝宝,0,1,2,0,0,-1.0,0.0,1.0,1.0,0.5,-1.0,0.0,1.0,0,0,0,0,0,0,0,1,对象评价,未明确对象,未明确方面,负面,-1,0.672479259130928,0.672479259130928,0.25496120076334,0.07255954010573197,负面,负面,-1.0,True
知识区,BV1zrGi6PE9B,【最后一课】2X2联表与独立性检验！,1054414,81616,6893,18820,2559,5701,再见了，所有的高中战士们！！,,再见了，所有的高中战士们！！,0,0,8,2,0,0.0,0.0,0.0,0.0,0.0,0.0,0.0,0.0,0,0,0,0,0,0,0,0,无明显情感,未明确对象,未明确方面,中性,-1,0.6275200130765027,0.6275200130765027,0.24403240983607455,0.12844757708742272,负面,负面,-1.0,True
知识区,BV1zrGi6PE9B,【最后一课】2X2联表与独立性检验！,1054414,81616,6893,18820,2559,5701,到底是怎么的故事才配的上这一路的颠簸,,到底是怎么的故事才配的上这一路的颠簸,0,0,8,0,0,0.0,0.0,0.0,0.0,0.0,0.0,0.0,0.0,0,0,0,0,0,0,0,0,无明显情感,未明确对象,未明确方面,中性,-1,0.7669636413630041,0.7669636413630041,0.15458045744929444,0.07845590118770147,负面,负面,-1.0,True
知识区,BV1zrGi6PE9B,【最后一课】2X2联表与独立性检验！,1054414,81616,6893,18820,2559,5701,感谢一数 将永远追随up！ 高考必胜！,,感谢一数将永远追随up！高考必胜！,1,0,10,2,0,1.0,1.0,0.0,1.0,0.1,1.0,1.0,0.0,0,0,0,0,0,0,0,1,对象评价,讲解者,未明确方面,正面,1,0.971815587319314,0.004329652492238996,0.023854760188447,0.971815587319314,正面,正面,,False
知识区,BV1zrGi6PE9B,【最后一课】2X2联表与独立性检验！,1054414,81616,6893,18820,2559,5701,“坏宝宝”（doge）,,坏宝宝doge,0,0,3,0,0,0.0,0.0,0.0,0.0,0.0,0.0,0.0,0.0,0,0,0,0,0,0,0,0,无明显情感,未明确对象,未明确方面,中性,0,0.7226536959253569,0.12226739371537379,0.7226536959253569,0.1550789103592692,中性,中性,,False
知识区,BV1zrGi6PE9B,【最后一课】2X2联表与独立性检验！,1054414,81616,6893,18820,2559,5701,鬼灭之刃,,鬼灭之刃,0,0,2,0,0,0.0,0.0,0.0,0.0,0.0,0.0,0.0,0.0,0,0,0,0,0,0,0,0,无明显情感,未明确对象,未明确方面,中性,0,0.6553065905941072,0.1468149965085425,0.6553065905941072,0.19787841289735017,中性,中性,,False
知识区,BV1zrGi6PE9B,【最后一课】2X2联表与独立性检验！,1054414,81616,6893,18820,2559,5701,2026高考明天开考，祝大家金榜题名,,2026高考明天开考，祝大家金榜题名,0,0,8,0,0,0.0,0.0,0.0,0.0,0.0,0.0,0.0,0.0,0,0,0,0,0,0,0,0,无明显情感,未明确对象,未明确方面,中性,1,0.8737675729306315,0.03194396490792943,0.09428846216143917,0.8737675729306315,正面,正面,1.0,True
知识区,BV1zrGi6PE9B,【最后一课】2X2联表与独立性检验！,1054414,81616,6893,18820,2559,5701,巴黎圣日耳曼击败阿森纳卫冕欧冠时期打卡,,巴黎圣日耳曼击败阿森纳卫冕欧冠时期打卡,0,0,8,0,0,0.0,0.0,0.0,0.0,0.0,0.0,0.0,0.0,0,0,0,0,0,0,0,0,无明显情感,未明确对象,未明确方面,中性,0,0.784537241865561,0.028925099017632232,0.784537241865561,0.18653765911680692,中性,中性,,False
知识区,BV1zrGi6PE9B,【最后一课】2X2联表与独立性检验！,1054414,81616,6893,18820,2559,5701,恭喜大家通关高中数学全部内容！,,恭喜大家通关高中数学全部内容！,1,0,6,1,0,1.0,1.0,0.0,1.0,0.16666666666666666,1.0,1.0,0.0,0,0,0,0,0,0,0,1,对象评价,课程内容,未明确方面,正面,1,0.9664560400381605,0.0061382550715177,0.027405704890321816,0.9664560400381605,正面,正面,,False
知识区,BV1zrGi6PE9B,【最后一课】2X2联表与独立性检验！,1054414,81616,6893,18820,2559,5701,因为括号内是加减运算，只要任意乘号链接的两个数*10就是最后扩大的倍数,,因为括号内是加减运算，只要任意乘号链接的两个数10就是最后扩大的倍数,0,0,18,0,0,0.0,0.0,0.0,0.0,0.0,0.0,0.0,0.0,0,0,0,0,0,0,0,0,无明显情感,未明确对象,未明确方面,中性,0,0.8616959178637712,0.08858718456185287,0.8616959178637712,0.0497168975743759,中性,中性,,False
知识区,BV1zrGi6PE9B,【最后一课】2X2联表与独立性检验！,1054414,81616,6893,18820,2559,5701,“以上就是高中数学全部内容”,,以上就是高中数学全部内容,0,0,4,0,0,0.0,0.0,0.0,0.0,0.0,0.0,0.0,0.0,0,0,0,0,0,0,0,0,无明显情感,课程内容,未明确方面,中性,0,0.6099521327787528,0.2472117752909055,0.6099521327787528,0.1428360919303417,中性,中性,,False
知识区,BV1zrGi6PE9B,【最后一课】2X2联表与独立性检验！,1054414,81616,6893,18820,2559,5701,以上就是高中数学全部内容！！！！！！！！,,以上就是高中数学全部内容！！！！！！！！,0,0,12,8,0,0.0,0.0,0.0,0.0,0.0,0.0,0.0,0.0,0,0,0,0,0,0,0,0,无明显情感,课程内容,未明确方面,中性,1,0.3774404117491614,0.27130327666474624,0.35125631158609233,0.3774404117491614,正面,中性,0.0,True
知识区,BV1zrGi6PE9B,【最后一课】2X2联表与独立性检验！,1054414,81616,6893,18820,2559,5701,2027北大等我！！,,2027北大等我！！,0,0,5,2,0,0.0,0.0,0.0,0.0,0.0,0.0,0.0,0.0,0,0,0,0,0,0,0,0,无明显情感,未明确对象,未明确方面,中性,1,0.8089061193965787,0.03338927989288393,0.15770460071053718,0.8089061193965787,正面,正面,,False
知识区,BV1zrGi6PE9B,【最后一课】2X2联表与独立性检验！,1054414,81616,6893,18820,2559,5701,我不行了这个坏宝宝好可爱,,我不行了这个坏宝宝好可爱,1,1,6,0,0,0.0,1.0,1.0,0.0,0.3333333333333333,0.0,1.0,1.0,0,1,0,0,0,0,0,1,对象评价,未明确对象,未明确方面,混合,1,0.6553812130709626,0.25785494593249497,0.0867638409965425,0.6553812130709626,正面,正面,1.0,True
知识区,BV1zrGi6PE9B,【最后一课】2X2联表与独立性检验！,1054414,81616,6893,18820,2559,5701,我，成绩，只进不退！,,我，成绩，只进不退！,0,0,6,1,0,0.0,0.0,0.0,0.0,0.0,0.0,0.0,0.0,0,0,0,0,0,0,0,0,无明显情感,未明确对象,未明确方面,中性,1,0.5142221606618406,0.1468186922845313,0.3389591470536282,0.5142221606618406,正面,正面,,False
知识区,BV1zrGi6PE9B,【最后一课】2X2联表与独立性检验！,1054414,81616,6893,18820,2559,5701,希望大家永远不患癌,,希望大家永远不患癌,0,0,5,0,0,0.0,0.0,0.0,0.0,0.0,0.0,0.0,0.0,0,0,0,0,0,0,0,0,无明显情感,未明确对象,未明确方面,中性,1,0.4755417876466323,0.19159122303237233,0.33286698932099534,0.4755417876466323,正面,正面,1.0,True
知识区,BV1zrGi6PE9B,【最后一课】2X2联表与独立性检验！,1054414,81616,6893,18820,2559,5701,我之前不敢相信这就是最后一课,,我之前不敢相信这就是最后一课,0,0,5,0,0,0.0,0.0,0.0,0.0,0.0,0.0,0.0,0.0,0,0,0,0,0,0,0,0,无明显情感,未明确对象,未明确方面,中性,0,0.7941832060353671,0.12048072494644053,0.7941832060353671,0.08533606901819234,中性,中性,,False
知识区,BV1zrGi6PE9B,【最后一课】2X2联表与独立性检验！,1054414,81616,6893,18820,2559,5701,结束喽高中生活，祝所有2026考生高考上岸！,,结束喽高中生活，祝所有2026考生高考上岸！,0,0,12,1,0,0.0,0.0,0.0,0.0,0.0,0.0,0.0,0.0,0,0,0,0,0,0,0,0,无明显情感,未明确对象,未明确方面,中性,1,0.8624744566732673,0.028096722622071378,0.10942882070466135,0.8624744566732673,正面,正面,,False
知识区,BV1zrGi6PE9B,【最后一课】2X2联表与独立性检验！,1054414,81616,6893,18820,2559,5701,再见了我的青春。,,再见了我的青春。,0,0,3,0,0,0.0,0.0,0.0,0.0,0.0,0.0,0.0,0.0,0,0,0,0,0,0,0,0,无明显情感,未明确对象,未明确方面,中性,-1,0.6864498368894512,0.6864498368894512,0.17358376207112497,0.1399664010394239,负面,负面,,False
知识区,BV1zrGi6PE9B,【最后一课】2X2联表与独立性检验！,1054414,81616,6893,18820,2559,5701,最后一课，完结撒花,,最后一课，完结撒花,0,0,5,0,0,0.0,0.0,0.0,0.0,0.0,0.0,0.0,0.0,0,0,0,0,0,0,0,0,无明显情感,未明确对象,未明确方面,中性,1,0.6356392496894597,0.06758301283407145,0.2967777374764688,0.6356392496894597,正面,正面,1.0,True
知识区,BV1zrGi6PE9B,【最后一课】2X2联表与独立性检验！,1054414,81616,6893,18820,2559,5701,One last Kiss.,,OnelastKiss.,0,0,2,0,0,0.0,0.0,0.0,0.0,0.0,0.0,0.0,0.0,0,0,0,0,0,0,0,0,无明显情感,未明确对象,未明确方面,中性,1,0.6336268979003604,0.10691419016881437,0.25945891193082526,0.6336268979003604,正面,正面,1.0,True
知识区,BV1zrGi6PE9B,【最后一课】2X2联表与独立性检验！,1054414,81616,6893,18820,2559,5701,也是把高中数学打通关了,,也是把高中数学打通关了,0,0,4,0,0,0.0,0.0,0.0,0.0,0.0,0.0,0.0,0.0,0,0,0,0,0,0,0,0,无明显情感,课程内容,未明确方面,中性,1,0.5128780791169683,0.16276150215249513,0.3243604187305366,0.5128780791169683,正面,正面,1.0,True
知识区,BV1zrGi6PE9B,【最后一课】2X2联表与独立性检验！,1054414,81616,6893,18820,2559,5701,祝所有高三学姐学长金榜题名!,,祝所有高三学姐学长金榜题名!,0,0,7,1,0,0.0,0.0,0.0,0.0,0.0,0.0,0.0,0.0,0,0,0,0,0,0,0,0,无明显情感,未明确对象,未明确方面,中性,1,0.6999182776263649,0.08822822858660341,0.2118534937870317,0.6999182776263649,正面,正面,1.0,True
知识区,BV1zrGi6PE9B,【最后一课】2X2联表与独立性检验！,1054414,81616,6893,18820,2559,5701,看了这么长时间的一数，这是最催泪的一句话。。。,,看了这么长时间的一数，这是最催泪的一句话。。。,0,0,12,0,0,0.0,0.0,0.0,0.0,0.0,0.0,0.0,0.0,0,0,0,0,0,0,0,0,无明显情感,未明确对象,未明确方面,中性,-1,0.8452499039639669,0.8452499039639669,0.08736480755942946,0.06738528847660366,负面,负面,-1.0,True
知识区,BV1zrGi6PE9B,【最后一课】2X2联表与独立性检验！,1054414,81616,6893,18820,2559,5701,27年高考生在此祝26年高考的学长学姐 也祝一年后的自己金榜题名！,,27年高考生在此祝26年高考的学长学姐也祝一年后的自己金榜题名！,0,0,18,1,0,0.0,0.0,0.0,0.0,0.0,0.0,0.0,0.0,0,0,0,0,0,0,0,0,无明显情感,未明确对象,未明确方面,中性,1,0.7368310804625292,0.05038575547328068,0.2127831640641902,0.7368310804625292,正面,正面,1.0,True
知识区,BV1zrGi6PE9B,【最后一课】2X2联表与独立性检验！,1054414,81616,6893,18820,2559,5701,高考660！！！,,高考660！！！,0,0,5,3,0,0.0,0.0,0.0,0.0,0.0,0.0,0.0,0.0,0,0,0,0,0,0,0,0,无明显情感,未明确对象,未明确方面,中性,1,0.7965096250389299,0.07086330279319944,0.13262707216787076,0.7965096250389299,正面,正面,,False
知识区,BV1zrGi6PE9B,【最后一课】2X2联表与独立性检验！,1054414,81616,6893,18820,2559,5701,高三学长学姐们高考加油！,,高三学长学姐们高考加油！,1,0,7,1,0,1.0,1.0,0.0,1.0,0.14285714285714285,1.0,1.0,0.0,0,0,0,0,0,0,0,1,对象评价,未明确对象,未明确方面,正面,1,0.9447261613036847,0.005522798190507799,0.049751040505807476,0.9447261613036847,正面,正面,,False
知识区,BV1zrGi6PE9B,【最后一课】2X2联表与独立性检验！,1054414,81616,6893,18820,2559,5701,高考将是与数学的最后一支舞,,高考将是与数学的最后一支舞,0,0,7,0,0,0.0,0.0,0.0,0.0,0.0,0.0,0.0,0.0,0,0,0,0,0,0,0,0,无明显情感,课程内容,未明确方面,中性,0,0.6614328848925431,0.08110886168033966,0.6614328848925431,0.25745825342711726,中性,中性,,False
知识区,BV1zrGi6PE9B,【最后一课】2X2联表与独立性检验！,1054414,81616,6893,18820,2559,5701,我最喜欢的一首歌作为结尾吗…,,我最喜欢的一首歌作为结尾吗,1,0,5,0,0,1.0,1.0,0.0,1.0,0.2,1.0,1.0,0.0,0,0,0,0,0,0,0,1,对象评价,未明确对象,未明确方面,正面,1,0.7071246404280741,0.10722080945254296,0.185654550119383,0.7071246404280741,正面,正面,,False
知识区,BV1zrGi6PE9B,【最后一课】2X2联表与独立性检验！,1054414,81616,6893,18820,2559,5701,【最后一课】,,最后一课,0,0,2,0,0,0.0,0.0,0.0,0.0,0.0,0.0,0.0,0.0,0,0,0,0,0,0,0,0,无明显情感,未明确对象,未明确方面,中性,0,0.8559865583306381,0.04711395324341321,0.8559865583306381,0.09689948842594871,中性,中性,0.0,True
知识区,BV1zrGi6PE9B,【最后一课】2X2联表与独立性检验！,1054414,81616,6893,18820,2559,5701,人不能同时拥有青春和对青春的感悟,,人不能同时拥有青春和对青春的感悟,0,0,8,0,0,0.0,0.0,0.0,0.0,0.0,0.0,0.0,0.0,0,0,0,0,0,0,0,0,无明显情感,未明确对象,未明确方面,中性,0,0.49991678459042066,0.33383731091252417,0.49991678459042066,0.16624590449705517,中性,中性,,False
知识区,BV1zrGi6PE9B,【最后一课】2X2联表与独立性检验！,1054414,81616,6893,18820,2559,5701,今年高考的兄弟们，加油,,今年高考的兄弟们，加油,1,0,6,0,0,1.0,1.0,0.0,1.0,0.16666666666666666,1.0,1.0,0.0,0,0,0,0,0,0,0,1,对象评价,未明确对象,未明确方面,正面,1,0.9131854632799529,0.014928038336619393,0.07188649838342775,0.9131854632799529,正面,正面,,False
知识区,BV1zrGi6PE9B,【最后一课】2X2联表与独立性检验！,1054414,81616,6893,18820,2559,5701,我居然跟着小猪学完高中数学大合集了！！！,,我居然跟着小猪学完高中数学大合集了！！！,0,0,10,3,0,0.0,0.0,0.0,0.0,0.0,0.0,0.0,0.0,0,0,0,0,0,0,0,0,无明显情感,课程内容,未明确方面,中性,1,0.6534980490360072,0.14252721843650587,0.20397473252748693,0.6534980490360072,正面,正面,,False
知识区,BV1zrGi6PE9B,【最后一课】2X2联表与独立性检验！,1054414,81616,6893,18820,2559,5701,呜呜呜 还好有下一个视频，就不会觉得很伤感了,,呜呜呜还好有下一个视频，就不会觉得很伤感了,0,1,11,0,0,-1.0,0.0,1.0,1.0,0.09090909090909091,-1.0,0.0,1.0,0,0,0,0,0,0,0,1,对象评价,视频内容,未明确方面,负面,-1,0.6107213120353331,0.6107213120353331,0.23457445900905569,0.1547042289556112,负面,负面,,False
知识区,BV1zrGi6PE9B,【最后一课】2X2联表与独立性检验！,1054414,81616,6893,18820,2559,5701,大合集真的结束了？我是真的从头看到尾看了,,大合集真的结束了？我是真的从头看到尾看了,0,0,8,0,1,0.0,0.0,0.0,0.0,0.0,0.0,0.0,0.0,0,0,0,0,0,0,0,0,无明显情感,未明确对象,未明确方面,中性,-1,0.7043297873951521,0.7043297873951521,0.2640477859442159,0.03162242666063193,负面,负面,,False
知识区,BV1zrGi6PE9B,【最后一课】2X2联表与独立性检验！,1054414,81616,6893,18820,2559,5701,大家结课快乐！高考都要顺顺利利的！,,大家结课快乐！高考都要顺顺利利的！,2,0,9,2,0,2.0,2.0,0.0,2.0,0.2222222222222222,2.0,2.0,0.0,0,0,1,0,0,0,0,1,对象评价+自身情绪,未明确对象,未明确方面,正面,1,0.9933267039087621,0.00036544930695073973,0.006307846784287158,0.9933267039087621,正面,正面,,False
知识区,BV1zrGi6PE9B,【最后一课】2X2联表与独立性检验！,1054414,81616,6893,18820,2559,5701,《妈呀太刺眼了》,,妈呀太刺眼了,0,0,3,0,0,0.0,0.0,0.0,0.0,0.0,0.0,0.0,0.0,0,0,0,0,0,0,0,0,无明显情感,未明确对象,未明确方面,中性,-1,0.6747142577946059,0.6747142577946059,0.21514462940405296,0.11014111280134115,负面,负面,-1.0,True
知识区,BV1zrGi6PE9B,【最后一课】2X2联表与独立性检验！,1054414,81616,6893,18820,2559,5701,学过英语的小猪老师（,,学过英语的小猪老师,0,0,4,0,0,0.0,0.0,0.0,0.0,0.0,0.0,0.0,0.0,0,0,0,0,0,0,0,0,无明显情感,讲解者,未明确方面,中性,0,0.5468861927880768,0.24972507462165572,0.5468861927880768,0.20338873259026738,中性,中性,0.0,True
知识区,BV1zrGi6PE9B,【最后一课】2X2联表与独立性检验！,1054414,81616,6893,18820,2559,5701,加油，全员上岸,,加油，全员上岸,1,0,4,0,0,1.0,1.0,0.0,1.0,0.25,1.0,1.0,0.0,0,0,0,0,0,0,0,1,对象评价,未明确对象,未明确方面,正面,1,0.9666719618868044,0.01474100789153371,0.01858703022166195,0.9666719618868044,正面,正面,,False
知识区,BV1zrGi6PE9B,【最后一课】2X2联表与独立性检验！,1054414,81616,6893,18820,2559,5701,六天后考试，今晚在91最后一舞,,六天后考试，今晚在91最后一舞,0,0,9,0,0,0.0,0.0,0.0,0.0,0.0,0.0,0.0,0.0,0,0,0,0,0,0,0,0,无明显情感,未明确对象,未明确方面,中性,0,0.6560683456511494,0.26772136223354726,0.6560683456511494,0.07621029211530347,中性,中性,,False
知识区,BV1zrGi6PE9B,【最后一课】2X2联表与独立性检验！,1054414,81616,6893,18820,2559,5701,清华大学我们2027年见,,清华大学我们2027年见,0,0,5,0,0,0.0,0.0,0.0,0.0,0.0,0.0,0.0,0.0,0,0,0,0,0,0,0,0,无明显情感,未明确对象,未明确方面,中性,1,0.610221740503262,0.04459905223443595,0.3451792072623021,0.610221740503262,正面,正面,,False
知识区,BV1zrGi6PE9B,【最后一课】2X2联表与独立性检验！,1054414,81616,6893,18820,2559,5701,高中数学基础大合集——完结撒花~,,高中数学基础大合集完结撒花,0,0,6,0,0,0.0,0.0,0.0,0.0,0.0,0.0,0.0,0.0,0,0,0,0,0,0,0,0,无明显情感,课程内容,未明确方面,中性,1,0.6959637365373391,0.07113415522383244,0.23290210823882834,0.6959637365373391,正面,正面,,False
知识区,BV1zrGi6PE9B,【最后一课】2X2联表与独立性检验！,1054414,81616,6893,18820,2559,5701,2026 5月30日已通关高中数学 祝2027高考顺利,,20265月30日已通关高中数学祝2027高考顺利,1,0,11,0,0,1.0,1.0,0.0,1.0,0.09090909090909091,1.0,1.0,0.0,0,0,0,0,0,0,0,1,对象评价,课程内容,未明确方面,正面,1,0.9584876514740025,0.009443114866976285,0.03206923365902119,0.9584876514740025,正面,正面,1.0,True
知识区,BV1zrGi6PE9B,【最后一课】2X2联表与独立性检验！,1054414,81616,6893,18820,2559,5701,我觉得这里很难理解(⩺_⩹),,我觉得这里很难理解,0,1,4,0,0,-1.0,0.0,1.0,1.0,0.25,-1.0,0.0,1.0,0,0,0,0,0,0,0,1,对象评价,未明确对象,理解与难度,负面,-1,0.7928796061734977,0.7928796061734977,0.16593885722674237,0.04118153659975992,负面,负面,-1.0,True
知识区,BV1zrGi6PE9B,【最后一课】2X2联表与独立性检验！,1054414,81616,6893,18820,2559,5701,再见了，所有的高中战士,,再见了，所有的高中战士,0,0,5,0,0,0.0,0.0,0.0,0.0,0.0,0.0,0.0,0.0,0,0,0,0,0,0,0,0,无明显情感,未明确对象,未明确方面,中性,-1,0.6469409622833697,0.6469409622833697,0.2926788141436721,0.06038022357295826,负面,中性,0.0,True
知识区,BV1zrGi6PE9B,【最后一课】2X2联表与独立性检验！,1054414,81616,6893,18820,2559,5701,27北大等我,,27北大等我,0,0,3,0,0,0.0,0.0,0.0,0.0,0.0,0.0,0.0,0.0,0,0,0,0,0,0,0,0,无明显情感,未明确对象,未明确方面,中性,0,0.49013773875476263,0.04893881913458789,0.49013773875476263,0.4609234421106494,中性,中性,,False
知识区,BV1zrGi6PE9B,【最后一课】2X2联表与独立性检验！,1054414,81616,6893,18820,2559,5701,愿这份友谊长存！！！,,愿这份友谊长存！！！,0,0,7,3,0,0.0,0.0,0.0,0.0,0.0,0.0,0.0,0.0,0,0,0,0,0,0,0,0,无明显情感,未明确对象,未明确方面,中性,1,0.6636382163685315,0.2051096681822558,0.13125211544921261,0.6636382163685315,正面,正面,1.0,True
知识区,BV1zrGi6PE9B,【最后一课】2X2联表与独立性检验！,1054414,81616,6893,18820,2559,5701,距离高考11天,,距离高考11天,0,0,4,0,0,0.0,0.0,0.0,0.0,0.0,0.0,0.0,0.0,0,0,0,0,0,0,0,0,无明显情感,未明确对象,未明确方面,中性,0,0.6722656134914269,0.04198036050089168,0.6722656134914269,0.28575402600768135,中性,中性,,False
知识区,BV1zrGi6PE9B,【最后一课】2X2联表与独立性检验！,1054414,81616,6893,18820,2559,5701,说实话我有点晕,,说实话我有点晕,0,0,2,0,0,0.0,0.0,0.0,0.0,0.0,0.0,0.0,0.0,0,0,0,0,0,0,0,0,无明显情感,未明确对象,未明确方面,中性,0,0.9215265613219679,0.044567762651990715,0.9215265613219679,0.03390567602604144,中性,中性,,False
知识区,BV1zrGi6PE9B,【最后一课】2X2联表与独立性检验！,1054414,81616,6893,18820,2559,5701,愿此行，终抵群星,,愿此行，终抵群星,0,0,5,0,0,0.0,0.0,0.0,0.0,0.0,0.0,0.0,0.0,0,0,0,0,0,0,0,0,无明显情感,未明确对象,未明确方面,中性,1,0.5193561225932206,0.2240433098403725,0.25660056756640687,0.5193561225932206,正面,正面,1.0,True
知识区,BV1zrGi6PE9B,【最后一课】2X2联表与独立性检验！,1054414,81616,6893,18820,2559,5701,汉中乃北伐剑锋，文长可敢担太守之责？,,汉中乃北伐剑锋，文长可敢担太守之责？,0,0,11,0,1,0.0,0.0,0.0,0.0,0.0,0.0,0.0,0.0,0,0,0,0,0,0,0,0,无明显情感,未明确对象,未明确方面,中性,-1,0.7035251160018645,0.7035251160018645,0.21113554813798377,0.08533933586015167,负面,负面,,False
知识区,BV1zrGi6PE9B,【最后一课】2X2联表与独立性检验！,1054414,81616,6893,18820,2559,5701,“那么以上就是高中数学全部内容！很高兴认识大家！我们下一个视频再见！”,,那么以上就是高中数学全部内容！很高兴认识大家！我们下一个视频再见！,1,0,16,3,0,1.5,1.5,0.0,1.5,0.0625,1.5,1.5,0.0,0,0,0,0,0,0,0,1,对象评价,课程内容+视频内容,未明确方面,正面,1,0.8571269321213397,0.026207149997977172,0.11666591788068316,0.8571269321213397,正面,正面,,False
知识区,BV1zrGi6PE9B,【最后一课】2X2联表与独立性检验！,1054414,81616,6893,18820,2559,5701,传一英儿！（doge,,传一英儿！doge,0,0,3,1,0,0.0,0.0,0.0,0.0,0.0,0.0,0.0,0.0,0,0,0,0,0,0,0,0,无明显情感,未明确对象,未明确方面,中性,0,0.6191932259833883,0.05034700587400334,0.6191932259833883,0.33045976814260836,中性,中性,,False
知识区,BV1zrGi6PE9B,【最后一课】2X2联表与独立性检验！,1054414,81616,6893,18820,2559,5701,以上就是高中数学全部内容，完结撒花，愿大家金榜题名！,,以上就是高中数学全部内容，完结撒花，愿大家金榜题名！,0,0,12,1,0,0.0,0.0,0.0,0.0,0.0,0.0,0.0,0.0,0,0,0,0,0,0,0,0,无明显情感,课程内容,未明确方面,中性,1,0.9042215370074792,0.04215193136811452,0.053626531624406275,0.9042215370074792,正面,正面,,False
知识区,BV1zrGi6PE9B,【最后一课】2X2联表与独立性检验！,1054414,81616,6893,18820,2559,5701,感谢小猪老师,,感谢小猪老师,1,0,3,0,0,1.0,1.0,0.0,1.0,0.3333333333333333,1.0,1.0,0.0,0,0,0,0,0,0,0,1,对象评价,讲解者,未明确方面,正面,1,0.8973260006443794,0.033514147945387936,0.0691598514102327,0.8973260006443794,正面,正面,,False
知识区,BV1zrGi6PE9B,【最后一课】2X2联表与独立性检验！,1054414,81616,6893,18820,2559,5701,再见了所有的高三战士,,再见了所有的高三战士,0,0,4,0,0,0.0,0.0,0.0,0.0,0.0,0.0,0.0,0.0,0,0,0,0,0,0,0,0,无明显情感,未明确对象,未明确方面,中性,-1,0.4939196607431947,0.4939196607431947,0.4324044901349038,0.07367584912190143,负面,中性,0.0,True
知识区,BV1zrGi6PE9B,【最后一课】2X2联表与独立性检验！,1054414,81616,6893,18820,2559,5701,明明数学是一生之敌 但还是希望这节课再慢点,,明明数学是一生之敌但还是希望这节课再慢点,0,0,11,0,0,0.0,0.0,0.0,0.0,0.0,0.0,0.0,0.0,0,0,0,0,0,0,0,0,无明显情感,课程内容,未明确方面,中性,-1,0.7577872870430353,0.7577872870430353,0.11978407580604368,0.12242863715092099,负面,负面,-1.0,True
知识区,BV1zrGi6PE9B,【最后一课】2X2联表与独立性检验！,1054414,81616,6893,18820,2559,5701,祝大家高考成功上岸，金榜题名！,,祝大家高考成功上岸，金榜题名！,1,0,8,1,0,1.0,1.0,0.0,1.0,0.125,1.0,1.0,0.0,0,0,0,0,0,0,0,1,对象评价,未明确对象,未明确方面,正面,1,0.9835215169502699,0.0023858037126795483,0.014092679337050426,0.9835215169502699,正面,正面,,False
知识区,BV1zrGi6PE9B,【最后一课】2X2联表与独立性检验！,1054414,81616,6893,18820,2559,5701,再见了，我的青春！627你要努力走出困境！,,再见了，我的青春！627你要努力走出困境！,0,0,10,2,0,0.0,0.0,0.0,0.0,0.0,0.0,0.0,0.0,0,0,0,0,0,0,0,0,无明显情感,未明确对象,未明确方面,中性,-1,0.5906468922389791,0.5906468922389791,0.12084465269171771,0.2885084550693031,负面,负面,,False
知识区,BV1zrGi6PE9B,【最后一课】2X2联表与独立性检验！,1054414,81616,6893,18820,2559,5701,然而到了明年，夏天还会再度来临。,,然而到了明年，夏天还会再度来临。,0,0,9,0,0,0.0,0.0,0.0,0.0,0.0,0.0,0.0,0.0,1,0,0,0,0,0,0,0,无明显情感,未明确对象,未明确方面,中性,0,0.5950033985520342,0.23841937687078896,0.5950033985520342,0.16657722457717677,中性,中性,0.0,True
知识区,BV1zrGi6PE9B,【最后一课】2X2联表与独立性检验！,1054414,81616,6893,18820,2559,5701,“我的青春自此绝版，千金不换。”,,我的青春自此绝版，千金不换。,0,0,7,0,0,0.0,0.0,0.0,0.0,0.0,0.0,0.0,0.0,0,0,0,0,0,0,0,0,无明显情感,未明确对象,未明确方面,中性,-1,0.4462264750780538,0.4462264750780538,0.2451205650088979,0.3086529599130483,负面,负面,,False
知识区,BV1zrGi6PE9B,【最后一课】2X2联表与独立性检验！,1054414,81616,6893,18820,2559,5701,乐观：嘻嘻  不乐观：不嘻嘻,,乐观嘻嘻不乐观不嘻嘻,1,1,6,0,0,0.0,1.0,1.0,0.0,0.3333333333333333,0.0,1.0,1.0,0,1,0,0,0,0,0,1,对象评价,未明确对象,未明确方面,混合,0,0.617976229977196,0.19880502380610976,0.617976229977196,0.18321874621669426,中性,中性,0.0,True
知识区,BV1zrGi6PE9B,【最后一课】2X2联表与独立性检验！,1054414,81616,6893,18820,2559,5701,姥姥和奶奶买菜去了（,,姥姥和奶奶买菜去了,0,0,4,0,0,0.0,0.0,0.0,0.0,0.0,0.0,0.0,0.0,0,0,0,0,0,0,0,0,无明显情感,未明确对象,未明确方面,中性,-1,0.42523344329110147,0.42523344329110147,0.3629493833853876,0.21181717332351083,负面,中性,0.0,True
知识区,BV1zrGi6PE9B,【最后一课】2X2联表与独立性检验！,1054414,81616,6893,18820,2559,5701,再见了我的青春，再见了我爱的女孩,,再见了我的青春，再见了我爱的女孩,0,0,6,0,0,0.0,0.0,0.0,0.0,0.0,0.0,0.0,0.0,0,0,0,0,0,0,0,0,无明显情感,未明确对象,未明确方面,中性,-1,0.7809352707863679,0.7809352707863679,0.10629578720563022,0.1127689420080018,负面,负面,-1.0,True
知识区,BV1zrGi6PE9B,【最后一课】2X2联表与独立性检验！,1054414,81616,6893,18820,2559,5701,俱怀逸兴壮思飞，欲上青天揽明月,,俱怀逸兴壮思飞，欲上青天揽明月,0,0,9,0,0,0.0,0.0,0.0,0.0,0.0,0.0,0.0,0.0,0,0,0,0,0,0,0,0,无明显情感,未明确对象,未明确方面,中性,1,0.5343247211469062,0.257935327764775,0.20773995108831886,0.5343247211469062,正面,正面,1.0,True
知识区,BV1zrGi6PE9B,【最后一课】2X2联表与独立性检验！,1054414,81616,6893,18820,2559,5701,枯阅99,,枯阅99,0,0,2,0,0,0.0,0.0,0.0,0.0,0.0,0.0,0.0,0.0,0,0,0,0,0,0,0,0,无明显情感,未明确对象,未明确方面,中性,0,0.7668301534811411,0.08858745705605092,0.7668301534811411,0.14458238946280783,中性,中性,,False
知识区,BV1zrGi6PE9B,【最后一课】2X2联表与独立性检验！,1054414,81616,6893,18820,2559,5701,大合集完结！撒花！,,大合集完结！撒花！,0,0,6,2,0,0.0,0.0,0.0,0.0,0.0,0.0,0.0,0.0,0,0,0,0,0,0,0,0,无明显情感,未明确对象,未明确方面,中性,1,0.8410422365717607,0.021028396215807724,0.13792936721243168,0.8410422365717607,正面,正面,,False
知识区,BV1zrGi6PE9B,【最后一课】2X2联表与独立性检验！,1054414,81616,6893,18820,2559,5701,高三生在此表示，公式绝对会给,,高三生在此表示，公式绝对会给,0,0,9,0,0,0.0,0.0,0.0,0.0,0.0,0.0,0.0,0.0,0,0,0,0,0,0,0,0,无明显情感,课程内容,未明确方面,中性,0,0.8542443470313235,0.07481917708598738,0.8542443470313235,0.07093647588268916,中性,中性,,False
知识区,BV1zrGi6PE9B,【最后一课】2X2联表与独立性检验！,1054414,81616,6893,18820,2559,5701,关注塔菲喵,,关注塔菲喵,1,0,3,0,0,1.0,1.0,0.0,1.0,0.3333333333333333,1.0,1.0,0.0,0,0,0,0,0,0,0,1,对象评价,未明确对象,未明确方面,正面,1,0.7144794766965968,0.0583189787741838,0.22720154452921937,0.7144794766965968,正面,正面,1.0,True
知识区,BV1zrGi6PE9B,【最后一课】2X2联表与独立性检验！,1054414,81616,6893,18820,2559,5701,2027届高考加油,,2027届高考加油,1,0,4,0,0,1.0,1.0,0.0,1.0,0.25,1.0,1.0,0.0,0,0,0,0,0,0,0,1,对象评价,未明确对象,未明确方面,正面,1,0.9595952958867716,0.005763353510270334,0.03464135060295801,0.9595952958867716,正面,正面,,False
知识区,BV1zrGi6PE9B,【最后一课】2X2联表与独立性检验！,1054414,81616,6893,18820,2559,5701,还有13天高考，我一定一定会考上的,,还有13天高考，我一定一定会考上的,0,0,9,0,0,0.0,0.0,0.0,0.0,0.0,0.0,0.0,0.0,0,0,0,0,0,0,0,0,无明显情感,未明确对象,未明确方面,中性,1,0.7159658022831065,0.08735492890459781,0.19667926881229567,0.7159658022831065,正面,正面,1.0,True
知识区,BV1zrGi6PE9B,【最后一课】2X2联表与独立性检验！,1054414,81616,6893,18820,2559,5701,上完这节课就真的要完结撒花了呜呜呜,,上完这节课就真的要完结撒花了呜呜呜,0,0,10,0,0,0.0,0.0,0.0,0.0,0.0,0.0,0.0,0.0,0,0,0,0,0,0,0,0,无明显情感,未明确对象,未明确方面,中性,1,0.8448762315376845,0.10563727276842731,0.049486495693888174,0.8448762315376845,正面,正面,,False
知识区,BV1zrGi6PE9B,【最后一课】2X2联表与独立性检验！,1054414,81616,6893,18820,2559,5701,等高堆积条形图,,等高堆积条形图,0,0,4,0,0,0.0,0.0,0.0,0.0,0.0,0.0,0.0,0.0,0,0,0,0,0,0,0,0,无明显情感,未明确对象,未明确方面,中性,0,0.581173411096454,0.0936208717337902,0.581173411096454,0.32520571716975577,中性,中性,,False
知识区,BV1zrGi6PE9B,【最后一课】2X2联表与独立性检验！,1054414,81616,6893,18820,2559,5701,2026年5月24日8:58已通关绝密高中数学,,2026年5月24日858已通关绝密高中数学,0,0,11,0,0,0.0,0.0,0.0,0.0,0.0,0.0,0.0,0.0,0,0,0,0,0,0,0,0,无明显情感,课程内容,未明确方面,中性,1,0.5115495629688708,0.07932367506073036,0.4091267619703988,0.5115495629688708,正面,正面,1.0,True
知识区,BV1zrGi6PE9B,【最后一课】2X2联表与独立性检验！,1054414,81616,6893,18820,2559,5701,恭喜各位高中生完成高中数学大合集，愿一系列永远陪你,,恭喜各位高中生完成高中数学大合集，愿一系列永远陪你,2,0,12,0,0,2.0,2.0,0.0,2.0,0.16666666666666666,2.0,2.0,0.0,0,0,0,0,0,0,0,1,对象评价,课程内容,未明确方面,正面,1,0.9727815112667063,0.006622537011236911,0.02059595172205668,0.9727815112667063,正面,正面,,False
知识区,BV1zrGi6PE9B,【最后一课】2X2联表与独立性检验！,1054414,81616,6893,18820,2559,5701,我已经毕业了呀，已经6年了，不要给我推了,,我已经毕业了呀，已经6年了，不要给我推了,0,0,10,0,0,0.0,0.0,0.0,0.0,0.0,0.0,0.0,0.0,0,0,0,0,0,0,0,0,无明显情感,未明确对象,未明确方面,中性,-1,0.56008180646448,0.56008180646448,0.11309291745053847,0.3268252760849815,负面,负面,,False
知识区,BV1zrGi6PE9B,【最后一课】2X2联表与独立性检验！,1054414,81616,6893,18820,2559,5701,《 化 学 与 生 活 》,,化学与生活,0,0,3,0,0,0.0,0.0,0.0,0.0,0.0,0.0,0.0,0.0,0,0,0,0,0,0,0,0,无明显情感,未明确对象,未明确方面,中性,0,0.6751717015306625,0.10150851728920175,0.6751717015306625,0.2233197811801357,中性,中性,,False
知识区,BV1zrGi6PE9B,【最后一课】2X2联表与独立性检验！,1054414,81616,6893,18820,2559,5701,小猪老师辛苦了 神奇姥姥也辛苦了,,小猪老师辛苦了神奇姥姥也辛苦了,2,0,7,0,0,2.0,2.0,0.0,2.0,0.2857142857142857,2.0,2.0,0.0,0,0,0,0,0,0,0,1,对象评价,讲解者,未明确方面,正面,1,0.9193523930687275,0.039940679742302976,0.04070692718896957,0.9193523930687275,正面,正面,,False
知识区,BV1zrGi6PE9B,【最后一课】2X2联表与独立性检验！,1054414,81616,6893,18820,2559,5701,一轮复习都要加油哦,,一轮复习都要加油哦,1,0,6,0,0,1.0,1.0,0.0,1.0,0.16666666666666666,1.0,1.0,0.0,0,0,0,0,0,0,0,1,对象评价,未明确对象,未明确方面,正面,1,0.6419088322049146,0.030244751432037895,0.32784641636304757,0.6419088322049146,正面,正面,,False
知识区,BV1zrGi6PE9B,【最后一课】2X2联表与独立性检验！,1054414,81616,6893,18820,2559,5701,2027届高考生享福了,,2027届高考生享福了,0,0,5,0,0,0.0,0.0,0.0,0.0,0.0,0.0,0.0,0.0,0,0,0,0,0,0,0,0,无明显情感,未明确对象,未明确方面,中性,1,0.5209712880279155,0.06178288464694982,0.41724582732513465,0.5209712880279155,正面,正面,1.0,True
知识区,BV1zrGi6PE9B,【最后一课】2X2联表与独立性检验！,1054414,81616,6893,18820,2559,5701,725.725,,725.725,0,0,1,0,0,0.0,0.0,0.0,0.0,0.0,0.0,0.0,0.0,0,0,0,0,0,0,0,0,无明显情感,未明确对象,未明确方面,中性,0,0.5613118575733966,0.1934203991173992,0.5613118575733966,0.24526774330920423,中性,中性,0.0,True
知识区,BV1zrGi6PE9B,【最后一课】2X2联表与独立性检验！,1054414,81616,6893,18820,2559,5701,明天高考,,明天高考,0,0,2,0,0,0.0,0.0,0.0,0.0,0.0,0.0,0.0,0.0,0,0,0,0,0,0,0,0,无明显情感,未明确对象,未明确方面,中性,1,0.5922196578820473,0.03903223808444619,0.3687481040335065,0.5922196578820473,正面,正面,,False
知识区,BV1zrGi6PE9B,【最后一课】2X2联表与独立性检验！,1054414,81616,6893,18820,2559,5701,2026高考仅剩两天！！！！,,2026高考仅剩两天！！！！,0,0,8,4,0,0.0,0.0,0.0,0.0,0.0,0.0,0.0,0.0,0,0,0,0,0,0,0,0,无明显情感,未明确对象,未明确方面,中性,1,0.724128908374757,0.088316495495725,0.18755459612951803,0.724128908374757,正面,正面,,False
知识区,BV1zrGi6PE9B,【最后一课】2X2联表与独立性检验！,1054414,81616,6893,18820,2559,5701,故事，完篇于初遇之时,,故事，完篇于初遇之时,0,0,5,0,0,0.0,0.0,0.0,0.0,0.0,0.0,0.0,0.0,0,0,0,0,0,0,0,0,无明显情感,未明确对象,未明确方面,中性,-1,0.5874082538308794,0.5874082538308794,0.1709582831441242,0.24163346302499644,负面,中性,0.0,True
知识区,BV1zrGi6PE9B,【最后一课】2X2联表与独立性检验！,1054414,81616,6893,18820,2559,5701,见证历史！！！2027高考必胜金榜题名！！！,,见证历史！！！2027高考必胜金榜题名！！！,0,0,12,6,0,0.0,0.0,0.0,0.0,0.0,0.0,0.0,0.0,0,0,0,0,0,0,0,0,无明显情感,未明确对象,未明确方面,中性,1,0.9493761271348725,0.01891617864365469,0.03170769422147283,0.9493761271348725,正面,正面,,False
知识区,BV1zrGi6PE9B,【最后一课】2X2联表与独立性检验！,1054414,81616,6893,18820,2559,5701,最后六天了加油朋友们,,最后六天了加油朋友们,1,0,5,0,0,1.0,1.0,0.0,1.0,0.2,1.0,1.0,0.0,0,0,0,0,0,0,0,1,对象评价,未明确对象,未明确方面,正面,1,0.8282399661266414,0.04614578307337192,0.12561425079998675,0.8282399661266414,正面,正面,,False
知识区,BV1zrGi6PE9B,【最后一课】2X2联表与独立性检验！,1054414,81616,6893,18820,2559,5701,雷霆被马刺淘汰了,,雷霆被马刺淘汰了,0,0,4,0,0,0.0,0.0,0.0,0.0,0.0,0.0,0.0,0.0,0,0,0,0,0,0,0,0,无明显情感,未明确对象,未明确方面,中性,0,0.5761396424384141,0.29291984556176587,0.5761396424384141,0.13094051199982007,中性,中性,,False
知识区,BV1zrGi6PE9B,【最后一课】2X2联表与独立性检验！,1054414,81616,6893,18820,2559,5701,我们一同度过的夏天结束，秋天即将到来。,,我们一同度过的夏天结束，秋天即将到来。,0,0,10,0,0,0.0,0.0,0.0,0.0,0.0,0.0,0.0,0.0,0,0,0,0,0,0,0,0,无明显情感,未明确对象,未明确方面,中性,0,0.5937633821633245,0.18272718847740557,0.5937633821633245,0.22350942935926996,中性,中性,0.0,True
知识区,BV1zrGi6PE9B,【最后一课】2X2联表与独立性检验！,1054414,81616,6893,18820,2559,5701,2027高考加油！一定要自律,,2027高考加油！一定要自律,1,0,7,1,0,1.0,1.0,0.0,1.0,0.14285714285714285,1.0,1.0,0.0,0,0,0,0,0,0,0,1,对象评价,未明确对象,未明确方面,正面,1,0.9811837185207591,0.0023496531640421836,0.016466628315198628,0.9811837185207591,正面,正面,,False
知识区,BV1zrGi6PE9B,【最后一课】2X2联表与独立性检验！,1054414,81616,6893,18820,2559,5701,祝各位26届的学姐学长能够考出好成绩，金榜题名,,祝各位26届的学姐学长能够考出好成绩，金榜题名,0,0,12,0,0,0.0,0.0,0.0,0.0,0.0,0.0,0.0,0.0,0,0,0,0,0,0,0,0,无明显情感,未明确对象,未明确方面,中性,1,0.7649146477773278,0.10761840896022969,0.12746694326244254,0.7649146477773278,正面,正面,,False
知识区,BV1zrGi6PE9B,【最后一课】2X2联表与独立性检验！,1054414,81616,6893,18820,2559,5701,WE SHALL NEVEL SURRENDER ! ! !,,WESHALLNEVELSURRENDER!!!,0,0,4,3,0,0.0,0.0,0.0,0.0,0.0,0.0,0.0,0.0,0,0,0,0,0,0,0,0,无明显情感,未明确对象,未明确方面,中性,0,0.6636812803769316,0.07718971201959052,0.6636812803769316,0.2591290076034778,中性,中性,,False
知识区,BV1zrGi6PE9B,【最后一课】2X2联表与独立性检验！,1054414,81616,6893,18820,2559,5701,使用CASIO FX-991 CN CW II计算器参加全国中学生地球科学竞赛的无名高中生表示很赞,,使用CASIOFX991CNCWII计算器参加全国中学生地球科学竞赛的无名高中生表示很赞,1,0,12,0,0,1.0,1.0,0.0,1.0,0.08333333333333333,1.0,1.0,0.0,0,0,0,0,0,0,0,1,对象评价,未明确对象,未明确方面,正面,0,0.5333608292635904,0.11080856239865897,0.5333608292635904,0.3558306083377507,中性,正面,,False
知识区,BV1zrGi6PE9B,【最后一课】2X2联表与独立性检验！,1054414,81616,6893,18820,2559,5701,感觉还有10天考试很肥美。天天上自习现在,,感觉还有10天考试很肥美。天天上自习现在,0,0,12,0,0,0.0,0.0,0.0,0.0,0.0,0.0,0.0,0.0,0,0,0,0,0,0,0,0,无明显情感,未明确对象,未明确方面,中性,-1,0.4726036936692614,0.4726036936692614,0.35583630979775027,0.1715599965329882,负面,负面,,False
知识区,BV1zrGi6PE9B,【最后一课】2X2联表与独立性检验！,1054414,81616,6893,18820,2559,5701,学长学姐高考加油,,学长学姐高考加油,1,0,4,0,0,1.0,1.0,0.0,1.0,0.25,1.0,1.0,0.0,0,0,0,0,0,0,0,1,对象评价,未明确对象,未明确方面,正面,1,0.9464033678838975,0.008346379419851028,0.04525025269625156,0.9464033678838975,正面,正面,,False
知识区,BV1zrGi6PE9B,【最后一课】2X2联表与独立性检验！,1054414,81616,6893,18820,2559,5701,2026年5月26日11:33，学完了高中数学，距离高考还有377天,,2026年5月26日1133，学完了高中数学，距离高考还有377天,0,1,16,0,0,-1.0,0.0,1.0,1.0,0.0625,-1.0,0.0,1.0,0,0,0,0,0,0,0,1,对象评价,课程内容,未明确方面,负面,0,0.6575435955746649,0.17536150641569132,0.6575435955746649,0.16709489800964386,中性,中性,0.0,True
知识区,BV1zrGi6PE9B,【最后一课】2X2联表与独立性检验！,1054414,81616,6893,18820,2559,5701,学长学姐们26年加油,,学长学姐们26年加油,1,0,6,0,0,1.0,1.0,0.0,1.0,0.16666666666666666,1.0,1.0,0.0,0,0,0,0,0,0,0,1,对象评价,未明确对象,未明确方面,正面,1,0.8968507638341691,0.016346947245349748,0.08680228892048106,0.8968507638341691,正面,正面,,False
知识区,BV1zrGi6PE9B,【最后一课】2X2联表与独立性检验！,1054414,81616,6893,18820,2559,5701,还有11天2026届高考，点赞这条评论，高考数学145分,,还有11天2026届高考，点赞这条评论，高考数学145分,1,0,15,0,0,1.0,1.0,0.0,1.0,0.06666666666666667,1.0,1.0,0.0,0,0,0,0,0,0,0,1,对象评价,课程内容,未明确方面,正面,1,0.9275243671681916,0.01597055437383881,0.05650507845796956,0.9275243671681916,正面,正面,,False
知识区,BV1zrGi6PE9B,【最后一课】2X2联表与独立性检验！,1054414,81616,6893,18820,2559,5701,27高考680+等我,,27高考680等我,0,0,4,0,0,0.0,0.0,0.0,0.0,0.0,0.0,0.0,0.0,0,0,0,0,0,0,0,0,无明显情感,未明确对象,未明确方面,中性,1,0.5804585174800814,0.03414331546359638,0.38539816705632224,0.5804585174800814,正面,正面,,False
知识区,BV1zrGi6PE9B,【最后一课】2X2联表与独立性检验！,1054414,81616,6893,18820,2559,5701,2027年找到适合自己的机会,,2027年找到适合自己的机会,0,0,6,0,0,0.0,0.0,0.0,0.0,0.0,0.0,0.0,0.0,0,0,0,0,0,0,0,0,无明显情感,未明确对象,未明确方面,中性,1,0.5690721743813205,0.07129046678910478,0.3596373588295748,0.5690721743813205,正面,正面,1.0,True
知识区,BV1zrGi6PE9B,【最后一课】2X2联表与独立性检验！,1054414,81616,6893,18820,2559,5701,祝贺c罗赢得沙特联冠军,,祝贺c罗赢得沙特联冠军,0,0,7,0,0,0.0,0.0,0.0,0.0,0.0,0.0,0.0,0.0,0,0,0,0,0,0,0,0,无明显情感,未明确对象,比赛表现,中性,0,0.7515347504503432,0.11475144631064983,0.7515347504503432,0.13371380323900695,中性,中性,,False
知识区,BV1zrGi6PE9B,【最后一课】2X2联表与独立性检验！,1054414,81616,6893,18820,2559,5701,很高兴认识你,,很高兴认识你,1,0,3,0,0,1.5,1.5,0.0,1.5,0.3333333333333333,1.5,1.5,0.0,0,0,0,0,0,0,0,1,对象评价,未明确对象,未明确方面,正面,1,0.8441627138409061,0.057643818598863965,0.09819346756023001,0.8441627138409061,正面,正面,1.0,True
知识区,BV1zrGi6PE9B,【最后一课】2X2联表与独立性检验！,1054414,81616,6893,18820,2559,5701,哈登，你今天又迷失了自己,,哈登，你今天又迷失了自己,0,0,6,0,0,0.0,0.0,0.0,0.0,0.0,0.0,0.0,0.0,0,0,0,0,0,0,0,0,无明显情感,未明确对象,未明确方面,中性,0,0.6978235722003423,0.11749423526104334,0.6978235722003423,0.18468219253861448,中性,中性,,False
知识区,BV1zrGi6PE9B,【最后一课】2X2联表与独立性检验！,1054414,81616,6893,18820,2559,5701,上次闲的无聊，没约分直接算，算了九亿多分之一亿多,,上次闲的无聊，没约分直接算，算了九亿多分之一亿多,0,1,13,0,0,-1.0,0.0,1.0,1.0,0.07692307692307693,-1.0,0.0,1.0,0,0,0,0,0,0,0,1,对象评价,未明确对象,娱乐与趣味,负面,-1,0.8320721636274189,0.8320721636274189,0.147838350671217,0.020089485701364297,负面,负面,-1.0,True
知识区,BV1zrGi6PE9B,【最后一课】2X2联表与独立性检验！,1054414,81616,6893,18820,2559,5701,感觉像满级成就的最后一关了,,感觉像满级成就的最后一关了,0,0,6,0,0,0.0,0.0,0.0,0.0,0.0,0.0,0.0,0.0,0,0,0,0,0,0,0,0,无明显情感,未明确对象,未明确方面,中性,-1,0.3912292195772243,0.3912292195772243,0.30990339564677954,0.2988673847759963,负面,正面,1.0,True
知识区,BV1zrGi6PE9B,【最后一课】2X2联表与独立性检验！,1054414,81616,6893,18820,2559,5701,我不知道你有没有见过二五年高考的卡方,,我不知道你有没有见过二五年高考的卡方,0,0,9,0,0,0.0,0.0,0.0,0.0,0.0,0.0,0.0,0.0,0,0,0,0,0,0,0,0,无明显情感,未明确对象,未明确方面,中性,-1,0.8451861142192786,0.8451861142192786,0.0952935631869146,0.059520322593806775,负面,负面,,False
知识区,BV1zrGi6PE9B,【最后一课】2X2联表与独立性检验！,1054414,81616,6893,18820,2559,5701,咩埃~,,咩埃,0,0,2,0,0,0.0,0.0,0.0,0.0,0.0,0.0,0.0,0.0,0,0,0,0,0,0,0,0,无明显情感,未明确对象,未明确方面,中性,0,0.6553065905941072,0.1468149965085425,0.6553065905941072,0.19787841289735017,中性,中性,,False
知识区,BV1zrGi6PE9B,【最后一课】2X2联表与独立性检验！,1054414,81616,6893,18820,2559,5701,都加油,,都加油,1,0,2,0,0,1.0,1.0,0.0,1.0,0.5,1.0,1.0,0.0,0,0,0,0,0,0,0,1,对象评价,未明确对象,未明确方面,正面,1,0.9079172495927548,0.03869070308372921,0.05339204732351594,0.9079172495927548,正面,正面,,False
知识区,BV1zrGi6PE9B,【最后一课】2X2联表与独立性检验！,1054414,81616,6893,18820,2559,5701,为什么十和十六不乘十啊,,为什么十和十六不乘十啊,0,0,5,0,0,0.0,0.0,0.0,0.0,0.0,0.0,0.0,0.0,0,0,0,0,0,0,0,0,无明显情感,未明确对象,未明确方面,中性,0,0.5317204672756203,0.42619691437876556,0.5317204672756203,0.04208261834561413,中性,中性,,False
知识区,BV1zrGi6PE9B,【最后一课】2X2联表与独立性检验！,1054414,81616,6893,18820,2559,5701,谢谢老师,,谢谢老师,1,0,2,0,0,1.0,1.0,0.0,1.0,0.5,1.0,1.0,0.0,0,0,0,0,0,0,0,1,对象评价,讲解者,未明确方面,正面,1,0.9004834011461412,0.021201885987198327,0.07831471286666043,0.9004834011461412,正面,正面,,False
知识区,BV1zrGi6PE9B,【最后一课】2X2联表与独立性检验！,1054414,81616,6893,18820,2559,5701,姥姥不会这题了,,姥姥不会这题了,0,1,3,0,0,-1.0,0.0,1.0,1.0,0.3333333333333333,-1.0,0.0,1.0,0,0,0,0,0,0,0,1,对象评价,未明确对象,未明确方面,负面,-1,0.680124483894011,0.680124483894011,0.2922998869473528,0.027575629158636154,负面,负面,,False
知识区,BV1zrGi6PE9B,【最后一课】2X2联表与独立性检验！,1054414,81616,6893,18820,2559,5701,高考大捷,,高考大捷,0,0,2,0,0,0.0,0.0,0.0,0.0,0.0,0.0,0.0,0.0,0,0,0,0,0,0,0,0,无明显情感,未明确对象,未明确方面,中性,1,0.5810877622909382,0.033951741977559846,0.38496049573150204,0.5810877622909382,正面,正面,,False
知识区,BV1zrGi6PE9B,【最后一课】2X2联表与独立性检验！,1054414,81616,6893,18820,2559,5701,样本空间越大越趋于准确,,样本空间越大越趋于准确,1,0,4,0,0,1.0,1.0,0.0,1.0,0.25,1.0,1.0,0.0,0,0,0,0,0,0,0,1,对象评价,未明确对象,未明确方面,正面,1,0.6331668264367581,0.08936377384395702,0.27746939971928486,0.6331668264367581,正面,中性,0.0,True
知识区,BV1zrGi6PE9B,【最后一课】2X2联表与独立性检验！,1054414,81616,6893,18820,2559,5701,one last kiss!,,onelastkiss!,0,0,2,1,0,0.0,0.0,0.0,0.0,0.0,0.0,0.0,0.0,0,0,0,0,0,0,0,0,无明显情感,未明确对象,未明确方面,中性,1,0.6204450607886847,0.08478255711292845,0.29477238209838685,0.6204450607886847,正面,正面,1.0,True
知识区,BV1zrGi6PE9B,【最后一课】2X2联表与独立性检验！,1054414,81616,6893,18820,2559,5701,？？？还以为我的声音,,？？？还以为我的声音,0,0,6,0,3,0.0,0.0,0.0,0.0,0.0,0.0,0.0,0.0,0,0,0,0,0,0,0,0,无明显情感,视频内容,视听体验,中性,-1,0.8875912504637127,0.8875912504637127,0.09721095211679823,0.015197797419489253,负面,负面,,False
知识区,BV1zrGi6PE9B,【最后一课】2X2联表与独立性检验！,1054414,81616,6893,18820,2559,5701,我要上宁大,,我要上宁大,0,0,2,0,0,0.0,0.0,0.0,0.0,0.0,0.0,0.0,0.0,0,0,0,0,0,0,0,0,无明显情感,未明确对象,未明确方面,中性,0,0.5576831093147688,0.07271346532729434,0.5576831093147688,0.36960342535793683,中性,中性,0.0,True
知识区,BV1zrGi6PE9B,【最后一课】2X2联表与独立性检验！,1054414,81616,6893,18820,2559,5701,小炭火打卡,,小炭火打卡,0,0,3,0,0,0.0,0.0,0.0,0.0,0.0,0.0,0.0,0.0,0,0,0,0,0,0,0,0,无明显情感,未明确对象,未明确方面,中性,0,0.779541162221351,0.025937230816315545,0.779541162221351,0.1945216069623335,中性,中性,,False
知识区,BV1zrGi6PE9B,【最后一课】2X2联表与独立性检验！,1054414,81616,6893,18820,2559,5701,天呐，这是我最近架子鼓最爱打的一首歌。,,天呐，这是我最近架子鼓最爱打的一首歌。,0,0,8,0,0,0.0,0.0,0.0,0.0,0.0,0.0,0.0,0.0,0,0,0,0,0,0,0,0,无明显情感,未明确对象,未明确方面,中性,-1,0.70233090484934,0.70233090484934,0.1906298657249741,0.10703922942568589,负面,负面,,False
知识区,BV1zrGi6PE9B,【最后一课】2X2联表与独立性检验！,1054414,81616,6893,18820,2559,5701,我已出舱，感觉良好,,我已出舱，感觉良好,0,0,4,0,0,0.0,0.0,0.0,0.0,0.0,0.0,0.0,0.0,0,0,0,0,0,0,0,0,无明显情感,未明确对象,未明确方面,中性,1,0.4700840349331279,0.3105938993358913,0.2193220657309807,0.4700840349331279,正面,正面,1.0,True
知识区,BV1zrGi6PE9B,【最后一课】2X2联表与独立性检验！,1054414,81616,6893,18820,2559,5701,厦门一中泽雅ααααα,,厦门一中泽雅,0,0,3,0,0,0.0,0.0,0.0,0.0,0.0,0.0,0.0,0.0,0,0,0,0,0,0,0,0,无明显情感,未明确对象,未明确方面,中性,0,0.6491052548105614,0.15351490488364694,0.6491052548105614,0.1973798403057917,中性,中性,,False
知识区,BV1zrGi6PE9B,【最后一课】2X2联表与独立性检验！,1054414,81616,6893,18820,2559,5701,明天就高考了，可以给我加油吗？,,明天就高考了，可以给我加油吗？,2,0,8,0,1,2.0,2.0,0.0,2.0,0.25,2.0,2.0,0.0,0,0,0,0,0,0,0,1,对象评价,未明确对象,未明确方面,正面,1,0.8672961770790414,0.09679625748798243,0.03590756543297619,0.8672961770790414,正面,正面,,False
知识区,BV1zrGi6PE9B,【最后一课】2X2联表与独立性检验！,1054414,81616,6893,18820,2559,5701,最后一节新课 祝年少的自己考上理想的大学 加油 高考还剩370天,,最后一节新课祝年少的自己考上理想的大学加油高考还剩370天,1,0,15,0,0,1.0,1.0,0.0,1.0,0.06666666666666667,1.0,1.0,0.0,0,0,0,0,0,0,0,1,对象评价,未明确对象,未明确方面,正面,1,0.9024463201410525,0.015465412966162157,0.08208826689278532,0.9024463201410525,正面,正面,,False
知识区,BV1zrGi6PE9B,【最后一课】2X2联表与独立性检验！,1054414,81616,6893,18820,2559,5701,高二生祝学长学姐高考顺利，金榜题名、蟾宫折桂！！！,,高二生祝学长学姐高考顺利，金榜题名蟾宫折桂！！！,1,0,12,3,0,1.0,1.0,0.0,1.0,0.08333333333333333,1.0,1.0,0.0,0,0,0,0,0,0,0,1,对象评价,未明确对象,未明确方面,正面,1,0.9791273624700811,0.010681733960320851,0.010190903569597919,0.9791273624700811,正面,正面,,False
知识区,BV1zrGi6PE9B,【最后一课】2X2联表与独立性检验！,1054414,81616,6893,18820,2559,5701,我叫方钰程 来自苏州大学实验学校,,我叫方钰程来自苏州大学实验学校,0,0,5,0,0,0.0,0.0,0.0,0.0,0.0,0.0,0.0,0.0,0,0,0,0,0,0,0,0,无明显情感,未明确对象,未明确方面,中性,0,0.7301634043822638,0.14069204271672917,0.7301634043822638,0.12914455290100707,中性,中性,0.0,True
知识区,BV1zrGi6PE9B,【最后一课】2X2联表与独立性检验！,1054414,81616,6893,18820,2559,5701,时间过得好快 快到我不想长大,,时间过得好快快到我不想长大,0,0,7,0,0,0.0,0.0,0.0,0.0,0.0,0.0,0.0,0.0,0,0,0,0,0,0,0,0,无明显情感,未明确对象,未明确方面,中性,-1,0.7730211433731066,0.7730211433731066,0.12628079786010296,0.10069805876679046,负面,负面,-1.0,True
知识区,BV1zrGi6PE9B,【最后一课】2X2联表与独立性检验！,1054414,81616,6893,18820,2559,5701,2027高考必胜,,2027高考必胜,0,0,3,0,0,0.0,0.0,0.0,0.0,0.0,0.0,0.0,0.0,0,0,0,0,0,0,0,0,无明显情感,未明确对象,未明确方面,中性,1,0.7906448073704083,0.0324599696563023,0.1768952229732895,0.7906448073704083,正面,正面,,False
知识区,BV1zrGi6PE9B,【最后一课】2X2联表与独立性检验！,1054414,81616,6893,18820,2559,5701,2026年5月31日 01:18:05,,2026年5月31日011805,0,0,7,0,0,0.0,0.0,0.0,0.0,0.0,0.0,0.0,0.0,0,0,0,0,0,0,0,0,无明显情感,未明确对象,未明确方面,中性,0,0.7480589855523878,0.05423929213534188,0.7480589855523878,0.19770172231227037,中性,中性,,False
知识区,BV1zrGi6PE9B,【最后一课】2X2联表与独立性检验！,1054414,81616,6893,18820,2559,5701,这波27届高考生赢麻了，刚好赶在一轮复习以前更完了,,这波27届高考生赢麻了，刚好赶在一轮复习以前更完了,0,2,15,0,0,-2.0,0.0,2.0,2.0,0.13333333333333333,-2.0,0.0,2.0,0,0,0,0,0,0,0,1,对象评价,未明确对象,比赛表现,负面,0,0.5503653151640728,0.3895565623599846,0.5503653151640728,0.060078122475942526,中性,负面,,False
知识区,BV1zrGi6PE9B,【最后一课】2X2联表与独立性检验！,1054414,81616,6893,18820,2559,5701,2027高考加油吧,,2027高考加油吧,1,0,3,0,0,1.0,1.0,0.0,1.0,0.3333333333333333,1.0,1.0,0.0,0,0,0,0,0,0,0,1,对象评价,未明确对象,未明确方面,正面,1,0.9512246034024121,0.009476568812704656,0.03929882778488329,0.9512246034024121,正面,正面,,False
知识区,BV1zrGi6PE9B,【最后一课】2X2联表与独立性检验！,1054414,81616,6893,18820,2559,5701,同是2027届考生,,同是2027届考生,0,0,4,0,0,0.0,0.0,0.0,0.0,0.0,0.0,0.0,0.0,0,0,0,0,0,0,0,0,无明显情感,未明确对象,未明确方面,中性,0,0.5419636681499794,0.06475568185082212,0.5419636681499794,0.39328064999919843,中性,中性,0.0,True
知识区,BV1zrGi6PE9B,【最后一课】2X2联表与独立性检验！,1054414,81616,6893,18820,2559,5701,我的准高三 我来了,,我的准高三我来了,0,0,3,0,0,0.0,0.0,0.0,0.0,0.0,0.0,0.0,0.0,0,0,0,0,0,0,0,0,无明显情感,未明确对象,未明确方面,中性,0,0.8219607749426832,0.09800612852986823,0.8219607749426832,0.0800330965274486,中性,中性,,False
知识区,BV1zrGi6PE9B,【最后一课】2X2联表与独立性检验！,1054414,81616,6893,18820,2559,5701,2027去NJU!,,2027去NJU!,0,0,4,1,0,0.0,0.0,0.0,0.0,0.0,0.0,0.0,0.0,0,0,0,0,0,0,0,0,无明显情感,未明确对象,未明确方面,中性,1,0.625427128235313,0.05227087048494191,0.3223020012797451,0.625427128235313,正面,正面,1.0,True
知识区,BV1zrGi6PE9B,【最后一课】2X2联表与独立性检验！,1054414,81616,6893,18820,2559,5701,2027必胜高考,,2027必胜高考,0,0,3,0,0,0.0,0.0,0.0,0.0,0.0,0.0,0.0,0.0,0,0,0,0,0,0,0,0,无明显情感,未明确对象,未明确方面,中性,1,0.8162569919018762,0.018248980378564122,0.16549402771955984,0.8162569919018762,正面,正面,,False
知识区,BV1zrGi6PE9B,【最后一课】2X2联表与独立性检验！,1054414,81616,6893,18820,2559,5701,努力一年 27年的盛夏 你一定会实现梦想！！,,努力一年27年的盛夏你一定会实现梦想！！,0,0,11,2,0,0.0,0.0,0.0,0.0,0.0,0.0,0.0,0.0,0,0,0,0,0,0,0,0,无明显情感,未明确对象,未明确方面,中性,1,0.6501479924137371,0.12954882582282717,0.22030318176343563,0.6501479924137371,正面,正面,1.0,True
知识区,BV1zrGi6PE9B,【最后一课】2X2联表与独立性检验！,1054414,81616,6893,18820,2559,5701,我的人生才刚刚拉开序幕！！,,我的人生才刚刚拉开序幕！！,0,0,6,2,0,0.0,0.0,0.0,0.0,0.0,0.0,0.0,0.0,0,0,0,0,0,0,0,0,无明显情感,未明确对象,未明确方面,中性,1,0.6148890653479966,0.12532351686873866,0.2597874177832648,0.6148890653479966,正面,正面,1.0,True
知识区,BV1zrGi6PE9B,【最后一课】2X2联表与独立性检验！,1054414,81616,6893,18820,2559,5701,正在抽烟的我突然崩了一下,,正在抽烟的我突然崩了一下,0,1,4,0,0,-1.0,0.0,1.0,1.0,0.25,-1.0,0.0,1.0,0,0,0,0,0,0,0,1,对象评价,未明确对象,未明确方面,负面,0,0.680785541533722,0.26762512639247515,0.680785541533722,0.05158933207380279,中性,负面,,False
知识区,BV1zrGi6PE9B,【最后一课】2X2联表与独立性检验！,1054414,81616,6893,18820,2559,5701,还记得700卡方吗？,,还记得700卡方吗？,0,0,5,0,1,0.0,0.0,0.0,0.0,0.0,0.0,0.0,0.0,0,0,0,0,0,0,0,0,无明显情感,未明确对象,未明确方面,中性,0,0.538899705331387,0.3324032151041874,0.538899705331387,0.12869707956442566,中性,中性,,False
知识区,BV1zrGi6PE9B,【最后一课】2X2联表与独立性检验！,1054414,81616,6893,18820,2559,5701,林则徐,,林则徐,0,0,1,0,0,0.0,0.0,0.0,0.0,0.0,0.0,0.0,0.0,0,0,0,0,0,0,0,0,无明显情感,未明确对象,未明确方面,中性,0,0.6613337795964743,0.14035796080361848,0.6613337795964743,0.19830825959990717,中性,中性,,False
知识区,BV1zrGi6PE9B,【最后一课】2X2联表与独立性检验！,1054414,81616,6893,18820,2559,5701,愿我们友谊长存,,愿我们友谊长存,0,0,4,0,0,0.0,0.0,0.0,0.0,0.0,0.0,0.0,0.0,0,0,0,0,0,0,0,0,无明显情感,未明确对象,未明确方面,中性,1,0.7147924662910394,0.07985488298768627,0.20535265072127437,0.7147924662910394,正面,正面,1.0,True
知识区,BV1zrGi6PE9B,【最后一课】2X2联表与独立性检验！,1054414,81616,6893,18820,2559,5701,再过几天，我就要和你分别,,再过几天，我就要和你分别,0,0,6,0,0,0.0,0.0,0.0,0.0,0.0,0.0,0.0,0.0,0,0,0,0,0,0,0,0,无明显情感,未明确对象,未明确方面,中性,-1,0.8027286176452122,0.8027286176452122,0.11325644306919894,0.0840149392855889,负面,负面,-1.0,True
知识区,BV1zrGi6PE9B,【最后一课】2X2联表与独立性检验！,1054414,81616,6893,18820,2559,5701,最后半个月能从110到130吗,,最后半个月能从110到130吗,0,0,8,0,0,0.0,0.0,0.0,0.0,0.0,0.0,0.0,0.0,0,0,0,0,0,0,0,0,无明显情感,未明确对象,未明确方面,中性,0,0.86733938979052,0.09905470690216224,0.86733938979052,0.03360590330731761,中性,中性,,False
知识区,BV1zrGi6PE9B,【最后一课】2X2联表与独立性检验！,1054414,81616,6893,18820,2559,5701,完结撒花！高考大捷！,,完结撒花！高考大捷！,0,0,6,2,0,0.0,0.0,0.0,0.0,0.0,0.0,0.0,0.0,0,0,0,0,0,0,0,0,无明显情感,未明确对象,未明确方面,中性,1,0.9375810643593266,0.00863215941259058,0.053786776228082776,0.9375810643593266,正面,正面,,False
知识区,BV1zrGi6PE9B,【最后一课】2X2联表与独立性检验！,1054414,81616,6893,18820,2559,5701,2027上岸深圳大学！！！,,2027上岸深圳大学！！！,0,0,6,3,0,0.0,0.0,0.0,0.0,0.0,0.0,0.0,0.0,0,0,0,0,0,0,0,0,无明显情感,未明确对象,未明确方面,中性,1,0.8912399162772854,0.0337253303658693,0.07503475335684542,0.8912399162772854,正面,正面,,False
知识区,BV1zrGi6PE9B,【最后一课】2X2联表与独立性检验！,1054414,81616,6893,18820,2559,5701,愿君归来依旧,,愿君归来依旧,0,0,3,0,0,0.0,0.0,0.0,0.0,0.0,0.0,0.0,0.0,0,0,0,0,0,0,0,0,无明显情感,未明确对象,未明确方面,中性,0,0.6491052548105614,0.15351490488364694,0.6491052548105614,0.1973798403057917,中性,中性,,False
知识区,BV1zrGi6PE9B,【最后一课】2X2联表与独立性检验！,1054414,81616,6893,18820,2559,5701,2026高考加油，谢谢小猪老师，也希望自己考上理想大学！！！,,2026高考加油，谢谢小猪老师，也希望自己考上理想大学！！！,2,0,17,3,0,2.0,2.0,0.0,2.0,0.11764705882352941,2.0,2.0,0.0,0,0,0,0,0,0,0,1,对象评价,讲解者,未明确方面,正面,1,0.9982137981820662,0.0006952967838454626,0.0010909050340884182,0.9982137981820662,正面,正面,,False
知识区,BV1zrGi6PE9B,【最后一课】2X2联表与独立性检验！,1054414,81616,6893,18820,2559,5701,高考加油2027 上一本！！！！,,高考加油2027上一本！！！！,1,0,9,4,0,1.0,1.0,0.0,1.0,0.1111111111111111,1.0,1.0,0.0,0,0,0,0,0,0,0,1,对象评价,未明确对象,未明确方面,正面,1,0.9794193096255555,0.005688162697121932,0.014892527677322687,0.9794193096255555,正面,正面,,False
知识区,BV1zrGi6PE9B,【最后一课】2X2联表与独立性检验！,1054414,81616,6893,18820,2559,5701,各位2027高考加油，祝我们考上理想的大学,,各位2027高考加油，祝我们考上理想的大学,1,0,10,0,0,1.0,1.0,0.0,1.0,0.1,1.0,1.0,0.0,0,0,0,0,0,0,0,1,对象评价,未明确对象,未明确方面,正面,1,0.9810708211504656,0.004756954328177356,0.014172224521356913,0.9810708211504656,正面,正面,,False
知识区,BV1zrGi6PE9B,【最后一课】2X2联表与独立性检验！,1054414,81616,6893,18820,2559,5701,510+,,510,0,0,1,0,0,0.0,0.0,0.0,0.0,0.0,0.0,0.0,0.0,0,0,0,0,0,0,0,0,无明显情感,未明确对象,未明确方面,中性,0,0.6958377528496208,0.12926308015614724,0.6958377528496208,0.1748991669942319,中性,中性,,False
知识区,BV1zrGi6PE9B,【最后一课】2X2联表与独立性检验！,1054414,81616,6893,18820,2559,5701,倒霉宝宝和正常宝宝,,倒霉宝宝和正常宝宝,0,1,4,0,0,-1.0,0.0,1.0,1.0,0.25,-1.0,0.0,1.0,0,0,0,0,0,0,0,1,对象评价,未明确对象,未明确方面,负面,-1,0.49921733797406626,0.49921733797406626,0.43686319889887537,0.06391946312705842,负面,中性,0.0,True
知识区,BV1zrGi6PE9B,【最后一课】2X2联表与独立性检验！,1054414,81616,6893,18820,2559,5701,当你看完了它，你会变成数学的小哈,,当你看完了它，你会变成数学的小哈,0,1,8,0,0,-1.0,0.0,1.0,1.0,0.125,-1.0,0.0,1.0,0,0,0,0,0,0,0,1,对象评价,课程内容,未明确方面,负面,0,0.5229623258621653,0.20218830260848378,0.5229623258621653,0.27484937152935107,中性,中性,0.0,True
知识区,BV1zrGi6PE9B,【最后一课】2X2联表与独立性检验！,1054414,81616,6893,18820,2559,5701,会给公式的，但最好背一背，小题有可能不给,,会给公式的，但最好背一背，小题有可能不给,0,0,13,0,0,0.0,0.0,0.0,0.0,0.0,0.0,0.0,0.0,0,0,0,0,0,0,0,0,无明显情感,课程内容,未明确方面,中性,-1,0.4927472490840753,0.4927472490840753,0.4434578668939976,0.06379488402192715,负面,负面,,False
知识区,BV1zrGi6PE9B,【最后一课】2X2联表与独立性检验！,1054414,81616,6893,18820,2559,5701,一路有你，感谢陪伴❥(^_-),,一路有你，感谢陪伴,1,0,5,0,0,1.0,1.0,0.0,1.0,0.2,1.0,1.0,0.0,0,0,0,0,0,0,0,1,对象评价,未明确对象,未明确方面,正面,1,0.8289837392310361,0.1095936857023691,0.061422575066594896,0.8289837392310361,正面,正面,1.0,True
知识区,BV1zrGi6PE9B,【最后一课】2X2联表与独立性检验！,1054414,81616,6893,18820,2559,5701,我要上520+,,我要上520,0,0,3,0,0,0.0,0.0,0.0,0.0,0.0,0.0,0.0,0.0,0,0,0,0,0,0,0,0,无明显情感,未明确对象,未明确方面,中性,1,0.5286600332319794,0.06555624216785408,0.40578372460016643,0.5286600332319794,正面,正面,,False
知识区,BV1zrGi6PE9B,【最后一课】2X2联表与独立性检验！,1054414,81616,6893,18820,2559,5701,去年的700。。。,,去年的700。。。,0,0,5,0,0,0.0,0.0,0.0,0.0,0.0,0.0,0.0,0.0,0,0,0,0,0,0,0,0,无明显情感,未明确对象,未明确方面,中性,-1,0.6741732758972633,0.6741732758972633,0.21101461030225874,0.11481211380047794,负面,负面,,False
知识区,BV1zrGi6PE9B,【最后一课】2X2联表与独立性检验！,1054414,81616,6893,18820,2559,5701,高考顺利！！,,高考顺利！！,1,0,4,2,0,1.0,1.0,0.0,1.0,0.25,1.0,1.0,0.0,0,0,0,0,0,0,0,1,对象评价,未明确对象,未明确方面,正面,1,0.9658517119775087,0.013588954646024345,0.020559333376467037,0.9658517119775087,正面,正面,,False
知识区,BV1zrGi6PE9B,【最后一课】2X2联表与独立性检验！,1054414,81616,6893,18820,2559,5701,为什么10 16不乘10,,为什么1016不乘10,0,0,4,0,0,0.0,0.0,0.0,0.0,0.0,0.0,0.0,0.0,0,0,0,0,0,0,0,0,无明显情感,未明确对象,未明确方面,中性,0,0.7279448718785941,0.20582182651347203,0.7279448718785941,0.06623330160793386,中性,中性,,False
知识区,BV1zrGi6PE9B,【最后一课】2X2联表与独立性检验！,1054414,81616,6893,18820,2559,5701,祝我上二本！,,祝我上二本！,0,0,4,1,0,0.0,0.0,0.0,0.0,0.0,0.0,0.0,0.0,0,0,0,0,0,0,0,0,无明显情感,未明确对象,未明确方面,中性,1,0.703416496579231,0.04541986659549323,0.2511636368252759,0.703416496579231,正面,正面,1.0,True
知识区,BV1zrGi6PE9B,【最后一课】2X2联表与独立性检验！,1054414,81616,6893,18820,2559,5701,那么以上就是高中数学的全部内容,,那么以上就是高中数学的全部内容,0,0,5,0,0,0.0,0.0,0.0,0.0,0.0,0.0,0.0,0.0,0,0,0,0,0,0,0,0,无明显情感,课程内容,未明确方面,中性,0,0.5548169547385742,0.32443305686349316,0.5548169547385742,0.12074998839793266,中性,中性,,False
知识区,BV1zrGi6PE9B,【最后一课】2X2联表与独立性检验！,1054414,81616,6893,18820,2559,5701,看了前面一节课，现在看这一节课，感觉这节课眉清目秀的,,看了前面一节课，现在看这一节课，感觉这节课眉清目秀的,0,0,12,0,0,0.0,0.0,0.0,0.0,0.0,0.0,0.0,0.0,0,0,0,0,0,0,0,0,无明显情感,未明确对象,未明确方面,中性,-1,0.6523556900619396,0.6523556900619396,0.14626066194094975,0.20138364799711075,负面,负面,,False
知识区,BV1zrGi6PE9B,【最后一课】2X2联表与独立性检验！,1054414,81616,6893,18820,2559,5701,需要有个印象，大概上面是什么下面是什么，有些选择题考就不给公式,,需要有个印象，大概上面是什么下面是什么，有些选择题考就不给公式,0,0,17,0,0,0.0,0.0,0.0,0.0,0.0,0.0,0.0,0.0,0,0,0,0,0,0,0,0,无明显情感,课程内容,未明确方面,中性,0,0.6453265550234606,0.29249625272520147,0.6453265550234606,0.062177192251337964,中性,中性,0.0,True
知识区,BV1zrGi6PE9B,【最后一课】2X2联表与独立性检验！,1054414,81616,6893,18820,2559,5701,最后一课了,,最后一课了,0,0,2,0,0,0.0,0.0,0.0,0.0,0.0,0.0,0.0,0.0,0,0,0,0,0,0,0,0,无明显情感,未明确对象,未明确方面,中性,0,0.820462929778698,0.07565709390669396,0.820462929778698,0.10387997631460796,中性,中性,,False
知识区,BV1zrGi6PE9B,【最后一课】2X2联表与独立性检验！,1054414,81616,6893,18820,2559,5701,2027南大上岸！,,2027南大上岸！,0,0,4,1,0,0.0,0.0,0.0,0.0,0.0,0.0,0.0,0.0,0,0,0,0,0,0,0,0,无明显情感,未明确对象,未明确方面,中性,1,0.8536048429290712,0.016278431739156305,0.13011672533177235,0.8536048429290712,正面,正面,,False
知识区,BV1zrGi6PE9B,【最后一课】2X2联表与独立性检验！,1054414,81616,6893,18820,2559,5701,2026年5月24日11.37已通过关绝密高中物数学,,2026年5月24日11.37已通过关绝密高中物数学,1,0,14,0,0,1.0,1.0,0.0,1.0,0.07142857142857142,1.0,1.0,0.0,0,0,0,0,0,0,0,1,对象评价,课程内容,未明确方面,正面,1,0.7607012690081972,0.05051494653031394,0.18878378446148877,0.7607012690081972,正面,正面,1.0,True
知识区,BV1zrGi6PE9B,【最后一课】2X2联表与独立性检验！,1054414,81616,6893,18820,2559,5701,鬼灭之刃！,,鬼灭之刃！,0,0,3,1,0,0.0,0.0,0.0,0.0,0.0,0.0,0.0,0.0,0,0,0,0,0,0,0,0,无明显情感,未明确对象,未明确方面,中性,1,0.6421716127645047,0.03579602683834938,0.32203236039714583,0.6421716127645047,正面,正面,,False
知识区,BV1zrGi6PE9B,【最后一课】2X2联表与独立性检验！,1054414,81616,6893,18820,2559,5701,人生若只如初见 何事秋风悲画扇,,人生若只如初见何事秋风悲画扇,0,0,9,0,0,0.0,0.0,0.0,0.0,0.0,0.0,0.0,0.0,0,0,0,0,0,0,0,0,无明显情感,未明确对象,未明确方面,中性,0,0.5948205040748686,0.15738471222675965,0.5948205040748686,0.24779478369837182,中性,中性,,False
知识区,BV1zrGi6PE9B,【最后一课】2X2联表与独立性检验！,1054414,81616,6893,18820,2559,5701,凯文杜兰特打卡,,凯文杜兰特打卡,0,0,3,0,0,0.0,0.0,0.0,0.0,0.0,0.0,0.0,0.0,0,0,0,0,0,0,0,0,无明显情感,未明确对象,未明确方面,中性,0,0.7950814447152059,0.02236275008629347,0.7950814447152059,0.18255580519850054,中性,中性,,False
知识区,BV1zrGi6PE9B,【最后一课】2X2联表与独立性检验！,1054414,81616,6893,18820,2559,5701,凯里欧文打卡,,凯里欧文打卡,0,0,3,0,0,0.0,0.0,0.0,0.0,0.0,0.0,0.0,0.0,0,0,0,0,0,0,0,0,无明显情感,未明确对象,未明确方面,中性,0,0.7950814447152059,0.02236275008629347,0.7950814447152059,0.18255580519850054,中性,中性,,False
知识区,BV1zrGi6PE9B,【最后一课】2X2联表与独立性检验！,1054414,81616,6893,18820,2559,5701,朋友们再见了，祝每年高考的同学们考上心仪大学,,朋友们再见了，祝每年高考的同学们考上心仪大学,0,0,12,0,0,0.0,0.0,0.0,0.0,0.0,0.0,0.0,0.0,0,0,0,0,0,0,0,0,无明显情感,未明确对象,未明确方面,中性,-1,0.6681216236338574,0.6681216236338574,0.10625246399738451,0.2256259123687581,负面,负面,,False
知识区,BV1zrGi6PE9B,【最后一课】2X2联表与独立性检验！,1054414,81616,6893,18820,2559,5701,一轮复习加油,,一轮复习加油,1,0,3,0,0,1.0,1.0,0.0,1.0,0.3333333333333333,1.0,1.0,0.0,0,0,0,0,0,0,0,1,对象评价,未明确对象,未明确方面,正面,1,0.7749187782239908,0.0314175929807554,0.1936636287952538,0.7749187782239908,正面,正面,,False
知识区,BV1zrGi6PE9B,【最后一课】2X2联表与独立性检验！,1054414,81616,6893,18820,2559,5701,大一来看的纯属闲的,,大一来看的纯属闲的,0,0,4,0,0,0.0,0.0,0.0,0.0,0.0,0.0,0.0,0.0,0,0,0,0,0,0,0,0,无明显情感,未明确对象,未明确方面,中性,0,0.6834030158529559,0.16049970848344064,0.6834030158529559,0.15609727566360332,中性,中性,0.0,True
知识区,BV1zrGi6PE9B,【最后一课】2X2联表与独立性检验！,1054414,81616,6893,18820,2559,5701,完结撒花,,完结撒花,0,0,2,0,0,0.0,0.0,0.0,0.0,0.0,0.0,0.0,0.0,0,0,0,0,0,0,0,0,无明显情感,未明确对象,未明确方面,中性,1,0.8567223096164467,0.03092507553398055,0.11235261484957272,0.8567223096164467,正面,正面,,False
知识区,BV1zrGi6PE9B,【最后一课】2X2联表与独立性检验！,1054414,81616,6893,18820,2559,5701,2027年高考顺利,,2027年高考顺利,1,0,4,0,0,1.0,1.0,0.0,1.0,0.25,1.0,1.0,0.0,0,0,0,0,0,0,0,1,对象评价,未明确对象,未明确方面,正面,1,0.9528132747133929,0.009761650353925247,0.037425074932681886,0.9528132747133929,正面,正面,1.0,True
知识区,BV1zrGi6PE9B,【最后一课】2X2联表与独立性检验！,1054414,81616,6893,18820,2559,5701,2027高考加油,,2027高考加油,1,0,3,0,0,1.0,1.0,0.0,1.0,0.3333333333333333,1.0,1.0,0.0,0,0,0,0,0,0,0,1,对象评价,未明确对象,未明确方面,正面,1,0.9631886572696164,0.006292872306120843,0.03051847042426279,0.9631886572696164,正面,正面,,False
知识区,BV1zrGi6PE9B,【最后一课】2X2联表与独立性检验！,1054414,81616,6893,18820,2559,5701,完结撒花，祝各位金榜题名，旗开得胜！！！,,完结撒花，祝各位金榜题名，旗开得胜！！！,0,0,11,3,0,0.0,0.0,0.0,0.0,0.0,0.0,0.0,0.0,0,0,0,0,0,0,0,0,无明显情感,未明确对象,未明确方面,中性,1,0.9474475818651353,0.028282332719903148,0.024270085414961493,0.9474475818651353,正面,正面,,False
知识区,BV1zrGi6PE9B,【最后一课】2X2联表与独立性检验！,1054414,81616,6893,18820,2559,5701,you are welcome,,youarewelcome,0,0,1,0,0,0.0,0.0,0.0,0.0,0.0,0.0,0.0,0.0,0,0,0,0,0,0,0,0,无明显情感,未明确对象,未明确方面,中性,0,0.7084864299737142,0.11526110739719182,0.7084864299737142,0.176252462629094,中性,中性,,False
知识区,BV1zrGi6PE9B,【最后一课】2X2联表与独立性检验！,1054414,81616,6893,18820,2559,5701,至此，你的高中也完成了重要的一个剧本：通关高中数学,,至此，你的高中也完成了重要的一个剧本通关高中数学,1,0,9,0,0,1.0,1.0,0.0,1.0,0.1111111111111111,1.0,1.0,0.0,0,0,0,0,0,0,0,1,对象评价,课程内容,未明确方面,正面,1,0.8543992703597472,0.050168483922610516,0.0954322457176423,0.8543992703597472,正面,正面,1.0,True
知识区,BV1zrGi6PE9B,【最后一课】2X2联表与独立性检验！,1054414,81616,6893,18820,2559,5701,“懂里瑞”,,懂里瑞,0,0,1,0,0,0.0,0.0,0.0,0.0,0.0,0.0,0.0,0.0,0,0,0,0,0,0,0,0,无明显情感,未明确对象,未明确方面,中性,0,0.6613337795964743,0.14035796080361848,0.6613337795964743,0.19830825959990717,中性,中性,,False
知识区,BV1zrGi6PE9B,【最后一课】2X2联表与独立性检验！,1054414,81616,6893,18820,2559,5701,前途似锦,,前途似锦,0,0,2,0,0,0.0,0.0,0.0,0.0,0.0,0.0,0.0,0.0,0,0,0,0,0,0,0,0,无明显情感,未明确对象,未明确方面,中性,0,0.6553065905941072,0.1468149965085425,0.6553065905941072,0.19787841289735017,中性,中性,,False
知识区,BV1zrGi6PE9B,【最后一课】2X2联表与独立性检验！,1054414,81616,6893,18820,2559,5701,头格见证历史,,头格见证历史,0,0,3,0,0,0.0,0.0,0.0,0.0,0.0,0.0,0.0,0.0,0,0,0,0,0,0,0,0,无明显情感,未明确对象,未明确方面,中性,0,0.6491052548105614,0.15351490488364694,0.6491052548105614,0.1973798403057917,中性,中性,,False
知识区,BV1zrGi6PE9B,【最后一课】2X2联表与独立性检验！,1054414,81616,6893,18820,2559,5701,是胃炎,,是胃炎,0,0,1,0,0,0.0,0.0,0.0,0.0,0.0,0.0,0.0,0.0,0,0,0,0,0,0,0,0,无明显情感,未明确对象,未明确方面,中性,0,0.6865332903132819,0.1954002334496951,0.6865332903132819,0.11806647623702288,中性,中性,,False
知识区,BV1zrGi6PE9B,【最后一课】2X2联表与独立性检验！,1054414,81616,6893,18820,2559,5701,我们也很高兴认识你 愿这份友谊长存,,我们也很高兴认识你愿这份友谊长存,1,0,9,0,0,1.5,1.5,0.0,1.5,0.1111111111111111,1.5,1.5,0.0,0,0,0,0,0,0,0,1,对象评价,未明确对象,未明确方面,正面,1,0.9171771529118894,0.03259039951700606,0.050232447571104615,0.9171771529118894,正面,正面,,False
知识区,BV1zrGi6PE9B,【最后一课】2X2联表与独立性检验！,1054414,81616,6893,18820,2559,5701,其实高考要考这个单词,,其实高考要考这个单词,0,0,5,0,0,0.0,0.0,0.0,0.0,0.0,0.0,0.0,0.0,0,0,0,0,0,0,0,0,无明显情感,未明确对象,未明确方面,中性,0,0.43231932179508803,0.30835701820195693,0.43231932179508803,0.25932366000295515,中性,中性,0.0,True
知识区,BV1zrGi6PE9B,【最后一课】2X2联表与独立性检验！,1054414,81616,6893,18820,2559,5701,希望大爷都能考上理想的大学,,希望大爷都能考上理想的大学,0,0,7,0,0,0.0,0.0,0.0,0.0,0.0,0.0,0.0,0.0,0,0,0,0,0,0,0,0,无明显情感,未明确对象,未明确方面,中性,1,0.7188008845221585,0.10025715191210728,0.18094196356573417,0.7188008845221585,正面,正面,1.0,True
知识区,BV1zrGi6PE9B,【最后一课】2X2联表与独立性检验！,1054414,81616,6893,18820,2559,5701,"哈哈,最后十课刚刚看过",,"哈哈,最后十课刚刚看过",1,0,6,0,0,1.0,1.0,0.0,1.0,0.16666666666666666,1.0,1.0,0.0,0,0,1,0,0,0,0,1,对象评价+自身情绪,未明确对象,娱乐与趣味,正面,1,0.5799080533042521,0.031463129189759305,0.38862881750598866,0.5799080533042521,正面,正面,,False
知识区,BV1zrGi6PE9B,【最后一课】2X2联表与独立性检验！,1054414,81616,6893,18820,2559,5701,上岸,,上岸,0,0,1,0,0,0.0,0.0,0.0,0.0,0.0,0.0,0.0,0.0,0,0,0,0,0,0,0,0,无明显情感,未明确对象,未明确方面,中性,1,0.6597027563102645,0.07045064430942502,0.2698465993803104,0.6597027563102645,正面,正面,,False
知识区,BV1zrGi6PE9B,【最后一课】2X2联表与独立性检验！,1054414,81616,6893,18820,2559,5701,这卡方都接近1万了,,这卡方都接近1万了,0,0,5,0,0,0.0,0.0,0.0,0.0,0.0,0.0,0.0,0.0,0,0,0,0,0,0,0,0,无明显情感,未明确对象,未明确方面,中性,0,0.6833065588215779,0.21711452616984214,0.6833065588215779,0.09957891500857999,中性,中性,,False
知识区,BV1zrGi6PE9B,【最后一课】2X2联表与独立性检验！,1054414,81616,6893,18820,2559,5701,有人推荐接下来应该看什么合集吗,,有人推荐接下来应该看什么合集吗,1,0,7,0,0,1.0,1.0,0.0,1.0,0.14285714285714285,1.0,1.0,0.0,0,0,0,0,0,1,0,1,对象评价+立场,未明确对象,未明确方面,正面,0,0.7792093251130712,0.030582885266349856,0.7792093251130712,0.19020778962057888,中性,中性,0.0,True
知识区,BV1zrGi6PE9B,【最后一课】2X2联表与独立性检验！,1054414,81616,6893,18820,2559,5701,下周月考，加油,,下周月考，加油,1,0,5,0,0,1.0,1.0,0.0,1.0,0.2,1.0,1.0,0.0,0,0,0,0,0,0,0,1,对象评价,未明确对象,未明确方面,正面,1,0.842464795276169,0.04403378433264681,0.11350142039118429,0.842464795276169,正面,正面,,False
知识区,BV1zrGi6PE9B,【最后一课】2X2联表与独立性检验！,1054414,81616,6893,18820,2559,5701,我的妈呀 能有如此毅力坚持下去 愿大家都成功！,,我的妈呀能有如此毅力坚持下去愿大家都成功！,1,0,11,1,0,1.0,1.0,0.0,1.0,0.09090909090909091,1.0,1.0,0.0,0,0,0,0,0,0,0,1,对象评价,未明确对象,未明确方面,正面,1,0.7059818192083663,0.04142514819306769,0.25259303259856597,0.7059818192083663,正面,正面,1.0,True
知识区,BV1zrGi6PE9B,【最后一课】2X2联表与独立性检验！,1054414,81616,6893,18820,2559,5701,大合集更完了，我们吃什么,,大合集更完了，我们吃什么,0,1,8,0,0,-1.0,0.0,1.0,1.0,0.125,-1.0,0.0,1.0,0,0,0,0,0,0,0,1,对象评价,未明确对象,未明确方面,负面,0,0.6784318169945546,0.23238752696163625,0.6784318169945546,0.0891806560438091,中性,中性,0.0,True
知识区,BV1zrGi6PE9B,【最后一课】2X2联表与独立性检验！,1054414,81616,6893,18820,2559,5701,神奇姥姥,,神奇姥姥,0,0,2,0,0,0.0,0.0,0.0,0.0,0.0,0.0,0.0,0.0,0,0,0,0,0,0,0,0,无明显情感,未明确对象,未明确方面,中性,0,0.6421550794742131,0.17087185318533957,0.6421550794742131,0.18697306734044733,中性,中性,0.0,True
知识区,BV1zrGi6PE9B,【最后一课】2X2联表与独立性检验！,1054414,81616,6893,18820,2559,5701,零假设很难懂,,零假设很难懂,0,1,4,0,0,-1.0,0.0,1.0,1.0,0.25,-1.0,0.0,1.0,0,0,0,0,0,0,0,1,对象评价,未明确对象,理解与难度,负面,-1,0.7027021674031312,0.7027021674031312,0.22506765196774478,0.07223018062912408,负面,负面,-1.0,True
知识区,BV1zrGi6PE9B,【最后一课】2X2联表与独立性检验！,1054414,81616,6893,18820,2559,5701,还有3小时考数学,,还有3小时考数学,0,0,5,0,0,0.0,0.0,0.0,0.0,0.0,0.0,0.0,0.0,0,0,0,0,0,0,0,0,无明显情感,课程内容,未明确方面,中性,0,0.7164360424330041,0.11974255226569605,0.7164360424330041,0.16382140530129982,中性,中性,0.0,True
知识区,BV1zrGi6PE9B,【最后一课】2X2联表与独立性检验！,1054414,81616,6893,18820,2559,5701,明天就高考了,,明天就高考了,0,0,3,0,0,0.0,0.0,0.0,0.0,0.0,0.0,0.0,0.0,0,0,0,0,0,0,0,0,无明显情感,未明确对象,未明确方面,中性,1,0.6039346373240005,0.10617977021069716,0.2898855924653024,0.6039346373240005,正面,正面,,False
知识区,BV1zrGi6PE9B,【最后一课】2X2联表与独立性检验！,1054414,81616,6893,18820,2559,5701,27年高考必胜,,27年高考必胜,0,0,4,0,0,0.0,0.0,0.0,0.0,0.0,0.0,0.0,0.0,0,0,0,0,0,0,0,0,无明显情感,未明确对象,未明确方面,中性,1,0.7825876031701063,0.03180226430104798,0.18561013252884553,0.7825876031701063,正面,正面,,False
知识区,BV1zrGi6PE9B,【最后一课】2X2联表与独立性检验！,1054414,81616,6893,18820,2559,5701,加油各位顶峰相见,,加油各位顶峰相见,1,0,4,0,0,1.0,1.0,0.0,1.0,0.25,1.0,1.0,0.0,0,0,0,0,0,0,0,1,对象评价,未明确对象,未明确方面,正面,1,0.9101283395911951,0.013772293940417332,0.07609936646838755,0.9101283395911951,正面,正面,,False
知识区,BV1zrGi6PE9B,【最后一课】2X2联表与独立性检验！,1054414,81616,6893,18820,2559,5701,祝我2027届高考考上610+,,祝我2027届高考考上610,0,0,6,0,0,0.0,0.0,0.0,0.0,0.0,0.0,0.0,0.0,0,0,0,0,0,0,0,0,无明显情感,未明确对象,未明确方面,中性,1,0.8199731086201917,0.033156456931321535,0.1468704344484868,0.8199731086201917,正面,正面,1.0,True
知识区,BV1zrGi6PE9B,【最后一课】2X2联表与独立性检验！,1054414,81616,6893,18820,2559,5701,老师可爱捏,,老师可爱捏,1,0,3,0,0,1.0,1.0,0.0,1.0,0.3333333333333333,1.0,1.0,0.0,0,0,0,0,0,0,0,1,对象评价,讲解者,未明确方面,正面,1,0.92949493763225,0.018259320757765096,0.052245741609984804,0.92949493763225,正面,正面,,False
知识区,BV1zrGi6PE9B,【最后一课】2X2联表与独立性检验！,1054414,81616,6893,18820,2559,5701,并非全部，因为还有有着无限可能的你，一数,,并非全部，因为还有有着无限可能的你，一数,0,0,10,0,0,0.0,0.0,0.0,0.0,0.0,0.0,0.0,0.0,0,0,0,0,0,0,0,0,无明显情感,未明确对象,未明确方面,中性,0,0.7533437100369339,0.12062044709594645,0.7533437100369339,0.1260358428671197,中性,中性,,False
知识区,BV1zrGi6PE9B,【最后一课】2X2联表与独立性检验！,1054414,81616,6893,18820,2559,5701,打卡结束，见证历史！！！,,打卡结束，见证历史！！！,0,0,8,3,0,0.0,0.0,0.0,0.0,0.0,0.0,0.0,0.0,0,0,0,0,0,0,0,0,无明显情感,未明确对象,未明确方面,中性,1,0.5008220944106905,0.21433015335671085,0.2848477522325986,0.5008220944106905,正面,正面,1.0,True
知识区,BV1zrGi6PE9B,【最后一课】2X2联表与独立性检验！,1054414,81616,6893,18820,2559,5701,25年最十课说不想见到我，今年复读见证历史来听最后一课了,,25年最十课说不想见到我，今年复读见证历史来听最后一课了,0,0,16,0,0,0.0,0.0,0.0,0.0,0.0,0.0,0.0,0.0,0,0,0,0,0,0,0,0,无明显情感,未明确对象,未明确方面,中性,0,0.3701121244086953,0.2660541886444593,0.3701121244086953,0.3638336869468454,中性,正面,1.0,True
知识区,BV1zrGi6PE9B,【最后一课】2X2联表与独立性检验！,1054414,81616,6893,18820,2559,5701,加油加油，你可以的，我相信你！！！,,加油加油，你可以的，我相信你！！！,3,0,9,3,0,3.0,3.0,0.0,3.0,0.3333333333333333,3.0,3.0,0.0,0,0,0,0,0,0,0,1,对象评价,未明确对象,未明确方面,正面,1,0.9978255044511718,0.0008148152575422098,0.0013596802912859982,0.9978255044511718,正面,正面,,False
知识区,BV1zrGi6PE9B,【最后一课】2X2联表与独立性检验！,1054414,81616,6893,18820,2559,5701,最后一个星期了，兄弟们,,最后一个星期了，兄弟们,0,0,5,0,0,0.0,0.0,0.0,0.0,0.0,0.0,0.0,0.0,0,0,0,0,0,0,0,0,无明显情感,未明确对象,未明确方面,中性,0,0.6010279915679604,0.2656163687057134,0.6010279915679604,0.13335563972632614,中性,中性,0.0,True
知识区,BV1zrGi6PE9B,【最后一课】2X2联表与独立性检验！,1054414,81616,6893,18820,2559,5701,这个cd判断学过政治的可以用换质法看看,,这个cd判断学过政治的可以用换质法看看,1,0,9,0,0,1.0,1.0,0.0,1.0,0.1111111111111111,1.0,1.0,0.0,0,0,0,0,0,0,0,1,对象评价,未明确对象,未明确方面,正面,0,0.7588853605690418,0.11106960286392936,0.7588853605690418,0.13004503656702882,中性,中性,0.0,True
知识区,BV1zrGi6PE9B,【最后一课】2X2联表与独立性检验！,1054414,81616,6893,18820,2559,5701,谢谢一哥,,谢谢一哥,1,0,2,0,0,1.0,1.0,0.0,1.0,0.5,1.0,1.0,0.0,0,0,0,0,0,0,0,1,对象评价,未明确对象,未明确方面,正面,1,0.848856557315162,0.03223689482854835,0.11890654785628954,0.848856557315162,正面,正面,,False
知识区,BV1zrGi6PE9B,【最后一课】2X2联表与独立性检验！,1054414,81616,6893,18820,2559,5701,高考加油！,,高考加油！,1,0,3,1,0,1.0,1.0,0.0,1.0,0.3333333333333333,1.0,1.0,0.0,0,0,0,0,0,0,0,1,对象评价,未明确对象,未明确方面,正面,1,0.9869024119155732,0.0014245996925577361,0.011672988391869091,0.9869024119155732,正面,正面,,False
知识区,BV1zrGi6PE9B,【最后一课】2X2联表与独立性检验！,1054414,81616,6893,18820,2559,5701,转换思维，决战高三，高考必胜！！！,,转换思维，决战高三，高考必胜！！！,0,0,11,3,0,0.0,0.0,0.0,0.0,0.0,0.0,0.0,0.0,0,0,0,0,0,0,0,0,无明显情感,未明确对象,未明确方面,中性,1,0.8219699511726899,0.09844853676554909,0.07958151206176102,0.8219699511726899,正面,正面,,False
知识区,BV1zrGi6PE9B,【最后一课】2X2联表与独立性检验！,1054414,81616,6893,18820,2559,5701,完结撒花！！！愿此行，终抵群星！,,完结撒花！！！愿此行，终抵群星！,0,0,11,4,0,0.0,0.0,0.0,0.0,0.0,0.0,0.0,0.0,0,0,0,0,0,0,0,0,无明显情感,未明确对象,未明确方面,中性,1,0.9406930483381277,0.030449420412688975,0.028857531249183298,0.9406930483381277,正面,正面,,False
知识区,BV1zrGi6PE9B,【最后一课】2X2联表与独立性检验！,1054414,81616,6893,18820,2559,5701,谢谢小猪老师,,谢谢小猪老师,1,0,3,0,0,1.0,1.0,0.0,1.0,0.3333333333333333,1.0,1.0,0.0,0,0,0,0,0,0,0,1,对象评价,讲解者,未明确方面,正面,1,0.88165677621916,0.030454259320055736,0.08788896446078424,0.88165677621916,正面,正面,,False
知识区,BV1zrGi6PE9B,【最后一课】2X2联表与独立性检验！,1054414,81616,6893,18820,2559,5701,26届高考加油,,26届高考加油,1,0,4,0,0,1.0,1.0,0.0,1.0,0.25,1.0,1.0,0.0,0,0,0,0,0,0,0,1,对象评价,未明确对象,未明确方面,正面,1,0.9695775215318602,0.005223926354435664,0.025198552113704153,0.9695775215318602,正面,正面,,False
知识区,BV1zrGi6PE9B,【最后一课】2X2联表与独立性检验！,1054414,81616,6893,18820,2559,5701,27年高考加油,,27年高考加油,1,0,4,0,0,1.0,1.0,0.0,1.0,0.25,1.0,1.0,0.0,0,0,0,0,0,0,0,1,对象评价,未明确对象,未明确方面,正面,1,0.9596393724775183,0.005319223849899022,0.03504140367258281,0.9596393724775183,正面,正面,,False
知识区,BV1zrGi6PE9B,【最后一课】2X2联表与独立性检验！,1054414,81616,6893,18820,2559,5701,我就是天气之子！！！2027中国海洋大学大气科学专业等我！！！,,我就是天气之子！！！2027中国海洋大学大气科学专业等我！！！,2,0,16,6,0,2.0,2.0,0.0,2.0,0.125,2.0,2.0,0.0,0,0,0,0,0,0,0,1,对象评价,未明确对象,未明确方面,正面,1,0.9841069972076023,0.0067943183875692715,0.009098684404828361,0.9841069972076023,正面,正面,,False
知识区,BV1zrGi6PE9B,【最后一课】2X2联表与独立性检验！,1054414,81616,6893,18820,2559,5701,高二生在此祝福学长学姐高考顺利啦,,高二生在此祝福学长学姐高考顺利啦,1,0,9,0,0,1.0,1.0,0.0,1.0,0.1111111111111111,1.0,1.0,0.0,0,0,0,0,0,0,0,1,对象评价,未明确对象,未明确方面,正面,1,0.824930532266935,0.049128379865978906,0.12594108786708608,0.824930532266935,正面,正面,1.0,True
知识区,BV1zrGi6PE9B,【最后一课】2X2联表与独立性检验！,1054414,81616,6893,18820,2559,5701,怎么还有枯阅的事？,,怎么还有枯阅的事？,0,0,5,0,1,0.0,0.0,0.0,0.0,0.0,0.0,0.0,0.0,0,0,0,0,0,0,0,0,无明显情感,未明确对象,未明确方面,中性,-1,0.6578555168859977,0.6578555168859977,0.3072010289571565,0.03494345415684572,负面,负面,,False
知识区,BV1zrGi6PE9B,【最后一课】2X2联表与独立性检验！,1054414,81616,6893,18820,2559,5701,其实还有二手烟 。。,,其实还有二手烟。。,0,0,5,0,0,0.0,0.0,0.0,0.0,0.0,0.0,0.0,0.0,0,0,0,0,0,0,0,0,无明显情感,未明确对象,未明确方面,中性,-1,0.6293393267044354,0.6293393267044354,0.29324350283974565,0.07741717045581904,负面,负面,,False
知识区,BV1zrGi6PE9B,【最后一课】2X2联表与独立性检验！,1054414,81616,6893,18820,2559,5701,盛夏过后，18岁正式开始,,盛夏过后，18岁正式开始,0,0,7,0,0,0.0,0.0,0.0,0.0,0.0,0.0,0.0,0.0,0,0,0,0,0,0,0,0,无明显情感,未明确对象,未明确方面,中性,0,0.7135308279316805,0.11418379766032126,0.7135308279316805,0.17228537440799827,中性,中性,,False
知识区,BV1zrGi6PE9B,【最后一课】2X2联表与独立性检验！,1054414,81616,6893,18820,2559,5701,月考和大家一起加油！！！,,月考和大家一起加油！！！,1,0,8,3,0,1.0,1.0,0.0,1.0,0.125,1.0,1.0,0.0,0,0,0,0,0,0,0,1,对象评价,未明确对象,未明确方面,正面,1,0.9400357466287098,0.012934894172266133,0.04702935919902411,0.9400357466287098,正面,正面,,False
知识区,BV1zrGi6PE9B,【最后一课】2X2联表与独立性检验！,1054414,81616,6893,18820,2559,5701,祝所有2026高考的学长学姐高考加油哦,,祝所有2026高考的学长学姐高考加油哦,1,0,9,0,0,1.0,1.0,0.0,1.0,0.1111111111111111,1.0,1.0,0.0,0,0,0,0,0,0,0,1,对象评价,未明确对象,未明确方面,正面,1,0.958658930809922,0.005698063765636082,0.035643005424441855,0.958658930809922,正面,正面,,False
知识区,BV1zrGi6PE9B,【最后一课】2X2联表与独立性检验！,1054414,81616,6893,18820,2559,5701,2027江苏高考加油kpl等我来挑战,,2027江苏高考加油kpl等我来挑战,1,0,8,0,0,1.0,1.0,0.0,1.0,0.125,1.0,1.0,0.0,0,0,0,0,0,0,0,1,对象评价,未明确对象,未明确方面,正面,1,0.9515054589678925,0.004140251321358516,0.04435428971074898,0.9515054589678925,正面,正面,,False
知识区,BV1zrGi6PE9B,【最后一课】2X2联表与独立性检验！,1054414,81616,6893,18820,2559,5701,"结束喽,那就祝我们高考上岸,加油!",,"结束喽,那就祝我们高考上岸,加油!",1,0,11,1,0,1.0,1.0,0.0,1.0,0.09090909090909091,1.0,1.0,0.0,0,0,0,0,0,0,0,1,对象评价,未明确对象,未明确方面,正面,1,0.9770285492093574,0.007958537649694335,0.015012913140948115,0.9770285492093574,正面,正面,,False
知识区,BV1zrGi6PE9B,【最后一课】2X2联表与独立性检验！,1054414,81616,6893,18820,2559,5701,加油，最后9天了,,加油，最后9天了,1,0,5,0,0,1.0,1.0,0.0,1.0,0.2,1.0,1.0,0.0,0,0,0,0,0,0,0,1,对象评价,未明确对象,未明确方面,正面,1,0.8536361027423468,0.05593239453497222,0.090431502722681,0.8536361027423468,正面,正面,,False
知识区,BV1zrGi6PE9B,【最后一课】2X2联表与独立性检验！,1054414,81616,6893,18820,2559,5701,高考一切顺利，许愿超常发挥,,高考一切顺利，许愿超常发挥,1,0,5,0,0,1.0,1.0,0.0,1.0,0.2,1.0,1.0,0.0,0,0,0,0,0,0,0,1,对象评价,未明确对象,未明确方面,正面,1,0.9527577608608657,0.01759403683370922,0.02964820230542493,0.9527577608608657,正面,正面,,False
知识区,BV1zrGi6PE9B,【最后一课】2X2联表与独立性检验！,1054414,81616,6893,18820,2559,5701,汤汤，我拿得起解剖刀，切的了小白鼠，却划不开你不回我消息时的失落,,汤汤，我拿得起解剖刀，切的了小白鼠，却划不开你不回我消息时的失落,0,0,15,0,0,0.0,0.0,0.0,0.0,0.0,0.0,0.0,0.0,1,0,0,0,0,0,0,0,无明显情感,未明确对象,未明确方面,中性,-1,0.744818212086272,0.744818212086272,0.15099507240156076,0.1041867155121672,负面,负面,-1.0,True
知识区,BV1zrGi6PE9B,【最后一课】2X2联表与独立性检验！,1054414,81616,6893,18820,2559,5701,恭喜大家通关高中数学全部核心内容！,,恭喜大家通关高中数学全部核心内容！,1,0,7,1,0,1.0,1.0,0.0,1.0,0.14285714285714285,1.0,1.0,0.0,0,0,0,0,0,0,0,1,对象评价,课程内容,未明确方面,正面,1,0.9652615430533287,0.00633916970184753,0.028399287244823736,0.9652615430533287,正面,正面,,False
知识区,BV1zrGi6PE9B,【最后一课】2X2联表与独立性检验！,1054414,81616,6893,18820,2559,5701,祝2026高考的学弟学妹高考加油，一切顺利,,祝2026高考的学弟学妹高考加油，一切顺利,2,0,9,0,0,2.0,2.0,0.0,2.0,0.2222222222222222,2.0,2.0,0.0,0,0,0,0,0,0,0,1,对象评价,未明确对象,未明确方面,正面,1,0.9949343380216917,0.0017086588225384515,0.0033570031557698782,0.9949343380216917,正面,正面,,False
知识区,BV1zrGi6PE9B,【最后一课】2X2联表与独立性检验！,1054414,81616,6893,18820,2559,5701,2027上岸,,2027上岸,0,0,2,0,0,0.0,0.0,0.0,0.0,0.0,0.0,0.0,0.0,0,0,0,0,0,0,0,0,无明显情感,未明确对象,未明确方面,中性,1,0.732150362333321,0.03642616794774005,0.231423469718939,0.732150362333321,正面,正面,,False
知识区,BV1zrGi6PE9B,【最后一课】2X2联表与独立性检验！,1054414,81616,6893,18820,2559,5701,吓哭了,,吓哭了,0,1,1,0,0,-1.0,0.0,1.0,1.0,1.0,-1.0,0.0,1.0,0,0,0,0,0,0,0,1,对象评价,未明确对象,未明确方面,负面,-1,0.9388448164327653,0.9388448164327653,0.027085177720992445,0.034070005846242264,负面,中性,0.0,True
知识区,BV1zrGi6PE9B,【最后一课】2X2联表与独立性检验！,1054414,81616,6893,18820,2559,5701,一刀999（bushi）,,一刀999bushi,0,0,2,0,0,0.0,0.0,0.0,0.0,0.0,0.0,0.0,0.0,0,0,0,0,0,0,0,0,无明显情感,未明确对象,未明确方面,中性,0,0.7668301534811411,0.08858745705605092,0.7668301534811411,0.14458238946280783,中性,中性,,False
知识区,BV1zrGi6PE9B,【最后一课】2X2联表与独立性检验！,1054414,81616,6893,18820,2559,5701,2027高考加油！,,2027高考加油！,1,0,4,1,0,1.0,1.0,0.0,1.0,0.25,1.0,1.0,0.0,0,0,0,0,0,0,0,1,对象评价,未明确对象,未明确方面,正面,1,0.9773345245470987,0.0026942196676211115,0.01997125578528027,0.9773345245470987,正面,正面,,False
知识区,BV1zrGi6PE9B,【最后一课】2X2联表与独立性检验！,1054414,81616,6893,18820,2559,5701,高考大捷 上岸西南大学,,高考大捷上岸西南大学,0,0,5,0,0,0.0,0.0,0.0,0.0,0.0,0.0,0.0,0.0,0,0,0,0,0,0,0,0,无明显情感,未明确对象,未明确方面,中性,1,0.7870921431041904,0.02137597133315807,0.19153188556265152,0.7870921431041904,正面,正面,,False
知识区,BV1zrGi6PE9B,【最后一课】2X2联表与独立性检验！,1054414,81616,6893,18820,2559,5701,这期的时长让我很安心啊,,这期的时长让我很安心啊,1,0,5,0,0,1.5,1.5,0.0,1.5,0.2,1.5,1.5,0.0,0,0,0,0,0,0,0,1,对象评价,未明确对象,未明确方面,正面,1,0.7210835149204184,0.15004299732173432,0.1288734877578472,0.7210835149204184,正面,正面,1.0,True
知识区,BV1zrGi6PE9B,【最后一课】2X2联表与独立性检验！,1054414,81616,6893,18820,2559,5701,今天周三，下周日高考,,今天周三，下周日高考,0,0,6,0,0,0.0,0.0,0.0,0.0,0.0,0.0,0.0,0.0,0,0,0,0,0,0,0,0,无明显情感,未明确对象,未明确方面,中性,0,0.6671519997873654,0.05010713798740168,0.6671519997873654,0.282740862225233,中性,中性,,False
知识区,BV1zrGi6PE9B,【最后一课】2X2联表与独立性检验！,1054414,81616,6893,18820,2559,5701,2026上岸,,2026上岸,0,0,2,0,0,0.0,0.0,0.0,0.0,0.0,0.0,0.0,0.0,0,0,0,0,0,0,0,0,无明显情感,未明确对象,未明确方面,中性,1,0.6997841181622727,0.056699382346909605,0.2435164994908176,0.6997841181622727,正面,正面,,False
知识区,BV1zrGi6PE9B,【最后一课】2X2联表与独立性检验！,1054414,81616,6893,18820,2559,5701,大一了，还是喜欢看一数的课睡觉,,大一了，还是喜欢看一数的课睡觉,1,0,8,0,0,1.0,1.0,0.0,1.0,0.125,1.0,1.0,0.0,0,0,0,0,0,0,0,1,对象评价,未明确对象,未明确方面,正面,1,0.47524508065738513,0.37273163868487535,0.1520232806577394,0.47524508065738513,正面,正面,,False
知识区,BV1zrGi6PE9B,【最后一课】2X2联表与独立性检验！,1054414,81616,6893,18820,2559,5701,肯定会给的啊,,肯定会给的啊,1,0,3,0,0,1.0,1.0,0.0,1.0,0.3333333333333333,1.0,1.0,0.0,0,0,0,0,0,0,0,1,对象评价,未明确对象,未明确方面,正面,0,0.4504422478920713,0.21137917758154803,0.4504422478920713,0.3381785745263808,中性,中性,0.0,True
知识区,BV1zrGi6PE9B,【最后一课】2X2联表与独立性检验！,1054414,81616,6893,18820,2559,5701,犯错率与把握最后的结论一致 数值互补。犯错率跟独立概率数值相同 结论相反,,犯错率与把握最后的结论一致数值互补。犯错率跟独立概率数值相同结论相反,0,0,19,0,0,0.0,0.0,0.0,0.0,0.0,0.0,0.0,0.0,0,0,0,0,0,0,0,0,无明显情感,未明确对象,未明确方面,中性,0,0.6116061451758964,0.27867557995089104,0.6116061451758964,0.10971827487321253,中性,中性,0.0,True
知识区,BV1zrGi6PE9B,【最后一课】2X2联表与独立性检验！,1054414,81616,6893,18820,2559,5701,哎呀，还得返回去复习一下导数,,哎呀，还得返回去复习一下导数,0,0,8,0,0,0.0,0.0,0.0,0.0,0.0,0.0,0.0,0.0,0,0,0,0,0,0,0,0,无明显情感,未明确对象,未明确方面,中性,0,0.6727874815281069,0.11542267923376481,0.6727874815281069,0.21178983923812839,中性,中性,,False
知识区,BV1zrGi6PE9B,【最后一课】2X2联表与独立性检验！,1054414,81616,6893,18820,2559,5701,考试会给吗。,,考试会给吗。,0,0,4,0,0,0.0,0.0,0.0,0.0,0.0,0.0,0.0,0.0,0,0,0,0,0,0,0,0,无明显情感,未明确对象,未明确方面,中性,0,0.8694944502401747,0.09360055837973452,0.8694944502401747,0.036904991380090804,中性,中性,,False
知识区,BV1zrGi6PE9B,【最后一课】2X2联表与独立性检验！,1054414,81616,6893,18820,2559,5701,《几乎》,,几乎,0,0,1,0,0,0.0,0.0,0.0,0.0,0.0,0.0,0.0,0.0,0,0,0,0,0,0,0,0,无明显情感,未明确对象,未明确方面,中性,0,0.6613337795964743,0.14035796080361848,0.6613337795964743,0.19830825959990717,中性,中性,,False
知识区,BV1zrGi6PE9B,【最后一课】2X2联表与独立性检验！,1054414,81616,6893,18820,2559,5701,你好,,你好,0,0,1,0,0,0.0,0.0,0.0,0.0,0.0,0.0,0.0,0.0,0,0,0,0,0,0,0,0,无明显情感,未明确对象,未明确方面,中性,0,0.6613337795964743,0.14035796080361848,0.6613337795964743,0.19830825959990717,中性,中性,,False
知识区,BV1zrGi6PE9B,【最后一课】2X2联表与独立性检验！,1054414,81616,6893,18820,2559,5701,关注塔菲喵，关注塔菲谢谢喵,,关注塔菲喵，关注塔菲谢谢喵,3,0,8,0,0,3.0,3.0,0.0,3.0,0.375,3.0,3.0,0.0,0,0,0,0,0,0,0,1,对象评价,未明确对象,未明确方面,正面,1,0.9928752933620073,0.0010561613045649786,0.006068545333427707,0.9928752933620073,正面,正面,,False
知识区,BV1zrGi6PE9B,【最后一课】2X2联表与独立性检验！,1054414,81616,6893,18820,2559,5701,完结撒花！感恩遇见！高考大捷！高考必胜！,,完结撒花！感恩遇见！高考大捷！高考必胜！,1,0,12,4,0,1.0,1.0,0.0,1.0,0.08333333333333333,1.0,1.0,0.0,0,0,0,0,0,0,0,1,对象评价,未明确对象,未明确方面,正面,1,0.9951015642013201,0.000700229717705172,0.004198206080974676,0.9951015642013201,正面,正面,,False
知识区,BV1zrGi6PE9B,【最后一课】2X2联表与独立性检验！,1054414,81616,6893,18820,2559,5701,完结撒花 祝我考上心仪大学,,完结撒花祝我考上心仪大学,0,0,6,0,0,0.0,0.0,0.0,0.0,0.0,0.0,0.0,0.0,0,0,0,0,0,0,0,0,无明显情感,未明确对象,未明确方面,中性,1,0.9285837502485766,0.01810027058711646,0.053315979164306866,0.9285837502485766,正面,正面,,False
知识区,BV1zrGi6PE9B,【最后一课】2X2联表与独立性检验！,1054414,81616,6893,18820,2559,5701,2027深大等我,,2027深大等我,0,0,3,0,0,0.0,0.0,0.0,0.0,0.0,0.0,0.0,0.0,0,0,0,0,0,0,0,0,无明显情感,未明确对象,未明确方面,中性,1,0.5983092221527592,0.03982933271905925,0.36186144512818147,0.5983092221527592,正面,正面,,False
知识区,BV1zrGi6PE9B,【最后一课】2X2联表与独立性检验！,1054414,81616,6893,18820,2559,5701,我高考70024高考，现在回来了,,我高考70024高考，现在回来了,0,0,6,0,0,0.0,0.0,0.0,0.0,0.0,0.0,0.0,0.0,0,0,0,0,0,0,0,0,无明显情感,未明确对象,未明确方面,中性,0,0.48676386542635103,0.12032924125521348,0.48676386542635103,0.3929068933184356,中性,中性,,False
知识区,BV1zrGi6PE9B,【最后一课】2X2联表与独立性检验！,1054414,81616,6893,18820,2559,5701,27高考加油！！,,27高考加油！！,1,0,5,2,0,1.0,1.0,0.0,1.0,0.2,1.0,1.0,0.0,0,0,0,0,0,0,0,1,对象评价,未明确对象,未明确方面,正面,1,0.9776590649178817,0.004383032709620633,0.017957902372497708,0.9776590649178817,正面,正面,,False
知识区,BV1zrGi6PE9B,【最后一课】2X2联表与独立性检验！,1054414,81616,6893,18820,2559,5701,One last kiss,,Onelastkiss,0,0,1,0,0,0.0,0.0,0.0,0.0,0.0,0.0,0.0,0.0,0,0,0,0,0,0,0,0,无明显情感,未明确对象,未明确方面,中性,1,0.5992061985200241,0.102169182519619,0.2986246189603569,0.5992061985200241,正面,正面,1.0,True
知识区,BV1zrGi6PE9B,【最后一课】2X2联表与独立性检验！,1054414,81616,6893,18820,2559,5701,当一个故事要结束的时候，我们总会想起它的开始,,当一个故事要结束的时候，我们总会想起它的开始,0,0,10,0,0,0.0,0.0,0.0,0.0,0.0,0.0,0.0,0.0,0,0,0,0,0,0,0,0,无明显情感,未明确对象,未明确方面,中性,0,0.7310809357347832,0.08729414599615903,0.7310809357347832,0.1816249182690577,中性,中性,,False
知识区,BV1zrGi6PE9B,【最后一课】2X2联表与独立性检验！,1054414,81616,6893,18820,2559,5701,太晚了，姥姥睡觉了,,太晚了，姥姥睡觉了,0,0,4,0,0,0.0,0.0,0.0,0.0,0.0,0.0,0.0,0.0,0,0,0,0,0,0,0,0,无明显情感,未明确对象,未明确方面,中性,-1,0.9523581148265542,0.9523581148265542,0.030649361243720086,0.016992523929725736,负面,负面,,False
知识区,BV1zrGi6PE9B,【最后一课】2X2联表与独立性检验！,1054414,81616,6893,18820,2559,5701,该怎么道别呢？就像刚认识的时候一样,,该怎么道别呢？就像刚认识的时候一样,0,0,10,0,1,0.0,0.0,0.0,0.0,0.0,0.0,0.0,0.0,0,0,0,0,0,0,0,0,无明显情感,未明确对象,未明确方面,中性,-1,0.7686772720234059,0.7686772720234059,0.19115670832390053,0.04016601965269366,负面,负面,,False
知识区,BV1zrGi6PE9B,【最后一课】2X2联表与独立性检验！,1054414,81616,6893,18820,2559,5701,当心眼睛,,当心眼睛,0,0,2,0,0,0.0,0.0,0.0,0.0,0.0,0.0,0.0,0.0,0,0,0,0,0,0,0,0,无明显情感,未明确对象,未明确方面,中性,0,0.6553065905941072,0.1468149965085425,0.6553065905941072,0.19787841289735017,中性,中性,,False
知识区,BV1zrGi6PE9B,【最后一课】2X2联表与独立性检验！,1054414,81616,6893,18820,2559,5701,求这个单词的变形形式,,求这个单词的变形形式,0,0,5,0,0,0.0,0.0,0.0,0.0,0.0,0.0,0.0,0.0,0,0,0,0,0,0,0,0,无明显情感,未明确对象,未明确方面,中性,0,0.5380809622348599,0.40545798197264016,0.5380809622348599,0.05646105579249982,中性,中性,,False
知识区,BV1zrGi6PE9B,【最后一课】2X2联表与独立性检验！,1054414,81616,6893,18820,2559,5701,谢谢一数老师,,谢谢一数老师,1,0,3,0,0,1.0,1.0,0.0,1.0,0.3333333333333333,1.0,1.0,0.0,0,0,0,0,0,0,0,1,对象评价,讲解者,未明确方面,正面,1,0.8473177698738028,0.026489021597289022,0.12619320852890822,0.8473177698738028,正面,正面,,False
知识区,BV1zrGi6PE9B,【最后一课】2X2联表与独立性检验！,1054414,81616,6893,18820,2559,5701,最后一课了，兄弟们一起加油！,,最后一课了，兄弟们一起加油！,1,0,8,1,0,1.0,1.0,0.0,1.0,0.125,1.0,1.0,0.0,0,0,0,0,0,0,0,1,对象评价,未明确对象,未明确方面,正面,1,0.7816740673997689,0.03697825309562272,0.18134767950460842,0.7816740673997689,正面,正面,,False
知识区,BV1zrGi6PE9B,【最后一课】2X2联表与独立性检验！,1054414,81616,6893,18820,2559,5701,2027深圳大学,,2027深圳大学,0,0,2,0,0,0.0,0.0,0.0,0.0,0.0,0.0,0.0,0.0,0,0,0,0,0,0,0,0,无明显情感,未明确对象,未明确方面,中性,1,0.5287206859732385,0.043849451574111326,0.4274298624526501,0.5287206859732385,正面,正面,,False
知识区,BV1zrGi6PE9B,【最后一课】2X2联表与独立性检验！,1054414,81616,6893,18820,2559,5701,高考当天凭准考证免费上网,,高考当天凭准考证免费上网,0,0,6,0,0,0.0,0.0,0.0,0.0,0.0,0.0,0.0,0.0,0,0,0,0,0,0,0,0,无明显情感,未明确对象,未明确方面,中性,1,0.6166150825575686,0.023032026803333137,0.36035289063909826,0.6166150825575686,正面,正面,,False
知识区,BV1zrGi6PE9B,【最后一课】2X2联表与独立性检验！,1054414,81616,6893,18820,2559,5701,2026年5月24日19:55 我通关了高中数学！！！,,2026年5月24日1955我通关了高中数学！！！,0,0,12,3,0,0.0,0.0,0.0,0.0,0.0,0.0,0.0,0.0,0,0,0,0,0,0,0,0,无明显情感,课程内容,未明确方面,中性,1,0.7457602759106434,0.05356758612146059,0.200672137967896,0.7457602759106434,正面,正面,,False
知识区,BV1zrGi6PE9B,【最后一课】2X2联表与独立性检验！,1054414,81616,6893,18820,2559,5701,高考加油,,高考加油,1,0,2,0,0,1.0,1.0,0.0,1.0,0.5,1.0,1.0,0.0,0,0,0,0,0,0,0,1,对象评价,未明确对象,未明确方面,正面,1,0.9775475533173565,0.004401619907316668,0.01805082677532679,0.9775475533173565,正面,正面,,False
知识区,BV1zrGi6PE9B,【最后一课】2X2联表与独立性检验！,1054414,81616,6893,18820,2559,5701,高三再见,,高三再见,0,0,2,0,0,0.0,0.0,0.0,0.0,0.0,0.0,0.0,0.0,0,0,0,0,0,0,0,0,无明显情感,未明确对象,未明确方面,中性,0,0.7708169282284367,0.13587309856159618,0.7708169282284367,0.09330997320996703,中性,中性,0.0,True
知识区,BV1zrGi6PE9B,【最后一课】2X2联表与独立性检验！,1054414,81616,6893,18820,2559,5701,这真的要完结撒花了呜呜呜，不要哇呜呜呜呜呜,,这真的要完结撒花了呜呜呜，不要哇呜呜呜呜呜,0,0,11,0,0,0.0,0.0,0.0,0.0,0.0,0.0,0.0,0.0,0,0,0,0,0,0,0,0,无明显情感,未明确对象,未明确方面,中性,1,0.6445021636648258,0.2957576244323589,0.05974021190281514,0.6445021636648258,正面,正面,,False
知识区,BV1zrGi6PE9B,【最后一课】2X2联表与独立性检验！,1054414,81616,6893,18820,2559,5701,放心这个东西考试的时候会给你的不需要背只要记住ab cd的顺序以及它是怎么样一个乘法怎么一个算法这个n就是指的是总人数,,放心这个东西考试的时候会给你的不需要背只要记住abcd的顺序以及它是怎么样一个乘法怎么一个算法这个n就是指的是总人数,1,0,24,0,0,1.0,1.0,0.0,1.0,0.041666666666666664,1.0,1.0,0.0,0,0,0,0,0,0,0,1,对象评价,未明确对象,未明确方面,正面,0,0.45897040025093,0.3472273029670432,0.45897040025093,0.1938022967820268,中性,中性,0.0,True
知识区,BV1zrGi6PE9B,【最后一课】2X2联表与独立性检验！,1054414,81616,6893,18820,2559,5701,一轮复习加油！！ 2027 高考必胜！,,一轮复习加油！！2027高考必胜！,1,0,9,3,0,1.0,1.0,0.0,1.0,0.1111111111111111,1.0,1.0,0.0,0,0,0,0,0,0,0,1,对象评价,未明确对象,未明确方面,正面,1,0.9799181069377586,0.0030393297696125286,0.017042563292628946,0.9799181069377586,正面,正面,,False
知识区,BV1zrGi6PE9B,【最后一课】2X2联表与独立性检验！,1054414,81616,6893,18820,2559,5701,高考必胜金榜题名,,高考必胜金榜题名,0,0,3,0,0,0.0,0.0,0.0,0.0,0.0,0.0,0.0,0.0,0,0,0,0,0,0,0,0,无明显情感,未明确对象,未明确方面,中性,1,0.8499403593451734,0.03606833708577941,0.11399130356904721,0.8499403593451734,正面,正面,,False
知识区,BV1zrGi6PE9B,【最后一课】2X2联表与独立性检验！,1054414,81616,6893,18820,2559,5701,卡方检验吗这不是，大学在学,,卡方检验吗这不是，大学在学,0,0,7,0,0,0.0,0.0,0.0,0.0,0.0,0.0,0.0,0.0,0,0,0,0,0,0,0,0,无明显情感,未明确对象,未明确方面,中性,0,0.5671893288489438,0.3648971841995545,0.5671893288489438,0.06791348695150173,中性,中性,,False
知识区,BV1zrGi6PE9B,【最后一课】2X2联表与独立性检验！,1054414,81616,6893,18820,2559,5701,高考加油！！2026届上岸！,,高考加油！！2026届上岸！,1,0,8,3,0,1.0,1.0,0.0,1.0,0.125,1.0,1.0,0.0,0,0,0,0,0,0,0,1,对象评价,未明确对象,未明确方面,正面,1,0.9920661937289599,0.0016663114191784985,0.006267494851861588,0.9920661937289599,正面,正面,,False
知识区,BV1zrGi6PE9B,【最后一课】2X2联表与独立性检验！,1054414,81616,6893,18820,2559,5701,完结撒花，高考加油！,,完结撒花，高考加油！,1,0,6,1,0,1.0,1.0,0.0,1.0,0.16666666666666666,1.0,1.0,0.0,0,0,0,0,0,0,0,1,对象评价,未明确对象,未明确方面,正面,1,0.9939371635347387,0.0013246278530645317,0.004738208612196785,0.9939371635347387,正面,正面,,False
知识区,BV1zrGi6PE9B,【最后一课】2X2联表与独立性检验！,1054414,81616,6893,18820,2559,5701,hypothesis,,hypothesis,0,0,1,0,0,0.0,0.0,0.0,0.0,0.0,0.0,0.0,0.0,0,0,0,0,0,0,0,0,无明显情感,未明确对象,未明确方面,中性,0,0.6359168549358966,0.1765816992058711,0.6359168549358966,0.18750144585823225,中性,中性,,False
知识区,BV1zrGi6PE9B,【最后一课】2X2联表与独立性检验！,1054414,81616,6893,18820,2559,5701,2026各位高考大捷,,2026各位高考大捷,0,0,4,0,0,0.0,0.0,0.0,0.0,0.0,0.0,0.0,0.0,0,0,0,0,0,0,0,0,无明显情感,未明确对象,未明确方面,中性,1,0.6501060886652448,0.03055639385195763,0.31933751748279765,0.6501060886652448,正面,正面,,False
知识区,BV1zrGi6PE9B,【最后一课】2X2联表与独立性检验！,1054414,81616,6893,18820,2559,5701,高考上600,,高考上600,0,0,3,0,0,0.0,0.0,0.0,0.0,0.0,0.0,0.0,0.0,0,0,0,0,0,0,0,0,无明显情感,未明确对象,未明确方面,中性,1,0.8750173844685829,0.019624082941744763,0.10535853258967241,0.8750173844685829,正面,正面,,False
知识区,BV1zrGi6PE9B,【最后一课】2X2联表与独立性检验！,1054414,81616,6893,18820,2559,5701,2027高考上岸！,,2027高考上岸！,0,0,4,1,0,0.0,0.0,0.0,0.0,0.0,0.0,0.0,0.0,0,0,0,0,0,0,0,0,无明显情感,未明确对象,未明确方面,中性,1,0.8922065637756726,0.011380139835921193,0.09641329638840623,0.8922065637756726,正面,正面,,False
知识区,BV1zrGi6PE9B,【最后一课】2X2联表与独立性检验！,1054414,81616,6893,18820,2559,5701,2027高考上岸617,,2027高考上岸617,0,0,4,0,0,0.0,0.0,0.0,0.0,0.0,0.0,0.0,0.0,0,0,0,0,0,0,0,0,无明显情感,未明确对象,未明确方面,中性,1,0.8095455836826608,0.023125292027469612,0.16732912428986954,0.8095455836826608,正面,正面,,False
知识区,BV1zrGi6PE9B,【最后一课】2X2联表与独立性检验！,1054414,81616,6893,18820,2559,5701,见证历史,,见证历史,0,0,2,0,0,0.0,0.0,0.0,0.0,0.0,0.0,0.0,0.0,0,0,0,0,0,0,0,0,无明显情感,未明确对象,未明确方面,中性,0,0.6553065905941072,0.1468149965085425,0.6553065905941072,0.19787841289735017,中性,中性,,False
知识区,BV1zrGi6PE9B,【最后一课】2X2联表与独立性检验！,1054414,81616,6893,18820,2559,5701,还是很不舍,,还是很不舍,0,0,2,0,0,0.0,0.0,0.0,0.0,0.0,0.0,0.0,0.0,0,0,0,0,0,0,0,0,无明显情感,未明确对象,未明确方面,中性,0,0.7401728749421458,0.19919950109350879,0.7401728749421458,0.060627623964345484,中性,中性,,False
知识区,BV1zrGi6PE9B,【最后一课】2X2联表与独立性检验！,1054414,81616,6893,18820,2559,5701,因为你来早了,,因为你来早了,0,0,3,0,0,0.0,0.0,0.0,0.0,0.0,0.0,0.0,0.0,0,0,0,0,0,0,0,0,无明显情感,未明确对象,未明确方面,中性,0,0.9180528669872507,0.0499392900457772,0.9180528669872507,0.03200784296697203,中性,中性,,False
知识区,BV1zrGi6PE9B,【最后一课】2X2联表与独立性检验！,1054414,81616,6893,18820,2559,5701,2027一战成名！,,2027一战成名！,0,0,4,1,0,0.0,0.0,0.0,0.0,0.0,0.0,0.0,0.0,0,0,0,0,0,0,0,0,无明显情感,未明确对象,未明确方面,中性,1,0.7355106618726439,0.021551601472714416,0.24293773665464166,0.7355106618726439,正面,正面,,False
知识区,BV1zrGi6PE9B,【最后一课】2X2联表与独立性检验！,1054414,81616,6893,18820,2559,5701,好激动啊撒花,,好激动啊撒花,0,0,3,0,0,0.0,0.0,0.0,0.0,0.0,0.0,0.0,0.0,0,0,0,0,0,0,0,0,无明显情感,未明确对象,未明确方面,中性,1,0.7136680016819938,0.20727727756352532,0.07905472075448086,0.7136680016819938,正面,正面,1.0,True
知识区,BV1zrGi6PE9B,【最后一课】2X2联表与独立性检验！,1054414,81616,6893,18820,2559,5701,这个不应该是最简单的吗,,这个不应该是最简单的吗,1,0,5,0,0,1.0,1.0,0.0,1.0,0.2,1.0,1.0,0.0,0,0,0,0,0,0,0,1,对象评价,未明确对象,理解与难度,正面,0,0.5394671659315323,0.19725819702916486,0.5394671659315323,0.26327463703930276,中性,中性,0.0,True
知识区,BV1zrGi6PE9B,【最后一课】2X2联表与独立性检验！,1054414,81616,6893,18820,2559,5701,不嘿嘿,,不嘿嘿,0,0,2,0,0,0.0,0.0,0.0,0.0,0.0,0.0,0.0,0.0,0,0,0,0,0,0,0,0,无明显情感,未明确对象,未明确方面,中性,-1,0.6283187268861619,0.6283187268861619,0.33560977026694405,0.036071502846894095,负面,负面,,False
知识区,BV1zrGi6PE9B,【最后一课】2X2联表与独立性检验！,1054414,81616,6893,18820,2559,5701,师恩难忘,,师恩难忘,0,0,2,0,0,0.0,0.0,0.0,0.0,0.0,0.0,0.0,0.0,0,0,0,0,0,0,0,0,无明显情感,未明确对象,理解与难度,中性,0,0.6553065905941072,0.1468149965085425,0.6553065905941072,0.19787841289735017,中性,中性,,False
知识区,BV1zrGi6PE9B,【最后一课】2X2联表与独立性检验！,1054414,81616,6893,18820,2559,5701,恩师啊,,恩师啊,0,0,1,0,0,0.0,0.0,0.0,0.0,0.0,0.0,0.0,0.0,0,0,0,0,0,0,0,0,无明显情感,未明确对象,未明确方面,中性,-1,0.625285076137903,0.625285076137903,0.22570802771024487,0.1490068961518522,负面,负面,,False
知识区,BV1zrGi6PE9B,【最后一课】2X2联表与独立性检验！,1054414,81616,6893,18820,2559,5701,敬我们鱼死网破的胜利,,敬我们鱼死网破的胜利,1,0,4,0,0,1.0,1.0,0.0,1.0,0.25,1.0,1.0,0.0,0,0,0,0,0,0,0,1,对象评价,未明确对象,未明确方面,正面,1,0.8283500758830713,0.04671353824319598,0.12493638587373272,0.8283500758830713,正面,正面,1.0,True
知识区,BV1zrGi6PE9B,【最后一课】2X2联表与独立性检验！,1054414,81616,6893,18820,2559,5701,如果分离是注定的那么相遇是否还有意义？,,如果分离是注定的那么相遇是否还有意义？,0,0,9,0,1,0.0,0.0,0.0,0.0,0.0,0.0,0.0,0.0,0,0,0,0,0,0,0,0,无明显情感,未明确对象,未明确方面,中性,-1,0.6951020690890886,0.6951020690890886,0.2729828214990352,0.03191510941187621,负面,负面,,False
知识区,BV1zrGi6PE9B,【最后一课】2X2联表与独立性检验！,1054414,81616,6893,18820,2559,5701,完结撒花，感谢陪伴！！,,完结撒花，感谢陪伴！！,1,0,7,2,0,1.0,1.0,0.0,1.0,0.14285714285714285,1.0,1.0,0.0,0,0,0,0,0,0,0,1,对象评价,未明确对象,未明确方面,正面,1,0.9898313545870362,0.0037754151744701253,0.006393230238493783,0.9898313545870362,正面,正面,,False
知识区,BV1zrGi6PE9B,【最后一课】2X2联表与独立性检验！,1054414,81616,6893,18820,2559,5701,假设检验的知识，难道现在高中就要学了吗？我记得这是大学统计学里面的内容啊,,假设检验的知识，难道现在高中就要学了吗？我记得这是大学统计学里面的内容啊,0,0,15,0,1,0.0,0.0,0.0,0.0,0.0,0.0,0.0,0.0,0,0,0,0,0,0,0,0,无明显情感,未明确对象,理解与难度,中性,0,0.7007103846675342,0.25144225978516116,0.7007103846675342,0.047847355547304744,中性,中性,0.0,True
知识区,BV1zrGi6PE9B,【最后一课】2X2联表与独立性检验！,1054414,81616,6893,18820,2559,5701,愿大家学业有成功不唐捐  谢谢一数 小猪老师牛逼,,愿大家学业有成功不唐捐谢谢一数小猪老师牛逼,2,1,13,0,0,1.0,2.0,1.0,1.0,0.23076923076923078,1.0,2.0,1.0,0,1,0,0,0,0,0,1,对象评价,讲解者,未明确方面,混合,1,0.9400953279410778,0.021333467140438826,0.03857120491848343,0.9400953279410778,正面,正面,,False
知识区,BV1zrGi6PE9B,【最后一课】2X2联表与独立性检验！,1054414,81616,6893,18820,2559,5701,高二到此为止了,,高二到此为止了,0,0,2,0,0,0.0,0.0,0.0,0.0,0.0,0.0,0.0,0.0,0,0,0,0,0,0,0,0,无明显情感,未明确对象,未明确方面,中性,0,0.6511575859054933,0.10450044485095492,0.6511575859054933,0.2443419692435517,中性,中性,0.0,True
知识区,BV1zrGi6PE9B,【最后一课】2X2联表与独立性检验！,1054414,81616,6893,18820,2559,5701,加油 一切都会好的,,加油一切都会好的,1,0,5,0,0,1.0,1.0,0.0,1.0,0.2,1.0,1.0,0.0,0,0,0,0,0,0,0,1,对象评价,未明确对象,未明确方面,正面,1,0.9327025751379842,0.04082422413964094,0.026473200722374926,0.9327025751379842,正面,正面,,False
知识区,BV1zrGi6PE9B,【最后一课】2X2联表与独立性检验！,1054414,81616,6893,18820,2559,5701,加油  祝我们都能金榜题名,,加油祝我们都能金榜题名,1,0,6,0,0,1.0,1.0,0.0,1.0,0.16666666666666666,1.0,1.0,0.0,0,0,0,0,0,0,0,1,对象评价,未明确对象,未明确方面,正面,1,0.955826879887192,0.014081578650984354,0.03009154146182375,0.955826879887192,正面,正面,,False
知识区,BV1zrGi6PE9B,【最后一课】2X2联表与独立性检验！,1054414,81616,6893,18820,2559,5701,以上就是高中数学全部内容，很高兴认识大家,,以上就是高中数学全部内容，很高兴认识大家,1,0,9,0,0,1.5,1.5,0.0,1.5,0.1111111111111111,1.5,1.5,0.0,0,0,0,0,0,0,0,1,对象评价,课程内容,未明确方面,正面,1,0.7848764306288997,0.07371829888374731,0.141405270487353,0.7848764306288997,正面,正面,,False
知识区,BV1zrGi6PE9B,【最后一课】2X2联表与独立性检验！,1054414,81616,6893,18820,2559,5701,一轮复习加油！！！相信自己可以考上理想大学！,,一轮复习加油！！！相信自己可以考上理想大学！,2,0,13,4,0,2.0,2.0,0.0,2.0,0.15384615384615385,2.0,2.0,0.0,0,0,0,0,0,0,0,1,对象评价,未明确对象,未明确方面,正面,1,0.9854903396104069,0.0023755287958895305,0.012134131593703704,0.9854903396104069,正面,正面,,False
知识区,BV1zrGi6PE9B,【最后一课】2X2联表与独立性检验！,1054414,81616,6893,18820,2559,5701,2026高考加油,,2026高考加油,1,0,3,0,0,1.0,1.0,0.0,1.0,0.3333333333333333,1.0,1.0,0.0,0,0,0,0,0,0,0,1,对象评价,未明确对象,未明确方面,正面,1,0.9699393037072284,0.005678195748879184,0.02438250054389255,0.9699393037072284,正面,正面,,False
知识区,BV1zrGi6PE9B,【最后一课】2X2联表与独立性检验！,1054414,81616,6893,18820,2559,5701,高二完结,,高二完结,0,0,2,0,0,0.0,0.0,0.0,0.0,0.0,0.0,0.0,0.0,0,0,0,0,0,0,0,0,无明显情感,未明确对象,未明确方面,中性,1,0.554044174419556,0.04420213033036454,0.40175369525007937,0.554044174419556,正面,正面,,False
知识区,BV1zrGi6PE9B,【最后一课】2X2联表与独立性检验！,1054414,81616,6893,18820,2559,5701,再见啦！高三一定继续加油吧！,,再见啦！高三一定继续加油吧！,1,0,8,2,0,1.0,1.0,0.0,1.0,0.125,1.0,1.0,0.0,0,0,0,0,0,0,0,1,对象评价,未明确对象,未明确方面,正面,1,0.8820141033521115,0.019482054827441038,0.09850384182044752,0.8820141033521115,正面,正面,,False
知识区,BV1zrGi6PE9B,【最后一课】2X2联表与独立性检验！,1054414,81616,6893,18820,2559,5701,再见各位,,再见各位,0,0,2,0,0,0.0,0.0,0.0,0.0,0.0,0.0,0.0,0.0,0,0,0,0,0,0,0,0,无明显情感,未明确对象,未明确方面,中性,0,0.7632470852647337,0.07490362048142746,0.7632470852647337,0.16184929425383898,中性,中性,0.0,True
知识区,BV1zrGi6PE9B,【最后一课】2X2联表与独立性检验！,1054414,81616,6893,18820,2559,5701,啊,,啊,0,0,0,0,0,0.0,0.0,0.0,0.0,0.0,0.0,0.0,0.0,0,0,0,0,0,0,0,0,无明显情感,未明确对象,未明确方面,中性,-1,0.6131758128277907,0.6131758128277907,0.23364876911513738,0.1531754180570719,负面,负面,,False
知识区,BV1zrGi6PE9B,【最后一课】2X2联表与独立性检验！,1054414,81616,6893,18820,2559,5701,加油你会如愿的,,加油你会如愿的,1,0,3,0,0,1.0,1.0,0.0,1.0,0.3333333333333333,1.0,1.0,0.0,0,0,0,0,0,0,0,1,对象评价,未明确对象,未明确方面,正面,1,0.9038903717810447,0.030158953484707134,0.06595067473424812,0.9038903717810447,正面,正面,,False
知识区,BV1zrGi6PE9B,【最后一课】2X2联表与独立性检验！,1054414,81616,6893,18820,2559,5701,终于更新完了，谢谢小猪,,终于更新完了，谢谢小猪,1,1,6,0,0,0.0,1.0,1.0,0.0,0.3333333333333333,0.0,1.0,1.0,0,1,0,0,0,0,0,1,对象评价,未明确对象,未明确方面,混合,1,0.8599758605961711,0.04304263270532366,0.09698150669850522,0.8599758605961711,正面,正面,1.0,True
知识区,BV1zrGi6PE9B,【最后一课】2X2联表与独立性检验！,1054414,81616,6893,18820,2559,5701,都希望我们高考得偿所愿,,都希望我们高考得偿所愿,0,0,6,0,0,0.0,0.0,0.0,0.0,0.0,0.0,0.0,0.0,0,0,0,0,0,0,0,0,无明显情感,未明确对象,未明确方面,中性,1,0.7296809059451079,0.0598865368177006,0.21043255723719154,0.7296809059451079,正面,正面,,False
知识区,BV1zrGi6PE9B,【最后一课】2X2联表与独立性检验！,1054414,81616,6893,18820,2559,5701,干嘛呢非要放这个歌我都想哭呢,,干嘛呢非要放这个歌我都想哭呢,0,1,8,0,0,-1.0,0.0,1.0,1.0,0.125,-1.0,0.0,1.0,0,0,0,0,0,0,0,1,对象评价,未明确对象,未明确方面,负面,-1,0.8782883707052379,0.8782883707052379,0.102517051880183,0.019194577414579233,负面,负面,-1.0,True
知识区,BV1zrGi6PE9B,【最后一课】2X2联表与独立性检验！,1054414,81616,6893,18820,2559,5701,这就是最后一课了,,这就是最后一课了,0,0,3,0,0,0.0,0.0,0.0,0.0,0.0,0.0,0.0,0.0,0,0,0,0,0,0,0,0,无明显情感,未明确对象,未明确方面,中性,0,0.7521393302767131,0.15988615231666525,0.7521393302767131,0.08797451740662163,中性,中性,,False
知识区,BV1zrGi6PE9B,【最后一课】2X2联表与独立性检验！,1054414,81616,6893,18820,2559,5701,这次是真的完结了,,这次是真的完结了,0,0,2,0,0,0.0,0.0,0.0,0.0,0.0,0.0,0.0,0.0,0,0,0,0,0,0,0,0,无明显情感,未明确对象,未明确方面,中性,1,0.6471138039976472,0.19470567432691466,0.15818052167543828,0.6471138039976472,正面,正面,1.0,True
知识区,BV1zrGi6PE9B,【最后一课】2X2联表与独立性检验！,1054414,81616,6893,18820,2559,5701,2026，就是今年，厦门大学我来了,,2026，就是今年，厦门大学我来了,0,0,7,0,0,0.0,0.0,0.0,0.0,0.0,0.0,0.0,0.0,0,0,0,0,0,0,0,0,无明显情感,未明确对象,未明确方面,中性,1,0.4948369366548776,0.10033838678477985,0.4048246765603425,0.4948369366548776,正面,正面,1.0,True
知识区,BV1zrGi6PE9B,【最后一课】2X2联表与独立性检验！,1054414,81616,6893,18820,2559,5701,有何不敢,,有何不敢,0,0,2,0,0,0.0,0.0,0.0,0.0,0.0,0.0,0.0,0.0,0,0,0,0,0,0,0,0,无明显情感,未明确对象,未明确方面,中性,0,0.6553065905941072,0.1468149965085425,0.6553065905941072,0.19787841289735017,中性,中性,,False
知识区,BV1zrGi6PE9B,【最后一课】2X2联表与独立性检验！,1054414,81616,6893,18820,2559,5701,家人们，最后一课啦！,,家人们，最后一课啦！,0,0,7,1,0,0.0,0.0,0.0,0.0,0.0,0.0,0.0,0.0,0,0,0,0,0,0,0,0,无明显情感,未明确对象,未明确方面,中性,0,0.8048483921490888,0.0636862666621613,0.8048483921490888,0.1314653411887499,中性,中性,0.0,True
知识区,BV1zrGi6PE9B,【最后一课】2X2联表与独立性检验！,1054414,81616,6893,18820,2559,5701,最易懂的一集,,最易懂的一集,1,0,3,0,0,1.0,1.0,0.0,1.0,0.3333333333333333,1.0,1.0,0.0,0,0,0,0,0,0,0,1,对象评价,未明确对象,未明确方面,正面,1,0.812202892717524,0.03516587260440538,0.1526312346780706,0.812202892717524,正面,正面,,False
知识区,BV1zrGi6PE9B,【最后一课】2X2联表与独立性检验！,1054414,81616,6893,18820,2559,5701,one last class,,onelastclass,0,0,1,0,0,0.0,0.0,0.0,0.0,0.0,0.0,0.0,0.0,0,0,0,0,0,0,0,0,无明显情感,未明确对象,未明确方面,中性,0,0.6273695897137942,0.11894687661936011,0.6273695897137942,0.25368353366684565,中性,中性,,False
知识区,BV1zrGi6PE9B,【最后一课】2X2联表与独立性检验！,1054414,81616,6893,18820,2559,5701,同上，愿27深大,,同上，愿27深大,0,0,6,0,0,0.0,0.0,0.0,0.0,0.0,0.0,0.0,0.0,0,0,0,0,0,0,0,0,无明显情感,未明确对象,未明确方面,中性,1,0.759463256297137,0.06280702342479859,0.1777297202780644,0.759463256297137,正面,正面,,False
知识区,BV1zrGi6PE9B,【最后一课】2X2联表与独立性检验！,1054414,81616,6893,18820,2559,5701,祝我高考加油！顺利上岸！,,祝我高考加油！顺利上岸！,2,0,7,2,0,2.0,2.0,0.0,2.0,0.2857142857142857,2.0,2.0,0.0,0,0,0,0,0,0,0,1,对象评价,未明确对象,未明确方面,正面,1,0.9985776925883451,0.00038440588860839167,0.0010379015230465925,0.9985776925883451,正面,正面,,False
知识区,BV1zrGi6PE9B,【最后一课】2X2联表与独立性检验！,1054414,81616,6893,18820,2559,5701,火星人打卡,,火星人打卡,0,0,2,0,0,0.0,0.0,0.0,0.0,0.0,0.0,0.0,0.0,0,0,0,0,0,0,0,0,无明显情感,未明确对象,未明确方面,中性,0,0.797033525817952,0.021236387546313833,0.797033525817952,0.18173008663573423,中性,中性,,False
知识区,BV1zrGi6PE9B,【最后一课】2X2联表与独立性检验！,1054414,81616,6893,18820,2559,5701,大一爱看,,大一爱看,0,0,2,0,0,0.0,0.0,0.0,0.0,0.0,0.0,0.0,0.0,0,0,0,0,0,0,0,0,无明显情感,未明确对象,未明确方面,中性,0,0.756896090613301,0.08567895311434649,0.756896090613301,0.15742495627235253,中性,中性,,False
知识区,BV1zrGi6PE9B,【最后一课】2X2联表与独立性检验！,1054414,81616,6893,18820,2559,5701,这下是真的完结撒花了,,这下是真的完结撒花了,0,0,3,0,0,0.0,0.0,0.0,0.0,0.0,0.0,0.0,0.0,0,0,0,0,0,0,0,0,无明显情感,未明确对象,未明确方面,中性,1,0.8483867596167317,0.06800921657569989,0.08360402380756846,0.8483867596167317,正面,正面,,False
知识区,BV1zrGi6PE9B,【最后一课】2X2联表与独立性检验！,1054414,81616,6893,18820,2559,5701,四分钟前 热乎的,,四分钟前热乎的,0,0,3,0,0,0.0,0.0,0.0,0.0,0.0,0.0,0.0,0.0,0,0,0,0,0,0,0,0,无明显情感,未明确对象,未明确方面,中性,0,0.5803734713455866,0.2957357136026585,0.5803734713455866,0.12389081505175494,中性,中性,,False
知识区,BV1zrGi6PE9B,【最后一课】2X2联表与独立性检验！,1054414,81616,6893,18820,2559,5701,我先来，完结撒花,,我先来，完结撒花,0,0,4,0,0,0.0,0.0,0.0,0.0,0.0,0.0,0.0,0.0,0,0,0,0,0,0,0,0,无明显情感,未明确对象,未明确方面,中性,1,0.849666562479915,0.05730757237440681,0.09302586514567812,0.849666562479915,正面,正面,1.0,True
知识区,BV1zrGi6PE9B,【最后一课】2X2联表与独立性检验！,1054414,81616,6893,18820,2559,5701,拜拜！！,,拜拜！！,1,0,3,2,0,1.0,1.0,0.0,1.0,0.3333333333333333,1.0,1.0,0.0,0,0,0,0,0,0,0,1,对象评价,未明确对象,未明确方面,正面,1,0.9003892076779726,0.06805100400391843,0.03155978831810894,0.9003892076779726,正面,正面,,False
知识区,BV1zrGi6PE9B,【最后一课】2X2联表与独立性检验！,1054414,81616,6893,18820,2559,5701,早啊各位！！！,,早啊各位！！！,0,0,5,3,0,0.0,0.0,0.0,0.0,0.0,0.0,0.0,0.0,0,0,0,0,0,0,0,0,无明显情感,未明确对象,未明确方面,中性,1,0.5575972305922942,0.24618830996783111,0.19621445943987467,0.5575972305922942,正面,正面,,False
知识区,BV1zrGi6PE9B,【最后一课】2X2联表与独立性检验！,1054414,81616,6893,18820,2559,5701,热,,热,0,0,1,0,0,0.0,0.0,0.0,0.0,0.0,0.0,0.0,0.0,0,0,0,0,0,0,0,0,无明显情感,未明确对象,未明确方面,中性,0,0.6613337795964743,0.14035796080361848,0.6613337795964743,0.19830825959990717,中性,中性,,False
知识区,BV1zrGi6PE9B,【最后一课】2X2联表与独立性检验！,1054414,81616,6893,18820,2559,5701,距离考数学还有2小时,,距离考数学还有2小时,0,0,6,0,0,0.0,0.0,0.0,0.0,0.0,0.0,0.0,0.0,0,0,0,0,0,0,0,0,无明显情感,课程内容,未明确方面,中性,0,0.7346858071461906,0.14004476877094524,0.7346858071461906,0.1252694240828641,中性,中性,0.0,True
知识区,BV1zrGi6PE9B,【最后一课】2X2联表与独立性检验！,1054414,81616,6893,18820,2559,5701,山东27届向全国各位26届学长学姐呈上最真挚的祝福！！！！！！！！！！！！！！！！！！！！！！！！！！！！！！！！！！！！！！！！！！！！！！！！！！！！！！！！！！！！！！！！！！！！！！！！！！！,,山东27届向全国各位26届学长学姐呈上最真挚的祝福！！！！！！！！！！！！！！！！！！！！！！！！！！！！！！！！！！！！！！！！！！！！！！！！！！！！！！！！！！！！！！！！！！！！！！！！！！！,0,0,90,75,0,0.0,0.0,0.0,0.0,0.0,0.0,0.0,0.0,0,0,0,0,0,0,0,0,无明显情感,未明确对象,未明确方面,中性,1,0.999864057128183,4.895058250890235e-06,0.00013104781356611578,0.999864057128183,正面,正面,,False
知识区,BV1zrGi6PE9B,【最后一课】2X2联表与独立性检验！,1054414,81616,6893,18820,2559,5701,黄子弘凡打卡,,黄子弘凡打卡,0,0,3,0,0,0.0,0.0,0.0,0.0,0.0,0.0,0.0,0.0,0,0,0,0,0,0,0,0,无明显情感,未明确对象,未明确方面,中性,0,0.7950814447152059,0.02236275008629347,0.7950814447152059,0.18255580519850054,中性,中性,,False
知识区,BV1zrGi6PE9B,【最后一课】2X2联表与独立性检验！,1054414,81616,6893,18820,2559,5701,2026六月六号，高考加油！,,2026六月六号，高考加油！,1,0,7,1,0,1.0,1.0,0.0,1.0,0.14285714285714285,1.0,1.0,0.0,0,0,0,0,0,0,0,1,对象评价,未明确对象,未明确方面,正面,1,0.9850273667851797,0.0027876924766603983,0.012184940738159957,0.9850273667851797,正面,正面,,False
知识区,BV1zrGi6PE9B,【最后一课】2X2联表与独立性检验！,1054414,81616,6893,18820,2559,5701,从40到70,,从40到70,0,0,4,0,0,0.0,0.0,0.0,0.0,0.0,0.0,0.0,0.0,0,0,0,0,0,0,0,0,无明显情感,未明确对象,未明确方面,中性,0,0.48155340158792215,0.3764968986145892,0.48155340158792215,0.14194969979748867,中性,中性,0.0,True
知识区,BV1zrGi6PE9B,【最后一课】2X2联表与独立性检验！,1054414,81616,6893,18820,2559,5701,这就是……最后……一课,,这就是最后一课,0,0,3,0,0,0.0,0.0,0.0,0.0,0.0,0.0,0.0,0.0,0,0,0,0,0,0,0,0,无明显情感,未明确对象,未明确方面,中性,0,0.8038772674512306,0.11086983511031959,0.8038772674512306,0.08525289743844991,中性,中性,,False
知识区,BV1zrGi6PE9B,【最后一课】2X2联表与独立性检验！,1054414,81616,6893,18820,2559,5701,明天下午考，现在晚上8点半了,,明天下午考，现在晚上8点半了,0,0,8,0,0,0.0,0.0,0.0,0.0,0.0,0.0,0.0,0.0,0,0,0,0,0,0,0,0,无明显情感,未明确对象,未明确方面,中性,0,0.4954697826013377,0.12546469601806515,0.4954697826013377,0.3790655213805973,中性,中性,,False
知识区,BV1zrGi6PE9B,【最后一课】2X2联表与独立性检验！,1054414,81616,6893,18820,2559,5701,明天高考了,,明天高考了,0,0,2,0,0,0.0,0.0,0.0,0.0,0.0,0.0,0.0,0.0,0,0,0,0,0,0,0,0,无明显情感,未明确对象,未明确方面,中性,1,0.5958727329730868,0.06737918861004262,0.3367480784168705,0.5958727329730868,正面,正面,,False
知识区,BV1zrGi6PE9B,【最后一课】2X2联表与独立性检验！,1054414,81616,6893,18820,2559,5701,我要考到130！！！,,我要考到130！！！,0,0,6,3,0,0.0,0.0,0.0,0.0,0.0,0.0,0.0,0.0,0,0,0,0,0,0,0,0,无明显情感,未明确对象,未明确方面,中性,1,0.7019137343577473,0.08427670203290875,0.21380956360934397,0.7019137343577473,正面,正面,1.0,True
知识区,BV1zrGi6PE9B,【最后一课】2X2联表与独立性检验！,1054414,81616,6893,18820,2559,5701,祝大家高考数学120+,,祝大家高考数学120,0,0,5,0,0,0.0,0.0,0.0,0.0,0.0,0.0,0.0,0.0,0,0,0,0,0,0,0,0,无明显情感,课程内容,未明确方面,中性,1,0.7504073768745897,0.0582516140508761,0.19134100907453414,0.7504073768745897,正面,正面,,False
知识区,BV1zrGi6PE9B,【最后一课】2X2联表与独立性检验！,1054414,81616,6893,18820,2559,5701,2027高考大捷,,2027高考大捷,0,0,3,0,0,0.0,0.0,0.0,0.0,0.0,0.0,0.0,0.0,0,0,0,0,0,0,0,0,无明显情感,未明确对象,未明确方面,中性,1,0.6454182223678133,0.04338151901447411,0.3112002586177126,0.6454182223678133,正面,正面,,False
知识区,BV1zrGi6PE9B,【最后一课】2X2联表与独立性检验！,1054414,81616,6893,18820,2559,5701,当算出 700 的卡方，你是什么心情,,当算出700的卡方，你是什么心情,0,0,6,0,0,0.0,0.0,0.0,0.0,0.0,0.0,0.0,0.0,0,0,0,0,0,0,0,0,无明显情感,未明确对象,未明确方面,中性,0,0.6424490763522471,0.13141062268802448,0.6424490763522471,0.22614030095972842,中性,中性,,False
知识区,BV1zrGi6PE9B,【最后一课】2X2联表与独立性检验！,1054414,81616,6893,18820,2559,5701,2027武汉大学等我,,2027武汉大学等我,0,0,3,0,0,0.0,0.0,0.0,0.0,0.0,0.0,0.0,0.0,0,0,0,0,0,0,0,0,无明显情感,未明确对象,未明确方面,中性,1,0.6313966763721922,0.032712964081598926,0.33589035954620877,0.6313966763721922,正面,正面,,False
知识区,BV1zrGi6PE9B,【最后一课】2X2联表与独立性检验！,1054414,81616,6893,18820,2559,5701,明天高考加油,,明天高考加油,1,0,3,0,0,1.0,1.0,0.0,1.0,0.3333333333333333,1.0,1.0,0.0,0,0,0,0,0,0,0,1,对象评价,未明确对象,未明确方面,正面,1,0.9657250662067903,0.006407561156226242,0.02786737263698337,0.9657250662067903,正面,正面,,False
知识区,BV1zrGi6PE9B,【最后一课】2X2联表与独立性检验！,1054414,81616,6893,18820,2559,5701,高考加油呀,,高考加油呀,1,0,2,0,0,1.0,1.0,0.0,1.0,0.5,1.0,1.0,0.0,0,0,0,0,0,0,0,1,对象评价,未明确对象,未明确方面,正面,1,0.9819640928074167,0.005025399487751075,0.013010507704832223,0.9819640928074167,正面,正面,,False
知识区,BV1zrGi6PE9B,【最后一课】2X2联表与独立性检验！,1054414,81616,6893,18820,2559,5701,上完这节课就真的完结撒花了,,上完这节课就真的完结撒花了,0,0,7,0,0,0.0,0.0,0.0,0.0,0.0,0.0,0.0,0.0,0,0,0,0,0,0,0,0,无明显情感,未明确对象,未明确方面,中性,1,0.8695798969859918,0.07115342136884961,0.059266681645158685,0.8695798969859918,正面,正面,,False
知识区,BV1zrGi6PE9B,【最后一课】2X2联表与独立性检验！,1054414,81616,6893,18820,2559,5701,明天是我生日，祝各位考生旗开得胜，金榜题名    高考加油[打call][打call][打call],,明天是我生日，祝各位考生旗开得胜，金榜题名高考加油打call打call打call,1,0,17,0,0,1.0,1.0,0.0,1.0,0.058823529411764705,1.0,1.0,0.0,0,0,0,0,0,0,0,1,对象评价,未明确对象,未明确方面,正面,1,0.9643644294026591,0.01346624974121122,0.022169320856129587,0.9643644294026591,正面,正面,,False
知识区,BV1zrGi6PE9B,【最后一课】2X2联表与独立性检验！,1054414,81616,6893,18820,2559,5701,高考必胜,,高考必胜,0,0,2,0,0,0.0,0.0,0.0,0.0,0.0,0.0,0.0,0.0,0,0,0,0,0,0,0,0,无明显情感,未明确对象,未明确方面,中性,1,0.7642276799528558,0.03917981835191419,0.19659250169523002,0.7642276799528558,正面,正面,,False
知识区,BV1zrGi6PE9B,【最后一课】2X2联表与独立性检验！,1054414,81616,6893,18820,2559,5701,咩～～～～～～～～～～～～～～～,,咩,0,0,1,0,0,0.0,0.0,0.0,0.0,0.0,0.0,0.0,0.0,0,0,0,0,0,0,0,0,无明显情感,未明确对象,未明确方面,中性,0,0.6613337795964743,0.14035796080361848,0.6613337795964743,0.19830825959990717,中性,中性,,False
知识区,BV1zrGi6PE9B,【最后一课】2X2联表与独立性检验！,1054414,81616,6893,18820,2559,5701,都在认真听课啊，问什么有人没人？,,都在认真听课啊，问什么有人没人？,1,0,11,0,1,1.0,1.0,0.0,1.0,0.09090909090909091,1.0,1.0,0.0,0,0,0,0,0,0,0,1,对象评价,未明确对象,未明确方面,正面,0,0.6882250591185352,0.21373855269259318,0.6882250591185352,0.09803638818887173,中性,中性,0.0,True
知识区,BV1zrGi6PE9B,【最后一课】2X2联表与独立性检验！,1054414,81616,6893,18820,2559,5701,2026高考加油！金榜题名！成功上岸！！！,,2026高考加油！金榜题名！成功上岸！！！,2,0,11,5,0,2.0,2.0,0.0,2.0,0.18181818181818182,2.0,2.0,0.0,0,0,0,0,0,0,0,1,对象评价,未明确对象,未明确方面,正面,1,0.9986822079755944,0.00028392195864307196,0.0010338700657624954,0.9986822079755944,正面,正面,,False
知识区,BV1zrGi6PE9B,【最后一课】2X2联表与独立性检验！,1054414,81616,6893,18820,2559,5701,加油,,加油,1,0,1,0,0,1.0,1.0,0.0,1.0,1.0,1.0,1.0,0.0,0,0,0,0,0,0,0,1,对象评价,未明确对象,未明确方面,正面,1,0.9593795849733214,0.027666489544117434,0.012953925482561189,0.9593795849733214,正面,正面,1.0,True
知识区,BV1zrGi6PE9B,【最后一课】2X2联表与独立性检验！,1054414,81616,6893,18820,2559,5701,背景音乐：one last kiss,,背景音乐onelastkiss,0,0,2,0,0,0.0,0.0,0.0,0.0,0.0,0.0,0.0,0.0,0,0,0,0,0,0,0,0,无明显情感,未明确对象,未明确方面,中性,1,0.5975011936663498,0.10679677845534474,0.2957020278783054,0.5975011936663498,正面,中性,0.0,True
知识区,BV1zrGi6PE9B,【最后一课】2X2联表与独立性检验！,1054414,81616,6893,18820,2559,5701,见证历史！,,见证历史！,0,0,3,1,0,0.0,0.0,0.0,0.0,0.0,0.0,0.0,0.0,0,0,0,0,0,0,0,0,无明显情感,未明确对象,未明确方面,中性,1,0.6421716127645047,0.03579602683834938,0.32203236039714583,0.6421716127645047,正面,正面,,False
知识区,BV1zrGi6PE9B,【最后一课】2X2联表与独立性检验！,1054414,81616,6893,18820,2559,5701,加油高考数学及格,,加油高考数学及格,1,0,4,0,0,1.0,1.0,0.0,1.0,0.25,1.0,1.0,0.0,0,0,0,0,0,0,0,1,对象评价,课程内容,未明确方面,正面,1,0.9426598031989998,0.021149917506736372,0.03619027929426379,0.9426598031989998,正面,正面,,False
知识区,BV1zrGi6PE9B,【最后一课】2X2联表与独立性检验！,1054414,81616,6893,18820,2559,5701,后天高考了(ಥ﹏ಥ),,后天高考了,0,0,2,0,0,0.0,0.0,0.0,0.0,0.0,0.0,0.0,0.0,0,0,0,0,0,0,0,0,无明显情感,未明确对象,未明确方面,中性,1,0.6201444861498266,0.04968681143844326,0.3301687024117301,0.6201444861498266,正面,正面,,False
知识区,BV1zrGi6PE9B,【最后一课】2X2联表与独立性检验！,1054414,81616,6893,18820,2559,5701,再见了，所有的数学战士们,,再见了，所有的数学战士们,0,0,6,0,0,0.0,0.0,0.0,0.0,0.0,0.0,0.0,0.0,0,0,0,0,0,0,0,0,无明显情感,课程内容,未明确方面,中性,-1,0.7652075107396712,0.7652075107396712,0.18669808715467798,0.04809440210565074,负面,负面,,False
知识区,BV1zrGi6PE9B,【最后一课】2X2联表与独立性检验！,1054414,81616,6893,18820,2559,5701,台球手？,,台球手？,0,0,3,0,1,0.0,0.0,0.0,0.0,0.0,0.0,0.0,0.0,0,0,0,0,0,0,0,0,无明显情感,未明确对象,未明确方面,中性,0,0.6054536621455672,0.30302319645214887,0.6054536621455672,0.09152314140228403,中性,中性,,False
知识区,BV1zrGi6PE9B,【最后一课】2X2联表与独立性检验！,1054414,81616,6893,18820,2559,5701,26年 高二 见证历史,,26年高二见证历史,0,0,5,0,0,0.0,0.0,0.0,0.0,0.0,0.0,0.0,0.0,0,0,0,0,0,0,0,0,无明显情感,未明确对象,未明确方面,中性,0,0.5872985789662285,0.05706322186784226,0.5872985789662285,0.35563819916592926,中性,中性,,False
知识区,BV1zrGi6PE9B,【最后一课】2X2联表与独立性检验！,1054414,81616,6893,18820,2559,5701,哪吒,,哪吒,0,0,1,0,0,0.0,0.0,0.0,0.0,0.0,0.0,0.0,0.0,0,0,0,0,0,0,0,0,无明显情感,未明确对象,未明确方面,中性,0,0.6613337795964743,0.14035796080361848,0.6613337795964743,0.19830825959990717,中性,中性,,False
知识区,BV1zrGi6PE9B,【最后一课】2X2联表与独立性检验！,1054414,81616,6893,18820,2559,5701,加油加油,,加油加油,2,0,2,0,0,2.0,2.0,0.0,2.0,1.0,2.0,2.0,0.0,0,0,0,0,0,0,0,1,对象评价,未明确对象,未明确方面,正面,1,0.992671359806073,0.004498596119120101,0.002830044074807025,0.992671359806073,正面,正面,1.0,True
知识区,BV1zrGi6PE9B,【最后一课】2X2联表与独立性检验！,1054414,81616,6893,18820,2559,5701,好像听说有一次高考没给,,好像听说有一次高考没给,0,0,7,0,0,0.0,0.0,0.0,0.0,0.0,0.0,0.0,0.0,0,0,0,0,0,0,0,0,无明显情感,未明确对象,未明确方面,中性,0,0.6028791168110296,0.22419851985700087,0.6028791168110296,0.17292236333196964,中性,中性,,False
知识区,BV1zrGi6PE9B,【最后一课】2X2联表与独立性检验！,1054414,81616,6893,18820,2559,5701,2027广东财经金融系必上！！！,,2027广东财经金融系必上！！！,0,0,8,3,0,0.0,0.0,0.0,0.0,0.0,0.0,0.0,0.0,0,0,0,0,0,0,0,0,无明显情感,未明确对象,未明确方面,中性,1,0.7615130429581751,0.08723581959746765,0.15125113744435725,0.7615130429581751,正面,正面,,False
知识区,BV1zrGi6PE9B,【最后一课】2X2联表与独立性检验！,1054414,81616,6893,18820,2559,5701,华农等我,,华农等我,0,0,2,0,0,0.0,0.0,0.0,0.0,0.0,0.0,0.0,0.0,0,0,0,0,0,0,0,0,无明显情感,未明确对象,未明确方面,中性,0,0.5323767078844013,0.07213217281712665,0.5323767078844013,0.3954911192984721,中性,中性,0.0,True
知识区,BV1zrGi6PE9B,【最后一课】2X2联表与独立性检验！,1054414,81616,6893,18820,2559,5701,“字”,,字,0,0,1,0,0,0.0,0.0,0.0,0.0,0.0,0.0,0.0,0.0,0,0,0,0,0,0,0,0,无明显情感,未明确对象,未明确方面,中性,0,0.6613337795964743,0.14035796080361848,0.6613337795964743,0.19830825959990717,中性,中性,,False
知识区,BV1zrGi6PE9B,【最后一课】2X2联表与独立性检验！,1054414,81616,6893,18820,2559,5701,同甘共苦啊,,同甘共苦啊,0,0,1,0,0,0.0,0.0,0.0,0.0,0.0,0.0,0.0,0.0,0,0,0,0,0,0,0,0,无明显情感,未明确对象,未明确方面,中性,-1,0.625285076137903,0.625285076137903,0.22570802771024487,0.1490068961518522,负面,负面,,False
知识区,BV1zrGi6PE9B,【最后一课】2X2联表与独立性检验！,1054414,81616,6893,18820,2559,5701,塔仿越大就越有可能有联系,,塔仿越大就越有可能有联系,0,0,9,0,0,0.0,0.0,0.0,0.0,0.0,0.0,0.0,0.0,0,0,0,0,0,0,0,0,无明显情感,未明确对象,未明确方面,中性,-1,0.6104223192649956,0.6104223192649956,0.3136750691348426,0.0759026116001619,负面,负面,,False
知识区,BV1zrGi6PE9B,【最后一课】2X2联表与独立性检验！,1054414,81616,6893,18820,2559,5701,完结撒花！！！,,完结撒花！！！,0,0,5,3,0,0.0,0.0,0.0,0.0,0.0,0.0,0.0,0.0,0,0,0,0,0,0,0,0,无明显情感,未明确对象,未明确方面,中性,1,0.9065714911368702,0.03433517385733501,0.05909333500579486,0.9065714911368702,正面,正面,1.0,True
知识区,BV1zrGi6PE9B,【最后一课】2X2联表与独立性检验！,1054414,81616,6893,18820,2559,5701,完结撒花，2027高考加油,,完结撒花，2027高考加油,1,0,6,0,0,1.0,1.0,0.0,1.0,0.16666666666666666,1.0,1.0,0.0,0,0,0,0,0,0,0,1,对象评价,未明确对象,未明确方面,正面,1,0.9891461069045978,0.0025792898955585906,0.008274603199843704,0.9891461069045978,正面,正面,,False
知识区,BV1zrGi6PE9B,【最后一课】2X2联表与独立性检验！,1054414,81616,6893,18820,2559,5701,阿森纳是冠军,,阿森纳是冠军,0,0,2,0,0,0.0,0.0,0.0,0.0,0.0,0.0,0.0,0.0,0,0,0,0,0,0,0,0,无明显情感,未明确对象,未明确方面,中性,0,0.6785959407811517,0.20388452984411148,0.6785959407811517,0.1175195293747369,中性,中性,,False
知识区,BV1zrGi6PE9B,【最后一课】2X2联表与独立性检验！,1054414,81616,6893,18820,2559,5701,三年的东西学完了，该备战高考,,三年的东西学完了，该备战高考,0,1,7,0,0,-1.0,0.0,1.0,1.0,0.14285714285714285,-1.0,0.0,1.0,0,0,0,0,0,0,0,1,对象评价,未明确对象,未明确方面,负面,0,0.5269078417163814,0.3626784025227482,0.5269078417163814,0.11041375576087047,中性,中性,0.0,True
知识区,BV1zrGi6PE9B,【最后一课】2X2联表与独立性检验！,1054414,81616,6893,18820,2559,5701,2026高考必胜，金榜题名,,2026高考必胜，金榜题名,0,0,5,0,0,0.0,0.0,0.0,0.0,0.0,0.0,0.0,0.0,0,0,0,0,0,0,0,0,无明显情感,未明确对象,未明确方面,中性,1,0.8856932471594479,0.03944531309942178,0.07486143974113038,0.8856932471594479,正面,正面,,False
知识区,BV1zrGi6PE9B,【最后一课】2X2联表与独立性检验！,1054414,81616,6893,18820,2559,5701,2027西政！,,2027西政！,0,0,3,1,0,0.0,0.0,0.0,0.0,0.0,0.0,0.0,0.0,0,0,0,0,0,0,0,0,无明显情感,未明确对象,未明确方面,中性,1,0.7349884680280856,0.020544489122061062,0.24446704284985332,0.7349884680280856,正面,正面,,False
知识区,BV1zrGi6PE9B,【最后一课】2X2联表与独立性检验！,1054414,81616,6893,18820,2559,5701,这个公式会给的！,,这个公式会给的！,0,0,5,1,0,0.0,0.0,0.0,0.0,0.0,0.0,0.0,0.0,0,0,0,0,0,0,0,0,无明显情感,课程内容,未明确方面,中性,0,0.8667013653114694,0.03499126319873933,0.8667013653114694,0.09830737148979128,中性,中性,,False
知识区,BV1zrGi6PE9B,【最后一课】2X2联表与独立性检验！,1054414,81616,6893,18820,2559,5701,2026高考加油！,,2026高考加油！,1,0,4,1,0,1.0,1.0,0.0,1.0,0.25,1.0,1.0,0.0,0,0,0,0,0,0,0,1,对象评价,未明确对象,未明确方面,正面,1,0.9815839142324517,0.0024185461466275054,0.015997539620920802,0.9815839142324517,正面,正面,,False
知识区,BV1zrGi6PE9B,【最后一课】2X2联表与独立性检验！,1054414,81616,6893,18820,2559,5701,你高估我了，做22年的题，我还是过我的六一吧,,你高估我了，做22年的题，我还是过我的六一吧,0,0,10,0,0,0.0,0.0,0.0,0.0,0.0,0.0,0.0,0.0,0,0,0,0,0,0,0,0,无明显情感,未明确对象,未明确方面,中性,-1,0.6470658363627573,0.6470658363627573,0.2591860190578942,0.09374814457934857,负面,负面,,False
知识区,BV1zrGi6PE9B,【最后一课】2X2联表与独立性检验！,1054414,81616,6893,18820,2559,5701,？事已至此 枯阅99,,？事已至此枯阅99,0,0,4,0,1,0.0,0.0,0.0,0.0,0.0,0.0,0.0,0.0,0,0,0,0,0,0,0,0,无明显情感,未明确对象,未明确方面,中性,0,0.5652728869633578,0.24778620836045953,0.5652728869633578,0.1869409046761828,中性,中性,,False
知识区,BV1zrGi6PE9B,【最后一课】2X2联表与独立性检验！,1054414,81616,6893,18820,2559,5701,2027高考600+,,2027高考600,0,0,3,0,0,0.0,0.0,0.0,0.0,0.0,0.0,0.0,0.0,0,0,0,0,0,0,0,0,无明显情感,未明确对象,未明确方面,中性,1,0.6623307183079152,0.03818069531930827,0.2994885863727764,0.6623307183079152,正面,正面,,False
知识区,BV1zrGi6PE9B,【最后一课】2X2联表与独立性检验！,1054414,81616,6893,18820,2559,5701,妈妈,,妈妈,0,0,1,0,0,0.0,0.0,0.0,0.0,0.0,0.0,0.0,0.0,0,0,0,0,0,0,0,0,无明显情感,未明确对象,未明确方面,中性,0,0.6613337795964743,0.14035796080361848,0.6613337795964743,0.19830825959990717,中性,中性,,False
知识区,BV1zrGi6PE9B,【最后一课】2X2联表与独立性检验！,1054414,81616,6893,18820,2559,5701,2026陕西师范大学上岸,,2026陕西师范大学上岸,0,0,4,0,0,0.0,0.0,0.0,0.0,0.0,0.0,0.0,0.0,0,0,0,0,0,0,0,0,无明显情感,未明确对象,未明确方面,中性,1,0.7262246192840113,0.049863827799657943,0.22391155291633077,0.7262246192840113,正面,正面,,False
知识区,BV1zrGi6PE9B,【最后一课】2X2联表与独立性检验！,1054414,81616,6893,18820,2559,5701,谢谢您，金榜题名，上岸深大,,谢谢您，金榜题名，上岸深大,1,0,6,0,0,1.0,1.0,0.0,1.0,0.16666666666666666,1.0,1.0,0.0,0,0,0,0,0,0,0,1,对象评价,未明确对象,未明确方面,正面,1,0.9589701681611642,0.023567487916183846,0.017462343922652092,0.9589701681611642,正面,正面,,False
知识区,BV1zrGi6PE9B,【最后一课】2X2联表与独立性检验！,1054414,81616,6893,18820,2559,5701,老谢，加油！,,老谢，加油！,1,0,4,1,0,1.0,1.0,0.0,1.0,0.25,1.0,1.0,0.0,0,0,0,0,0,0,0,1,对象评价,未明确对象,未明确方面,正面,1,0.9615309104914722,0.011465289993982152,0.02700379951454554,0.9615309104914722,正面,正面,,False
知识区,BV1zrGi6PE9B,【最后一课】2X2联表与独立性检验！,1054414,81616,6893,18820,2559,5701,我想考人大,,我想考人大,0,0,2,0,0,0.0,0.0,0.0,0.0,0.0,0.0,0.0,0.0,0,0,0,0,0,0,0,0,无明显情感,未明确对象,未明确方面,中性,0,0.6553065905941072,0.1468149965085425,0.6553065905941072,0.19787841289735017,中性,中性,,False
知识区,BV1zrGi6PE9B,【最后一课】2X2联表与独立性检验！,1054414,81616,6893,18820,2559,5701,2027高考加油!!,,2027高考加油!!,1,0,5,2,0,1.0,1.0,0.0,1.0,0.2,1.0,1.0,0.0,0,0,0,0,0,0,0,1,对象评价,未明确对象,未明确方面,正面,1,0.946448627531632,0.006506390649924705,0.04704498181844329,0.946448627531632,正面,正面,,False
知识区,BV1zrGi6PE9B,【最后一课】2X2联表与独立性检验！,1054414,81616,6893,18820,2559,5701,高考加油顺顺利利，如愿以偿，我要去沿海城市！！！,,高考加油顺顺利利，如愿以偿，我要去沿海城市！！！,2,0,13,3,0,2.0,2.0,0.0,2.0,0.15384615384615385,2.0,2.0,0.0,0,0,0,0,0,0,0,1,对象评价,未明确对象,未明确方面,正面,1,0.9965734191848553,0.0018733253058935374,0.0015532555092511915,0.9965734191848553,正面,正面,,False
知识区,BV1zrGi6PE9B,【最后一课】2X2联表与独立性检验！,1054414,81616,6893,18820,2559,5701,说什么呢，我们的青春才刚刚开始！,,说什么呢，我们的青春才刚刚开始！,0,0,8,1,0,0.0,0.0,0.0,0.0,0.0,0.0,0.0,0.0,0,0,0,0,0,0,0,0,无明显情感,未明确对象,未明确方面,中性,1,0.443289900258611,0.30778892152206005,0.24892117821932896,0.443289900258611,正面,正面,1.0,True
知识区,BV1zrGi6PE9B,【最后一课】2X2联表与独立性检验！,1054414,81616,6893,18820,2559,5701,2027高考大捷！！！,,2027高考大捷！！！,0,0,6,3,0,0.0,0.0,0.0,0.0,0.0,0.0,0.0,0.0,0,0,0,0,0,0,0,0,无明显情感,未明确对象,未明确方面,中性,1,0.8260091687193273,0.04207969680073687,0.1319111344799359,0.8260091687193273,正面,正面,,False
知识区,BV1zrGi6PE9B,【最后一课】2X2联表与独立性检验！,1054414,81616,6893,18820,2559,5701,[前方高能],,前方高能,1,0,2,0,0,1.0,1.0,0.0,1.0,0.5,1.0,1.0,0.0,0,0,0,0,0,0,0,1,对象评价,未明确对象,未明确方面,正面,0,0.8171634966915629,0.05433382127643877,0.8171634966915629,0.12850268203199836,中性,中性,0.0,True
知识区,BV1zrGi6PE9B,【最后一课】2X2联表与独立性检验！,1054414,81616,6893,18820,2559,5701,高考上岸本一 加油！,,高考上岸本一加油！,1,0,5,1,0,1.0,1.0,0.0,1.0,0.2,1.0,1.0,0.0,0,0,0,0,0,0,0,1,对象评价,未明确对象,未明确方面,正面,1,0.9933868399163718,0.0009751281102885736,0.00563803197333964,0.9933868399163718,正面,正面,,False
知识区,BV1zrGi6PE9B,【最后一课】2X2联表与独立性检验！,1054414,81616,6893,18820,2559,5701,东师附中8班林文晫在不在,,东师附中8班林文晫在不在,0,0,8,0,0,0.0,0.0,0.0,0.0,0.0,0.0,0.0,0.0,0,0,0,0,0,0,0,0,无明显情感,未明确对象,未明确方面,中性,-1,0.6949816313193313,0.6949816313193313,0.27377335291537747,0.031245015765291127,负面,中性,0.0,True
知识区,BV1zrGi6PE9B,【最后一课】2X2联表与独立性检验！,1054414,81616,6893,18820,2559,5701,获得成就:青春永不落幕,,获得成就青春永不落幕,0,0,5,0,0,0.0,0.0,0.0,0.0,0.0,0.0,0.0,0.0,0,0,0,0,0,0,0,0,无明显情感,未明确对象,未明确方面,中性,1,0.5833476368733829,0.1417786978580968,0.2748736652685203,0.5833476368733829,正面,正面,1.0,True
知识区,BV1zrGi6PE9B,【最后一课】2X2联表与独立性检验！,1054414,81616,6893,18820,2559,5701,2026.5月31日通关，愿2027高考上岸,,2026.5月31日通关，愿2027高考上岸,0,0,10,0,0,0.0,0.0,0.0,0.0,0.0,0.0,0.0,0.0,0,0,0,0,0,0,0,0,无明显情感,未明确对象,未明确方面,中性,1,0.8736357189316077,0.030517377802793663,0.09584690326559862,0.8736357189316077,正面,正面,,False
知识区,BV1zrGi6PE9B,【最后一课】2X2联表与独立性检验！,1054414,81616,6893,18820,2559,5701,26清华！！！,,26清华！！！,0,0,5,3,0,0.0,0.0,0.0,0.0,0.0,0.0,0.0,0.0,0,0,0,0,0,0,0,0,无明显情感,未明确对象,未明确方面,中性,1,0.6280699301105754,0.1943475678664748,0.17758250202294976,0.6280699301105754,正面,正面,,False
知识区,BV1zrGi6PE9B,【最后一课】2X2联表与独立性检验！,1054414,81616,6893,18820,2559,5701,巴黎欧冠,,巴黎欧冠,0,0,2,0,0,0.0,0.0,0.0,0.0,0.0,0.0,0.0,0.0,0,0,0,0,0,0,0,0,无明显情感,未明确对象,未明确方面,中性,0,0.6553065905941072,0.1468149965085425,0.6553065905941072,0.19787841289735017,中性,中性,,False
知识区,BV1zrGi6PE9B,【最后一课】2X2联表与独立性检验！,1054414,81616,6893,18820,2559,5701,嘿嘿,,嘿嘿,0,0,1,0,0,0.0,0.0,0.0,0.0,0.0,0.0,0.0,0.0,0,0,0,0,0,0,0,0,无明显情感,未明确对象,未明确方面,中性,0,0.6613337795964743,0.14035796080361848,0.6613337795964743,0.19830825959990717,中性,中性,,False
知识区,BV1zrGi6PE9B,【最后一课】2X2联表与独立性检验！,1054414,81616,6893,18820,2559,5701,还有7天！加油！,,还有7天！加油！,1,0,6,2,0,1.0,1.0,0.0,1.0,0.16666666666666666,1.0,1.0,0.0,0,0,0,0,0,0,0,1,对象评价,未明确对象,未明确方面,正面,1,0.9494722347245502,0.004761494993064968,0.04576627028238491,0.9494722347245502,正面,正面,,False
知识区,BV1zrGi6PE9B,【最后一课】2X2联表与独立性检验！,1054414,81616,6893,18820,2559,5701,2027厦门大学等我,,2027厦门大学等我,0,0,3,0,0,0.0,0.0,0.0,0.0,0.0,0.0,0.0,0.0,0,0,0,0,0,0,0,0,无明显情感,未明确对象,未明确方面,中性,1,0.6313966763721922,0.032712964081598926,0.33589035954620877,0.6313966763721922,正面,正面,,False
知识区,BV1zrGi6PE9B,【最后一课】2X2联表与独立性检验！,1054414,81616,6893,18820,2559,5701,真的很感谢一数,,真的很感谢一数,1,0,3,0,0,1.4,1.4,0.0,1.4,0.3333333333333333,1.4,1.4,0.0,0,0,0,0,0,0,0,1,对象评价,未明确对象,未明确方面,正面,1,0.8948544532138603,0.04429504953050378,0.060850497255635946,0.8948544532138603,正面,正面,,False
知识区,BV1zrGi6PE9B,【最后一课】2X2联表与独立性检验！,1054414,81616,6893,18820,2559,5701,2027中国海洋大学大气科学专业等我！！！,,2027中国海洋大学大气科学专业等我！！！,2,0,10,3,0,2.0,2.0,0.0,2.0,0.2,2.0,2.0,0.0,0,0,0,0,0,0,0,1,对象评价,未明确对象,未明确方面,正面,1,0.9906703363559912,0.0028442074977349623,0.006485456146273889,0.9906703363559912,正面,正面,,False
知识区,BV1zrGi6PE9B,【最后一课】2X2联表与独立性检验！,1054414,81616,6893,18820,2559,5701,只要到达那个地方……,,只要到达那个地方,0,0,4,0,0,0.0,0.0,0.0,0.0,0.0,0.0,0.0,0.0,0,0,0,0,0,0,0,0,无明显情感,未明确对象,未明确方面,中性,0,0.5950089919212752,0.19415221985068523,0.5950089919212752,0.2108387882280395,中性,中性,,False
知识区,BV1zrGi6PE9B,【最后一课】2X2联表与独立性检验！,1054414,81616,6893,18820,2559,5701,上面的你是说让小猪做大学数学的课吗？,,上面的你是说让小猪做大学数学的课吗？,0,0,9,0,1,0.0,0.0,0.0,0.0,0.0,0.0,0.0,0.0,0,0,0,0,0,0,0,0,无明显情感,课程内容,未明确方面,中性,-1,0.5488494150521265,0.5488494150521265,0.3028999778932933,0.14825060705458024,负面,负面,,False
知识区,BV1zrGi6PE9B,【最后一课】2X2联表与独立性检验！,1054414,81616,6893,18820,2559,5701,邪魅一笑,,邪魅一笑,0,0,2,0,0,0.0,0.0,0.0,0.0,0.0,0.0,0.0,0.0,0,0,0,0,0,0,0,0,无明显情感,未明确对象,未明确方面,中性,0,0.6553065905941072,0.1468149965085425,0.6553065905941072,0.19787841289735017,中性,中性,,False
知识区,BV1zrGi6PE9B,【最后一课】2X2联表与独立性检验！,1054414,81616,6893,18820,2559,5701,27届,,27届,0,0,2,0,0,0.0,0.0,0.0,0.0,0.0,0.0,0.0,0.0,0,0,0,0,0,0,0,0,无明显情感,未明确对象,未明确方面,中性,0,0.5674910827231009,0.08256543247489019,0.5674910827231009,0.34994348480200893,中性,中性,,False
知识区,BV1zrGi6PE9B,【最后一课】2X2联表与独立性检验！,1054414,81616,6893,18820,2559,5701,高三我来了！,,高三我来了！,0,0,3,1,0,0.0,0.0,0.0,0.0,0.0,0.0,0.0,0.0,0,0,0,0,0,0,0,0,无明显情感,未明确对象,未明确方面,中性,0,0.6872198352344561,0.04773234625785397,0.6872198352344561,0.26504781850768994,中性,中性,,False
知识区,BV1zrGi6PE9B,【最后一课】2X2联表与独立性检验！,1054414,81616,6893,18820,2559,5701,再见啦，一数，此生不忘一数,,再见啦，一数，此生不忘一数,0,0,9,0,0,0.0,0.0,0.0,0.0,0.0,0.0,0.0,0.0,0,0,0,0,0,0,0,0,无明显情感,未明确对象,未明确方面,中性,-1,0.6214467409390952,0.6214467409390952,0.3049394349636161,0.0736138240972886,负面,负面,,False
知识区,BV1zrGi6PE9B,【最后一课】2X2联表与独立性检验！,1054414,81616,6893,18820,2559,5701,高考566+,,高考566,0,0,2,0,0,0.0,0.0,0.0,0.0,0.0,0.0,0.0,0.0,0,0,0,0,0,0,0,0,无明显情感,未明确对象,未明确方面,中性,1,0.5739203352577544,0.021355496117642182,0.4047241686246034,0.5739203352577544,正面,正面,,False
知识区,BV1zrGi6PE9B,【最后一课】2X2联表与独立性检验！,1054414,81616,6893,18820,2559,5701,2026高考必胜,,2026高考必胜,0,0,3,0,0,0.0,0.0,0.0,0.0,0.0,0.0,0.0,0.0,0,0,0,0,0,0,0,0,无明显情感,未明确对象,未明确方面,中性,1,0.8082821644193193,0.03393548369849292,0.15778235188218775,0.8082821644193193,正面,正面,,False
知识区,BV1zrGi6PE9B,【最后一课】2X2联表与独立性检验！,1054414,81616,6893,18820,2559,5701,27届高考上岸,,27届高考上岸,0,0,4,0,0,0.0,0.0,0.0,0.0,0.0,0.0,0.0,0.0,0,0,0,0,0,0,0,0,无明显情感,未明确对象,未明确方面,中性,1,0.8062750745364882,0.025764777051838286,0.1679601484116736,0.8062750745364882,正面,正面,,False
知识区,BV1zrGi6PE9B,【最后一课】2X2联表与独立性检验！,1054414,81616,6893,18820,2559,5701,2027高考我们皆上岸,,2027高考我们皆上岸,0,0,5,0,0,0.0,0.0,0.0,0.0,0.0,0.0,0.0,0.0,0,0,0,0,0,0,0,0,无明显情感,未明确对象,未明确方面,中性,1,0.8030752731859682,0.027657989751935418,0.16926673706209638,0.8030752731859682,正面,正面,,False
知识区,BV1zrGi6PE9B,【最后一课】2X2联表与独立性检验！,1054414,81616,6893,18820,2559,5701,什么，是魏延？势魏延！,,什么，是魏延？势魏延！,0,0,7,1,1,0.0,0.0,0.0,0.0,0.0,0.0,0.0,0.0,0,0,0,0,0,0,0,0,无明显情感,未明确对象,未明确方面,中性,-1,0.46971047472417127,0.46971047472417127,0.4333426889061699,0.09694683636965894,负面,负面,,False
知识区,BV1zrGi6PE9B,【最后一课】2X2联表与独立性检验！,1054414,81616,6893,18820,2559,5701,支持马刺,,支持马刺,1,0,2,0,0,1.0,1.0,0.0,1.0,0.5,1.0,1.0,0.0,0,0,0,0,0,1,0,1,对象评价+立场,未明确对象,未明确方面,正面,1,0.5435532370587319,0.08688392802454878,0.3695628349167194,0.5435532370587319,正面,中性,0.0,True
知识区,BV1zrGi6PE9B,【最后一课】2X2联表与独立性检验！,1054414,81616,6893,18820,2559,5701,2027年山大上岸,,2027年山大上岸,0,0,3,0,0,0.0,0.0,0.0,0.0,0.0,0.0,0.0,0.0,0,0,0,0,0,0,0,0,无明显情感,未明确对象,未明确方面,中性,1,0.7569731021435124,0.039329422153824775,0.20369747570266275,0.7569731021435124,正面,正面,,False
知识区,BV1zrGi6PE9B,【最后一课】2X2联表与独立性检验！,1054414,81616,6893,18820,2559,5701,祝各位高考加油,,祝各位高考加油,1,0,4,0,0,1.0,1.0,0.0,1.0,0.25,1.0,1.0,0.0,0,0,0,0,0,0,0,1,对象评价,未明确对象,未明确方面,正面,1,0.9613840962818601,0.0039766317301414816,0.03463927198799842,0.9613840962818601,正面,正面,,False
知识区,BV1zrGi6PE9B,【最后一课】2X2联表与独立性检验！,1054414,81616,6893,18820,2559,5701,学长学姐高考加油！！！,,学长学姐高考加油！！！,1,0,7,3,0,1.0,1.0,0.0,1.0,0.14285714285714285,1.0,1.0,0.0,0,0,0,0,0,0,0,1,对象评价,未明确对象,未明确方面,正面,1,0.9685834048277872,0.010508508657083934,0.020908086515128977,0.9685834048277872,正面,正面,,False
知识区,BV1zrGi6PE9B,【最后一课】2X2联表与独立性检验！,1054414,81616,6893,18820,2559,5701,如果你看见这个弹幕，你明天会非常好运（记住一定要传四个视频）,,如果你看见这个弹幕，你明天会非常好运记住一定要传四个视频,1,0,14,0,0,1.0,1.0,0.0,1.0,0.07142857142857142,1.0,1.0,0.0,0,0,0,0,0,0,0,1,对象评价,视频内容,未明确方面,正面,1,0.8585403801622022,0.04684935727686376,0.09461026256093402,0.8585403801622022,正面,正面,,False
知识区,BV1zrGi6PE9B,【最后一课】2X2联表与独立性检验！,1054414,81616,6893,18820,2559,5701,香港大学等我！！！,,香港大学等我！！！,0,0,5,3,0,0.0,0.0,0.0,0.0,0.0,0.0,0.0,0.0,0,0,0,0,0,0,0,0,无明显情感,未明确对象,未明确方面,中性,1,0.708310644336962,0.09568813069234446,0.19600122497069347,0.708310644336962,正面,正面,,False
知识区,BV1zrGi6PE9B,【最后一课】2X2联表与独立性检验！,1054414,81616,6893,18820,2559,5701,2027，我要上630,,2027，我要上630,0,0,5,0,0,0.0,0.0,0.0,0.0,0.0,0.0,0.0,0.0,0,0,0,0,0,0,0,0,无明显情感,未明确对象,未明确方面,中性,1,0.7409949411568888,0.04702146247910684,0.21198359636400443,0.7409949411568888,正面,正面,,False
知识区,BV1zrGi6PE9B,【最后一课】2X2联表与独立性检验！,1054414,81616,6893,18820,2559,5701,谢谢一数,,谢谢一数,1,0,2,0,0,1.0,1.0,0.0,1.0,0.5,1.0,1.0,0.0,0,0,0,0,0,0,0,1,对象评价,未明确对象,未明确方面,正面,1,0.8204038130057112,0.0423569869351281,0.13723920005916063,0.8204038130057112,正面,正面,,False
知识区,BV1zrGi6PE9B,【最后一课】2X2联表与独立性检验！,1054414,81616,6893,18820,2559,5701,一轮复习，启动,,一轮复习，启动,0,0,4,0,0,0.0,0.0,0.0,0.0,0.0,0.0,0.0,0.0,0,0,0,0,0,0,0,0,无明显情感,未明确对象,未明确方面,中性,0,0.7881497775779459,0.10240595320418915,0.7881497775779459,0.109444269217865,中性,中性,,False
知识区,BV1zrGi6PE9B,【最后一课】2X2联表与独立性检验！,1054414,81616,6893,18820,2559,5701,460＋,,460,0,0,1,0,0,0.0,0.0,0.0,0.0,0.0,0.0,0.0,0.0,0,0,0,0,0,0,0,0,无明显情感,未明确对象,未明确方面,中性,0,0.5279912143682277,0.17215290214786685,0.5279912143682277,0.29985588348390535,中性,中性,,False
知识区,BV1zrGi6PE9B,【最后一课】2X2联表与独立性检验！,1054414,81616,6893,18820,2559,5701,叩谢数皇,,叩谢数皇,0,0,2,0,0,0.0,0.0,0.0,0.0,0.0,0.0,0.0,0.0,0,0,0,0,0,0,0,0,无明显情感,未明确对象,未明确方面,中性,0,0.6553065905941072,0.1468149965085425,0.6553065905941072,0.19787841289735017,中性,中性,,False
知识区,BV1zrGi6PE9B,【最后一课】2X2联表与独立性检验！,1054414,81616,6893,18820,2559,5701,感谢一路陪伴,,感谢一路陪伴,1,0,3,0,0,1.0,1.0,0.0,1.0,0.3333333333333333,1.0,1.0,0.0,0,0,0,0,0,0,0,1,对象评价,未明确对象,未明确方面,正面,1,0.8661497120802283,0.08026895474716712,0.05358133317260446,0.8661497120802283,正面,正面,,False
知识区,BV1zrGi6PE9B,【最后一课】2X2联表与独立性检验！,1054414,81616,6893,18820,2559,5701,《I'm sorry》,,Imsorry,0,0,1,0,0,0.0,0.0,0.0,0.0,0.0,0.0,0.0,0.0,0,0,0,0,0,0,0,0,无明显情感,未明确对象,未明确方面,中性,0,0.6613337795964743,0.14035796080361848,0.6613337795964743,0.19830825959990717,中性,中性,,False
知识区,BV1zrGi6PE9B,【最后一课】2X2联表与独立性检验！,1054414,81616,6893,18820,2559,5701,西决G7马刺必须大胜,,西决G7马刺必须大胜,0,0,5,0,0,0.0,0.0,0.0,0.0,0.0,0.0,0.0,0.0,0,0,0,0,0,0,0,0,无明显情感,未明确对象,未明确方面,中性,0,0.6361716333369394,0.16765974534753447,0.6361716333369394,0.1961686213155261,中性,中性,,False
知识区,BV1zrGi6PE9B,【最后一课】2X2联表与独立性检验！,1054414,81616,6893,18820,2559,5701,开始一轮复习,,开始一轮复习,0,0,3,0,0,0.0,0.0,0.0,0.0,0.0,0.0,0.0,0.0,0,0,0,0,0,0,0,0,无明显情感,未明确对象,未明确方面,中性,0,0.916463416197419,0.027090423356371268,0.916463416197419,0.05644616044620963,中性,中性,,False
知识区,BV1zrGi6PE9B,【最后一课】2X2联表与独立性检验！,1054414,81616,6893,18820,2559,5701,2027南京大学等我,,2027南京大学等我,0,0,3,0,0,0.0,0.0,0.0,0.0,0.0,0.0,0.0,0.0,0,0,0,0,0,0,0,0,无明显情感,未明确对象,未明确方面,中性,1,0.6313966763721922,0.032712964081598926,0.33589035954620877,0.6313966763721922,正面,正面,,False
知识区,BV1zrGi6PE9B,【最后一课】2X2联表与独立性检验！,1054414,81616,6893,18820,2559,5701,211,,211,0,0,1,0,0,0.0,0.0,0.0,0.0,0.0,0.0,0.0,0.0,0,0,0,0,0,0,0,0,无明显情感,未明确对象,未明确方面,中性,0,0.6904168092982436,0.07939976528442697,0.6904168092982436,0.23018342541732945,中性,中性,,False
知识区,BV1zrGi6PE9B,【最后一课】2X2联表与独立性检验！,1054414,81616,6893,18820,2559,5701,金榜题名,,金榜题名,0,0,1,0,0,0.0,0.0,0.0,0.0,0.0,0.0,0.0,0.0,0,0,0,0,0,0,0,0,无明显情感,未明确对象,未明确方面,中性,1,0.5947169303869921,0.1093670131326794,0.2959160564803285,0.5947169303869921,正面,正面,,False
知识区,BV1zrGi6PE9B,【最后一课】2X2联表与独立性检验！,1054414,81616,6893,18820,2559,5701,简称H0必定是两者无关，X2＞H0就H0不成立，反之成立,,简称H0必定是两者无关，X2H0就H0不成立，反之成立,0,0,14,0,0,0.0,0.0,0.0,0.0,0.0,0.0,0.0,0.0,0,0,0,0,0,0,0,0,无明显情感,未明确对象,未明确方面,中性,-1,0.8394734291918713,0.8394734291918713,0.12391456517837951,0.03661200562974923,负面,负面,,False
知识区,BV1zrGi6PE9B,【最后一课】2X2联表与独立性检验！,1054414,81616,6893,18820,2559,5701,致青春,,致青春,0,0,2,0,0,0.0,0.0,0.0,0.0,0.0,0.0,0.0,0.0,0,0,0,0,0,0,0,0,无明显情感,未明确对象,未明确方面,中性,0,0.4770306313372629,0.27229904901559443,0.4770306313372629,0.2506703196471426,中性,中性,0.0,True
知识区,BV1zrGi6PE9B,【最后一课】2X2联表与独立性检验！,1054414,81616,6893,18820,2559,5701,2027中大,,2027中大,0,0,2,0,0,0.0,0.0,0.0,0.0,0.0,0.0,0.0,0.0,0,0,0,0,0,0,0,0,无明显情感,未明确对象,未明确方面,中性,1,0.49197526462703967,0.05369505600340385,0.45432967936955654,0.49197526462703967,正面,中性,0.0,True
知识区,BV1zrGi6PE9B,【最后一课】2X2联表与独立性检验！,1054414,81616,6893,18820,2559,5701,英语书第四单元最后一个黑体单词？,,英语书第四单元最后一个黑体单词？,0,0,7,0,1,0.0,0.0,0.0,0.0,0.0,0.0,0.0,0.0,0,0,0,0,0,0,0,0,无明显情感,未明确对象,未明确方面,中性,0,0.727403082585136,0.21389490392546154,0.727403082585136,0.058702013489402426,中性,中性,,False
知识区,BV1zrGi6PE9B,【最后一课】2X2联表与独立性检验！,1054414,81616,6893,18820,2559,5701,我们绝不投降！ WE SHALL NEVEL SURRENDER ! ! !,,我们绝不投降！WESHALLNEVELSURRENDER!!!,0,0,8,4,0,0.0,0.0,0.0,0.0,0.0,0.0,0.0,0.0,0,0,0,0,0,0,0,0,无明显情感,未明确对象,未明确方面,中性,0,0.5139667175694144,0.06396868724212278,0.5139667175694144,0.4220645951884629,中性,中性,,False
知识区,BV1zrGi6PE9B,【最后一课】2X2联表与独立性检验！,1054414,81616,6893,18820,2559,5701,复数,,复数,0,0,1,0,0,0.0,0.0,0.0,0.0,0.0,0.0,0.0,0.0,0,0,0,0,0,0,0,0,无明显情感,未明确对象,未明确方面,中性,0,0.6613337795964743,0.14035796080361848,0.6613337795964743,0.19830825959990717,中性,中性,,False
知识区,BV1zrGi6PE9B,【最后一课】2X2联表与独立性检验！,1054414,81616,6893,18820,2559,5701,同志们，2027年，你我顶峰相见,,同志们，2027年，你我顶峰相见,0,0,8,0,0,0.0,0.0,0.0,0.0,0.0,0.0,0.0,0.0,0,0,0,0,0,0,0,0,无明显情感,未明确对象,未明确方面,中性,1,0.6282135579926196,0.08640164110244104,0.2853848009049394,0.6282135579926196,正面,正面,,False
知识区,BV1zrGi6PE9B,【最后一课】2X2联表与独立性检验！,1054414,81616,6893,18820,2559,5701,高考620！,,高考620！,0,0,3,1,0,0.0,0.0,0.0,0.0,0.0,0.0,0.0,0.0,0,0,0,0,0,0,0,0,无明显情感,未明确对象,未明确方面,中性,1,0.7992641535597541,0.011006943796007668,0.18972890264423825,0.7992641535597541,正面,正面,,False
知识区,BV1zrGi6PE9B,【最后一课】2X2联表与独立性检验！,1054414,81616,6893,18820,2559,5701,2027高考必胜！,,2027高考必胜！,0,0,4,1,0,0.0,0.0,0.0,0.0,0.0,0.0,0.0,0.0,0,0,0,0,0,0,0,0,无明显情感,未明确对象,未明确方面,中性,1,0.862907859967865,0.018811969065723504,0.11828017096641147,0.862907859967865,正面,正面,,False
知识区,BV1zrGi6PE9B,【最后一课】2X2联表与独立性检验！,1054414,81616,6893,18820,2559,5701,还有八天了,,还有八天了,0,0,2,0,0,0.0,0.0,0.0,0.0,0.0,0.0,0.0,0.0,0,0,0,0,0,0,0,0,无明显情感,未明确对象,未明确方面,中性,0,0.6698834482905,0.16857838948646747,0.6698834482905,0.16153816222303255,中性,中性,,False
知识区,BV1zrGi6PE9B,【最后一课】2X2联表与独立性检验！,1054414,81616,6893,18820,2559,5701,29.5.29看完，愿我高考大捷，无怨无悔,,29.5.29看完，愿我高考大捷，无怨无悔,0,0,11,0,0,0.0,0.0,0.0,0.0,0.0,0.0,0.0,0.0,0,0,0,0,0,0,0,0,无明显情感,未明确对象,未明确方面,中性,1,0.6690186729795604,0.09315319455619572,0.23782813246424384,0.6690186729795604,正面,正面,1.0,True
知识区,BV1zrGi6PE9B,【最后一课】2X2联表与独立性检验！,1054414,81616,6893,18820,2559,5701,祝大家高考必胜！,,祝大家高考必胜！,0,0,5,1,0,0.0,0.0,0.0,0.0,0.0,0.0,0.0,0.0,0,0,0,0,0,0,0,0,无明显情感,未明确对象,未明确方面,中性,1,0.8801203579348827,0.013603888746842003,0.1062757533182753,0.8801203579348827,正面,正面,,False
知识区,BV1zrGi6PE9B,【最后一课】2X2联表与独立性检验！,1054414,81616,6893,18820,2559,5701,有,,有,0,0,1,0,0,0.0,0.0,0.0,0.0,0.0,0.0,0.0,0.0,0,0,0,0,0,0,0,0,无明显情感,未明确对象,未明确方面,中性,-1,0.590840394009055,0.590840394009055,0.33522792908160753,0.07393167690933751,负面,负面,,False
知识区,BV1zrGi6PE9B,【最后一课】2X2联表与独立性检验！,1054414,81616,6893,18820,2559,5701,是的，样本越多越不容易犯错误,,是的，样本越多越不容易犯错误,0,2,6,0,0,-2.0,0.0,2.0,2.0,0.3333333333333333,-2.0,0.0,2.0,0,0,0,0,0,0,0,1,对象评价,未明确对象,未明确方面,负面,-1,0.8889280633752608,0.8889280633752608,0.10490699773209211,0.006164938892647153,负面,负面,,False
知识区,BV1zrGi6PE9B,【最后一课】2X2联表与独立性检验！,1054414,81616,6893,18820,2559,5701,完结撒花，再见！,,完结撒花，再见！,0,0,5,1,0,0.0,0.0,0.0,0.0,0.0,0.0,0.0,0.0,0,0,0,0,0,0,0,0,无明显情感,未明确对象,未明确方面,中性,1,0.8340032682963564,0.04362430843606193,0.12237242326758171,0.8340032682963564,正面,正面,,False
知识区,BV1zrGi6PE9B,【最后一课】2X2联表与独立性检验！,1054414,81616,6893,18820,2559,5701,2027哈工程上岸,,2027哈工程上岸,0,0,4,0,0,0.0,0.0,0.0,0.0,0.0,0.0,0.0,0.0,0,0,0,0,0,0,0,0,无明显情感,未明确对象,未明确方面,中性,1,0.7318640757765232,0.040012449744463705,0.22812347447901293,0.7318640757765232,正面,正面,,False
知识区,BV1zrGi6PE9B,【最后一课】2X2联表与独立性检验！,1054414,81616,6893,18820,2559,5701,没有26届高考的了吗,,没有26届高考的了吗,0,0,4,0,0,0.0,0.0,0.0,0.0,0.0,0.0,0.0,0.0,0,0,0,0,0,0,0,0,无明显情感,未明确对象,未明确方面,中性,0,0.5480064024310983,0.1498829494002235,0.5480064024310983,0.30211064816867816,中性,中性,,False
知识区,BV1zrGi6PE9B,【最后一课】2X2联表与独立性检验！,1054414,81616,6893,18820,2559,5701,高考加油，上岸,,高考加油，上岸,1,0,4,0,0,1.0,1.0,0.0,1.0,0.25,1.0,1.0,0.0,0,0,0,0,0,0,0,1,对象评价,未明确对象,未明确方面,正面,1,0.982864881608088,0.004768805024543548,0.012366313367368396,0.982864881608088,正面,正面,,False
知识区,BV1zrGi6PE9B,【最后一课】2X2联表与独立性检验！,1054414,81616,6893,18820,2559,5701,“当你全部看完了它，你会变成数学的热情小哈”,,当你全部看完了它，你会变成数学的热情小哈,0,1,10,0,0,-1.0,0.0,1.0,1.0,0.1,-1.0,0.0,1.0,0,0,0,0,0,0,0,1,对象评价,课程内容,未明确方面,负面,0,0.5223150874159507,0.21183576660800998,0.5223150874159507,0.26584914597603937,中性,正面,1.0,True
知识区,BV1zrGi6PE9B,【最后一课】2X2联表与独立性检验！,1054414,81616,6893,18820,2559,5701,祁煜老婆打卡,,祁煜老婆打卡,0,0,3,0,0,0.0,0.0,0.0,0.0,0.0,0.0,0.0,0.0,0,0,0,0,0,0,0,0,无明显情感,未明确对象,未明确方面,中性,0,0.7950814447152059,0.02236275008629347,0.7950814447152059,0.18255580519850054,中性,中性,,False
知识区,BV1zrGi6PE9B,【最后一课】2X2联表与独立性检验！,1054414,81616,6893,18820,2559,5701,会赢的,,会赢的,0,0,2,0,0,0.0,0.0,0.0,0.0,0.0,0.0,0.0,0.0,0,0,0,0,0,0,0,0,无明显情感,未明确对象,比赛表现,中性,0,0.6429516554590433,0.11798207424929753,0.6429516554590433,0.2390662702916592,中性,中性,,False
知识区,BV1zrGi6PE9B,【最后一课】2X2联表与独立性检验！,1054414,81616,6893,18820,2559,5701,顶峰相见,,顶峰相见,0,0,2,0,0,0.0,0.0,0.0,0.0,0.0,0.0,0.0,0.0,0,0,0,0,0,0,0,0,无明显情感,未明确对象,未明确方面,中性,0,0.6553065905941072,0.1468149965085425,0.6553065905941072,0.19787841289735017,中性,中性,,False
知识区,BV1zrGi6PE9B,【最后一课】2X2联表与独立性检验！,1054414,81616,6893,18820,2559,5701,结束喽，那就祝我们高考上岸，加油！,,结束喽，那就祝我们高考上岸，加油！,1,0,11,1,0,1.0,1.0,0.0,1.0,0.09090909090909091,1.0,1.0,0.0,0,0,0,0,0,0,0,1,对象评价,未明确对象,未明确方面,正面,1,0.9889733837086312,0.005008246228153224,0.006018370063215447,0.9889733837086312,正面,正面,,False
知识区,BV1zrGi6PE9B,【最后一课】2X2联表与独立性检验！,1054414,81616,6893,18820,2559,5701,我老是算不对呜呜呜,,我老是算不对呜呜呜,0,0,6,0,0,0.0,0.0,0.0,0.0,0.0,0.0,0.0,0.0,0,0,0,0,0,0,0,0,无明显情感,未明确对象,未明确方面,中性,-1,0.6981634307428274,0.6981634307428274,0.24373889237176238,0.05809767688541025,负面,负面,,False
知识区,BV1zrGi6PE9B,【最后一课】2X2联表与独立性检验！,1054414,81616,6893,18820,2559,5701,"泪目了,青春这么快就结束了？",,"泪目了,青春这么快就结束了？",1,0,8,0,1,1.0,1.0,0.0,1.0,0.125,1.0,1.0,0.0,0,0,1,0,0,0,0,1,对象评价+自身情绪,未明确对象,未明确方面,正面,-1,0.7032297665442989,0.7032297665442989,0.14017639953203603,0.156593833923665,负面,负面,-1.0,True
知识区,BV1zrGi6PE9B,【最后一课】2X2联表与独立性检验！,1054414,81616,6893,18820,2559,5701,2027清华等我,,2027清华等我,0,0,3,0,0,0.0,0.0,0.0,0.0,0.0,0.0,0.0,0.0,0,0,0,0,0,0,0,0,无明显情感,未明确对象,未明确方面,中性,1,0.5983092221527592,0.03982933271905925,0.36186144512818147,0.5983092221527592,正面,正面,,False
知识区,BV1zrGi6PE9B,【最后一课】2X2联表与独立性检验！,1054414,81616,6893,18820,2559,5701,今天周四，下周日高考,,今天周四，下周日高考,0,0,6,0,0,0.0,0.0,0.0,0.0,0.0,0.0,0.0,0.0,0,0,0,0,0,0,0,0,无明显情感,未明确对象,未明确方面,中性,0,0.6671519997873654,0.05010713798740168,0.6671519997873654,0.282740862225233,中性,中性,,False
知识区,BV1zrGi6PE9B,【最后一课】2X2联表与独立性检验！,1054414,81616,6893,18820,2559,5701,一定要看完，别担心，一定能看完的，坚持,,一定要看完，别担心，一定能看完的，坚持,1,0,14,0,0,1.0,1.0,0.0,1.0,0.07142857142857142,1.0,1.0,0.0,0,0,0,0,0,0,0,1,对象评价,未明确对象,未明确方面,正面,1,0.82596921012979,0.050367829810335524,0.12366296005987455,0.82596921012979,正面,正面,1.0,True
知识区,BV1zrGi6PE9B,【最后一课】2X2联表与独立性检验！,1054414,81616,6893,18820,2559,5701,谢谢老师，没有老师就没有现在努力的我,,谢谢老师，没有老师就没有现在努力的我,1,0,9,0,0,1.0,1.0,0.0,1.0,0.1111111111111111,1.0,1.0,0.0,0,0,0,0,0,0,0,1,对象评价,讲解者,未明确方面,正面,1,0.5418233687429953,0.3156140375933096,0.14256259366369514,0.5418233687429953,正面,正面,1.0,True
知识区,BV1zrGi6PE9B,【最后一课】2X2联表与独立性检验！,1054414,81616,6893,18820,2559,5701,下周日高考加油！,,下周日高考加油！,1,0,5,1,0,1.0,1.0,0.0,1.0,0.2,1.0,1.0,0.0,0,0,0,0,0,0,0,1,对象评价,未明确对象,未明确方面,正面,1,0.9643960991357382,0.002166590160263337,0.03343731070399842,0.9643960991357382,正面,正面,,False
知识区,BV1zrGi6PE9B,【最后一课】2X2联表与独立性检验！,1054414,81616,6893,18820,2559,5701,450+,,450,0,0,1,0,0,0.0,0.0,0.0,0.0,0.0,0.0,0.0,0.0,0,0,0,0,0,0,0,0,无明显情感,未明确对象,未明确方面,中性,0,0.6315288902008118,0.15953838907938217,0.6315288902008118,0.208932720719806,中性,中性,,False
知识区,BV1zrGi6PE9B,【最后一课】2X2联表与独立性检验！,1054414,81616,6893,18820,2559,5701,胃炎不周延,,胃炎不周延,0,0,2,0,0,0.0,0.0,0.0,0.0,0.0,0.0,0.0,0.0,0,0,0,0,0,0,0,0,无明显情感,未明确对象,未明确方面,中性,0,0.6553065905941072,0.1468149965085425,0.6553065905941072,0.19787841289735017,中性,中性,,False
知识区,BV1zrGi6PE9B,【最后一课】2X2联表与独立性检验！,1054414,81616,6893,18820,2559,5701,最后一课打卡,,最后一课打卡,0,0,3,0,0,0.0,0.0,0.0,0.0,0.0,0.0,0.0,0.0,0,0,0,0,0,0,0,0,无明显情感,未明确对象,未明确方面,中性,0,0.8745872624352118,0.02772815035568313,0.8745872624352118,0.09768458720910521,中性,中性,,False
知识区,BV1zrGi6PE9B,【最后一课】2X2联表与独立性检验！,1054414,81616,6893,18820,2559,5701,南京大学,,南京大学,0,0,1,0,0,0.0,0.0,0.0,0.0,0.0,0.0,0.0,0.0,0,0,0,0,0,0,0,0,无明显情感,未明确对象,未明确方面,中性,0,0.6031187808416515,0.08598199451739685,0.6031187808416515,0.3108992246409517,中性,中性,,False
知识区,BV1zrGi6PE9B,【最后一课】2X2联表与独立性检验！,1054414,81616,6893,18820,2559,5701,终于把数学笔记都补充完整了，希望2026年的数学能上110+，最后10天，加油考上中山大学!,,终于把数学笔记都补充完整了，希望2026年的数学能上110，最后10天，加油考上中山大学!,2,0,24,1,0,2.0,2.0,0.0,2.0,0.08333333333333333,2.0,2.0,0.0,0,0,0,0,0,0,0,1,对象评价,课程内容,未明确方面,正面,1,0.9913956670835234,0.0057128935046975105,0.0028914394117789638,0.9913956670835234,正面,正面,,False
知识区,BV1zrGi6PE9B,【最后一课】2X2联表与独立性检验！,1054414,81616,6893,18820,2559,5701,26年高考大捷！,,26年高考大捷！,0,0,5,1,0,0.0,0.0,0.0,0.0,0.0,0.0,0.0,0.0,0,0,0,0,0,0,0,0,无明显情感,未明确对象,未明确方面,中性,1,0.6631229234587548,0.028618408435107545,0.3082586681061376,0.6631229234587548,正面,正面,,False
知识区,BV1zrGi6PE9B,【最后一课】2X2联表与独立性检验！,1054414,81616,6893,18820,2559,5701,完结散花,,完结散花,0,0,2,0,0,0.0,0.0,0.0,0.0,0.0,0.0,0.0,0.0,0,0,0,0,0,0,0,0,无明显情感,未明确对象,未明确方面,中性,1,0.699330752278273,0.0618639994030099,0.23880524831871705,0.699330752278273,正面,正面,,False
知识区,BV1zrGi6PE9B,【最后一课】2X2联表与独立性检验！,1054414,81616,6893,18820,2559,5701,这算是更完高中数学课本了吗？好快啊…,,这算是更完高中数学课本了吗？好快啊,0,0,8,0,1,0.0,0.0,0.0,0.0,0.0,0.0,0.0,0.0,0,0,0,0,0,0,0,0,无明显情感,课程内容,未明确方面,中性,0,0.5227405816578949,0.3433465686372189,0.5227405816578949,0.13391284970488615,中性,中性,0.0,True
知识区,BV1zrGi6PE9B,【最后一课】2X2联表与独立性检验！,1054414,81616,6893,18820,2559,5701,2026年5月27通关数学，距离高考376天,,2026年5月27通关数学，距离高考376天,0,0,12,0,0,0.0,0.0,0.0,0.0,0.0,0.0,0.0,0.0,0,0,0,0,0,0,0,0,无明显情感,课程内容,未明确方面,中性,0,0.47164213660193005,0.1767707268228949,0.47164213660193005,0.3515871365751751,中性,中性,0.0,True
知识区,BV1zrGi6PE9B,【最后一课】2X2联表与独立性检验！,1054414,81616,6893,18820,2559,5701,2027北师大等我,,2027北师大等我,0,0,3,0,0,0.0,0.0,0.0,0.0,0.0,0.0,0.0,0.0,0,0,0,0,0,0,0,0,无明显情感,未明确对象,未明确方面,中性,1,0.5983092221527592,0.03982933271905925,0.36186144512818147,0.5983092221527592,正面,正面,,False
知识区,BV1zrGi6PE9B,【最后一课】2X2联表与独立性检验！,1054414,81616,6893,18820,2559,5701,还有10天高考,,还有10天高考,0,0,4,0,0,0.0,0.0,0.0,0.0,0.0,0.0,0.0,0.0,0,0,0,0,0,0,0,0,无明显情感,未明确对象,未明确方面,中性,0,0.5736025727033506,0.033629473845335676,0.5736025727033506,0.39276795345131377,中性,中性,,False
知识区,BV1zrGi6PE9B,【最后一课】2X2联表与独立性检验！,1054414,81616,6893,18820,2559,5701,不知道为什么，忽然就想起来九成八了……,,不知道为什么，忽然就想起来九成八了,0,0,10,0,0,0.0,0.0,0.0,0.0,0.0,0.0,0.0,0.0,0,0,0,0,0,0,0,0,无明显情感,未明确对象,未明确方面,中性,-1,0.8111038498781493,0.8111038498781493,0.16425690148775238,0.02463924863409828,负面,负面,,False
知识区,BV1zrGi6PE9B,【最后一课】2X2联表与独立性检验！,1054414,81616,6893,18820,2559,5701,580,,580,0,0,1,0,0,0.0,0.0,0.0,0.0,0.0,0.0,0.0,0.0,0,0,0,0,0,0,0,0,无明显情感,未明确对象,未明确方面,中性,0,0.6901638361763813,0.11951565673003683,0.6901638361763813,0.1903205070935818,中性,中性,,False
知识区,BV1zrGi6PE9B,【最后一课】2X2联表与独立性检验！,1054414,81616,6893,18820,2559,5701,俞大猷,,俞大猷,0,0,1,0,0,0.0,0.0,0.0,0.0,0.0,0.0,0.0,0.0,0,0,0,0,0,0,0,0,无明显情感,未明确对象,未明确方面,中性,0,0.6613337795964743,0.14035796080361848,0.6613337795964743,0.19830825959990717,中性,中性,,False
知识区,BV1zrGi6PE9B,【最后一课】2X2联表与独立性检验！,1054414,81616,6893,18820,2559,5701,2027我要考620分,,2027我要考620分,0,0,5,0,0,0.0,0.0,0.0,0.0,0.0,0.0,0.0,0.0,0,0,0,0,0,0,0,0,无明显情感,未明确对象,未明确方面,中性,1,0.756585018439985,0.03037950430003267,0.21303547725998226,0.756585018439985,正面,正面,1.0,True
知识区,BV1zrGi6PE9B,【最后一课】2X2联表与独立性检验！,1054414,81616,6893,18820,2559,5701,2027北师大上岸！,,2027北师大上岸！,0,0,4,1,0,0.0,0.0,0.0,0.0,0.0,0.0,0.0,0.0,0,0,0,0,0,0,0,0,无明显情感,未明确对象,未明确方面,中性,1,0.8536048429290712,0.016278431739156305,0.13011672533177235,0.8536048429290712,正面,正面,,False
知识区,BV1zrGi6PE9B,【最后一课】2X2联表与独立性检验！,1054414,81616,6893,18820,2559,5701,2027厦门大学！加油！平芜尽处是春山！,,2027厦门大学！加油！平芜尽处是春山！,1,0,9,3,0,1.0,1.0,0.0,1.0,0.1111111111111111,1.0,1.0,0.0,0,0,0,0,0,0,0,1,对象评价,未明确对象,未明确方面,正面,1,0.9821160698836339,0.001792161509491785,0.0160917686068744,0.9821160698836339,正面,正面,,False
知识区,BV1zrGi6PE9B,【最后一课】2X2联表与独立性检验！,1054414,81616,6893,18820,2559,5701,最后一课。,,最后一课。,0,0,3,0,0,0.0,0.0,0.0,0.0,0.0,0.0,0.0,0.0,0,0,0,0,0,0,0,0,无明显情感,未明确对象,未明确方面,中性,0,0.8406047447396582,0.047593691074642355,0.8406047447396582,0.11180156418569953,中性,中性,,False
知识区,BV1zrGi6PE9B,【最后一课】2X2联表与独立性检验！,1054414,81616,6893,18820,2559,5701,有关不应该是犯错了吗,,有关不应该是犯错了吗,0,1,4,0,0,-1.0,0.0,1.0,1.0,0.25,-1.0,0.0,1.0,0,0,0,0,0,0,0,1,对象评价,未明确对象,未明确方面,负面,0,0.7299508188571133,0.2519708038485974,0.7299508188571133,0.01807837729428914,中性,中性,0.0,True
知识区,BV1zrGi6PE9B,【最后一课】2X2联表与独立性检验！,1054414,81616,6893,18820,2559,5701,袜去来的最早的一次痞晏打卡,,袜去来的最早的一次痞晏打卡,0,0,6,0,0,0.0,0.0,0.0,0.0,0.0,0.0,0.0,0.0,0,0,0,0,0,0,0,0,无明显情感,未明确对象,未明确方面,中性,0,0.892532509417027,0.04380971193879106,0.892532509417027,0.06365777864418208,中性,中性,,False
知识区,BV1zrGi6PE9B,【最后一课】2X2联表与独立性检验！,1054414,81616,6893,18820,2559,5701,这字写的挺好啊,,这字写的挺好啊,1,0,4,0,0,1.0,1.0,0.0,1.0,0.25,1.0,1.0,0.0,0,0,0,0,0,0,0,1,对象评价,未明确对象,未明确方面,正面,1,0.8902367438475576,0.06532792126030233,0.04443533489214013,0.8902367438475576,正面,正面,,False
知识区,BV1zrGi6PE9B,【最后一课】2X2联表与独立性检验！,1054414,81616,6893,18820,2559,5701,完结撒花！！！！！！！！！,,完结撒花！！！！！！！！！,0,0,11,9,0,0.0,0.0,0.0,0.0,0.0,0.0,0.0,0.0,0,0,0,0,0,0,0,0,无明显情感,未明确对象,未明确方面,中性,1,0.8505532627801484,0.05238202503993092,0.09706471217992053,0.8505532627801484,正面,正面,1.0,True
知识区,BV1zrGi6PE9B,【最后一课】2X2联表与独立性检验！,1054414,81616,6893,18820,2559,5701,26届高考460+,,26届高考460,0,0,4,0,0,0.0,0.0,0.0,0.0,0.0,0.0,0.0,0.0,0,0,0,0,0,0,0,0,无明显情感,未明确对象,未明确方面,中性,1,0.689584060977354,0.052801372884969514,0.2576145661376766,0.689584060977354,正面,正面,1.0,True
知识区,BV1zrGi6PE9B,【最后一课】2X2联表与独立性检验！,1054414,81616,6893,18820,2559,5701,下次见面就在一高数了，三年陪伴，感谢有您,,下次见面就在一高数了，三年陪伴，感谢有您,1,0,12,0,0,1.0,1.0,0.0,1.0,0.08333333333333333,1.0,1.0,0.0,0,0,0,0,0,0,0,1,对象评价,未明确对象,未明确方面,正面,1,0.5703118089672868,0.3749994473338574,0.05468874369885574,0.5703118089672868,正面,正面,1.0,True
知识区,BV1zrGi6PE9B,【最后一课】2X2联表与独立性检验！,1054414,81616,6893,18820,2559,5701,27年高考上岸！！,,27年高考上岸！！,0,0,6,2,0,0.0,0.0,0.0,0.0,0.0,0.0,0.0,0.0,0,0,0,0,0,0,0,0,无明显情感,未明确对象,未明确方面,中性,1,0.920365998929298,0.015527867529087516,0.06410613354161458,0.920365998929298,正面,正面,,False
知识区,BV1zrGi6PE9B,【最后一课】2X2联表与独立性检验！,1054414,81616,6893,18820,2559,5701,完结撒花！,,完结撒花！,0,0,3,1,0,0.0,0.0,0.0,0.0,0.0,0.0,0.0,0.0,0,0,0,0,0,0,0,0,无明显情感,未明确对象,未明确方面,中性,1,0.8971584406037354,0.01888103675638452,0.08396052263988021,0.8971584406037354,正面,正面,,False
知识区,BV1zrGi6PE9B,【最后一课】2X2联表与独立性检验！,1054414,81616,6893,18820,2559,5701,bear Eason在不在？！？,,bearEason在不在？！？,0,0,7,1,2,0.0,0.0,0.0,0.0,0.0,0.0,0.0,0.0,0,0,0,0,0,0,0,0,无明显情感,未明确对象,未明确方面,中性,-1,0.7173271653865723,0.7173271653865723,0.24379491381574736,0.03887792079768038,负面,负面,,False
知识区,BV1zrGi6PE9B,【最后一课】2X2联表与独立性检验！,1054414,81616,6893,18820,2559,5701,导员没说要考啊,,导员没说要考啊,0,0,5,0,0,0.0,0.0,0.0,0.0,0.0,0.0,0.0,0.0,0,0,0,0,0,0,0,0,无明显情感,未明确对象,未明确方面,中性,-1,0.49252312888244204,0.49252312888244204,0.29966838766500875,0.20780848345254907,负面,负面,,False
知识区,BV1zrGi6PE9B,【最后一课】2X2联表与独立性检验！,1054414,81616,6893,18820,2559,5701,劳斯，您为啥不能叫他二氧化硫啊，直接读听着怪怪的,,劳斯，您为啥不能叫他二氧化硫啊，直接读听着怪怪的,0,0,13,0,0,0.0,0.0,0.0,0.0,0.0,0.0,0.0,0.0,0,0,0,0,0,0,0,0,无明显情感,未明确对象,未明确方面,中性,-1,0.68276466202678,0.68276466202678,0.21075419160529496,0.10648114636792508,负面,负面,,False
知识区,BV1zrGi6PE9B,【最后一课】2X2联表与独立性检验！,1054414,81616,6893,18820,2559,5701,以上就是高中所有内容,,以上就是高中所有内容,0,0,5,0,0,0.0,0.0,0.0,0.0,0.0,0.0,0.0,0.0,0,0,0,0,0,0,0,0,无明显情感,未明确对象,未明确方面,中性,0,0.5872236800722048,0.24496507631186387,0.5872236800722048,0.1678112436159314,中性,中性,,False
知识区,BV1zrGi6PE9B,【最后一课】2X2联表与独立性检验！,1054414,81616,6893,18820,2559,5701,27，我要上630,,27，我要上630,0,0,5,0,0,0.0,0.0,0.0,0.0,0.0,0.0,0.0,0.0,0,0,0,0,0,0,0,0,无明显情感,未明确对象,未明确方面,中性,1,0.6089837135839123,0.06339950157374813,0.3276167848423396,0.6089837135839123,正面,正面,1.0,True
知识区,BV1zrGi6PE9B,【最后一课】2X2联表与独立性检验！,1054414,81616,6893,18820,2559,5701,2026高考必胜！我要上汕头大学,,2026高考必胜！我要上汕头大学,0,1,7,1,0,-1.0,0.0,1.0,1.0,0.14285714285714285,-1.0,0.0,1.0,0,0,0,0,0,0,0,1,对象评价,未明确对象,未明确方面,负面,1,0.8340153107681672,0.03927327341269718,0.12671141581913556,0.8340153107681672,正面,正面,1.0,True
知识区,BV1zrGi6PE9B,【最后一课】2X2联表与独立性检验！,1054414,81616,6893,18820,2559,5701,谢谢恩师！！！,,谢谢恩师！！！,1,0,5,3,0,1.0,1.0,0.0,1.0,0.2,1.0,1.0,0.0,0,0,0,0,0,0,0,1,对象评价,未明确对象,未明确方面,正面,1,0.9175701892300723,0.03583391982521838,0.04659589094470942,0.9175701892300723,正面,正面,,False
知识区,BV1zrGi6PE9B,【最后一课】2X2联表与独立性检验！,1054414,81616,6893,18820,2559,5701,完结散花，我的青春即将落幕，而未来的学子们更要绽放光彩,,完结散花，我的青春即将落幕，而未来的学子们更要绽放光彩,0,0,15,0,0,0.0,0.0,0.0,0.0,0.0,0.0,0.0,0.0,0,0,0,0,0,0,0,0,无明显情感,未明确对象,未明确方面,中性,1,0.46546052543431815,0.29565685114580814,0.23888262341987376,0.46546052543431815,正面,正面,1.0,True
知识区,BV1zrGi6PE9B,【最后一课】2X2联表与独立性检验！,1054414,81616,6893,18820,2559,5701,2027高考大捷  很高兴认识一系列和大家,,2027高考大捷很高兴认识一系列和大家,1,0,8,0,0,1.5,1.5,0.0,1.5,0.125,1.5,1.5,0.0,0,0,0,0,0,0,0,1,对象评价,未明确对象,未明确方面,正面,1,0.9412780532966396,0.007398139416551967,0.05132380728680844,0.9412780532966396,正面,正面,1.0,True
知识区,BV1zrGi6PE9B,【最后一课】2X2联表与独立性检验！,1054414,81616,6893,18820,2559,5701,学长学姐加油,,学长学姐加油,1,0,3,0,0,1.0,1.0,0.0,1.0,0.3333333333333333,1.0,1.0,0.0,0,0,0,0,0,0,0,1,对象评价,未明确对象,未明确方面,正面,1,0.9066938208880555,0.02692281852873896,0.06638336058320549,0.9066938208880555,正面,正面,,False
知识区,BV1zrGi6PE9B,【最后一课】2X2联表与独立性检验！,1054414,81616,6893,18820,2559,5701,2026来了+,,2026来了,0,0,2,0,0,0.0,0.0,0.0,0.0,0.0,0.0,0.0,0.0,0,0,0,0,0,0,0,0,无明显情感,未明确对象,未明确方面,中性,0,0.7576342496124105,0.06328260600122346,0.7576342496124105,0.17908314438636616,中性,中性,,False
知识区,BV1zrGi6PE9B,【最后一课】2X2联表与独立性检验！,1054414,81616,6893,18820,2559,5701,高考加油 至少上一个好一点的一本,,高考加油至少上一个好一点的一本,1,0,7,0,0,1.0,1.0,0.0,1.0,0.14285714285714285,1.0,1.0,0.0,0,0,0,0,0,0,0,1,对象评价,未明确对象,未明确方面,正面,1,0.9221842391826535,0.028879551971929644,0.04893620884541697,0.9221842391826535,正面,正面,,False
知识区,BV1zrGi6PE9B,【最后一课】2X2联表与独立性检验！,1054414,81616,6893,18820,2559,5701,2026。  5。 25 。开启一轮复习,,2026。5。25。开启一轮复习,0,0,9,0,0,0.0,0.0,0.0,0.0,0.0,0.0,0.0,0.0,0,0,0,0,0,0,0,0,无明显情感,未明确对象,未明确方面,中性,0,0.6139442135741914,0.11464794150857831,0.6139442135741914,0.2714078449172302,中性,中性,0.0,True
知识区,BV1zrGi6PE9B,【最后一课】2X2联表与独立性检验！,1054414,81616,6893,18820,2559,5701,完结撒花，祝你我都可以上岸理想大学,,完结撒花，祝你我都可以上岸理想大学,1,0,9,0,0,1.0,1.0,0.0,1.0,0.1111111111111111,1.0,1.0,0.0,0,0,0,0,0,0,0,1,对象评价,未明确对象,未明确方面,正面,1,0.957846182380957,0.01357822588383621,0.028575591735206893,0.957846182380957,正面,正面,1.0,True
知识区,BV1zrGi6PE9B,【最后一课】2X2联表与独立性检验！,1054414,81616,6893,18820,2559,5701,喀山,,喀山,0,0,1,0,0,0.0,0.0,0.0,0.0,0.0,0.0,0.0,0.0,0,0,0,0,0,0,0,0,无明显情感,未明确对象,未明确方面,中性,0,0.6613337795964743,0.14035796080361848,0.6613337795964743,0.19830825959990717,中性,中性,,False
知识区,BV1zrGi6PE9B,【最后一课】2X2联表与独立性检验！,1054414,81616,6893,18820,2559,5701,完结撒花！2027高考必胜 530+++,,完结撒花！2027高考必胜530,0,0,7,1,0,0.0,0.0,0.0,0.0,0.0,0.0,0.0,0.0,0,0,0,0,0,0,0,0,无明显情感,未明确对象,未明确方面,中性,1,0.9434054209936321,0.008871001995600983,0.04772357701076697,0.9434054209936321,正面,正面,,False
知识区,BV1zrGi6PE9B,【最后一课】2X2联表与独立性检验！,1054414,81616,6893,18820,2559,5701,高考加油，都上岸,,高考加油，都上岸,1,0,5,0,0,1.0,1.0,0.0,1.0,0.2,1.0,1.0,0.0,0,0,0,0,0,0,0,1,对象评价,未明确对象,未明确方面,正面,1,0.9663988002583361,0.01374393642005713,0.019857263321606783,0.9663988002583361,正面,正面,,False
知识区,BV1zrGi6PE9B,【最后一课】2X2联表与独立性检验！,1054414,81616,6893,18820,2559,5701,再见了 我的青春,,再见了我的青春,0,0,2,0,0,0.0,0.0,0.0,0.0,0.0,0.0,0.0,0.0,0,0,0,0,0,0,0,0,无明显情感,未明确对象,未明确方面,中性,-1,0.7031274390601195,0.7031274390601195,0.17050533643252705,0.12636722450735355,负面,负面,,False
知识区,BV1zrGi6PE9B,【最后一课】2X2联表与独立性检验！,1054414,81616,6893,18820,2559,5701,这个文字平移好高级,,这个文字平移好高级,1,0,5,0,0,1.0,1.0,0.0,1.0,0.2,1.0,1.0,0.0,0,0,0,0,0,0,0,1,对象评价,未明确对象,未明确方面,正面,1,0.4506314993080399,0.4427646670562815,0.1066038336356786,0.4506314993080399,正面,正面,1.0,True
知识区,BV1zrGi6PE9B,【最后一课】2X2联表与独立性检验！,1054414,81616,6893,18820,2559,5701,2027高考顺利上岸,,2027高考顺利上岸,1,0,4,0,0,1.0,1.0,0.0,1.0,0.25,1.0,1.0,0.0,0,0,0,0,0,0,0,1,对象评价,未明确对象,未明确方面,正面,1,0.9668961385762312,0.008740674739142537,0.0243631866846263,0.9668961385762312,正面,正面,,False
知识区,BV1zrGi6PE9B,【最后一课】2X2联表与独立性检验！,1054414,81616,6893,18820,2559,5701,高二五班王思涵,,高二五班王思涵,0,0,4,0,0,0.0,0.0,0.0,0.0,0.0,0.0,0.0,0.0,0,0,0,0,0,0,0,0,无明显情感,未明确对象,未明确方面,中性,0,0.5965362715831928,0.054423558082799306,0.5965362715831928,0.3490401703340079,中性,中性,,False
知识区,BV1zrGi6PE9B,【最后一课】2X2联表与独立性检验！,1054414,81616,6893,18820,2559,5701,在此致敬！高中课本所有内容结束！,,在此致敬！高中课本所有内容结束！,1,0,10,2,0,1.0,1.0,0.0,1.0,0.1,1.0,1.0,0.0,0,0,0,0,0,0,0,1,对象评价,未明确对象,未明确方面,正面,1,0.7340595383746983,0.04135800400612161,0.22458245761918008,0.7340595383746983,正面,正面,1.0,True
知识区,BV1zrGi6PE9B,【最后一课】2X2联表与独立性检验！,1054414,81616,6893,18820,2559,5701,哦吼，卡方独立性检验,,哦吼，卡方独立性检验,0,0,6,0,0,0.0,0.0,0.0,0.0,0.0,0.0,0.0,0.0,0,0,0,0,0,0,0,0,无明显情感,未明确对象,未明确方面,中性,0,0.5412621602710542,0.25654826309063955,0.5412621602710542,0.20218957663830617,中性,中性,,False
知识区,BV1zrGi6PE9B,【最后一课】2X2联表与独立性检验！,1054414,81616,6893,18820,2559,5701,可以带的,,可以带的,1,0,2,0,0,1.0,1.0,0.0,1.0,0.5,1.0,1.0,0.0,0,0,0,0,0,0,0,1,对象评价,未明确对象,未明确方面,正面,0,0.516081638396176,0.27232083671788265,0.516081638396176,0.21159752488594127,中性,中性,0.0,True
知识区,BV1zrGi6PE9B,【最后一课】2X2联表与独立性检验！,1054414,81616,6893,18820,2559,5701,距离高考还有12天感谢一数公益 我一定可以和她考到一起,,距离高考还有12天感谢一数公益我一定可以和她考到一起,2,0,12,0,0,2.0,2.0,0.0,2.0,0.16666666666666666,2.0,2.0,0.0,0,0,0,0,0,0,0,1,对象评价,未明确对象,未明确方面,正面,1,0.9270158032217614,0.006560048423994995,0.06642414835424366,0.9270158032217614,正面,正面,,False
知识区,BV1zrGi6PE9B,【最后一课】2X2联表与独立性检验！,1054414,81616,6893,18820,2559,5701,27我要上上交,,27我要上上交,0,0,4,0,0,0.0,0.0,0.0,0.0,0.0,0.0,0.0,0.0,0,0,0,0,0,0,0,0,无明显情感,未明确对象,未明确方面,中性,1,0.6195377395039303,0.040440112634367205,0.34002214786170254,0.6195377395039303,正面,正面,,False
知识区,BV1zrGi6PE9B,【最后一课】2X2联表与独立性检验！,1054414,81616,6893,18820,2559,5701,一版旧视频一版新视频,,一版旧视频一版新视频,0,0,5,0,0,0.0,0.0,0.0,0.0,0.0,0.0,0.0,0.0,0,0,0,0,0,0,0,0,无明显情感,视频内容,未明确方面,中性,0,0.636477861480018,0.0698073324688546,0.636477861480018,0.29371480605112743,中性,中性,,False
知识区,BV1zrGi6PE9B,【最后一课】2X2联表与独立性检验！,1054414,81616,6893,18820,2559,5701,最后十课，顾名思义最后一课,,最后十课，顾名思义最后一课,0,0,6,0,0,0.0,0.0,0.0,0.0,0.0,0.0,0.0,0.0,0,0,0,0,0,0,0,0,无明显情感,未明确对象,未明确方面,中性,0,0.7388160382121783,0.12579546267348657,0.7388160382121783,0.135388499114335,中性,中性,,False
知识区,BV1zrGi6PE9B,【最后一课】2X2联表与独立性检验！,1054414,81616,6893,18820,2559,5701,虽然我每节课都没有好好学，但还是要关注阿婆主,,虽然我每节课都没有好好学，但还是要关注阿婆主,1,0,12,0,0,1.0,1.0,0.0,1.0,0.08333333333333333,1.0,1.0,0.0,1,0,0,0,0,0,0,1,对象评价,未明确对象,未明确方面,正面,-1,0.5292305489959199,0.5292305489959199,0.12380297078941079,0.34696648021466925,负面,正面,1.0,True
知识区,BV1zrGi6PE9B,【最后一课】2X2联表与独立性检验！,1054414,81616,6893,18820,2559,5701,这个CD不是一样的吗？我的头好大,,这个CD不是一样的吗？我的头好大,0,0,8,0,1,0.0,0.0,0.0,0.0,0.0,0.0,0.0,0.0,0,0,0,0,0,0,0,0,无明显情感,未明确对象,未明确方面,中性,-1,0.5668972600595424,0.5668972600595424,0.4060809756667273,0.02702176427373023,负面,负面,,False
知识区,BV1zrGi6PE9B,【最后一课】2X2联表与独立性检验！,1054414,81616,6893,18820,2559,5701,卡方检验都来了b站真是个知识库,,卡方检验都来了b站真是个知识库,0,0,9,0,0,0.0,0.0,0.0,0.0,0.0,0.0,0.0,0.0,0,0,0,0,0,0,0,0,无明显情感,未明确对象,未明确方面,中性,0,0.7772852504545517,0.09865654469626557,0.7772852504545517,0.12405820484918287,中性,中性,,False
知识区,BV1zrGi6PE9B,【最后一课】2X2联表与独立性检验！,1054414,81616,6893,18820,2559,5701,公式不用记，考试会给,,公式不用记，考试会给,0,0,7,0,0,0.0,0.0,0.0,0.0,0.0,0.0,0.0,0.0,0,0,0,0,0,0,0,0,无明显情感,课程内容,未明确方面,中性,0,0.8148631060374435,0.11156952118907651,0.8148631060374435,0.07356737277348005,中性,中性,0.0,True
知识区,BV1zrGi6PE9B,【最后一课】2X2联表与独立性检验！,1054414,81616,6893,18820,2559,5701,哎呀，反正背一两个公式又不伤你。,,哎呀，反正背一两个公式又不伤你。,0,0,9,0,0,0.0,0.0,0.0,0.0,0.0,0.0,0.0,0.0,0,0,0,0,0,0,0,0,无明显情感,课程内容,未明确方面,中性,0,0.7251553974224275,0.11368537000905225,0.7251553974224275,0.16115923256852036,中性,中性,,False
知识区,BV1zrGi6PE9B,【最后一课】2X2联表与独立性检验！,1054414,81616,6893,18820,2559,5701,大一来了,,大一来了,0,0,2,0,0,0.0,0.0,0.0,0.0,0.0,0.0,0.0,0.0,0,0,0,0,0,0,0,0,无明显情感,未明确对象,未明确方面,中性,0,0.8668014078790601,0.06145481386242275,0.8668014078790601,0.07174377825851726,中性,中性,,False
知识区,BV1zrGi6PE9B,【最后一课】2X2联表与独立性检验！,1054414,81616,6893,18820,2559,5701,27清华见,,27清华见,0,0,3,0,0,0.0,0.0,0.0,0.0,0.0,0.0,0.0,0.0,0,0,0,0,0,0,0,0,无明显情感,未明确对象,未明确方面,中性,0,0.5442442897182641,0.06517253002331617,0.5442442897182641,0.3905831802584196,中性,中性,,False
知识区,BV1zrGi6PE9B,【最后一课】2X2联表与独立性检验！,1054414,81616,6893,18820,2559,5701,2026 高考北京 社科大我来了！,,2026高考北京社科大我来了！,0,0,7,1,0,0.0,0.0,0.0,0.0,0.0,0.0,0.0,0.0,0,0,0,0,0,0,0,0,无明显情感,未明确对象,未明确方面,中性,0,0.5176464648275882,0.02155671377043915,0.5176464648275882,0.46079682140197253,中性,中性,,False
知识区,BV1zrGi6PE9B,【最后一课】2X2联表与独立性检验！,1054414,81616,6893,18820,2559,5701,26  5.25  1.28 通关,,265.251.28通关,0,0,4,0,0,0.0,0.0,0.0,0.0,0.0,0.0,0.0,0.0,0,0,0,0,0,0,0,0,无明显情感,未明确对象,未明确方面,中性,1,0.6671977654934704,0.0794237442432571,0.25337849026327247,0.6671977654934704,正面,正面,1.0,True
知识区,BV1zrGi6PE9B,【最后一课】2X2联表与独立性检验！,1054414,81616,6893,18820,2559,5701,2026年5.25   1点28分我通关了高中数学,,2026年5.251点28分我通关了高中数学,0,0,8,0,0,0.0,0.0,0.0,0.0,0.0,0.0,0.0,0.0,0,0,0,0,0,0,0,0,无明显情感,课程内容,未明确方面,中性,1,0.6570151101829093,0.09276780194641837,0.2502170878706724,0.6570151101829093,正面,正面,1.0,True
知识区,BV1zrGi6PE9B,【最后一课】2X2联表与独立性检验！,1054414,81616,6893,18820,2559,5701,2027高考顺利！加油,,2027高考顺利！加油,2,0,5,1,0,2.0,2.0,0.0,2.0,0.4,2.0,2.0,0.0,0,0,0,0,0,0,0,1,对象评价,未明确对象,未明确方面,正面,1,0.996671660190543,0.0007617848239290003,0.0025665549855280996,0.996671660190543,正面,正面,,False
知识区,BV1zrGi6PE9B,【最后一课】2X2联表与独立性检验！,1054414,81616,6893,18820,2559,5701,大家都辛苦了！,,大家都辛苦了！,1,0,4,1,0,1.0,1.0,0.0,1.0,0.25,1.0,1.0,0.0,0,0,0,0,0,0,0,1,对象评价,未明确对象,未明确方面,正面,1,0.8883650285168633,0.011367988628330009,0.10026698285480683,0.8883650285168633,正面,正面,,False
知识区,BV1zrGi6PE9B,【最后一课】2X2联表与独立性检验！,1054414,81616,6893,18820,2559,5701,接下来高三加油,,接下来高三加油,1,0,3,0,0,1.0,1.0,0.0,1.0,0.3333333333333333,1.0,1.0,0.0,0,0,0,0,0,0,0,1,对象评价,未明确对象,未明确方面,正面,1,0.8623628829344057,0.038122286865493835,0.09951483020010041,0.8623628829344057,正面,正面,,False
知识区,BV1zrGi6PE9B,【最后一课】2X2联表与独立性检验！,1054414,81616,6893,18820,2559,5701,见证历史了，2027年高考，600分必拿下,,见证历史了，2027年高考，600分必拿下,1,0,10,0,0,1.0,1.0,0.0,1.0,0.1,1.0,1.0,0.0,0,0,0,0,0,0,0,1,对象评价,未明确对象,未明确方面,正面,1,0.9303781481019722,0.030616249265230815,0.039005602632796975,0.9303781481019722,正面,正面,,False
知识区,BV1zrGi6PE9B,【最后一课】2X2联表与独立性检验！,1054414,81616,6893,18820,2559,5701,完结撒花！27必胜！,,完结撒花！27必胜！,0,0,6,2,0,0.0,0.0,0.0,0.0,0.0,0.0,0.0,0.0,0,0,0,0,0,0,0,0,无明显情感,未明确对象,未明确方面,中性,1,0.9435231623142489,0.009936962908393009,0.0465398747773581,0.9435231623142489,正面,正面,,False
知识区,BV1zrGi6PE9B,【最后一课】2X2联表与独立性检验！,1054414,81616,6893,18820,2559,5701,结束了,,结束了,0,0,1,0,0,0.0,0.0,0.0,0.0,0.0,0.0,0.0,0.0,0,0,0,0,0,0,0,0,无明显情感,未明确对象,未明确方面,中性,0,0.5124782991419227,0.35261035640873845,0.5124782991419227,0.13491134444933875,中性,中性,0.0,True
知识区,BV1zrGi6PE9B,【最后一课】2X2联表与独立性检验！,1054414,81616,6893,18820,2559,5701,各位高考加油！,,各位高考加油！,1,0,4,1,0,1.0,1.0,0.0,1.0,0.25,1.0,1.0,0.0,0,0,0,0,0,0,0,1,对象评价,未明确对象,未明确方面,正面,1,0.9755448756748188,0.0016231319576235476,0.022831992367557733,0.9755448756748188,正面,正面,,False
知识区,BV1zrGi6PE9B,【最后一课】2X2联表与独立性检验！,1054414,81616,6893,18820,2559,5701,这算是邪修吗？,,这算是邪修吗？,0,0,3,0,1,0.0,0.0,0.0,0.0,0.0,0.0,0.0,0.0,0,0,0,0,0,0,0,0,无明显情感,未明确对象,未明确方面,中性,0,0.7000804303709166,0.24336535586960428,0.7000804303709166,0.05655421375947908,中性,中性,,False
知识区,BV1zrGi6PE9B,【最后一课】2X2联表与独立性检验！,1054414,81616,6893,18820,2559,5701,泪目了，谢谢一树老师陪我走完了整个高中数学，X﹏X,,泪目了，谢谢一树老师陪我走完了整个高中数学，XX,2,1,12,0,0,1.0,2.0,1.0,1.0,0.25,1.0,2.0,1.0,0,1,1,0,0,0,0,1,对象评价+自身情绪,讲解者+课程内容,未明确方面,混合,1,0.829824289939702,0.08465097817407735,0.0855247318862207,0.829824289939702,正面,正面,1.0,True
知识区,BV1zrGi6PE9B,【最后一课】2X2联表与独立性检验！,1054414,81616,6893,18820,2559,5701,还有one last kiss 听，望27年能够有个好成绩,,还有onelastkiss听，望27年能够有个好成绩,0,0,11,0,0,0.0,0.0,0.0,0.0,0.0,0.0,0.0,0.0,0,0,0,0,0,0,0,0,无明显情感,未明确对象,未明确方面,中性,1,0.6865536189809588,0.11580621448787785,0.1976401665311634,0.6865536189809588,正面,正面,1.0,True
知识区,BV1zrGi6PE9B,【最后一课】2X2联表与独立性检验！,1054414,81616,6893,18820,2559,5701,5月24日，再见啦,,5月24日，再见啦,0,0,7,0,0,0.0,0.0,0.0,0.0,0.0,0.0,0.0,0.0,0,0,0,0,0,0,0,0,无明显情感,未明确对象,未明确方面,中性,0,0.624849902577068,0.15953138079643053,0.624849902577068,0.21561871662650148,中性,中性,0.0,True
知识区,BV1zrGi6PE9B,【最后一课】2X2联表与独立性检验！,1054414,81616,6893,18820,2559,5701,我去666大完结！！！！！！！！！！！！！！！！！！！！！！！！！！！！！！！！！！！！！！！！！！！！！,,我去666大完结！！！！！！！！！！！！！！！！！！！！！！！！！！！！！！！！！！！！！！！！！！！！！,1,0,49,45,0,1.0,1.0,0.0,1.0,0.02040816326530612,1.0,1.0,0.0,0,0,0,0,0,0,0,1,对象评价,未明确对象,未明确方面,正面,1,0.9985414982256764,8.718578625915308e-05,0.0013713159880644843,0.9985414982256764,正面,正面,,False
知识区,BV1zrGi6PE9B,【最后一课】2X2联表与独立性检验！,1054414,81616,6893,18820,2559,5701,愿这份友谊长存,,愿这份友谊长存,0,0,4,0,0,0.0,0.0,0.0,0.0,0.0,0.0,0.0,0.0,0,0,0,0,0,0,0,0,无明显情感,未明确对象,未明确方面,中性,1,0.5242042154661296,0.11717998776842066,0.35861579676544975,0.5242042154661296,正面,正面,1.0,True
知识区,BV1zrGi6PE9B,【最后一课】2X2联表与独立性检验！,1054414,81616,6893,18820,2559,5701,多选题直接选CD，因为内容是一回事,,多选题直接选CD，因为内容是一回事,0,0,9,0,0,0.0,0.0,0.0,0.0,0.0,0.0,0.0,0.0,0,0,0,0,0,0,0,0,无明显情感,未明确对象,未明确方面,中性,0,0.9170139571712462,0.04836337395055586,0.9170139571712462,0.03462266887819807,中性,中性,,False
知识区,BV1zrGi6PE9B,【最后一课】2X2联表与独立性检验！,1054414,81616,6893,18820,2559,5701,真的到此结束了吗,,真的到此结束了吗,0,0,1,0,0,0.0,0.0,0.0,0.0,0.0,0.0,0.0,0.0,0,0,0,0,0,0,0,0,无明显情感,未明确对象,未明确方面,中性,0,0.792195753187254,0.10026065068883491,0.792195753187254,0.10754359612391108,中性,中性,,False
知识区,BV1zrGi6PE9B,【最后一课】2X2联表与独立性检验！,1054414,81616,6893,18820,2559,5701,小猪老师真的陪伴了我很久，从数学70多提高到120，比我上什么一对一有用，感谢老师！,,小猪老师真的陪伴了我很久，从数学70多提高到120，比我上什么一对一有用，感谢老师！,2,0,23,1,0,2.0,2.0,0.0,2.0,0.08695652173913043,2.0,2.0,0.0,0,0,0,0,0,0,0,1,对象评价,讲解者+课程内容,实用与收获,正面,1,0.9838452712870304,0.010441319371380363,0.005713409341589368,0.9838452712870304,正面,正面,,False
知识区,BV1zrGi6PE9B,【最后一课】2X2联表与独立性检验！,1054414,81616,6893,18820,2559,5701,2026高考顺利！,,2026高考顺利！,1,0,4,1,0,1.0,1.0,0.0,1.0,0.25,1.0,1.0,0.0,0,0,0,0,0,0,0,1,对象评价,未明确对象,未明确方面,正面,1,0.9682203756682347,0.007560503447200189,0.024219120884565213,0.9682203756682347,正面,正面,,False
知识区,BV1zrGi6PE9B,【最后一课】2X2联表与独立性检验！,1054414,81616,6893,18820,2559,5701,完结撒花 感谢猪哥,,完结撒花感谢猪哥,1,0,4,0,0,1.0,1.0,0.0,1.0,0.25,1.0,1.0,0.0,0,0,0,0,0,0,0,1,对象评价,未明确对象,未明确方面,正面,1,0.9809615857429287,0.00511979058606212,0.013918623671009149,0.9809615857429287,正面,正面,,False
知识区,BV1zrGi6PE9B,【最后一课】2X2联表与独立性检验！,1054414,81616,6893,18820,2559,5701,我是中考不是要高考,,我是中考不是要高考,0,0,4,0,0,0.0,0.0,0.0,0.0,0.0,0.0,0.0,0.0,0,0,0,0,0,0,0,0,无明显情感,未明确对象,未明确方面,中性,0,0.6156782791652572,0.2950303667757775,0.6156782791652572,0.08929135405896538,中性,中性,,False
知识区,BV1zrGi6PE9B,【最后一课】2X2联表与独立性检验！,1054414,81616,6893,18820,2559,5701,完了，我断句断错了,,完了，我断句断错了,0,2,4,0,0,-2.0,0.0,2.0,2.0,0.5,-2.0,0.0,2.0,0,0,0,0,0,0,0,1,对象评价,未明确对象,未明确方面,负面,-1,0.8658986616344225,0.8658986616344225,0.09596600370015622,0.03813533466542124,负面,负面,,False
知识区,BV1zrGi6PE9B,【最后一课】2X2联表与独立性检验！,1054414,81616,6893,18820,2559,5701,统计是最简单的模块,,统计是最简单的模块,1,0,4,0,0,1.0,1.0,0.0,1.0,0.25,1.0,1.0,0.0,0,0,0,0,0,0,0,1,对象评价,未明确对象,理解与难度,正面,1,0.6331885716249311,0.19405345918200062,0.17275796919306827,0.6331885716249311,正面,正面,1.0,True
知识区,BV1zrGi6PE9B,【最后一课】2X2联表与独立性检验！,1054414,81616,6893,18820,2559,5701,One Last Class,,OneLastClass,0,0,1,0,0,0.0,0.0,0.0,0.0,0.0,0.0,0.0,0.0,0,0,0,0,0,0,0,0,无明显情感,未明确对象,未明确方面,中性,0,0.6273695897137942,0.11894687661936011,0.6273695897137942,0.25368353366684565,中性,中性,,False
知识区,BV1zrGi6PE9B,【最后一课】2X2联表与独立性检验！,1054414,81616,6893,18820,2559,5701,很高兴认识老师  2027高考加油,,很高兴认识老师2027高考加油,2,0,7,0,0,2.5,2.5,0.0,2.5,0.2857142857142857,2.5,2.5,0.0,0,0,0,0,0,0,0,1,对象评价,讲解者,未明确方面,正面,1,0.9942569839235124,0.0010404888629532857,0.004702527213534422,0.9942569839235124,正面,正面,,False
知识区,BV1zrGi6PE9B,【最后一课】2X2联表与独立性检验！,1054414,81616,6893,18820,2559,5701,ヽ(｡◕o◕｡)ﾉ.,,o.,0,0,2,0,0,0.0,0.0,0.0,0.0,0.0,0.0,0.0,0.0,0,0,0,0,0,0,0,0,无明显情感,未明确对象,未明确方面,中性,0,0.4835778437655102,0.16487448775095434,0.4835778437655102,0.3515476684835356,中性,中性,,False
知识区,BV1zrGi6PE9B,【最后一课】2X2联表与独立性检验！,1054414,81616,6893,18820,2559,5701,只进不退,,只进不退,0,0,2,0,0,0.0,0.0,0.0,0.0,0.0,0.0,0.0,0.0,0,0,0,0,0,0,0,0,无明显情感,未明确对象,未明确方面,中性,0,0.7611919138015167,0.11718309201955937,0.7611919138015167,0.121624994178924,中性,中性,,False
知识区,BV1zrGi6PE9B,【最后一课】2X2联表与独立性检验！,1054414,81616,6893,18820,2559,5701,加油加油!数学要上120+!,,加油加油!数学要上120!,2,0,8,2,0,2.0,2.0,0.0,2.0,0.25,2.0,2.0,0.0,0,0,0,0,0,0,0,1,对象评价,课程内容,未明确方面,正面,1,0.9930779782744357,0.0033774542712486856,0.0035445674543156205,0.9930779782744357,正面,正面,,False
知识区,BV1zrGi6PE9B,【最后一课】2X2联表与独立性检验！,1054414,81616,6893,18820,2559,5701,浩瀚神话一数正在持续讲述故事,,浩瀚神话一数正在持续讲述故事,0,0,7,0,0,0.0,0.0,0.0,0.0,0.0,0.0,0.0,0.0,0,0,0,0,0,0,0,0,无明显情感,未明确对象,未明确方面,中性,0,0.6282437914929575,0.17025482555572416,0.6282437914929575,0.20150138295131836,中性,中性,,False
知识区,BV1zrGi6PE9B,【最后一课】2X2联表与独立性检验！,1054414,81616,6893,18820,2559,5701,2027高考上岸,,2027高考上岸,0,0,3,0,0,0.0,0.0,0.0,0.0,0.0,0.0,0.0,0.0,0,0,0,0,0,0,0,0,无明显情感,未明确对象,未明确方面,中性,1,0.8194893831456883,0.02309621457496018,0.15741440227935155,0.8194893831456883,正面,正面,,False
知识区,BV1zrGi6PE9B,【最后一课】2X2联表与独立性检验！,1054414,81616,6893,18820,2559,5701,完结撒花（doge）,,完结撒花doge,0,0,3,0,0,0.0,0.0,0.0,0.0,0.0,0.0,0.0,0.0,0,0,0,0,0,0,0,0,无明显情感,未明确对象,未明确方面,中性,1,0.6976614840513097,0.04511294082399527,0.257225575124695,0.6976614840513097,正面,正面,,False
知识区,BV1zrGi6PE9B,【最后一课】2X2联表与独立性检验！,1054414,81616,6893,18820,2559,5701,怅然若失,,怅然若失,0,0,1,0,0,0.0,0.0,0.0,0.0,0.0,0.0,0.0,0.0,0,0,0,0,0,0,0,0,无明显情感,未明确对象,未明确方面,中性,0,0.6613337795964743,0.14035796080361848,0.6613337795964743,0.19830825959990717,中性,中性,,False
知识区,BV1zrGi6PE9B,【最后一课】2X2联表与独立性检验！,1054414,81616,6893,18820,2559,5701,泪目，我真的一路看过来的，现在有种离别的感觉，感慨万千,,泪目，我真的一路看过来的，现在有种离别的感觉，感慨万千,1,0,12,0,0,1.0,1.0,0.0,1.0,0.08333333333333333,1.0,1.0,0.0,0,0,1,0,0,0,0,1,对象评价+自身情绪,未明确对象,未明确方面,正面,1,0.6186322579552546,0.3008948393406458,0.08047290270409956,0.6186322579552546,正面,正面,1.0,True
知识区,BV1zrGi6PE9B,【最后一课】2X2联表与独立性检验！,1054414,81616,6893,18820,2559,5701,马上上战场了！,,马上上战场了！,0,0,4,1,0,0.0,0.0,0.0,0.0,0.0,0.0,0.0,0.0,0,0,0,0,0,0,0,0,无明显情感,未明确对象,未明确方面,中性,1,0.6674319159140883,0.048540332524514174,0.2840277515613975,0.6674319159140883,正面,正面,1.0,True
知识区,BV1zrGi6PE9B,【最后一课】2X2联表与独立性检验！,1054414,81616,6893,18820,2559,5701,愿一切安好,,愿一切安好,1,0,3,0,0,1.0,1.0,0.0,1.0,0.3333333333333333,1.0,1.0,0.0,0,0,0,0,0,0,0,1,对象评价,未明确对象,未明确方面,正面,1,0.8798391222995258,0.038241298394134836,0.08191957930633935,0.8798391222995258,正面,正面,,False
知识区,BV1zrGi6PE9B,【最后一课】2X2联表与独立性检验！,1054414,81616,6893,18820,2559,5701,700多的卡方,,700多的卡方,0,0,3,0,0,0.0,0.0,0.0,0.0,0.0,0.0,0.0,0.0,0,0,0,0,0,0,0,0,无明显情感,未明确对象,未明确方面,中性,0,0.6194604528144403,0.1077984240924976,0.6194604528144403,0.27274112309306214,中性,中性,,False
知识区,BV1zrGi6PE9B,【最后一课】2X2联表与独立性检验！,1054414,81616,6893,18820,2559,5701,26年河北高考加油还有12天,,26年河北高考加油还有12天,1,0,8,0,0,1.0,1.0,0.0,1.0,0.125,1.0,1.0,0.0,0,0,0,0,0,0,0,1,对象评价,未明确对象,未明确方面,正面,1,0.9094996776904337,0.007836498066922264,0.08266382424264405,0.9094996776904337,正面,正面,,False
知识区,BV1zrGi6PE9B,【最后一课】2X2联表与独立性检验！,1054414,81616,6893,18820,2559,5701,2027西电,,2027西电,0,0,2,0,0,0.0,0.0,0.0,0.0,0.0,0.0,0.0,0.0,0,0,0,0,0,0,0,0,无明显情感,未明确对象,未明确方面,中性,1,0.49197526462703967,0.05369505600340385,0.45432967936955654,0.49197526462703967,正面,中性,0.0,True
知识区,BV1zrGi6PE9B,【最后一课】2X2联表与独立性检验！,1054414,81616,6893,18820,2559,5701,完结撒花，感谢小猪,,完结撒花，感谢小猪,1,0,5,0,0,1.0,1.0,0.0,1.0,0.2,1.0,1.0,0.0,0,0,0,0,0,0,0,1,对象评价,未明确对象,未明确方面,正面,1,0.9835008741229635,0.004128042262604168,0.01237108361443233,0.9835008741229635,正面,正面,,False
知识区,BV1zrGi6PE9B,【最后一课】2X2联表与独立性检验！,1054414,81616,6893,18820,2559,5701,完结撒花，谢谢小猪,,完结撒花，谢谢小猪,1,0,5,0,0,1.0,1.0,0.0,1.0,0.2,1.0,1.0,0.0,0,0,0,0,0,0,0,1,对象评价,未明确对象,未明确方面,正面,1,0.9799085028522148,0.005850543682394163,0.014240953465391129,0.9799085028522148,正面,正面,,False
知识区,BV1zrGi6PE9B,【最后一课】2X2联表与独立性检验！,1054414,81616,6893,18820,2559,5701,愿27深大635分一轮复习加油！！ 2027 高考必胜！  感谢小猪老师,,愿27深大635分一轮复习加油！！2027高考必胜！感谢小猪老师,2,0,17,3,0,2.0,2.0,0.0,2.0,0.11764705882352941,2.0,2.0,0.0,0,0,0,0,0,0,0,1,对象评价,讲解者,未明确方面,正面,1,0.9978641518960606,0.0003537622443341085,0.0017820858596052855,0.9978641518960606,正面,正面,,False
知识区,BV1zrGi6PE9B,【最后一课】2X2联表与独立性检验！,1054414,81616,6893,18820,2559,5701,所以选C,,所以选C,0,0,3,0,0,0.0,0.0,0.0,0.0,0.0,0.0,0.0,0.0,0,0,0,0,0,0,0,0,无明显情感,未明确对象,未明确方面,中性,0,0.9322712518352562,0.018273649225010923,0.9322712518352562,0.04945509893973278,中性,中性,,False
知识区,BV1zrGi6PE9B,【最后一课】2X2联表与独立性检验！,1054414,81616,6893,18820,2559,5701,大于的时候你有能力去反对它所以有关,,大于的时候你有能力去反对它所以有关,0,0,8,0,0,0.0,0.0,0.0,0.0,0.0,0.0,0.0,0.0,0,0,0,0,0,0,1,0,立场,未明确对象,未明确方面,中性,0,0.7540360607692627,0.16136324295415705,0.7540360607692627,0.08460069627658025,中性,中性,,False
知识区,BV1zrGi6PE9B,【最后一课】2X2联表与独立性检验！,1054414,81616,6893,18820,2559,5701,640+国防科技大学等我！！！,,640国防科技大学等我！！！,0,0,6,3,0,0.0,0.0,0.0,0.0,0.0,0.0,0.0,0.0,0,0,0,0,0,0,0,0,无明显情感,未明确对象,未明确方面,中性,1,0.6507055510169365,0.12944246431540807,0.21985198466765538,0.6507055510169365,正面,正面,1.0,True
知识区,BV1zrGi6PE9B,【最后一课】2X2联表与独立性检验！,1054414,81616,6893,18820,2559,5701,加油高考必胜,,加油高考必胜,1,0,3,0,0,1.0,1.0,0.0,1.0,0.3333333333333333,1.0,1.0,0.0,0,0,0,0,0,0,0,1,对象评价,未明确对象,未明确方面,正面,1,0.979587451059465,0.005550841199164166,0.014861707741370809,0.979587451059465,正面,正面,,False
知识区,BV1zrGi6PE9B,【最后一课】2X2联表与独立性检验！,1054414,81616,6893,18820,2559,5701,完结,,完结,0,0,1,0,0,0.0,0.0,0.0,0.0,0.0,0.0,0.0,0.0,0,0,0,0,0,0,0,0,无明显情感,未明确对象,未明确方面,中性,1,0.7001534302510296,0.059084400554974256,0.24076216919399604,0.7001534302510296,正面,正面,,False
知识区,BV1zrGi6PE9B,【最后一课】2X2联表与独立性检验！,1054414,81616,6893,18820,2559,5701,TT,,TT,0,0,1,0,0,0.0,0.0,0.0,0.0,0.0,0.0,0.0,0.0,0,0,0,0,0,0,0,0,无明显情感,未明确对象,未明确方面,中性,0,0.6613337795964743,0.14035796080361848,0.6613337795964743,0.19830825959990717,中性,中性,,False
知识区,BV1zrGi6PE9B,【最后一课】2X2联表与独立性检验！,1054414,81616,6893,18820,2559,5701,完结撒花 爱你小猪老师！！！,,完结撒花爱你小猪老师！！！,0,0,8,3,0,0.0,0.0,0.0,0.0,0.0,0.0,0.0,0.0,0,0,0,0,0,0,0,0,无明显情感,讲解者,未明确方面,中性,1,0.9413754867952271,0.0301125390147284,0.02851197419004446,0.9413754867952271,正面,正面,,False
知识区,BV1zrGi6PE9B,【最后一课】2X2联表与独立性检验！,1054414,81616,6893,18820,2559,5701,山高路远 我们来日方长 友谊长存！,,山高路远我们来日方长友谊长存！,0,0,6,1,0,0.0,0.0,0.0,0.0,0.0,0.0,0.0,0.0,0,0,0,0,0,0,0,0,无明显情感,未明确对象,未明确方面,中性,1,0.6878715078300731,0.06915493586270323,0.24297355630722373,0.6878715078300731,正面,正面,,False
知识区,BV1zrGi6PE9B,【最后一课】2X2联表与独立性检验！,1054414,81616,6893,18820,2559,5701,终于等到了,,终于等到了,0,0,2,0,0,0.0,0.0,0.0,0.0,0.0,0.0,0.0,0.0,0,0,0,0,0,0,0,0,无明显情感,未明确对象,未明确方面,中性,1,0.6840982597539258,0.13789641988057663,0.17800532036549752,0.6840982597539258,正面,正面,,False
知识区,BV1zrGi6PE9B,【最后一课】2X2联表与独立性检验！,1054414,81616,6893,18820,2559,5701,考试的时候会给这个公式。,,考试的时候会给这个公式。,0,0,7,0,0,0.0,0.0,0.0,0.0,0.0,0.0,0.0,0.0,0,0,0,0,0,0,0,0,无明显情感,课程内容,未明确方面,中性,0,0.8670748745517189,0.06753629619547723,0.8670748745517189,0.06538882925280402,中性,中性,,False
知识区,BV1zrGi6PE9B,【最后一课】2X2联表与独立性检验！,1054414,81616,6893,18820,2559,5701,前面的，这不是课标内词汇吧。,,前面的，这不是课标内词汇吧。,0,0,7,0,0,0.0,0.0,0.0,0.0,0.0,0.0,0.0,0.0,0,0,0,0,0,0,0,0,无明显情感,未明确对象,未明确方面,中性,0,0.5607883831343095,0.3044992944771697,0.5607883831343095,0.1347123223885208,中性,中性,0.0,True
知识区,BV1zrGi6PE9B,【最后一课】2X2联表与独立性检验！,1054414,81616,6893,18820,2559,5701,同学让我背：“零假设无关，大不成小成”,,同学让我背零假设无关，大不成小成,0,0,11,0,0,0.0,0.0,0.0,0.0,0.0,0.0,0.0,0.0,0,0,0,0,0,0,0,0,无明显情感,未明确对象,未明确方面,中性,-1,0.7405870387638543,0.7405870387638543,0.17156790967034272,0.087845051565803,负面,负面,,False
知识区,BV1zrGi6PE9B,【最后一课】2X2联表与独立性检验！,1054414,81616,6893,18820,2559,5701,这是说鬼灭之刃的吗？,,这是说鬼灭之刃的吗？,0,0,5,0,1,0.0,0.0,0.0,0.0,0.0,0.0,0.0,0.0,0,0,0,0,0,0,0,0,无明显情感,未明确对象,未明确方面,中性,0,0.6318931436884851,0.33859294277340884,0.6318931436884851,0.02951391353810599,中性,中性,,False
知识区,BV1zrGi6PE9B,【最后一课】2X2联表与独立性检验！,1054414,81616,6893,18820,2559,5701,可是我还没有看呢，我才刚刷到,,可是我还没有看呢，我才刚刷到,0,0,7,0,0,0.0,0.0,0.0,0.0,0.0,0.0,0.0,0.0,1,0,0,0,0,0,0,0,无明显情感,未明确对象,未明确方面,中性,-1,0.7839803247310011,0.7839803247310011,0.08429600779266634,0.1317236674763326,负面,负面,-1.0,True
知识区,BV1zrGi6PE9B,【最后一课】2X2联表与独立性检验！,1054414,81616,6893,18820,2559,5701,开课！,,开课！,0,0,2,1,0,0.0,0.0,0.0,0.0,0.0,0.0,0.0,0.0,0,0,0,0,0,0,0,0,无明显情感,未明确对象,未明确方面,中性,1,0.641780810492513,0.03412673144672254,0.3240924580607644,0.641780810492513,正面,正面,,False
知识区,BV1zrGi6PE9B,【最后一课】2X2联表与独立性检验！,1054414,81616,6893,18820,2559,5701,我们已经开始一轮了，而且复习到奇偶性了:(,,我们已经开始一轮了，而且复习到奇偶性了,0,0,9,0,0,0.0,0.0,0.0,0.0,0.0,0.0,0.0,0.0,0,0,0,0,0,0,0,0,无明显情感,未明确对象,未明确方面,中性,0,0.6606861545432677,0.21668312730259015,0.6606861545432677,0.1226307181541421,中性,中性,,False
知识区,BV1zrGi6PE9B,【最后一课】2X2联表与独立性检验！,1054414,81616,6893,18820,2559,5701,昨晚一千多人,,昨晚一千多人,0,0,3,0,0,0.0,0.0,0.0,0.0,0.0,0.0,0.0,0.0,0,0,0,0,0,0,0,0,无明显情感,未明确对象,未明确方面,中性,0,0.8565854412870798,0.02319864804389785,0.8565854412870798,0.12021591066902239,中性,中性,,False
知识区,BV1zrGi6PE9B,【最后一课】2X2联表与独立性检验！,1054414,81616,6893,18820,2559,5701,下下个星期天高考！！！！！！,,下下个星期天高考！！！！！！,0,0,10,6,0,0.0,0.0,0.0,0.0,0.0,0.0,0.0,0.0,0,0,0,0,0,0,0,0,无明显情感,未明确对象,未明确方面,中性,1,0.4435001587920002,0.11942604385626912,0.4370737973517307,0.4435001587920002,正面,中性,0.0,True
知识区,BV1zrGi6PE9B,【最后一课】2X2联表与独立性检验！,1054414,81616,6893,18820,2559,5701,终于要完结了吗？我终于可以复习了吗？,,终于要完结了吗？我终于可以复习了吗？,1,0,8,0,2,1.0,1.0,0.0,1.0,0.125,1.0,1.0,0.0,0,0,0,0,0,0,0,1,对象评价,未明确对象,未明确方面,正面,1,0.5135023762353955,0.1521209342394706,0.33437668952513383,0.5135023762353955,正面,正面,1.0,True
知识区,BV1zrGi6PE9B,【最后一课】2X2联表与独立性检验！,1054414,81616,6893,18820,2559,5701,2027年高考加油,,2027年高考加油,1,0,4,0,0,1.0,1.0,0.0,1.0,0.25,1.0,1.0,0.0,0,0,0,0,0,0,0,1,对象评价,未明确对象,未明确方面,正面,1,0.9679912924053108,0.0037384288307223115,0.02827027876396695,0.9679912924053108,正面,正面,,False
知识区,BV1zrGi6PE9B,【最后一课】2X2联表与独立性检验！,1054414,81616,6893,18820,2559,5701,学是学了，但是高中时期单独出的题都不难,,学是学了，但是高中时期单独出的题都不难,0,0,11,0,0,0.0,0.0,0.0,0.0,0.0,0.0,0.0,0.0,1,0,0,0,0,0,0,0,无明显情感,未明确对象,理解与难度,中性,0,0.5768441097597805,0.3555824831935226,0.5768441097597805,0.06757340704669687,中性,中性,0.0,True
知识区,BV1zrGi6PE9B,【最后一课】2X2联表与独立性检验！,1054414,81616,6893,18820,2559,5701,这个是相关性不是因果性吧？,,这个是相关性不是因果性吧？,0,0,5,0,1,0.0,0.0,0.0,0.0,0.0,0.0,0.0,0.0,0,0,0,0,0,0,0,0,无明显情感,未明确对象,未明确方面,中性,-1,0.7876035451636888,0.7876035451636888,0.20213993046873158,0.010256524367579737,负面,负面,,False
知识区,BV1zrGi6PE9B,【最后一课】2X2联表与独立性检验！,1054414,81616,6893,18820,2559,5701,27深大,,27深大,0,0,2,0,0,0.0,0.0,0.0,0.0,0.0,0.0,0.0,0.0,0,0,0,0,0,0,0,0,无明显情感,未明确对象,未明确方面,中性,0,0.5922298527618184,0.059666397071973694,0.5922298527618184,0.348103750166208,中性,中性,,False
知识区,BV1zrGi6PE9B,【最后一课】2X2联表与独立性检验！,1054414,81616,6893,18820,2559,5701,不要分开我们不要分开啊啊啊啊啊啊啊啊啊啊啊啊,,不要分开我们不要分开啊啊啊啊啊啊啊啊啊啊啊啊,0,0,9,0,0,0.0,0.0,0.0,0.0,0.0,0.0,0.0,0.0,0,0,0,0,0,0,0,0,无明显情感,未明确对象,未明确方面,中性,-1,0.7632058973191496,0.7632058973191496,0.13982298144355068,0.09697112123729973,负面,负面,-1.0,True
知识区,BV1zrGi6PE9B,【最后一课】2X2联表与独立性检验！,1054414,81616,6893,18820,2559,5701,高考加油继续前行永不退缩,,高考加油继续前行永不退缩,1,0,6,0,0,1.0,1.0,0.0,1.0,0.16666666666666666,1.0,1.0,0.0,0,0,0,0,0,0,0,1,对象评价,未明确对象,未明确方面,正面,1,0.9481239020168233,0.005741226344776714,0.046134871638399896,0.9481239020168233,正面,正面,,False
知识区,BV1zrGi6PE9B,【最后一课】2X2联表与独立性检验！,1054414,81616,6893,18820,2559,5701,哭了,,哭了,0,1,1,0,0,-1.0,0.0,1.0,1.0,1.0,-1.0,0.0,1.0,0,0,0,0,0,0,0,1,对象评价,未明确对象,未明确方面,负面,-1,0.8683672241206288,0.8683672241206288,0.05891855875362721,0.07271421712574395,负面,负面,,False
知识区,BV1zrGi6PE9B,【最后一课】2X2联表与独立性检验！,1054414,81616,6893,18820,2559,5701,6,,6,0,0,1,0,0,0.0,0.0,0.0,0.0,0.0,0.0,0.0,0.0,0,0,0,0,0,0,0,0,无明显情感,未明确对象,未明确方面,中性,0,0.5625041143460264,0.14767972033800986,0.5625041143460264,0.2898161653159638,中性,正面,1.0,True
知识区,BV1zrGi6PE9B,【最后一课】2X2联表与独立性检验！,1054414,81616,6893,18820,2559,5701,在α上面，写一行1-α，不要谢谢我，谢谢,,在上面，写一行1，不要谢谢我，谢谢,2,0,11,0,0,2.0,2.0,0.0,2.0,0.18181818181818182,2.0,2.0,0.0,0,0,0,0,0,0,0,1,对象评价,未明确对象,未明确方面,正面,1,0.9758436014489289,0.011704040910799246,0.012452357640271902,0.9758436014489289,正面,正面,,False
知识区,BV1zrGi6PE9B,【最后一课】2X2联表与独立性检验！,1054414,81616,6893,18820,2559,5701,考试好像会给式子，吧,,考试好像会给式子，吧,0,0,6,0,0,0.0,0.0,0.0,0.0,0.0,0.0,0.0,0.0,0,0,0,0,0,0,0,0,无明显情感,未明确对象,未明确方面,中性,0,0.7207323849467837,0.21024955503640894,0.7207323849467837,0.0690180600168073,中性,中性,,False
知识区,BV1zrGi6PE9B,【最后一课】2X2联表与独立性检验！,1054414,81616,6893,18820,2559,5701,保罗乔治打卡,,保罗乔治打卡,0,0,3,0,0,0.0,0.0,0.0,0.0,0.0,0.0,0.0,0.0,0,0,0,0,0,0,0,0,无明显情感,未明确对象,未明确方面,中性,0,0.7950814447152059,0.02236275008629347,0.7950814447152059,0.18255580519850054,中性,中性,,False
知识区,BV1zrGi6PE9B,【最后一课】2X2联表与独立性检验！,1054414,81616,6893,18820,2559,5701,高考600＋ 西政等我,,高考600西政等我,0,0,4,0,0,0.0,0.0,0.0,0.0,0.0,0.0,0.0,0.0,0,0,0,0,0,0,0,0,无明显情感,未明确对象,未明确方面,中性,1,0.653392742830438,0.03564484523505575,0.31096241193450624,0.653392742830438,正面,正面,,False
知识区,BV1zrGi6PE9B,【最后一课】2X2联表与独立性检验！,1054414,81616,6893,18820,2559,5701,2026年5月24日,,2026年5月24日,0,0,6,0,0,0.0,0.0,0.0,0.0,0.0,0.0,0.0,0.0,0,0,0,0,0,0,0,0,无明显情感,未明确对象,未明确方面,中性,0,0.6075520244208895,0.07369924832513661,0.6075520244208895,0.3187487272539738,中性,中性,,False
知识区,BV1zrGi6PE9B,【最后一课】2X2联表与独立性检验！,1054414,81616,6893,18820,2559,5701,我嘞个懂英语啊,,我嘞个懂英语啊,0,0,4,0,0,0.0,0.0,0.0,0.0,0.0,0.0,0.0,0.0,0,0,0,0,0,0,0,0,无明显情感,未明确对象,未明确方面,中性,-1,0.5354917773635497,0.5354917773635497,0.2901930649453287,0.17431515769112169,负面,负面,,False
知识区,BV1zrGi6PE9B,【最后一课】2X2联表与独立性检验！,1054414,81616,6893,18820,2559,5701,幸运宝宝,,幸运宝宝,0,0,2,0,0,0.0,0.0,0.0,0.0,0.0,0.0,0.0,0.0,0,0,0,0,0,0,0,0,无明显情感,未明确对象,未明确方面,中性,0,0.6286905398595101,0.1581398732969436,0.6286905398595101,0.21316958684354637,中性,中性,,False
知识区,BV1zrGi6PE9B,【最后一课】2X2联表与独立性检验！,1054414,81616,6893,18820,2559,5701,不管你喜欢不喜欢，都要喝,,不管你喜欢不喜欢，都要喝,0,2,8,0,0,-2.0,0.0,2.0,2.0,0.25,-2.0,0.0,2.0,0,0,0,0,0,0,0,1,对象评价,未明确对象,未明确方面,负面,-1,0.9238527385246942,0.9238527385246942,0.0588062547425893,0.017341006732716737,负面,负面,,False
知识区,BV1zrGi6PE9B,【最后一课】2X2联表与独立性检验！,1054414,81616,6893,18820,2559,5701,高三上一本,,高三上一本,0,0,2,0,0,0.0,0.0,0.0,0.0,0.0,0.0,0.0,0.0,0,0,0,0,0,0,0,0,无明显情感,未明确对象,未明确方面,中性,0,0.6811253080694665,0.1495559518921956,0.6811253080694665,0.1693187400383379,中性,中性,,False
知识区,BV1zrGi6PE9B,【最后一课】2X2联表与独立性检验！,1054414,81616,6893,18820,2559,5701,666还有棋盘法,,666还有棋盘法,1,0,4,0,0,1.0,1.0,0.0,1.0,0.25,1.0,1.0,0.0,0,0,0,0,0,0,0,1,对象评价,未明确对象,未明确方面,正面,1,0.7083153928936863,0.030679056322835036,0.2610055507834787,0.7083153928936863,正面,正面,,False
知识区,BV1zrGi6PE9B,【最后一课】2X2联表与独立性检验！,1054414,81616,6893,18820,2559,5701,刚做完原题,,刚做完原题,0,0,4,0,0,0.0,0.0,0.0,0.0,0.0,0.0,0.0,0.0,0,0,0,0,0,0,0,0,无明显情感,未明确对象,未明确方面,中性,0,0.7569242632300118,0.0603273666788745,0.7569242632300118,0.1827483700911136,中性,中性,,False
知识区,BV1zrGi6PE9B,【最后一课】2X2联表与独立性检验！,1054414,81616,6893,18820,2559,5701,完结撒花，高考加油,,完结撒花，高考加油,1,0,5,0,0,1.0,1.0,0.0,1.0,0.2,1.0,1.0,0.0,0,0,0,0,0,0,0,1,对象评价,未明确对象,未明确方面,正面,1,0.990223128137086,0.0026571415723631417,0.007119730290550863,0.990223128137086,正面,正面,,False
知识区,BV1zrGi6PE9B,【最后一课】2X2联表与独立性检验！,1054414,81616,6893,18820,2559,5701,参数不够，细胞已经在点技能树的过程其实就是中间状态,,参数不够，细胞已经在点技能树的过程其实就是中间状态,0,0,13,0,0,0.0,0.0,0.0,0.0,0.0,0.0,0.0,0.0,0,0,0,0,0,0,0,0,无明显情感,未明确对象,未明确方面,中性,-1,0.7409843412334963,0.7409843412334963,0.1968567362026436,0.062158922563859985,负面,负面,,False
知识区,BV1zrGi6PE9B,【最后一课】2X2联表与独立性检验！,1054414,81616,6893,18820,2559,5701,谢谢小猪老师辛苦了！,,谢谢小猪老师辛苦了！,2,0,5,1,0,2.0,2.0,0.0,2.0,0.4,2.0,2.0,0.0,0,0,0,0,0,0,0,1,对象评价,讲解者,未明确方面,正面,1,0.986789634946051,0.0025164369042009267,0.01069392814974813,0.986789634946051,正面,正面,,False
知识区,BV1zrGi6PE9B,【最后一课】2X2联表与独立性检验！,1054414,81616,6893,18820,2559,5701,大家加油啊！,,大家加油啊！,1,0,3,1,0,1.0,1.0,0.0,1.0,0.3333333333333333,1.0,1.0,0.0,0,0,0,0,0,0,0,1,对象评价,未明确对象,未明确方面,正面,1,0.9780381883341497,0.005372704407631859,0.016589107258218484,0.9780381883341497,正面,正面,,False
知识区,BV1zrGi6PE9B,【最后一课】2X2联表与独立性检验！,1054414,81616,6893,18820,2559,5701,见证历史，谢谢亲爱的老师们,,见证历史，谢谢亲爱的老师们,1,0,7,0,0,1.0,1.0,0.0,1.0,0.14285714285714285,1.0,1.0,0.0,0,0,0,0,0,0,0,1,对象评价,讲解者,未明确方面,正面,1,0.8583428069558302,0.025373124887956663,0.11628406815621306,0.8583428069558302,正面,正面,,False
知识区,BV1zrGi6PE9B,【最后一课】2X2联表与独立性检验！,1054414,81616,6893,18820,2559,5701,今年高考加油 完结撒花 中山大学等我,,今年高考加油完结撒花中山大学等我,1,0,7,0,0,1.0,1.0,0.0,1.0,0.14285714285714285,1.0,1.0,0.0,0,0,0,0,0,0,0,1,对象评价,未明确对象,未明确方面,正面,1,0.9913710765912678,0.0012808387516994517,0.007348084657032657,0.9913710765912678,正面,正面,,False
知识区,BV1zrGi6PE9B,【最后一课】2X2联表与独立性检验！,1054414,81616,6893,18820,2559,5701,完结撒花，感谢陪伴！,,完结撒花，感谢陪伴！,1,0,6,1,0,1.0,1.0,0.0,1.0,0.16666666666666666,1.0,1.0,0.0,0,0,0,0,0,0,0,1,对象评价,未明确对象,未明确方面,正面,1,0.9879427498888073,0.003283773419467301,0.008773476691725453,0.9879427498888073,正面,正面,,False
知识区,BV1zrGi6PE9B,【最后一课】2X2联表与独立性检验！,1054414,81616,6893,18820,2559,5701,加油！！！,,加油！！！,1,0,4,3,0,1.0,1.0,0.0,1.0,0.25,1.0,1.0,0.0,0,0,0,0,0,0,0,1,对象评价,未明确对象,未明确方面,正面,1,0.9490170955093219,0.030192131508298088,0.020790772982379926,0.9490170955093219,正面,正面,,False
知识区,BV1zrGi6PE9B,【最后一课】2X2联表与独立性检验！,1054414,81616,6893,18820,2559,5701,紧跟时事,,紧跟时事,0,0,2,0,0,0.0,0.0,0.0,0.0,0.0,0.0,0.0,0.0,0,0,0,0,0,0,0,0,无明显情感,未明确对象,未明确方面,中性,0,0.6553065905941072,0.1468149965085425,0.6553065905941072,0.19787841289735017,中性,中性,,False
知识区,BV1zrGi6PE9B,【最后一课】2X2联表与独立性检验！,1054414,81616,6893,18820,2559,5701,300多人？认真的？,,300多人？认真的？,1,0,5,0,2,1.0,1.0,0.0,1.0,0.2,1.0,1.0,0.0,0,0,0,0,0,0,0,1,对象评价,未明确对象,未明确方面,正面,0,0.620314435410666,0.16526978741704995,0.620314435410666,0.21441577717228413,中性,中性,0.0,True
知识区,BV1zrGi6PE9B,【最后一课】2X2联表与独立性检验！,1054414,81616,6893,18820,2559,5701,声音好好听,,声音好好听,1,0,3,0,0,1.0,1.0,0.0,1.0,0.3333333333333333,1.0,1.0,0.0,0,0,0,0,0,0,0,1,对象评价,视频内容,视听体验,正面,1,0.9072759837130523,0.06633762177763207,0.026386394509315566,0.9072759837130523,正面,正面,,False
知识区,BV1zrGi6PE9B,【最后一课】2X2联表与独立性检验！,1054414,81616,6893,18820,2559,5701,黑色方碑上刻红字 你想到了什么,,黑色方碑上刻红字你想到了什么,0,0,6,0,0,0.0,0.0,0.0,0.0,0.0,0.0,0.0,0.0,0,0,0,0,0,0,0,0,无明显情感,未明确对象,未明确方面,中性,0,0.4622546344832384,0.4201657851646371,0.4622546344832384,0.11757958035212457,中性,中性,,False
知识区,BV1zrGi6PE9B,【最后一课】2X2联表与独立性检验！,1054414,81616,6893,18820,2559,5701,上岸！,,上岸！,0,0,2,1,0,0.0,0.0,0.0,0.0,0.0,0.0,0.0,0.0,0,0,0,0,0,0,0,0,无明显情感,未明确对象,未明确方面,中性,1,0.8278773178739286,0.02627935334512616,0.1458433287809451,0.8278773178739286,正面,正面,,False
知识区,BV1zrGi6PE9B,【最后一课】2X2联表与独立性检验！,1054414,81616,6893,18820,2559,5701,谢谢一数，不敢相信已经结束了，好舍不得，谢谢你的陪伴,,谢谢一数，不敢相信已经结束了，好舍不得，谢谢你的陪伴,2,0,12,0,0,2.0,2.0,0.0,2.0,0.16666666666666666,2.0,2.0,0.0,0,0,0,0,0,0,0,1,对象评价,未明确对象,未明确方面,正面,1,0.9696135806643177,0.02026879123431028,0.010117628101371913,0.9696135806643177,正面,正面,,False
知识区,BV1zrGi6PE9B,【最后一课】2X2联表与独立性检验！,1054414,81616,6893,18820,2559,5701,一数牛逼！！！！！！！完结撒花！,,一数牛逼！！！！！！！完结撒花！,1,0,13,8,0,1.0,1.0,0.0,1.0,0.07692307692307693,1.0,1.0,0.0,0,0,0,0,0,0,0,1,对象评价,未明确对象,未明确方面,正面,1,0.9700468146240174,0.01587689289845317,0.014076292477529432,0.9700468146240174,正面,正面,,False
知识区,BV1zrGi6PE9B,【最后一课】2X2联表与独立性检验！,1054414,81616,6893,18820,2559,5701,高考加油啊,,高考加油啊,1,0,2,0,0,1.0,1.0,0.0,1.0,0.5,1.0,1.0,0.0,0,0,0,0,0,0,0,1,对象评价,未明确对象,未明确方面,正面,1,0.9726087652854369,0.01288824605194621,0.014502988662616893,0.9726087652854369,正面,正面,,False
知识区,BV1zrGi6PE9B,【最后一课】2X2联表与独立性检验！,1054414,81616,6893,18820,2559,5701,bgm:one last kiss新世纪福音战士,,bgmonelastkiss新世纪福音战士,0,0,3,0,0,0.0,0.0,0.0,0.0,0.0,0.0,0.0,0.0,0,0,0,0,0,0,0,0,无明显情感,未明确对象,未明确方面,中性,0,0.6072696390205411,0.13246907168845815,0.6072696390205411,0.2602612892910006,中性,中性,0.0,True
知识区,BV1zrGi6PE9B,【最后一课】2X2联表与独立性检验！,1054414,81616,6893,18820,2559,5701,25年高考第一道大题,,25年高考第一道大题,0,0,6,0,0,0.0,0.0,0.0,0.0,0.0,0.0,0.0,0.0,0,0,0,0,0,0,0,0,无明显情感,未明确对象,未明确方面,中性,0,0.634884003767342,0.08282678010635686,0.634884003767342,0.28228921612630115,中性,中性,,False
知识区,BV1zrGi6PE9B,【最后一课】2X2联表与独立性检验！,1054414,81616,6893,18820,2559,5701,小嘛～,,小嘛,0,0,1,0,0,0.0,0.0,0.0,0.0,0.0,0.0,0.0,0.0,0,0,0,0,0,0,0,0,无明显情感,未明确对象,未明确方面,中性,0,0.6613337795964743,0.14035796080361848,0.6613337795964743,0.19830825959990717,中性,中性,,False
知识区,BV1zrGi6PE9B,【最后一课】2X2联表与独立性检验！,1054414,81616,6893,18820,2559,5701,第一次发弹幕 ！ 希望小猪还可以出视频！,,第一次发弹幕！希望小猪还可以出视频！,1,0,11,2,0,1.0,1.0,0.0,1.0,0.09090909090909091,1.0,1.0,0.0,0,0,0,0,0,0,0,1,对象评价,视频内容,未明确方面,正面,1,0.8178599133248586,0.011294819685202536,0.17084526698993885,0.8178599133248586,正面,正面,,False
知识区,BV1zrGi6PE9B,【最后一课】2X2联表与独立性检验！,1054414,81616,6893,18820,2559,5701,结束了兄弟们,,结束了兄弟们,0,0,3,0,0,0.0,0.0,0.0,0.0,0.0,0.0,0.0,0.0,0,0,0,0,0,0,0,0,无明显情感,未明确对象,未明确方面,中性,0,0.5509302738925418,0.2776809590467917,0.5509302738925418,0.1713887670606666,中性,中性,0.0,True
知识区,BV1zrGi6PE9B,【最后一课】2X2联表与独立性检验！,1054414,81616,6893,18820,2559,5701,加油加油加油,,加油加油加油,3,0,3,0,0,3.0,3.0,0.0,3.0,1.0,3.0,3.0,0.0,0,0,0,0,0,0,0,1,对象评价,未明确对象,未明确方面,正面,1,0.9986876059396896,0.0007112284165352154,0.0006011656437751611,0.9986876059396896,正面,正面,,False
知识区,BV1zrGi6PE9B,【最后一课】2X2联表与独立性检验！,1054414,81616,6893,18820,2559,5701,虽然现在快23点了，但是我看到左上角还有500多同窗我知道，我还不能提前休息,,虽然现在快23点了，但是我看到左上角还有500多同窗我知道，我还不能提前休息,0,0,19,0,0,0.0,0.0,0.0,0.0,0.0,0.0,0.0,0.0,2,0,0,0,0,0,0,0,无明显情感,未明确对象,未明确方面,中性,-1,0.5919240120952625,0.5919240120952625,0.2295338771906923,0.1785421107140453,负面,正面,1.0,True
知识区,BV1zrGi6PE9B,【最后一课】2X2联表与独立性检验！,1054414,81616,6893,18820,2559,5701,泪目了小猪，完结撒花！,,泪目了小猪，完结撒花！,1,0,6,1,0,1.0,1.0,0.0,1.0,0.16666666666666666,1.0,1.0,0.0,0,0,1,0,0,0,0,1,对象评价+自身情绪,未明确对象,未明确方面,正面,1,0.9800718356501105,0.008810413475245797,0.011117750874643666,0.9800718356501105,正面,正面,,False
知识区,BV1zrGi6PE9B,【最后一课】2X2联表与独立性检验！,1054414,81616,6893,18820,2559,5701,好多人,,好多人,0,0,2,0,0,0.0,0.0,0.0,0.0,0.0,0.0,0.0,0.0,0,0,0,0,0,0,0,0,无明显情感,未明确对象,未明确方面,中性,0,0.8240850006012638,0.021388371473952127,0.8240850006012638,0.15452662792478405,中性,中性,,False
知识区,BV1zrGi6PE9B,【最后一课】2X2联表与独立性检验！,1054414,81616,6893,18820,2559,5701,上岸深圳大学!祝大家顺利^,,上岸深圳大学!祝大家顺利,1,0,6,1,0,1.0,1.0,0.0,1.0,0.16666666666666666,1.0,1.0,0.0,0,0,0,0,0,0,0,1,对象评价,未明确对象,未明确方面,正面,1,0.9733881457254416,0.006649736075233023,0.019962118199325245,0.9733881457254416,正面,正面,,False
知识区,BV1zrGi6PE9B,【最后一课】2X2联表与独立性检验！,1054414,81616,6893,18820,2559,5701,很高兴能认识小猪老师,,很高兴能认识小猪老师,1,0,6,0,0,1.5,1.5,0.0,1.5,0.16666666666666666,1.5,1.5,0.0,0,0,0,0,0,0,0,1,对象评价,讲解者,未明确方面,正面,1,0.8657011125728329,0.041659787236396864,0.09263910019077017,0.8657011125728329,正面,正面,,False
知识区,BV1zrGi6PE9B,【最后一课】2X2联表与独立性检验！,1054414,81616,6893,18820,2559,5701,2026贵大见,,2026贵大见,0,0,2,0,0,0.0,0.0,0.0,0.0,0.0,0.0,0.0,0.0,0,0,0,0,0,0,0,0,无明显情感,未明确对象,未明确方面,中性,0,0.4664222267975687,0.09279448119787338,0.4664222267975687,0.44078329200455796,中性,中性,,False
知识区,BV1zrGi6PE9B,【最后一课】2X2联表与独立性检验！,1054414,81616,6893,18820,2559,5701,恭喜完结！撒花！！！感谢一数老师们的辛勤付出！也愿我们一路向阳，高考必胜！,,恭喜完结！撒花！！！感谢一数老师们的辛勤付出！也愿我们一路向阳，高考必胜！,2,0,23,6,0,2.0,2.0,0.0,2.0,0.08695652173913043,2.0,2.0,0.0,0,0,0,0,0,0,0,1,对象评价,讲解者,未明确方面,正面,1,0.9991166450183475,0.0004004312157937462,0.000482923765858607,0.9991166450183475,正面,正面,,False
知识区,BV1zrGi6PE9B,【最后一课】2X2联表与独立性检验！,1054414,81616,6893,18820,2559,5701,两小时，出息了,,两小时，出息了,0,0,4,0,0,0.0,0.0,0.0,0.0,0.0,0.0,0.0,0.0,0,0,0,0,0,0,0,0,无明显情感,未明确对象,未明确方面,中性,0,0.3734013149709163,0.25662517052295525,0.3734013149709163,0.36997351450612853,中性,正面,1.0,True
知识区,BV1zrGi6PE9B,【最后一课】2X2联表与独立性检验！,1054414,81616,6893,18820,2559,5701,算一下你就知道了,,算一下你就知道了,0,0,3,0,0,0.0,0.0,0.0,0.0,0.0,0.0,0.0,0.0,0,0,0,0,0,0,0,0,无明显情感,未明确对象,未明确方面,中性,0,0.5229531402455683,0.4043288540652785,0.5229531402455683,0.07271800568915314,中性,中性,,False
知识区,BV1zrGi6PE9B,【最后一课】2X2联表与独立性检验！,1054414,81616,6893,18820,2559,5701,.....................,,.....................,0,0,1,0,0,0.0,0.0,0.0,0.0,0.0,0.0,0.0,0.0,0,0,0,0,0,0,0,0,无明显情感,未明确对象,未明确方面,中性,0,0.5335937344470102,0.26315256628768885,0.5335937344470102,0.20325369926530096,中性,中性,,False
知识区,BV1zrGi6PE9B,【最后一课】2X2联表与独立性检验！,1054414,81616,6893,18820,2559,5701,是非对错我已无心分辨,,是非对错我已无心分辨,0,0,5,0,0,0.0,0.0,0.0,0.0,0.0,0.0,0.0,0.0,0,0,0,0,0,0,0,0,无明显情感,未明确对象,未明确方面,中性,0,0.6041674778671517,0.1311421297351646,0.6041674778671517,0.2646903923976837,中性,中性,,False
知识区,BV1zrGi6PE9B,【最后一课】2X2联表与独立性检验！,1054414,81616,6893,18820,2559,5701,牛逼，一哥催更完后面的所有,,牛逼，一哥催更完后面的所有,1,0,9,0,0,1.0,1.0,0.0,1.0,0.1111111111111111,1.0,1.0,0.0,0,0,0,0,0,0,0,1,对象评价,未明确对象,未明确方面,正面,1,0.756039748594847,0.18985636040652382,0.054103890998629264,0.756039748594847,正面,正面,,False
知识区,BV1zrGi6PE9B,【最后一课】2X2联表与独立性检验！,1054414,81616,6893,18820,2559,5701,这个公式做题时会给,,这个公式做题时会给,0,0,6,0,0,0.0,0.0,0.0,0.0,0.0,0.0,0.0,0.0,0,0,0,0,0,0,0,0,无明显情感,课程内容,未明确方面,中性,0,0.891267038736436,0.04316715165851296,0.891267038736436,0.06556580960505098,中性,中性,,False
知识区,BV1zrGi6PE9B,【最后一课】2X2联表与独立性检验！,1054414,81616,6893,18820,2559,5701,I am sorry,,Iamsorry,0,0,1,0,0,0.0,0.0,0.0,0.0,0.0,0.0,0.0,0.0,0,0,0,0,0,0,0,0,无明显情感,未明确对象,未明确方面,中性,0,0.6613337795964743,0.14035796080361848,0.6613337795964743,0.19830825959990717,中性,中性,,False
知识区,BV1zrGi6PE9B,【最后一课】2X2联表与独立性检验！,1054414,81616,6893,18820,2559,5701,行列式,,行列式,0,0,1,0,0,0.0,0.0,0.0,0.0,0.0,0.0,0.0,0.0,0,0,0,0,0,0,0,0,无明显情感,未明确对象,未明确方面,中性,0,0.6613337795964743,0.14035796080361848,0.6613337795964743,0.19830825959990717,中性,中性,,False
知识区,BV1zrGi6PE9B,【最后一课】2X2联表与独立性检验！,1054414,81616,6893,18820,2559,5701,我嘞个999,,我嘞个999,0,0,3,0,0,0.0,0.0,0.0,0.0,0.0,0.0,0.0,0.0,0,0,0,0,0,0,0,0,无明显情感,未明确对象,未明确方面,中性,0,0.7227953316919671,0.1738401943215316,0.7227953316919671,0.10336447398650128,中性,中性,,False
知识区,BV1zrGi6PE9B,【最后一课】2X2联表与独立性检验！,1054414,81616,6893,18820,2559,5701,高二爱看,,高二爱看,0,0,2,0,0,0.0,0.0,0.0,0.0,0.0,0.0,0.0,0.0,0,0,0,0,0,0,0,0,无明显情感,未明确对象,未明确方面,中性,0,0.7153560821416215,0.05497065837599572,0.7153560821416215,0.22967325948238276,中性,中性,,False
知识区,BV1zrGi6PE9B,【最后一课】2X2联表与独立性检验！,1054414,81616,6893,18820,2559,5701,可以直接设H0吗,,可以直接设H0吗,1,0,4,0,0,1.0,1.0,0.0,1.0,0.25,1.0,1.0,0.0,0,0,0,0,0,0,0,1,对象评价,未明确对象,未明确方面,正面,0,0.6835326074912336,0.055878914703188926,0.6835326074912336,0.2605884778055774,中性,中性,0.0,True
知识区,BV1zrGi6PE9B,【最后一课】2X2联表与独立性检验！,1054414,81616,6893,18820,2559,5701,梦开始的地方,,梦开始的地方,0,0,3,0,0,0.0,0.0,0.0,0.0,0.0,0.0,0.0,0.0,0,0,0,0,0,0,0,0,无明显情感,未明确对象,未明确方面,中性,0,0.897615662678564,0.035283830495368464,0.897615662678564,0.06710050682606755,中性,中性,,False
知识区,BV1zrGi6PE9B,【最后一课】2X2联表与独立性检验！,1054414,81616,6893,18820,2559,5701,注意零假设,,注意零假设,0,0,3,0,0,0.0,0.0,0.0,0.0,0.0,0.0,0.0,0.0,0,0,0,0,0,0,0,0,无明显情感,未明确对象,未明确方面,中性,-1,0.44052667559608377,0.44052667559608377,0.4079819096773272,0.1514914147265891,负面,负面,,False
知识区,BV1zrGi6PE9B,【最后一课】2X2联表与独立性检验！,1054414,81616,6893,18820,2559,5701,今年高考考上550＋，也祝大家都能取得理想成绩，高考加油！,,今年高考考上550，也祝大家都能取得理想成绩，高考加油！,1,0,17,1,0,1.0,1.0,0.0,1.0,0.058823529411764705,1.0,1.0,0.0,0,0,0,0,0,0,0,1,对象评价,未明确对象,未明确方面,正面,1,0.9830900289242792,0.004019448828483383,0.012890522247237402,0.9830900289242792,正面,正面,,False
知识区,BV1zrGi6PE9B,【最后一课】2X2联表与独立性检验！,1054414,81616,6893,18820,2559,5701,刚学完，真挺需要的,,刚学完，真挺需要的,0,0,5,0,0,0.0,0.0,0.0,0.0,0.0,0.0,0.0,0.0,0,0,0,0,0,0,0,0,无明显情感,未明确对象,未明确方面,中性,0,0.36425594797271116,0.2914910220418087,0.36425594797271116,0.3442530299854801,中性,正面,1.0,True
知识区,BV1zrGi6PE9B,【最后一课】2X2联表与独立性检验！,1054414,81616,6893,18820,2559,5701,熊光！！,,熊光！！,0,0,3,2,0,0.0,0.0,0.0,0.0,0.0,0.0,0.0,0.0,0,0,0,0,0,0,0,0,无明显情感,未明确对象,未明确方面,中性,1,0.581167176111023,0.24185566951015905,0.176977154378818,0.581167176111023,正面,正面,,False
知识区,BV1zrGi6PE9B,【最后一课】2X2联表与独立性检验！,1054414,81616,6893,18820,2559,5701,稀奇打卡,,稀奇打卡,0,0,2,0,0,0.0,0.0,0.0,0.0,0.0,0.0,0.0,0.0,0,0,0,0,0,0,0,0,无明显情感,未明确对象,未明确方面,中性,0,0.797033525817952,0.021236387546313833,0.797033525817952,0.18173008663573423,中性,中性,,False
知识区,BV1zrGi6PE9B,【最后一课】2X2联表与独立性检验！,1054414,81616,6893,18820,2559,5701,热乎的,,热乎的,0,0,1,0,0,0.0,0.0,0.0,0.0,0.0,0.0,0.0,0.0,0,0,0,0,0,0,0,0,无明显情感,未明确对象,未明确方面,中性,0,0.7643029894252062,0.12638688137449575,0.7643029894252062,0.10931012920029791,中性,中性,,False
知识区,BV1zrGi6PE9B,【最后一课】2X2联表与独立性检验！,1054414,81616,6893,18820,2559,5701,2026高考上岸沈阳公办一本或者公办二本,,2026高考上岸沈阳公办一本或者公办二本,0,0,9,0,0,0.0,0.0,0.0,0.0,0.0,0.0,0.0,0.0,0,0,0,0,0,0,0,0,无明显情感,未明确对象,未明确方面,中性,1,0.8552156744171031,0.028087018231080705,0.1166973073518161,0.8552156744171031,正面,正面,,False
知识区,BV1zrGi6PE9B,【最后一课】2X2联表与独立性检验！,1054414,81616,6893,18820,2559,5701,23分钟前,,23分钟前,0,0,3,0,0,0.0,0.0,0.0,0.0,0.0,0.0,0.0,0.0,0,0,0,0,0,0,0,0,无明显情感,未明确对象,未明确方面,中性,0,0.622736735636295,0.1457651035002119,0.622736735636295,0.2314981608634932,中性,中性,,False
知识区,BV1zrGi6PE9B,【最后一课】2X2联表与独立性检验！,1054414,81616,6893,18820,2559,5701,两眼一黑,,两眼一黑,0,0,2,0,0,0.0,0.0,0.0,0.0,0.0,0.0,0.0,0.0,0,0,0,0,0,0,0,0,无明显情感,未明确对象,未明确方面,中性,0,0.6553065905941072,0.1468149965085425,0.6553065905941072,0.19787841289735017,中性,中性,,False
知识区,BV1zrGi6PE9B,【最后一课】2X2联表与独立性检验！,1054414,81616,6893,18820,2559,5701,每日小猪姥姥,,每日小猪姥姥,0,0,3,0,0,0.0,0.0,0.0,0.0,0.0,0.0,0.0,0.0,0,0,0,0,0,0,0,0,无明显情感,未明确对象,未明确方面,中性,-1,0.5459225345524884,0.5459225345524884,0.2780781190186453,0.1759993464288663,负面,负面,,False
知识区,BV1zrGi6PE9B,【最后一课】2X2联表与独立性检验！,1054414,81616,6893,18820,2559,5701,哭了，高考加油,,哭了，高考加油,1,1,4,0,0,0.0,1.0,1.0,0.0,0.5,0.0,1.0,1.0,0,1,0,0,0,0,0,1,对象评价,未明确对象,未明确方面,混合,1,0.7946639852659868,0.14632763137547358,0.05900838335853953,0.7946639852659868,正面,正面,1.0,True
知识区,BV1zrGi6PE9B,【最后一课】2X2联表与独立性检验！,1054414,81616,6893,18820,2559,5701,最后一课！,,最后一课！,0,0,3,1,0,0.0,0.0,0.0,0.0,0.0,0.0,0.0,0.0,0,0,0,0,0,0,0,0,无明显情感,未明确对象,未明确方面,中性,0,0.7838688427985655,0.034127998498487015,0.7838688427985655,0.18200315870294748,中性,中性,0.0,True
知识区,BV1zrGi6PE9B,【最后一课】2X2联表与独立性检验！,1054414,81616,6893,18820,2559,5701,来啦,,来啦,0,0,2,0,0,0.0,0.0,0.0,0.0,0.0,0.0,0.0,0.0,0,0,0,0,0,0,0,0,无明显情感,未明确对象,未明确方面,中性,0,0.7655580620297695,0.14625711487332604,0.7655580620297695,0.08818482309690448,中性,中性,,False
知识区,BV1zrGi6PE9B,【最后一课】2X2联表与独立性检验！,1054414,81616,6893,18820,2559,5701,∩。,,。,0,0,1,0,0,0.0,0.0,0.0,0.0,0.0,0.0,0.0,0.0,0,0,0,0,0,0,0,0,无明显情感,未明确对象,未明确方面,中性,0,0.6324400208785724,0.11402706053763177,0.6324400208785724,0.2535329185837957,中性,中性,,False
知识区,BV1zrGi6PE9B,【最后一课】2X2联表与独立性检验！,1054414,81616,6893,18820,2559,5701,甲沟炎,,甲沟炎,0,0,1,0,0,0.0,0.0,0.0,0.0,0.0,0.0,0.0,0.0,0,0,0,0,0,0,0,0,无明显情感,未明确对象,未明确方面,中性,0,0.6613337795964743,0.14035796080361848,0.6613337795964743,0.19830825959990717,中性,中性,,False
知识区,BV1zrGi6PE9B,【最后一课】2X2联表与独立性检验！,1054414,81616,6893,18820,2559,5701,"I'm fine, thank you.",,"Imfine,thankyou.",0,0,4,0,0,0.0,0.0,0.0,0.0,0.0,0.0,0.0,0.0,0,0,0,0,0,0,0,0,无明显情感,未明确对象,未明确方面,中性,0,0.5725211224458928,0.10881981798032318,0.5725211224458928,0.31865905957378404,中性,中性,,False
知识区,BV1zrGi6PE9B,【最后一课】2X2联表与独立性检验！,1054414,81616,6893,18820,2559,5701,27届高考加油,,27届高考加油,1,0,4,0,0,1.0,1.0,0.0,1.0,0.25,1.0,1.0,0.0,0,0,0,0,0,0,0,1,对象评价,未明确对象,未明确方面,正面,1,0.9495671508357467,0.0071256925112797576,0.0433071566529734,0.9495671508357467,正面,正面,,False
知识区,BV1zrGi6PE9B,【最后一课】2X2联表与独立性检验！,1054414,81616,6893,18820,2559,5701,27深大等我,,27深大等我,0,0,3,0,0,0.0,0.0,0.0,0.0,0.0,0.0,0.0,0.0,0,0,0,0,0,0,0,0,无明显情感,未明确对象,未明确方面,中性,0,0.49013773875476263,0.04893881913458789,0.49013773875476263,0.4609234421106494,中性,中性,,False
知识区,BV1zrGi6PE9B,【最后一课】2X2联表与独立性检验！,1054414,81616,6893,18820,2559,5701,终于结束了,,终于结束了,0,0,2,0,0,0.0,0.0,0.0,0.0,0.0,0.0,0.0,0.0,0,0,0,0,0,0,0,0,无明显情感,未明确对象,未明确方面,中性,1,0.3738754874360311,0.27778947972807655,0.34833503283589234,0.3738754874360311,正面,正面,1.0,True
知识区,BV1zrGi6PE9B,【最后一课】2X2联表与独立性检验！,1054414,81616,6893,18820,2559,5701,前面的说的是什么？,,前面的说的是什么？,0,0,4,0,1,0.0,0.0,0.0,0.0,0.0,0.0,0.0,0.0,0,0,0,0,0,0,0,0,无明显情感,未明确对象,未明确方面,中性,0,0.8046376283362994,0.12448413137793793,0.8046376283362994,0.07087824028576269,中性,中性,,False
知识区,BV1zrGi6PE9B,【最后一课】2X2联表与独立性检验！,1054414,81616,6893,18820,2559,5701,人教a版课后习题,,人教a版课后习题,0,0,5,0,0,0.0,0.0,0.0,0.0,0.0,0.0,0.0,0.0,0,0,0,0,0,0,0,0,无明显情感,未明确对象,未明确方面,中性,0,0.725310585562266,0.10844072563639089,0.725310585562266,0.1662486888013432,中性,中性,,False
知识区,BV1zrGi6PE9B,【最后一课】2X2联表与独立性检验！,1054414,81616,6893,18820,2559,5701,下午考数学了家人们,,下午考数学了家人们,0,0,5,0,0,0.0,0.0,0.0,0.0,0.0,0.0,0.0,0.0,0,0,0,0,0,0,0,0,无明显情感,课程内容,未明确方面,中性,0,0.7716268107067755,0.11192572568726296,0.7716268107067755,0.11644746360596143,中性,中性,0.0,True
知识区,BV1zrGi6PE9B,【最后一课】2X2联表与独立性检验！,1054414,81616,6893,18820,2559,5701,神秘姥姥,,神秘姥姥,0,0,2,0,0,0.0,0.0,0.0,0.0,0.0,0.0,0.0,0.0,0,0,0,0,0,0,0,0,无明显情感,未明确对象,未明确方面,中性,-1,0.7529422160545514,0.7529422160545514,0.18790055493966917,0.0591572290057794,负面,负面,,False
知识区,BV1zrGi6PE9B,【最后一课】2X2联表与独立性检验！,1054414,81616,6893,18820,2559,5701,小猪老师，行不行就看这一下了,,小猪老师，行不行就看这一下了,0,1,7,0,0,-1.0,0.0,1.0,1.0,0.14285714285714285,-1.0,0.0,1.0,0,0,0,0,0,0,0,1,对象评价,讲解者,未明确方面,负面,-1,0.6474596155072839,0.6474596155072839,0.1965446161713099,0.15599576832140621,负面,负面,,False
知识区,BV1zrGi6PE9B,【最后一课】2X2联表与独立性检验！,1054414,81616,6893,18820,2559,5701,下午要高考了，给个加油，点个赞呗,,下午要高考了，给个加油，点个赞呗,2,0,11,0,0,2.0,2.0,0.0,2.0,0.18181818181818182,2.0,2.0,0.0,0,0,0,0,0,0,0,1,对象评价,未明确对象,未明确方面,正面,1,0.9728866267060639,0.010292945662841222,0.01682042763109484,0.9728866267060639,正面,正面,,False
知识区,BV1zrGi6PE9B,【最后一课】2X2联表与独立性检验！,1054414,81616,6893,18820,2559,5701,究竟是怎样的前程，值得把四季都错过,,究竟是怎样的前程，值得把四季都错过,1,0,9,0,0,1.0,1.0,0.0,1.0,0.1111111111111111,1.0,1.0,0.0,0,0,0,0,0,0,0,1,对象评价,未明确对象,未明确方面,正面,-1,0.6242820561188078,0.6242820561188078,0.17941992653771963,0.19629801734347263,负面,负面,-1.0,True
知识区,BV1zrGi6PE9B,【最后一课】2X2联表与独立性检验！,1054414,81616,6893,18820,2559,5701,祝我们都超常发挥。,,祝我们都超常发挥。,0,0,5,0,0,0.0,0.0,0.0,0.0,0.0,0.0,0.0,0.0,0,0,0,0,0,0,0,0,无明显情感,未明确对象,未明确方面,中性,1,0.46095057797497513,0.14263053775396595,0.396418884271059,0.46095057797497513,正面,正面,,False
知识区,BV1zrGi6PE9B,【最后一课】2X2联表与独立性检验！,1054414,81616,6893,18820,2559,5701,还有两个点高考,,还有两个点高考,0,0,4,0,0,0.0,0.0,0.0,0.0,0.0,0.0,0.0,0.0,0,0,0,0,0,0,0,0,无明显情感,未明确对象,未明确方面,中性,0,0.6616005673663407,0.03504210827141581,0.6616005673663407,0.3033573243622434,中性,中性,,False
知识区,BV1zrGi6PE9B,【最后一课】2X2联表与独立性检验！,1054414,81616,6893,18820,2559,5701,数学我要考80,,数学我要考80,0,0,4,0,0,0.0,0.0,0.0,0.0,0.0,0.0,0.0,0.0,0,0,0,0,0,0,0,0,无明显情感,课程内容,未明确方面,中性,1,0.5473392923588571,0.1711802671644471,0.2814804404766958,0.5473392923588571,正面,正面,1.0,True
知识区,BV1zrGi6PE9B,【最后一课】2X2联表与独立性检验！,1054414,81616,6893,18820,2559,5701,今天是2026年6月7日12点47祝自己高考加油！,,今天是2026年6月7日12点47祝自己高考加油！,1,0,15,1,0,1.0,1.0,0.0,1.0,0.06666666666666667,1.0,1.0,0.0,0,0,0,0,0,0,0,1,对象评价,未明确对象,未明确方面,正面,1,0.8690181279338447,0.02623983507490798,0.10474203699124733,0.8690181279338447,正面,正面,,False
知识区,BV1zrGi6PE9B,【最后一课】2X2联表与独立性检验！,1054414,81616,6893,18820,2559,5701,下午数学许愿上岸,,下午数学许愿上岸,0,0,4,0,0,0.0,0.0,0.0,0.0,0.0,0.0,0.0,0.0,0,0,0,0,0,0,0,0,无明显情感,课程内容,未明确方面,中性,1,0.5432058192131397,0.18933222898599036,0.26746195180086996,0.5432058192131397,正面,正面,1.0,True
知识区,BV1zrGi6PE9B,【最后一课】2X2联表与独立性检验！,1054414,81616,6893,18820,2559,5701,下午数学加油,,下午数学加油,1,0,3,0,0,1.0,1.0,0.0,1.0,0.3333333333333333,1.0,1.0,0.0,0,0,0,0,0,0,0,1,对象评价,课程内容,未明确方面,正面,1,0.8409927504092861,0.08668757489279476,0.0723196746979191,0.8409927504092861,正面,正面,,False
知识区,BV1zrGi6PE9B,【最后一课】2X2联表与独立性检验！,1054414,81616,6893,18820,2559,5701,2027等我上岸,,2027等我上岸,0,0,3,0,0,0.0,0.0,0.0,0.0,0.0,0.0,0.0,0.0,0,0,0,0,0,0,0,0,无明显情感,未明确对象,未明确方面,中性,1,0.7353183862273082,0.026749943205304966,0.23793167056738693,0.7353183862273082,正面,正面,,False
知识区,BV1zrGi6PE9B,【最后一课】2X2联表与独立性检验！,1054414,81616,6893,18820,2559,5701,下午考的来,,下午考的来,0,0,3,0,0,0.0,0.0,0.0,0.0,0.0,0.0,0.0,0.0,0,0,0,0,0,0,0,0,无明显情感,未明确对象,未明确方面,中性,0,0.7898707515645891,0.06225110756808792,0.7898707515645891,0.14787814086732307,中性,中性,,False
知识区,BV1zrGi6PE9B,【最后一课】2X2联表与独立性检验！,1054414,81616,6893,18820,2559,5701,大巴黎是冠军,,大巴黎是冠军,0,0,3,0,0,0.0,0.0,0.0,0.0,0.0,0.0,0.0,0.0,0,0,0,0,0,0,0,0,无明显情感,未明确对象,未明确方面,中性,0,0.750339864695711,0.1327902176977959,0.750339864695711,0.11686991760649301,中性,中性,,False
知识区,BV1zrGi6PE9B,【最后一课】2X2联表与独立性检验！,1054414,81616,6893,18820,2559,5701,下午考加油,,下午考加油,1,0,3,0,0,1.0,1.0,0.0,1.0,0.3333333333333333,1.0,1.0,0.0,0,0,0,0,0,0,0,1,对象评价,未明确对象,未明确方面,正面,1,0.8978491898387511,0.01694193383422351,0.08520887632702555,0.8978491898387511,正面,正面,,False
知识区,BV1zrGi6PE9B,【最后一课】2X2联表与独立性检验！,1054414,81616,6893,18820,2559,5701,下午考数学,,下午考数学,0,0,3,0,0,0.0,0.0,0.0,0.0,0.0,0.0,0.0,0.0,0,0,0,0,0,0,0,0,无明显情感,课程内容,未明确方面,中性,0,0.6780600537687036,0.13840751792071104,0.6780600537687036,0.18353242831058525,中性,中性,0.0,True
知识区,BV1zrGi6PE9B,【最后一课】2X2联表与独立性检验！,1054414,81616,6893,18820,2559,5701,还有三个小时考 好紧张,,还有三个小时考好紧张,0,0,5,0,0,0.0,0.0,0.0,0.0,0.0,0.0,0.0,0.0,0,0,0,0,0,0,0,0,无明显情感,未明确对象,未明确方面,中性,0,0.7612111875154609,0.059399025472204554,0.7612111875154609,0.1793897870123345,中性,中性,,False
知识区,BV1zrGi6PE9B,【最后一课】2X2联表与独立性检验！,1054414,81616,6893,18820,2559,5701,今天高考～,,今天高考,0,0,2,0,0,0.0,0.0,0.0,0.0,0.0,0.0,0.0,0.0,0,0,0,0,0,0,0,0,无明显情感,未明确对象,未明确方面,中性,0,0.5244321012374824,0.028737187518770434,0.5244321012374824,0.4468307112437472,中性,中性,,False
知识区,BV1zrGi6PE9B,【最后一课】2X2联表与独立性检验！,1054414,81616,6893,18820,2559,5701,数学120+,,数学120,0,0,2,0,0,0.0,0.0,0.0,0.0,0.0,0.0,0.0,0.0,0,0,0,0,0,0,0,0,无明显情感,课程内容,未明确方面,中性,-1,0.5287033813812185,0.5287033813812185,0.2080892300170271,0.26320738860175447,负面,负面,,False
知识区,BV1zrGi6PE9B,【最后一课】2X2联表与独立性检验！,1054414,81616,6893,18820,2559,5701,感谢相遇,,感谢相遇,1,0,2,0,0,1.0,1.0,0.0,1.0,0.5,1.0,1.0,0.0,0,0,0,0,0,0,0,1,对象评价,未明确对象,未明确方面,正面,1,0.8907306199721081,0.0343241366142745,0.07494524341361745,0.8907306199721081,正面,正面,,False
知识区,BV1zrGi6PE9B,【最后一课】2X2联表与独立性检验！,1054414,81616,6893,18820,2559,5701,北京大学2027等我,,北京大学2027等我,0,0,3,0,0,0.0,0.0,0.0,0.0,0.0,0.0,0.0,0.0,0,0,0,0,0,0,0,0,无明显情感,未明确对象,未明确方面,中性,1,0.6313966763721922,0.032712964081598926,0.33589035954620877,0.6313966763721922,正面,正面,,False
知识区,BV1zrGi6PE9B,【最后一课】2X2联表与独立性检验！,1054414,81616,6893,18820,2559,5701,尼克斯赢了,,尼克斯赢了,0,0,2,0,0,0.0,0.0,0.0,0.0,0.0,0.0,0.0,0.0,0,0,0,0,0,0,0,0,无明显情感,未明确对象,比赛表现,中性,0,0.5869669561635714,0.16890493623748568,0.5869669561635714,0.24412810759894296,中性,中性,0.0,True
知识区,BV1zrGi6PE9B,【最后一课】2X2联表与独立性检验！,1054414,81616,6893,18820,2559,5701,mx加油,,mx加油,1,0,2,0,0,1.0,1.0,0.0,1.0,0.5,1.0,1.0,0.0,0,0,0,0,0,0,0,1,对象评价,未明确对象,未明确方面,正面,1,0.9466699864221867,0.02146162564881829,0.03186838792899501,0.9466699864221867,正面,正面,,False
知识区,BV1zrGi6PE9B,【最后一课】2X2联表与独立性检验！,1054414,81616,6893,18820,2559,5701,沙溢丝,,沙溢丝,0,0,1,0,0,0.0,0.0,0.0,0.0,0.0,0.0,0.0,0.0,0,0,0,0,0,0,0,0,无明显情感,未明确对象,未明确方面,中性,0,0.6613337795964743,0.14035796080361848,0.6613337795964743,0.19830825959990717,中性,中性,,False
知识区,BV1zrGi6PE9B,【最后一课】2X2联表与独立性检验！,1054414,81616,6893,18820,2559,5701,谢谢,,谢谢,1,0,1,0,0,1.0,1.0,0.0,1.0,1.0,1.0,1.0,0.0,0,0,0,0,0,0,0,1,对象评价,未明确对象,未明确方面,正面,1,0.9053927901177906,0.04373765593671285,0.05086955394549654,0.9053927901177906,正面,正面,,False
知识区,BV1zrGi6PE9B,【最后一课】2X2联表与独立性检验！,1054414,81616,6893,18820,2559,5701,泪目了,,泪目了,1,0,1,0,0,1.0,1.0,0.0,1.0,1.0,1.0,1.0,0.0,0,0,1,0,0,0,0,1,对象评价+自身情绪,未明确对象,未明确方面,正面,1,0.6994478886020127,0.2506448502531513,0.04990726114483599,0.6994478886020127,正面,正面,1.0,True
知识区,BV1zrGi6PE9B,【最后一课】2X2联表与独立性检验！,1054414,81616,6893,18820,2559,5701,阿森纳是亚军,,阿森纳是亚军,0,0,2,0,0,0.0,0.0,0.0,0.0,0.0,0.0,0.0,0.0,0,0,0,0,0,0,0,0,无明显情感,未明确对象,未明确方面,中性,0,0.6785959407811517,0.20388452984411148,0.6785959407811517,0.1175195293747369,中性,中性,,False
知识区,BV1zrGi6PE9B,【最后一课】2X2联表与独立性检验！,1054414,81616,6893,18820,2559,5701,2027上岸南大。,,2027上岸南大。,0,0,5,0,0,0.0,0.0,0.0,0.0,0.0,0.0,0.0,0.0,0,0,0,0,0,0,0,0,无明显情感,未明确对象,未明确方面,中性,1,0.6751485500390186,0.03904483348418737,0.28580661647679406,0.6751485500390186,正面,正面,,False
知识区,BV1zrGi6PE9B,【最后一课】2X2联表与独立性检验！,1054414,81616,6893,18820,2559,5701,最后几小时！,,最后几小时！,0,0,3,1,0,0.0,0.0,0.0,0.0,0.0,0.0,0.0,0.0,0,0,0,0,0,0,0,0,无明显情感,未明确对象,未明确方面,中性,0,0.6874242565271759,0.04203772387279747,0.6874242565271759,0.27053801960002655,中性,中性,0.0,True
知识区,BV1zrGi6PE9B,【最后一课】2X2联表与独立性检验！,1054414,81616,6893,18820,2559,5701,高考加油，希望所有的高三学生能考到自己理想的大学，所有努力的学生们得偿所愿。,,高考加油，希望所有的高三学生能考到自己理想的大学，所有努力的学生们得偿所愿。,1,0,20,0,0,1.0,1.0,0.0,1.0,0.05,1.0,1.0,0.0,0,0,0,0,0,0,0,1,对象评价,未明确对象,未明确方面,正面,1,0.84087648850114,0.06003661887342663,0.09908689262543335,0.84087648850114,正面,正面,1.0,True
知识区,BV1zrGi6PE9B,【最后一课】2X2联表与独立性检验！,1054414,81616,6893,18820,2559,5701,高考加油，上本科,,高考加油，上本科,1,0,5,0,0,1.0,1.0,0.0,1.0,0.2,1.0,1.0,0.0,0,0,0,0,0,0,0,1,对象评价,未明确对象,未明确方面,正面,1,0.9797689929577434,0.004991681121389455,0.015239325920867042,0.9797689929577434,正面,正面,,False
知识区,BV1zrGi6PE9B,【最后一课】2X2联表与独立性检验！,1054414,81616,6893,18820,2559,5701,听哭了,,听哭了,0,1,2,0,0,-1.0,0.0,1.0,1.0,0.5,-1.0,0.0,1.0,0,0,0,0,0,0,0,1,对象评价,未明确对象,未明确方面,负面,-1,0.7854161914008166,0.7854161914008166,0.12940579228416227,0.08517801631502112,负面,负面,-1.0,True
知识区,BV1zrGi6PE9B,【最后一课】2X2联表与独立性检验！,1054414,81616,6893,18820,2559,5701,？？？？？？,,？？？？？？,0,0,6,0,6,0.0,0.0,0.0,0.0,0.0,0.0,0.0,0.0,0,0,0,0,0,0,0,0,无明显情感,未明确对象,未明确方面,中性,-1,0.9890633262213755,0.9890633262213755,0.009574374929441935,0.001362298849182567,负面,负面,,False
知识区,BV1zrGi6PE9B,【最后一课】2X2联表与独立性检验！,1054414,81616,6893,18820,2559,5701,明天高考 加油 2026年6月6日,,明天高考加油2026年6月6日,1,0,9,0,0,1.0,1.0,0.0,1.0,0.1111111111111111,1.0,1.0,0.0,0,0,0,0,0,0,0,1,对象评价,未明确对象,未明确方面,正面,1,0.8974138977688317,0.025555927943323755,0.07703017428784449,0.8974138977688317,正面,正面,,False
知识区,BV1zrGi6PE9B,【最后一课】2X2联表与独立性检验！,1054414,81616,6893,18820,2559,5701,27年高考上岸！,,27年高考上岸！,0,0,5,1,0,0.0,0.0,0.0,0.0,0.0,0.0,0.0,0.0,0,0,0,0,0,0,0,0,无明显情感,未明确对象,未明确方面,中性,1,0.8941154820832368,0.011034100889254411,0.09485041702750877,0.8941154820832368,正面,正面,,False
知识区,BV1zrGi6PE9B,【最后一课】2X2联表与独立性检验！,1054414,81616,6893,18820,2559,5701,one last kiss好评 再见了我的高中数学！！！！完结撒花！！！！！！！！！！,,onelastkiss好评再见了我的高中数学！！！！完结撒花！！！！！！！！！！,1,0,20,14,0,1.0,1.0,0.0,1.0,0.05,1.0,1.0,0.0,0,0,0,0,0,0,0,1,对象评价,课程内容,未明确方面,正面,1,0.983038424481848,0.007549661966987975,0.009411913551164082,0.983038424481848,正面,正面,,False
知识区,BV1zrGi6PE9B,【最后一课】2X2联表与独立性检验！,1054414,81616,6893,18820,2559,5701,发发v,,发发v,0,0,2,0,0,0.0,0.0,0.0,0.0,0.0,0.0,0.0,0.0,0,0,0,0,0,0,0,0,无明显情感,未明确对象,未明确方面,中性,0,0.6553065905941072,0.1468149965085425,0.6553065905941072,0.19787841289735017,中性,中性,,False
知识区,BV1zrGi6PE9B,【最后一课】2X2联表与独立性检验！,1054414,81616,6893,18820,2559,5701,做过这题,,做过这题,0,0,2,0,0,0.0,0.0,0.0,0.0,0.0,0.0,0.0,0.0,0,0,0,0,0,0,0,0,无明显情感,未明确对象,未明确方面,中性,0,0.8505122825142886,0.05514996553252679,0.8505122825142886,0.09433775195318465,中性,中性,,False
知识区,BV1zrGi6PE9B,【最后一课】2X2联表与独立性检验！,1054414,81616,6893,18820,2559,5701,准高三生终于把欠自己的补上了，尽管只是一小部分，以后我们要开始刷题了！加油625,,准高三生终于把欠自己的补上了，尽管只是一小部分，以后我们要开始刷题了！加油625,1,0,21,1,0,1.0,1.0,0.0,1.0,0.047619047619047616,1.0,1.0,0.0,2,0,0,0,0,0,0,1,对象评价,未明确对象,未明确方面,正面,1,0.874560287198845,0.0711550176689655,0.05428469513218956,0.874560287198845,正面,正面,1.0,True
知识区,BV1zrGi6PE9B,【最后一课】2X2联表与独立性检验！,1054414,81616,6893,18820,2559,5701,高考必胜！！！！,,高考必胜！！！！,0,0,6,4,0,0.0,0.0,0.0,0.0,0.0,0.0,0.0,0.0,0,0,0,0,0,0,0,0,无明显情感,未明确对象,未明确方面,中性,1,0.7876808095105757,0.07574139080106719,0.13657779968835704,0.7876808095105757,正面,正面,1.0,True
知识区,BV1zrGi6PE9B,【最后一课】2X2联表与独立性检验！,1054414,81616,6893,18820,2559,5701,加油兄弟们,,加油兄弟们,1,0,3,0,0,1.0,1.0,0.0,1.0,0.3333333333333333,1.0,1.0,0.0,0,0,0,0,0,0,0,1,对象评价,未明确对象,未明确方面,正面,1,0.8613784651844878,0.03860852806604497,0.10001300674946727,0.8613784651844878,正面,正面,1.0,True
知识区,BV1zrGi6PE9B,【最后一课】2X2联表与独立性检验！,1054414,81616,6893,18820,2559,5701,2026年6月6日至此 高中数学学习完毕 明天高考顺利！,,2026年6月6日至此高中数学学习完毕明天高考顺利！,1,0,14,1,0,1.0,1.0,0.0,1.0,0.07142857142857142,1.0,1.0,0.0,0,0,0,0,0,0,0,1,对象评价,课程内容,未明确方面,正面,1,0.8963072258304096,0.030694526884475937,0.07299824728511446,0.8963072258304096,正面,正面,1.0,True
知识区,BV1zrGi6PE9B,【最后一课】2X2联表与独立性检验！,1054414,81616,6893,18820,2559,5701,250个同胞你们都明天高考吗？,,250个同胞你们都明天高考吗？,0,0,8,0,1,0.0,0.0,0.0,0.0,0.0,0.0,0.0,0.0,0,0,0,0,0,0,0,0,无明显情感,未明确对象,未明确方面,中性,0,0.5179376350897382,0.26405150779364994,0.5179376350897382,0.2180108571166119,中性,中性,,False
知识区,BV1zrGi6PE9B,【最后一课】2X2联表与独立性检验！,1054414,81616,6893,18820,2559,5701,明天高考了 高考在哪里报名,,明天高考了高考在哪里报名,0,0,6,0,0,0.0,0.0,0.0,0.0,0.0,0.0,0.0,0.0,0,0,0,0,0,0,0,0,无明显情感,未明确对象,未明确方面,中性,0,0.5462764421539292,0.13566170027432428,0.5462764421539292,0.3180618575717465,中性,中性,,False
知识区,BV1zrGi6PE9B,【最后一课】2X2联表与独立性检验！,1054414,81616,6893,18820,2559,5701,1,,1,0,0,1,0,0,0.0,0.0,0.0,0.0,0.0,0.0,0.0,0.0,0,0,0,0,0,0,0,0,无明显情感,未明确对象,未明确方面,中性,0,0.8077068359466255,0.07779031979940015,0.8077068359466255,0.11450284425397428,中性,中性,,False
知识区,BV1zrGi6PE9B,【最后一课】2X2联表与独立性检验！,1054414,81616,6893,18820,2559,5701,明天高考，第一次学哈哈,,明天高考，第一次学哈哈,1,0,6,0,0,1.0,1.0,0.0,1.0,0.16666666666666666,1.0,1.0,0.0,0,0,1,0,0,0,0,1,对象评价+自身情绪,未明确对象,娱乐与趣味,正面,1,0.7709850538242207,0.01641522326970413,0.21259972290607526,0.7709850538242207,正面,正面,,False
知识区,BV1zrGi6PE9B,【最后一课】2X2联表与独立性检验！,1054414,81616,6893,18820,2559,5701,诸位，顶峰再见π_π,,诸位，顶峰再见,0,0,4,0,0,0.0,0.0,0.0,0.0,0.0,0.0,0.0,0.0,0,0,0,0,0,0,0,0,无明显情感,未明确对象,未明确方面,中性,0,0.5327972144713203,0.33869404662315367,0.5327972144713203,0.12850873890552605,中性,正面,1.0,True
知识区,BV1zrGi6PE9B,【最后一课】2X2联表与独立性检验！,1054414,81616,6893,18820,2559,5701,谢谢，愿我上岸！,,谢谢，愿我上岸！,1,0,5,1,0,1.0,1.0,0.0,1.0,0.2,1.0,1.0,0.0,0,0,0,0,0,0,0,1,对象评价,未明确对象,未明确方面,正面,1,0.9779158300808055,0.0050120646389909315,0.01707210528020343,0.9779158300808055,正面,正面,,False
知识区,BV1zrGi6PE9B,【最后一课】2X2联表与独立性检验！,1054414,81616,6893,18820,2559,5701,感觉好绕,,感觉好绕,0,0,2,0,0,0.0,0.0,0.0,0.0,0.0,0.0,0.0,0.0,0,0,0,0,0,0,0,0,无明显情感,未明确对象,未明确方面,中性,-1,0.7816350994980951,0.7816350994980951,0.12799522836970928,0.09036967213219572,负面,负面,-1.0,True
知识区,BV1zrGi6PE9B,【最后一课】2X2联表与独立性检验！,1054414,81616,6893,18820,2559,5701,高考500+！,,高考500！,0,0,3,1,0,0.0,0.0,0.0,0.0,0.0,0.0,0.0,0.0,0,0,0,0,0,0,0,0,无明显情感,未明确对象,未明确方面,中性,1,0.7525566685341324,0.039223865728681716,0.20821946573718583,0.7525566685341324,正面,正面,,False
知识区,BV1zrGi6PE9B,【最后一课】2X2联表与独立性检验！,1054414,81616,6893,18820,2559,5701,明天高考会赢吗,,明天高考会赢吗,0,0,4,0,0,0.0,0.0,0.0,0.0,0.0,0.0,0.0,0.0,0,0,0,0,0,0,0,0,无明显情感,未明确对象,比赛表现,中性,0,0.5138945850175947,0.04131214457354449,0.5138945850175947,0.44479327040886085,中性,中性,,False
知识区,BV1zrGi6PE9B,【最后一课】2X2联表与独立性检验！,1054414,81616,6893,18820,2559,5701,会赢吗,,会赢吗,0,0,2,0,0,0.0,0.0,0.0,0.0,0.0,0.0,0.0,0.0,0,0,0,0,0,0,0,0,无明显情感,未明确对象,比赛表现,中性,0,0.7661992391146775,0.08622495287999313,0.7661992391146775,0.1475758080053295,中性,中性,,False
知识区,BV1zrGi6PE9B,【最后一课】2X2联表与独立性检验！,1054414,81616,6893,18820,2559,5701,完结撒花！谢谢老师！！！,,完结撒花！谢谢老师！！！,1,0,8,4,0,1.0,1.0,0.0,1.0,0.125,1.0,1.0,0.0,0,0,0,0,0,0,0,1,对象评价,讲解者,未明确方面,正面,1,0.9892368965454709,0.0031925182042714874,0.0075705852502576335,0.9892368965454709,正面,正面,,False
知识区,BV1zrGi6PE9B,【最后一课】2X2联表与独立性检验！,1054414,81616,6893,18820,2559,5701,GKJY,,GKJY,0,0,1,0,0,0.0,0.0,0.0,0.0,0.0,0.0,0.0,0.0,0,0,0,0,0,0,0,0,无明显情感,未明确对象,未明确方面,中性,0,0.6613337795964743,0.14035796080361848,0.6613337795964743,0.19830825959990717,中性,中性,,False
知识区,BV1zrGi6PE9B,【最后一课】2X2联表与独立性检验！,1054414,81616,6893,18820,2559,5701,2026明天高考,,2026明天高考,0,0,3,0,0,0.0,0.0,0.0,0.0,0.0,0.0,0.0,0.0,0,0,0,0,0,0,0,0,无明显情感,未明确对象,未明确方面,中性,1,0.6774772043761951,0.03613297577599581,0.2863898198478091,0.6774772043761951,正面,正面,,False
知识区,BV1zrGi6PE9B,【最后一课】2X2联表与独立性检验！,1054414,81616,6893,18820,2559,5701,happy ending啊,,happyending啊,0,0,1,0,0,0.0,0.0,0.0,0.0,0.0,0.0,0.0,0.0,0,0,0,0,0,0,0,0,无明显情感,未明确对象,未明确方面,中性,-1,0.5155707850571227,0.5155707850571227,0.20894699582711124,0.2754822191157661,负面,负面,,False
知识区,BV1zrGi6PE9B,【最后一课】2X2联表与独立性检验！,1054414,81616,6893,18820,2559,5701,高考顺利，金榜题名，高考加油！,,高考顺利，金榜题名，高考加油！,2,0,8,1,0,2.0,2.0,0.0,2.0,0.25,2.0,2.0,0.0,0,0,0,0,0,0,0,1,对象评价,未明确对象,未明确方面,正面,1,0.9977693042649793,0.0008641146222710147,0.001366581112749665,0.9977693042649793,正面,正面,,False
知识区,BV1zrGi6PE9B,【最后一课】2X2联表与独立性检验！,1054414,81616,6893,18820,2559,5701,明天高考，祝我自己超常发挥,,明天高考，祝我自己超常发挥,0,0,6,0,0,0.0,0.0,0.0,0.0,0.0,0.0,0.0,0.0,0,0,0,0,0,0,0,0,无明显情感,未明确对象,未明确方面,中性,1,0.576197806411149,0.06041618976980714,0.36338600381904373,0.576197806411149,正面,正面,,False
知识区,BV1zrGi6PE9B,【最后一课】2X2联表与独立性检验！,1054414,81616,6893,18820,2559,5701,雷霆所向披靡,,雷霆所向披靡,0,0,2,0,0,0.0,0.0,0.0,0.0,0.0,0.0,0.0,0.0,0,0,0,0,0,0,0,0,无明显情感,未明确对象,未明确方面,中性,0,0.6553065905941072,0.1468149965085425,0.6553065905941072,0.19787841289735017,中性,中性,,False
知识区,BV1zrGi6PE9B,【最后一课】2X2联表与独立性检验！,1054414,81616,6893,18820,2559,5701,最后一课，打卡,,最后一课，打卡,0,0,4,0,0,0.0,0.0,0.0,0.0,0.0,0.0,0.0,0.0,0,0,0,0,0,0,0,0,无明显情感,未明确对象,未明确方面,中性,0,0.7741801893885442,0.0700950673188361,0.7741801893885442,0.15572474329261968,中性,中性,0.0,True
知识区,BV1zrGi6PE9B,【最后一课】2X2联表与独立性检验！,1054414,81616,6893,18820,2559,5701,2026高考上岸,,2026高考上岸,0,0,3,0,0,0.0,0.0,0.0,0.0,0.0,0.0,0.0,0.0,0,0,0,0,0,0,0,0,无明显情感,未明确对象,未明确方面,中性,1,0.8568653964843939,0.02120743114227381,0.12192717237333243,0.8568653964843939,正面,正面,,False
知识区,BV1zrGi6PE9B,【最后一课】2X2联表与独立性检验！,1054414,81616,6893,18820,2559,5701,还有课吗，好像已经讲完了吗？,,还有课吗，好像已经讲完了吗？,0,1,7,0,1,-1.0,0.0,1.0,1.0,0.14285714285714285,-1.0,0.0,1.0,0,0,0,0,0,0,0,1,对象评价,未明确对象,未明确方面,负面,0,0.6229561003376343,0.30329879658831477,0.6229561003376343,0.07374510307405088,中性,中性,0.0,True
知识区,BV1zrGi6PE9B,【最后一课】2X2联表与独立性检验！,1054414,81616,6893,18820,2559,5701,西北大学,,西北大学,0,0,1,0,0,0.0,0.0,0.0,0.0,0.0,0.0,0.0,0.0,0,0,0,0,0,0,0,0,无明显情感,未明确对象,未明确方面,中性,0,0.6031187808416515,0.08598199451739685,0.6031187808416515,0.3108992246409517,中性,中性,,False
知识区,BV1zrGi6PE9B,【最后一课】2X2联表与独立性检验！,1054414,81616,6893,18820,2559,5701,这个表考试也是会给的，不用记数值！,,这个表考试也是会给的，不用记数值！,0,0,11,1,0,0.0,0.0,0.0,0.0,0.0,0.0,0.0,0.0,0,0,0,0,0,0,0,0,无明显情感,未明确对象,未明确方面,中性,0,0.6753833243729666,0.15151813166908,0.6753833243729666,0.17309854395795343,中性,中性,0.0,True
知识区,BV1zrGi6PE9B,【最后一课】2X2联表与独立性检验！,1054414,81616,6893,18820,2559,5701,哦没嘚哆,,哦没嘚哆,0,0,4,0,0,0.0,0.0,0.0,0.0,0.0,0.0,0.0,0.0,0,0,0,0,0,0,0,0,无明显情感,未明确对象,未明确方面,中性,0,0.5909268915061204,0.3415860100695764,0.5909268915061204,0.06748709842430307,中性,中性,0.0,True
知识区,BV1zrGi6PE9B,【最后一课】2X2联表与独立性检验！,1054414,81616,6893,18820,2559,5701,明天高考，高考加油！！！,,明天高考，高考加油！！！,1,0,8,3,0,1.0,1.0,0.0,1.0,0.125,1.0,1.0,0.0,0,0,0,0,0,0,0,1,对象评价,未明确对象,未明确方面,正面,1,0.9809893442688961,0.006957788549223162,0.012052867181880898,0.9809893442688961,正面,正面,,False
知识区,BV1zrGi6PE9B,【最后一课】2X2联表与独立性检验！,1054414,81616,6893,18820,2559,5701,27届的高考也要加油！↑,,27届的高考也要加油！,1,0,7,1,0,1.0,1.0,0.0,1.0,0.14285714285714285,1.0,1.0,0.0,0,0,0,0,0,0,0,1,对象评价,未明确对象,未明确方面,正面,1,0.9520642698039423,0.008145552559120056,0.0397901776369376,0.9520642698039423,正面,正面,,False
知识区,BV1zrGi6PE9B,【最后一课】2X2联表与独立性检验！,1054414,81616,6893,18820,2559,5701,不用背不用背！考试会给的哟！,,不用背不用背！考试会给的哟！,0,0,10,2,0,0.0,0.0,0.0,0.0,0.0,0.0,0.0,0.0,0,0,0,0,0,0,0,0,无明显情感,未明确对象,未明确方面,中性,0,0.7146404122488685,0.14219260680676746,0.7146404122488685,0.14316698094436403,中性,中性,,False
知识区,BV1zrGi6PE9B,【最后一课】2X2联表与独立性检验！,1054414,81616,6893,18820,2559,5701,华南农业大学366天冲冲冲,,华南农业大学366天冲冲冲,1,0,5,0,0,1.0,1.0,0.0,1.0,0.2,1.0,1.0,0.0,0,0,0,0,0,0,0,1,对象评价,未明确对象,未明确方面,正面,1,0.7662084728316877,0.02121392935437155,0.21257759781394067,0.7662084728316877,正面,正面,,False
知识区,BV1zrGi6PE9B,【最后一课】2X2联表与独立性检验！,1054414,81616,6893,18820,2559,5701,错了，开始大一副本,,错了，开始大一副本,0,1,6,0,0,-1.0,0.0,1.0,1.0,0.16666666666666666,-1.0,0.0,1.0,0,0,0,0,0,0,0,1,对象评价,未明确对象,未明确方面,负面,-1,0.565079282759971,0.565079282759971,0.3909977026124255,0.04392301462760339,负面,中性,0.0,True
知识区,BV1zrGi6PE9B,【最后一课】2X2联表与独立性检验！,1054414,81616,6893,18820,2559,5701,加油！,,加油！,1,0,2,1,0,1.0,1.0,0.0,1.0,0.5,1.0,1.0,0.0,0,0,0,0,0,0,0,1,对象评价,未明确对象,未明确方面,正面,1,0.9809520341155836,0.005643818790203285,0.013404147094213151,0.9809520341155836,正面,正面,,False
知识区,BV1zrGi6PE9B,【最后一课】2X2联表与独立性检验！,1054414,81616,6893,18820,2559,5701,今天是6月6日,,今天是6月6日,0,0,5,0,0,0.0,0.0,0.0,0.0,0.0,0.0,0.0,0.0,0,0,0,0,0,0,0,0,无明显情感,未明确对象,未明确方面,中性,0,0.5895820655956793,0.20862363693660232,0.5895820655956793,0.2017942974677184,中性,中性,,False
知识区,BV1zrGi6PE9B,【最后一课】2X2联表与独立性检验！,1054414,81616,6893,18820,2559,5701,我们没有下一个视频了，同学们,,我们没有下一个视频了，同学们,0,0,7,0,0,0.0,0.0,0.0,0.0,0.0,0.0,0.0,0.0,0,0,0,0,0,0,0,0,无明显情感,视频内容,未明确方面,中性,-1,0.6008621671212464,0.6008621671212464,0.24014847765922934,0.15898935521952434,负面,负面,,False
知识区,BV1zrGi6PE9B,【最后一课】2X2联表与独立性检验！,1054414,81616,6893,18820,2559,5701,成功,,成功,1,0,1,0,0,1.0,1.0,0.0,1.0,1.0,1.0,1.0,0.0,0,0,0,0,0,0,0,1,对象评价,未明确对象,未明确方面,正面,1,0.7486981984835525,0.08758927118790366,0.163712530328544,0.7486981984835525,正面,正面,1.0,True
知识区,BV1zrGi6PE9B,【最后一课】2X2联表与独立性检验！,1054414,81616,6893,18820,2559,5701,2026厦门大学,,2026厦门大学,0,0,2,0,0,0.0,0.0,0.0,0.0,0.0,0.0,0.0,0.0,0,0,0,0,0,0,0,0,无明显情感,未明确对象,未明确方面,中性,1,0.4839611670670483,0.0744464005079383,0.4415924324250133,0.4839611670670483,正面,正面,,False
知识区,BV1zrGi6PE9B,【最后一课】2X2联表与独立性检验！,1054414,81616,6893,18820,2559,5701,一轮复习等我,,一轮复习等我,0,0,3,0,0,0.0,0.0,0.0,0.0,0.0,0.0,0.0,0.0,0,0,0,0,0,0,0,0,无明显情感,未明确对象,未明确方面,中性,0,0.7503216668858523,0.05210798033306806,0.7503216668858523,0.1975703527810795,中性,中性,,False
知识区,BV1zrGi6PE9B,【最后一课】2X2联表与独立性检验！,1054414,81616,6893,18820,2559,5701,520+,,520,0,0,1,0,0,0.0,0.0,0.0,0.0,0.0,0.0,0.0,0.0,0,0,0,0,0,0,0,0,无明显情感,未明确对象,未明确方面,中性,0,0.7071632429822378,0.12319307131639783,0.7071632429822378,0.16964368570136437,中性,中性,,False
知识区,BV1zrGi6PE9B,【最后一课】2X2联表与独立性检验！,1054414,81616,6893,18820,2559,5701,高考大捷，金榜题名,,高考大捷，金榜题名,0,0,4,0,0,0.0,0.0,0.0,0.0,0.0,0.0,0.0,0.0,0,0,0,0,0,0,0,0,无明显情感,未明确对象,未明确方面,中性,1,0.7604804191157853,0.07281465952411237,0.1667049213601022,0.7604804191157853,正面,正面,1.0,True
知识区,BV1zrGi6PE9B,【最后一课】2X2联表与独立性检验！,1054414,81616,6893,18820,2559,5701,祝我2027高考顺利，程欣怡也一样,,祝我2027高考顺利，程欣怡也一样,1,0,9,0,0,1.0,1.0,0.0,1.0,0.1111111111111111,1.0,1.0,0.0,0,0,0,0,0,0,0,1,对象评价,未明确对象,未明确方面,正面,1,0.9426889732123129,0.022977567169648175,0.034333459618038846,0.9426889732123129,正面,正面,1.0,True
知识区,BV1zrGi6PE9B,【最后一课】2X2联表与独立性检验！,1054414,81616,6893,18820,2559,5701,尼克斯总冠军,,尼克斯总冠军,0,0,2,0,0,0.0,0.0,0.0,0.0,0.0,0.0,0.0,0.0,0,0,0,0,0,0,0,0,无明显情感,未明确对象,未明确方面,中性,0,0.6553065905941072,0.1468149965085425,0.6553065905941072,0.19787841289735017,中性,中性,,False
知识区,BV1zrGi6PE9B,【最后一课】2X2联表与独立性检验！,1054414,81616,6893,18820,2559,5701,界张让,,界张让,0,0,2,0,0,0.0,0.0,0.0,0.0,0.0,0.0,0.0,0.0,0,0,0,0,0,0,0,0,无明显情感,未明确对象,未明确方面,中性,0,0.6254877895358657,0.16684219795378943,0.6254877895358657,0.20767001251034492,中性,中性,,False
知识区,BV1zrGi6PE9B,【最后一课】2X2联表与独立性检验！,1054414,81616,6893,18820,2559,5701,高考必胜！！大学等我！！,,高考必胜！！大学等我！！,0,0,8,4,0,0.0,0.0,0.0,0.0,0.0,0.0,0.0,0.0,0,0,0,0,0,0,0,0,无明显情感,未明确对象,未明确方面,中性,1,0.9202260097269948,0.018202332114389548,0.0615716581586157,0.9202260097269948,正面,正面,,False
知识区,BV1zrGi6PE9B,【最后一课】2X2联表与独立性检验！,1054414,81616,6893,18820,2559,5701,高考必胜！N,,高考必胜！N,0,0,4,1,0,0.0,0.0,0.0,0.0,0.0,0.0,0.0,0.0,0,0,0,0,0,0,0,0,无明显情感,未明确对象,未明确方面,中性,1,0.8411393010028785,0.02392686235032738,0.13493383664679418,0.8411393010028785,正面,正面,,False
知识区,BV1zrGi6PE9B,【最后一课】2X2联表与独立性检验！,1054414,81616,6893,18820,2559,5701,宝宝高考加油，对不起，我爱你,,宝宝高考加油，对不起，我爱你,1,0,7,0,0,1.0,1.0,0.0,1.0,0.14285714285714285,1.0,1.0,0.0,0,0,0,0,0,0,0,1,对象评价,未明确对象,未明确方面,正面,1,0.9615875799330961,0.01597962502713557,0.022432795039768385,0.9615875799330961,正面,正面,,False
知识区,BV1zrGi6PE9B,【最后一课】2X2联表与独立性检验！,1054414,81616,6893,18820,2559,5701,纵使疾风起，人生不言弃,,纵使疾风起，人生不言弃,0,0,6,0,0,0.0,0.0,0.0,0.0,0.0,0.0,0.0,0.0,0,0,0,0,0,0,0,0,无明显情感,未明确对象,未明确方面,中性,1,0.3883816036033262,0.24847648372345993,0.363141912673214,0.3883816036033262,正面,正面,1.0,True
知识区,BV1zrGi6PE9B,【最后一课】2X2联表与独立性检验！,1054414,81616,6893,18820,2559,5701,明天高考！加油！超常发挥！,,明天高考！加油！超常发挥！,1,0,7,3,0,1.0,1.0,0.0,1.0,0.14285714285714285,1.0,1.0,0.0,0,0,0,0,0,0,0,1,对象评价,未明确对象,未明确方面,正面,1,0.9862958492846043,0.001186295338868819,0.012517855376526799,0.9862958492846043,正面,正面,,False
知识区,BV1zrGi6PE9B,【最后一课】2X2联表与独立性检验！,1054414,81616,6893,18820,2559,5701,再见了，高考加油，感谢小猪老师，感谢努力的自己，拜拜,,再见了，高考加油，感谢小猪老师，感谢努力的自己，拜拜,4,0,14,0,0,4.0,4.0,0.0,4.0,0.2857142857142857,4.0,4.0,0.0,0,0,0,0,0,0,0,1,对象评价,讲解者,未明确方面,正面,1,0.9992305338718035,0.00031849666505750113,0.00045096946313900806,0.9992305338718035,正面,正面,,False
知识区,BV1zrGi6PE9B,【最后一课】2X2联表与独立性检验！,1054414,81616,6893,18820,2559,5701,高考上岸理想大学617,,高考上岸理想大学617,0,0,5,0,0,0.0,0.0,0.0,0.0,0.0,0.0,0.0,0.0,0,0,0,0,0,0,0,0,无明显情感,未明确对象,未明确方面,中性,1,0.8119165362308899,0.01814061419754751,0.16994284957156267,0.8119165362308899,正面,正面,,False
知识区,BV1zrGi6PE9B,【最后一课】2X2联表与独立性检验！,1054414,81616,6893,18820,2559,5701,蟾宫折桂,,蟾宫折桂,0,0,1,0,0,0.0,0.0,0.0,0.0,0.0,0.0,0.0,0.0,0,0,0,0,0,0,0,0,无明显情感,未明确对象,未明确方面,中性,0,0.6613337795964743,0.14035796080361848,0.6613337795964743,0.19830825959990717,中性,中性,,False
知识区,BV1zrGi6PE9B,【最后一课】2X2联表与独立性检验！,1054414,81616,6893,18820,2559,5701,付电话费等着,,付电话费等着,0,0,4,0,0,0.0,0.0,0.0,0.0,0.0,0.0,0.0,0.0,0,0,0,0,0,0,0,0,无明显情感,未明确对象,未明确方面,中性,0,0.5622963514486671,0.11774654332263004,0.5622963514486671,0.31995710522870285,中性,中性,,False
知识区,BV1zrGi6PE9B,【最后一课】2X2联表与独立性检验！,1054414,81616,6893,18820,2559,5701,再见一数,,再见一数,0,0,2,0,0,0.0,0.0,0.0,0.0,0.0,0.0,0.0,0.0,0,0,0,0,0,0,0,0,无明显情感,未明确对象,未明确方面,中性,0,0.7379576510633334,0.14124172655255057,0.7379576510633334,0.12080062238411599,中性,中性,0.0,True
知识区,BV1zrGi6PE9B,【最后一课】2X2联表与独立性检验！,1054414,81616,6893,18820,2559,5701,再见,,再见,0,0,1,0,0,0.0,0.0,0.0,0.0,0.0,0.0,0.0,0.0,0,0,0,0,0,0,0,0,无明显情感,未明确对象,未明确方面,中性,0,0.7677345203178352,0.14098383809935386,0.7677345203178352,0.09128164158281095,中性,中性,0.0,True
知识区,BV1zrGi6PE9B,【最后一课】2X2联表与独立性检验！,1054414,81616,6893,18820,2559,5701,我既终焉,,我既终焉,0,0,2,0,0,0.0,0.0,0.0,0.0,0.0,0.0,0.0,0.0,0,0,0,0,0,0,0,0,无明显情感,未明确对象,未明确方面,中性,0,0.6652962009857446,0.14768894269413188,0.6652962009857446,0.18701485632012363,中性,中性,,False
知识区,BV1zrGi6PE9B,【最后一课】2X2联表与独立性检验！,1054414,81616,6893,18820,2559,5701,广工！深大等我！,,广工！深大等我！,0,0,5,2,0,0.0,0.0,0.0,0.0,0.0,0.0,0.0,0.0,0,0,0,0,0,0,0,0,无明显情感,未明确对象,未明确方面,中性,1,0.6684564898195504,0.02889883712852601,0.30264467305192355,0.6684564898195504,正面,正面,,False
知识区,BV1zrGi6PE9B,【最后一课】2X2联表与独立性检验！,1054414,81616,6893,18820,2559,5701,高考数学115！,,高考数学115！,0,0,4,1,0,0.0,0.0,0.0,0.0,0.0,0.0,0.0,0.0,0,0,0,0,0,0,0,0,无明显情感,课程内容,未明确方面,中性,1,0.7339874954785269,0.04510273379003907,0.220909770731434,0.7339874954785269,正面,正面,,False
知识区,BV1zrGi6PE9B,【最后一课】2X2联表与独立性检验！,1054414,81616,6893,18820,2559,5701,高考120,,高考120,0,0,2,0,0,0.0,0.0,0.0,0.0,0.0,0.0,0.0,0.0,0,0,0,0,0,0,0,0,无明显情感,未明确对象,未明确方面,中性,1,0.659022866370594,0.027816068311861352,0.3131610653175446,0.659022866370594,正面,正面,1.0,True
知识区,BV1zrGi6PE9B,【最后一课】2X2联表与独立性检验！,1054414,81616,6893,18820,2559,5701,26年6.6日星期六，下午3：44数学通关,,26年6.6日星期六，下午344数学通关,0,0,10,0,0,0.0,0.0,0.0,0.0,0.0,0.0,0.0,0.0,0,0,0,0,0,0,0,0,无明显情感,课程内容,未明确方面,中性,1,0.4992965978170591,0.20051310158166893,0.30019030060127205,0.4992965978170591,正面,正面,1.0,True
知识区,BV1zrGi6PE9B,【最后一课】2X2联表与独立性检验！,1054414,81616,6893,18820,2559,5701,完结撒花，高考大捷，瞻宫折桂，更上一层楼,,完结撒花，高考大捷，瞻宫折桂，更上一层楼,0,0,10,0,0,0.0,0.0,0.0,0.0,0.0,0.0,0.0,0.0,0,0,0,0,0,0,0,0,无明显情感,未明确对象,未明确方面,中性,1,0.8950599214009598,0.03976328698594042,0.06517679161309972,0.8950599214009598,正面,正面,,False
知识区,BV1zrGi6PE9B,【最后一课】2X2联表与独立性检验！,1054414,81616,6893,18820,2559,5701,鸭梨马刺,,鸭梨马刺,0,0,2,0,0,0.0,0.0,0.0,0.0,0.0,0.0,0.0,0.0,0,0,0,0,0,0,0,0,无明显情感,未明确对象,未明确方面,中性,0,0.6553065905941072,0.1468149965085425,0.6553065905941072,0.19787841289735017,中性,中性,,False
知识区,BV1zrGi6PE9B,【最后一课】2X2联表与独立性检验！,1054414,81616,6893,18820,2559,5701,相当于把这个10*10整体提出来了然后平方,,相当于把这个1010整体提出来了然后平方,0,0,9,0,0,0.0,0.0,0.0,0.0,0.0,0.0,0.0,0.0,0,0,0,0,0,0,0,0,无明显情感,未明确对象,未明确方面,中性,0,0.7829730068987413,0.09969558768839737,0.7829730068987413,0.11733140541286134,中性,中性,,False
知识区,BV1zrGi6PE9B,【最后一课】2X2联表与独立性检验！,1054414,81616,6893,18820,2559,5701,写多了自然就会了,,写多了自然就会了,0,0,5,0,0,0.0,0.0,0.0,0.0,0.0,0.0,0.0,0.0,0,0,0,0,1,0,0,0,认知状态,未明确对象,未明确方面,中性,0,0.7232866209033112,0.12800859239786333,0.7232866209033112,0.1487047866988256,中性,中性,0.0,True
知识区,BV1zrGi6PE9B,【最后一课】2X2联表与独立性检验！,1054414,81616,6893,18820,2559,5701,正义必胜,,正义必胜,0,0,2,0,0,0.0,0.0,0.0,0.0,0.0,0.0,0.0,0.0,0,0,0,0,0,0,0,0,无明显情感,未明确对象,未明确方面,中性,1,0.6038470991488172,0.10710247134346397,0.2890504295077188,0.6038470991488172,正面,正面,1.0,True
知识区,BV1zrGi6PE9B,【最后一课】2X2联表与独立性检验！,1054414,81616,6893,18820,2559,5701,准备高考,,准备高考,0,0,2,0,0,0.0,0.0,0.0,0.0,0.0,0.0,0.0,0.0,0,0,0,0,0,0,0,0,无明显情感,未明确对象,未明确方面,中性,0,0.5433761779215729,0.02899689159216431,0.5433761779215729,0.4276269304862628,中性,中性,,False
知识区,BV1zrGi6PE9B,【最后一课】2X2联表与独立性检验！,1054414,81616,6893,18820,2559,5701,一本生已打卡,,一本生已打卡,0,0,3,0,0,0.0,0.0,0.0,0.0,0.0,0.0,0.0,0.0,0,0,0,0,0,0,0,0,无明显情感,未明确对象,未明确方面,中性,0,0.7950814447152059,0.02236275008629347,0.7950814447152059,0.18255580519850054,中性,中性,,False
知识区,BV1zrGi6PE9B,【最后一课】2X2联表与独立性检验！,1054414,81616,6893,18820,2559,5701,许愿数学125分,,许愿数学125分,0,0,4,0,0,0.0,0.0,0.0,0.0,0.0,0.0,0.0,0.0,0,0,0,0,0,0,0,0,无明显情感,课程内容,未明确方面,中性,1,0.5402500187084608,0.23734742172291565,0.22240255956862356,0.5402500187084608,正面,正面,1.0,True
知识区,BV1zrGi6PE9B,【最后一课】2X2联表与独立性检验！,1054414,81616,6893,18820,2559,5701,完结撒花，感谢相遇,,完结撒花，感谢相遇,1,0,5,0,0,1.0,1.0,0.0,1.0,0.2,1.0,1.0,0.0,0,0,0,0,0,0,0,1,对象评价,未明确对象,未明确方面,正面,1,0.9803035725569789,0.004895777583670563,0.014800649859350664,0.9803035725569789,正面,正面,,False
知识区,BV1zrGi6PE9B,【最后一课】2X2联表与独立性检验！,1054414,81616,6893,18820,2559,5701,许愿数学125+,,许愿数学125,0,0,3,0,0,0.0,0.0,0.0,0.0,0.0,0.0,0.0,0.0,0,0,0,0,0,0,0,0,无明显情感,课程内容,未明确方面,中性,1,0.45165500152320825,0.3161053298596257,0.23223966861716602,0.45165500152320825,正面,正面,,False
知识区,BV1zrGi6PE9B,【最后一课】2X2联表与独立性检验！,1054414,81616,6893,18820,2559,5701,明天高考 加油加油,,明天高考加油加油,2,0,4,0,0,2.0,2.0,0.0,2.0,0.5,2.0,2.0,0.0,0,0,0,0,0,0,0,1,对象评价,未明确对象,未明确方面,正面,1,0.9948513964955832,0.0012031070335841436,0.003945496470832681,0.9948513964955832,正面,正面,,False
知识区,BV1zrGi6PE9B,【最后一课】2X2联表与独立性检验！,1054414,81616,6893,18820,2559,5701,ok,,ok,0,0,1,0,0,0.0,0.0,0.0,0.0,0.0,0.0,0.0,0.0,0,0,0,0,0,0,0,0,无明显情感,未明确对象,未明确方面,中性,0,0.6613337795964743,0.14035796080361848,0.6613337795964743,0.19830825959990717,中性,中性,,False
知识区,BV1zrGi6PE9B,【最后一课】2X2联表与独立性检验！,1054414,81616,6893,18820,2559,5701,完结撒花！！,,完结撒花！！,0,0,4,2,0,0.0,0.0,0.0,0.0,0.0,0.0,0.0,0.0,0,0,0,0,0,0,0,0,无明显情感,未明确对象,未明确方面,中性,1,0.9143392706668821,0.025396728936093172,0.06026400039702461,0.9143392706668821,正面,正面,1.0,True
知识区,BV1zrGi6PE9B,【最后一课】2X2联表与独立性检验！,1054414,81616,6893,18820,2559,5701,2027高考我要考深圳大学！！,,2027高考我要考深圳大学！！,0,0,7,2,0,0.0,0.0,0.0,0.0,0.0,0.0,0.0,0.0,0,0,0,0,0,0,0,0,无明显情感,未明确对象,未明确方面,中性,1,0.9077511604190659,0.013643862174185475,0.07860497740674857,0.9077511604190659,正面,正面,,False
知识区,BV1zrGi6PE9B,【最后一课】2X2联表与独立性检验！,1054414,81616,6893,18820,2559,5701,好感慨啊,,好感慨啊,0,0,2,0,0,0.0,0.0,0.0,0.0,0.0,0.0,0.0,0.0,0,0,0,0,0,0,0,0,无明显情感,未明确对象,未明确方面,中性,-1,0.5464964635790105,0.5464964635790105,0.07236496822171393,0.3811385681992755,负面,负面,,False
知识区,BV1zrGi6PE9B,【最后一课】2X2联表与独立性检验！,1054414,81616,6893,18820,2559,5701,490+,,490,0,0,1,0,0,0.0,0.0,0.0,0.0,0.0,0.0,0.0,0.0,0,0,0,0,0,0,0,0,无明显情感,未明确对象,未明确方面,中性,0,0.7412313284535335,0.0981832373095181,0.7412313284535335,0.16058543423694863,中性,中性,,False
知识区,BV1zrGi6PE9B,【最后一课】2X2联表与独立性检验！,1054414,81616,6893,18820,2559,5701,轩源99,,轩源99,0,0,2,0,0,0.0,0.0,0.0,0.0,0.0,0.0,0.0,0.0,0,0,0,0,0,0,0,0,无明显情感,未明确对象,未明确方面,中性,0,0.7668301534811411,0.08858745705605092,0.7668301534811411,0.14458238946280783,中性,中性,,False
知识区,BV1zrGi6PE9B,【最后一课】2X2联表与独立性检验！,1054414,81616,6893,18820,2559,5701,张真源宋亚轩99,,张真源宋亚轩99,0,0,3,0,0,0.0,0.0,0.0,0.0,0.0,0.0,0.0,0.0,0,0,0,0,0,0,0,0,无明显情感,未明确对象,未明确方面,中性,0,0.762301190056458,0.09296279884055716,0.762301190056458,0.14473601110298473,中性,中性,,False
知识区,BV1zrGi6PE9B,【最后一课】2X2联表与独立性检验！,1054414,81616,6893,18820,2559,5701,今年高考不会考了,,今年高考不会考了,0,1,4,0,0,-1.0,0.0,1.0,1.0,0.25,-1.0,0.0,1.0,0,0,0,0,0,0,0,1,对象评价,未明确对象,未明确方面,负面,0,0.5265774668040341,0.11148733976056714,0.5265774668040341,0.3619351934353988,中性,负面,,False
知识区,BV1zrGi6PE9B,【最后一课】2X2联表与独立性检验！,1054414,81616,6893,18820,2559,5701,高考数学110,,高考数学110,0,0,3,0,0,0.0,0.0,0.0,0.0,0.0,0.0,0.0,0.0,0,0,0,0,0,0,0,0,无明显情感,课程内容,未明确方面,中性,1,0.574600473347495,0.1055182060716041,0.31988132058090085,0.574600473347495,正面,正面,,False
知识区,BV1zrGi6PE9B,【最后一课】2X2联表与独立性检验！,1054414,81616,6893,18820,2559,5701,笑死我了,,笑死我了,1,0,2,0,0,1.0,1.0,0.0,1.0,0.5,1.0,1.0,0.0,0,0,1,0,0,0,0,1,对象评价+自身情绪,未明确对象,娱乐与趣味,正面,1,0.5794120144404992,0.381318411417193,0.039269574142307744,0.5794120144404992,正面,正面,1.0,True
知识区,BV1zrGi6PE9B,【最后一课】2X2联表与独立性检验！,1054414,81616,6893,18820,2559,5701,陪一根,,陪一根,0,0,2,0,0,0.0,0.0,0.0,0.0,0.0,0.0,0.0,0.0,0,0,0,0,0,0,0,0,无明显情感,未明确对象,未明确方面,中性,0,0.6553065905941072,0.1468149965085425,0.6553065905941072,0.19787841289735017,中性,中性,,False
知识区,BV1zrGi6PE9B,【最后一课】2X2联表与独立性检验！,1054414,81616,6893,18820,2559,5701,高考必上岸！！！,,高考必上岸！！！,0,0,6,3,0,0.0,0.0,0.0,0.0,0.0,0.0,0.0,0.0,0,0,0,0,0,0,0,0,无明显情感,未明确对象,未明确方面,中性,1,0.8746303613175598,0.04365291991528146,0.08171671876715872,0.8746303613175598,正面,正面,,False
知识区,BV1zrGi6PE9B,【最后一课】2X2联表与独立性检验！,1054414,81616,6893,18820,2559,5701,南理工,,南理工,0,0,1,0,0,0.0,0.0,0.0,0.0,0.0,0.0,0.0,0.0,0,0,0,0,0,0,0,0,无明显情感,未明确对象,未明确方面,中性,0,0.6613337795964743,0.14035796080361848,0.6613337795964743,0.19830825959990717,中性,中性,,False
知识区,BV1zrGi6PE9B,【最后一课】2X2联表与独立性检验！,1054414,81616,6893,18820,2559,5701,630+,,630,0,0,1,0,0,0.0,0.0,0.0,0.0,0.0,0.0,0.0,0.0,0,0,0,0,0,0,0,0,无明显情感,未明确对象,未明确方面,中性,0,0.807325647578437,0.07534664273836698,0.807325647578437,0.11732770968319622,中性,中性,,False
知识区,BV1zrGi6PE9B,【最后一课】2X2联表与独立性检验！,1054414,81616,6893,18820,2559,5701,高考顺利 一路繁花,,高考顺利一路繁花,1,0,4,0,0,1.0,1.0,0.0,1.0,0.25,1.0,1.0,0.0,0,0,0,0,0,0,0,1,对象评价,未明确对象,未明确方面,正面,1,0.9153366221361189,0.03654728949892114,0.048116088364960063,0.9153366221361189,正面,正面,,False
知识区,BV1zrGi6PE9B,【最后一课】2X2联表与独立性检验！,1054414,81616,6893,18820,2559,5701,兰瑞说严肃学习,,兰瑞说严肃学习,0,0,3,0,0,0.0,0.0,0.0,0.0,0.0,0.0,0.0,0.0,0,0,0,0,0,0,0,0,无明显情感,未明确对象,未明确方面,中性,0,0.8432930771982,0.11497980377230486,0.8432930771982,0.0417271190294951,中性,中性,,False
知识区,BV1zrGi6PE9B,【最后一课】2X2联表与独立性检验！,1054414,81616,6893,18820,2559,5701,这公式高考不给吗？,,这公式高考不给吗？,0,0,5,0,1,0.0,0.0,0.0,0.0,0.0,0.0,0.0,0.0,0,0,0,0,0,0,0,0,无明显情感,课程内容,未明确方面,中性,0,0.7972018498280301,0.12347638402028774,0.7972018498280301,0.07932176615168224,中性,中性,,False
知识区,BV1zrGi6PE9B,【最后一课】2X2联表与独立性检验！,1054414,81616,6893,18820,2559,5701,2026高考数学90+,,2026高考数学90,0,0,4,0,0,0.0,0.0,0.0,0.0,0.0,0.0,0.0,0.0,0,0,0,0,0,0,0,0,无明显情感,课程内容,未明确方面,中性,1,0.583752631268271,0.08721493112628206,0.32903243760544687,0.583752631268271,正面,正面,1.0,True
知识区,BV1zrGi6PE9B,【最后一课】2X2联表与独立性检验！,1054414,81616,6893,18820,2559,5701,空屏,,空屏,0,0,1,0,0,0.0,0.0,0.0,0.0,0.0,0.0,0.0,0.0,0,0,0,0,0,0,0,0,无明显情感,未明确对象,未明确方面,中性,0,0.6613337795964743,0.14035796080361848,0.6613337795964743,0.19830825959990717,中性,中性,,False
知识区,BV1zrGi6PE9B,【最后一课】2X2联表与独立性检验！,1054414,81616,6893,18820,2559,5701,谢谢小猪老师 完结撒花,,谢谢小猪老师完结撒花,1,0,5,0,0,1.0,1.0,0.0,1.0,0.2,1.0,1.0,0.0,0,0,0,0,0,0,0,1,对象评价,讲解者,未明确方面,正面,1,0.9763605212825798,0.006476473871231295,0.017163004846189062,0.9763605212825798,正面,正面,,False
知识区,BV1zrGi6PE9B,【最后一课】2X2联表与独立性检验！,1054414,81616,6893,18820,2559,5701,华为,,华为,0,0,1,0,0,0.0,0.0,0.0,0.0,0.0,0.0,0.0,0.0,0,0,0,0,0,0,0,0,无明显情感,未明确对象,未明确方面,中性,0,0.6613337795964743,0.14035796080361848,0.6613337795964743,0.19830825959990717,中性,中性,,False
知识区,BV1zrGi6PE9B,【最后一课】2X2联表与独立性检验！,1054414,81616,6893,18820,2559,5701,Niko拿major冠军时期打卡,,Niko拿major冠军时期打卡,0,0,6,0,0,0.0,0.0,0.0,0.0,0.0,0.0,0.0,0.0,0,0,0,0,0,0,0,0,无明显情感,未明确对象,未明确方面,中性,0,0.817260258093735,0.046438321098180864,0.817260258093735,0.13630142080808408,中性,中性,,False
知识区,BV1zrGi6PE9B,【最后一课】2X2联表与独立性检验！,1054414,81616,6893,18820,2559,5701,很好，我是高二的，回去重新一轮复习去了,,很好，我是高二的，回去重新一轮复习去了,1,0,11,0,0,1.0,1.0,0.0,1.0,0.09090909090909091,1.0,1.0,0.0,0,0,0,0,0,0,0,1,对象评价,未明确对象,未明确方面,正面,1,0.616903208567978,0.15986162592983888,0.22323516550218314,0.616903208567978,正面,正面,1.0,True
知识区,BV1zrGi6PE9B,【最后一课】2X2联表与独立性检验！,1054414,81616,6893,18820,2559,5701,曼城球迷祝贺大巴黎和马刺获得冠军）正义必胜！,,曼城球迷祝贺大巴黎和马刺获得冠军正义必胜！,0,0,11,1,0,0.0,0.0,0.0,0.0,0.0,0.0,0.0,0.0,0,0,0,0,0,0,0,0,无明显情感,未明确对象,未明确方面,中性,1,0.5777028025330897,0.08259842498241966,0.3396987724844905,0.5777028025330897,正面,正面,,False
知识区,BV1zrGi6PE9B,【最后一课】2X2联表与独立性检验！,1054414,81616,6893,18820,2559,5701,完结撒花！！！！！！！！！！！！！！！,,完结撒花！！！！！！！！！！！！！！！,0,0,17,15,0,0.0,0.0,0.0,0.0,0.0,0.0,0.0,0.0,0,0,0,0,0,0,0,0,无明显情感,未明确对象,未明确方面,中性,1,0.9083853272107308,0.027406699963636337,0.06420797282563277,0.9083853272107308,正面,正面,,False
知识区,BV1zrGi6PE9B,【最后一课】2X2联表与独立性检验！,1054414,81616,6893,18820,2559,5701,多推荐，爱看，一数真神,,多推荐，爱看，一数真神,1,0,7,0,0,1.0,1.0,0.0,1.0,0.14285714285714285,1.0,1.0,0.0,0,0,0,0,0,1,0,1,对象评价+立场,未明确对象,未明确方面,正面,1,0.6633676012043224,0.1447670880845546,0.19186531071112303,0.6633676012043224,正面,正面,1.0,True
知识区,BV1zrGi6PE9B,【最后一课】2X2联表与独立性检验！,1054414,81616,6893,18820,2559,5701,2028年高考加油,,2028年高考加油,1,0,4,0,0,1.0,1.0,0.0,1.0,0.25,1.0,1.0,0.0,0,0,0,0,0,0,0,1,对象评价,未明确对象,未明确方面,正面,1,0.9519295100084759,0.00561204835787372,0.04245844163365035,0.9519295100084759,正面,正面,,False
知识区,BV1zrGi6PE9B,【最后一课】2X2联表与独立性检验！,1054414,81616,6893,18820,2559,5701,鬼音,,鬼音,0,0,1,0,0,0.0,0.0,0.0,0.0,0.0,0.0,0.0,0.0,0,0,0,0,0,0,0,0,无明显情感,未明确对象,未明确方面,中性,0,0.6613337795964743,0.14035796080361848,0.6613337795964743,0.19830825959990717,中性,中性,,False
知识区,BV1zrGi6PE9B,【最后一课】2X2联表与独立性检验！,1054414,81616,6893,18820,2559,5701,妈耶，老师好可爱,,妈耶，老师好可爱,1,0,5,0,0,1.0,1.0,0.0,1.0,0.2,1.0,1.0,0.0,0,0,0,0,0,0,0,1,对象评价,讲解者,未明确方面,正面,1,0.9652429035271942,0.01642175387531521,0.018335342597490617,0.9652429035271942,正面,正面,,False
知识区,BV1zrGi6PE9B,【最后一课】2X2联表与独立性检验！,1054414,81616,6893,18820,2559,5701,2026高考500+,,2026高考500,0,0,3,0,0,0.0,0.0,0.0,0.0,0.0,0.0,0.0,0.0,0,0,0,0,0,0,0,0,无明显情感,未明确对象,未明确方面,中性,1,0.6830582082160881,0.06477163226364684,0.25217015952026506,0.6830582082160881,正面,正面,,False
知识区,BV1zrGi6PE9B,【最后一课】2X2联表与独立性检验！,1054414,81616,6893,18820,2559,5701,完结撒花 感谢陪伴,,完结撒花感谢陪伴,1,0,4,0,0,1.0,1.0,0.0,1.0,0.25,1.0,1.0,0.0,0,0,0,0,0,0,0,1,对象评价,未明确对象,未明确方面,正面,1,0.9797691090167432,0.007618156967433655,0.012612734015823123,0.9797691090167432,正面,正面,,False
知识区,BV1zrGi6PE9B,【最后一课】2X2联表与独立性检验！,1054414,81616,6893,18820,2559,5701,Give me one last kiss,,Givemeonelastkiss,0,0,1,0,0,0.0,0.0,0.0,0.0,0.0,0.0,0.0,0.0,0,0,0,0,0,0,0,0,无明显情感,未明确对象,未明确方面,中性,0,0.603289382920762,0.11959381457945839,0.603289382920762,0.2771168024997797,中性,中性,0.0,True
知识区,BV1zrGi6PE9B,【最后一课】2X2联表与独立性检验！,1054414,81616,6893,18820,2559,5701,前尘待续,,前尘待续,0,0,2,0,0,0.0,0.0,0.0,0.0,0.0,0.0,0.0,0.0,0,0,0,0,0,0,0,0,无明显情感,未明确对象,未明确方面,中性,0,0.6553065905941072,0.1468149965085425,0.6553065905941072,0.19787841289735017,中性,中性,,False
知识区,BV1zrGi6PE9B,【最后一课】2X2联表与独立性检验！,1054414,81616,6893,18820,2559,5701,后天高考 加油加油加油,,后天高考加油加油加油,3,0,5,0,0,3.0,3.0,0.0,3.0,0.6,3.0,3.0,0.0,0,0,0,0,0,0,0,1,对象评价,未明确对象,未明确方面,正面,1,0.999025327078163,0.00021458436940590737,0.000760088552430883,0.999025327078163,正面,正面,,False
知识区,BV1zrGi6PE9B,【最后一课】2X2联表与独立性检验！,1054414,81616,6893,18820,2559,5701,我爱王欣怡！,,我爱王欣怡！,0,0,3,1,0,0.0,0.0,0.0,0.0,0.0,0.0,0.0,0.0,0,0,0,0,0,0,0,0,无明显情感,未明确对象,未明确方面,中性,1,0.6421716127645047,0.03579602683834938,0.32203236039714583,0.6421716127645047,正面,正面,,False
知识区,BV1zrGi6PE9B,【最后一课】2X2联表与独立性检验！,1054414,81616,6893,18820,2559,5701,27高考顺利,,27高考顺利,1,0,3,0,0,1.0,1.0,0.0,1.0,0.3333333333333333,1.0,1.0,0.0,0,0,0,0,0,0,0,1,对象评价,未明确对象,未明确方面,正面,1,0.9292223890457515,0.01955352401393091,0.05122408694031758,0.9292223890457515,正面,正面,,False
知识区,BV1zrGi6PE9B,【最后一课】2X2联表与独立性检验！,1054414,81616,6893,18820,2559,5701,好熟悉的表,,好熟悉的表,0,0,3,0,0,0.0,0.0,0.0,0.0,0.0,0.0,0.0,0.0,0,0,0,0,0,0,0,0,无明显情感,未明确对象,未明确方面,中性,0,0.48934311106990924,0.25178346873386753,0.48934311106990924,0.25887342019622317,中性,中性,0.0,True
知识区,BV1zrGi6PE9B,【最后一课】2X2联表与独立性检验！,1054414,81616,6893,18820,2559,5701,高考加酒,,高考加酒,0,0,2,0,0,0.0,0.0,0.0,0.0,0.0,0.0,0.0,0.0,0,0,0,0,0,0,0,0,无明显情感,未明确对象,未明确方面,中性,1,0.6127836737655377,0.018954929972215123,0.36826139626224724,0.6127836737655377,正面,正面,,False
知识区,BV1zrGi6PE9B,【最后一课】2X2联表与独立性检验！,1054414,81616,6893,18820,2559,5701,两天抱抱佛脚,,两天抱抱佛脚,0,0,3,0,0,0.0,0.0,0.0,0.0,0.0,0.0,0.0,0.0,0,0,0,0,0,0,0,0,无明显情感,未明确对象,未明确方面,中性,0,0.6491052548105614,0.15351490488364694,0.6491052548105614,0.1973798403057917,中性,中性,,False
知识区,BV1zrGi6PE9B,【最后一课】2X2联表与独立性检验！,1054414,81616,6893,18820,2559,5701,会给,,会给,0,0,2,0,0,0.0,0.0,0.0,0.0,0.0,0.0,0.0,0.0,0,0,0,0,0,0,0,0,无明显情感,未明确对象,未明确方面,中性,0,0.8327732369423152,0.10221717652057914,0.8327732369423152,0.06500958653710573,中性,中性,,False
知识区,BV1zrGi6PE9B,【最后一课】2X2联表与独立性检验！,1054414,81616,6893,18820,2559,5701,大家都高考加油！,,大家都高考加油！,1,0,5,1,0,1.0,1.0,0.0,1.0,0.2,1.0,1.0,0.0,0,0,0,0,0,0,0,1,对象评价,未明确对象,未明确方面,正面,1,0.9735205594943745,0.0018412140060181917,0.024638226499607296,0.9735205594943745,正面,正面,,False
知识区,BV1zrGi6PE9B,【最后一课】2X2联表与独立性检验！,1054414,81616,6893,18820,2559,5701,这下是真的感我此言良久了！,,这下是真的感我此言良久了！,0,0,5,1,0,0.0,0.0,0.0,0.0,0.0,0.0,0.0,0.0,0,0,0,0,0,0,0,0,无明显情感,未明确对象,未明确方面,中性,1,0.6044898902507401,0.1078937687225424,0.28761634102671757,0.6044898902507401,正面,正面,1.0,True
知识区,BV1zrGi6PE9B,【最后一课】2X2联表与独立性检验！,1054414,81616,6893,18820,2559,5701,我上深圳大学了,,我上深圳大学了,0,0,2,0,0,0.0,0.0,0.0,0.0,0.0,0.0,0.0,0.0,0,0,0,0,0,0,0,0,无明显情感,未明确对象,未明确方面,中性,0,0.4931433826385564,0.06964137562669652,0.4931433826385564,0.43721524173474724,中性,中性,,False
知识区,BV1zrGi6PE9B,【最后一课】2X2联表与独立性检验！,1054414,81616,6893,18820,2559,5701,完结撒花！！!,,完结撒花！！!,0,0,5,3,0,0.0,0.0,0.0,0.0,0.0,0.0,0.0,0.0,0,0,0,0,0,0,0,0,无明显情感,未明确对象,未明确方面,中性,1,0.9256259339089875,0.021384493974174544,0.05298957211683803,0.9256259339089875,正面,正面,1.0,True
知识区,BV1zrGi6PE9B,【最后一课】2X2联表与独立性检验！,1054414,81616,6893,18820,2559,5701,，1,,，1,0,0,2,0,0,0.0,0.0,0.0,0.0,0.0,0.0,0.0,0.0,0,0,0,0,0,0,0,0,无明显情感,未明确对象,未明确方面,中性,0,0.6245617801503721,0.19670598060323946,0.6245617801503721,0.17873223924638848,中性,中性,,False
知识区,BV1zrGi6PE9B,【最后一课】2X2联表与独立性检验！,1054414,81616,6893,18820,2559,5701,高考上岸 金榜题名,,高考上岸金榜题名,0,0,3,0,0,0.0,0.0,0.0,0.0,0.0,0.0,0.0,0.0,0,0,0,0,0,0,0,0,无明显情感,未明确对象,未明确方面,中性,1,0.8857199863613865,0.023623535544552567,0.09065647809406087,0.8857199863613865,正面,正面,,False
知识区,BV1zrGi6PE9B,【最后一课】2X2联表与独立性检验！,1054414,81616,6893,18820,2559,5701,祝你高考好运奚子涵,,祝你高考好运奚子涵,0,0,4,0,0,0.0,0.0,0.0,0.0,0.0,0.0,0.0,0.0,0,0,0,0,0,0,0,0,无明显情感,未明确对象,未明确方面,中性,1,0.5912885511359514,0.03805083441448147,0.37066061444956716,0.5912885511359514,正面,正面,,False
知识区,BV1zrGi6PE9B,【最后一课】2X2联表与独立性检验！,1054414,81616,6893,18820,2559,5701,6.5—2026,,6.52026,0,0,1,0,0,0.0,0.0,0.0,0.0,0.0,0.0,0.0,0.0,0,0,0,0,0,0,0,0,无明显情感,未明确对象,未明确方面,中性,0,0.5857390962995124,0.09572781903800216,0.5857390962995124,0.3185330846624856,中性,中性,,False
知识区,BV1zrGi6PE9B,【最后一课】2X2联表与独立性检验！,1054414,81616,6893,18820,2559,5701,有何不敢？,,有何不敢？,0,0,3,0,1,0.0,0.0,0.0,0.0,0.0,0.0,0.0,0.0,0,0,0,0,0,0,0,0,无明显情感,未明确对象,未明确方面,中性,0,0.6054536621455672,0.30302319645214887,0.6054536621455672,0.09152314140228403,中性,中性,,False
知识区,BV1zrGi6PE9B,【最后一课】2X2联表与独立性检验！,1054414,81616,6893,18820,2559,5701,很难想到了,,很难想到了,0,1,2,0,0,-1.0,0.0,1.0,1.0,0.5,-1.0,0.0,1.0,0,0,0,0,0,0,0,1,对象评价,未明确对象,理解与难度,负面,-1,0.8435349931356704,0.8435349931356704,0.08547456544084721,0.07099044142348256,负面,负面,-1.0,True
知识区,BV1zrGi6PE9B,【最后一课】2X2联表与独立性检验！,1054414,81616,6893,18820,2559,5701,完结 高考顺利！,,完结高考顺利！,1,0,4,1,0,1.0,1.0,0.0,1.0,0.25,1.0,1.0,0.0,0,0,0,0,0,0,0,1,对象评价,未明确对象,未明确方面,正面,1,0.9787449524464487,0.0053638234908079795,0.015891224062743473,0.9787449524464487,正面,正面,,False
知识区,BV1zrGi6PE9B,【最后一课】2X2联表与独立性检验！,1054414,81616,6893,18820,2559,5701,吓我一跳,,吓我一跳,0,0,3,0,0,0.0,0.0,0.0,0.0,0.0,0.0,0.0,0.0,0,0,0,0,0,0,0,0,无明显情感,未明确对象,未明确方面,中性,0,0.7366348709292969,0.10839969250422922,0.7366348709292969,0.15496543656647382,中性,中性,,False
知识区,BV1zrGi6PE9B,【最后一课】2X2联表与独立性检验！,1054414,81616,6893,18820,2559,5701,2027北航等我,,2027北航等我,0,0,3,0,0,0.0,0.0,0.0,0.0,0.0,0.0,0.0,0.0,0,0,0,0,0,0,0,0,无明显情感,未明确对象,未明确方面,中性,1,0.5983092221527592,0.03982933271905925,0.36186144512818147,0.5983092221527592,正面,正面,,False
知识区,BV1zrGi6PE9B,【最后一课】2X2联表与独立性检验！,1054414,81616,6893,18820,2559,5701,假药,,假药,0,0,1,0,0,0.0,0.0,0.0,0.0,0.0,0.0,0.0,0.0,0,0,0,0,0,0,0,0,无明显情感,未明确对象,未明确方面,中性,0,0.6613337795964743,0.14035796080361848,0.6613337795964743,0.19830825959990717,中性,中性,,False
知识区,BV1zrGi6PE9B,【最后一课】2X2联表与独立性检验！,1054414,81616,6893,18820,2559,5701,高考加油！上岸,,高考加油！上岸,1,0,4,1,0,1.0,1.0,0.0,1.0,0.25,1.0,1.0,0.0,0,0,0,0,0,0,0,1,对象评价,未明确对象,未明确方面,正面,1,0.9911952057186841,0.0011631049331348197,0.007641689348181156,0.9911952057186841,正面,正面,,False
知识区,BV1zrGi6PE9B,【最后一课】2X2联表与独立性检验！,1054414,81616,6893,18820,2559,5701,NB，一个选择题搞这,,NB，一个选择题搞这,0,0,4,0,0,0.0,0.0,0.0,0.0,0.0,0.0,0.0,0.0,0,0,0,0,0,0,0,0,无明显情感,未明确对象,未明确方面,中性,-1,0.6696726522323708,0.6696726522323708,0.20723569829972624,0.1230916494679029,负面,正面,,False
知识区,BV1zrGi6PE9B,【最后一课】2X2联表与独立性检验！,1054414,81616,6893,18820,2559,5701,鸭梨尽力了,,鸭梨尽力了,0,0,2,0,0,0.0,0.0,0.0,0.0,0.0,0.0,0.0,0.0,0,0,0,0,0,0,0,0,无明显情感,未明确对象,未明确方面,中性,-1,0.6198777139029181,0.6198777139029181,0.25517051876696983,0.12495176733011205,负面,负面,,False
知识区,BV1zrGi6PE9B,【最后一课】2X2联表与独立性检验！,1054414,81616,6893,18820,2559,5701,错哥都来了,,错哥都来了,0,0,3,0,0,0.0,0.0,0.0,0.0,0.0,0.0,0.0,0.0,0,0,0,0,0,0,0,0,无明显情感,未明确对象,未明确方面,中性,0,0.9249517276691498,0.03992709345759656,0.9249517276691498,0.035121178873253674,中性,中性,,False
知识区,BV1zrGi6PE9B,【最后一课】2X2联表与独立性检验！,1054414,81616,6893,18820,2559,5701,很高兴认识大家,,很高兴认识大家,1,0,4,0,0,1.5,1.5,0.0,1.5,0.25,1.5,1.5,0.0,0,0,0,0,0,0,0,1,对象评价,未明确对象,未明确方面,正面,1,0.8990123143970391,0.020276206883268484,0.08071147871969236,0.8990123143970391,正面,正面,,False
知识区,BV1zrGi6PE9B,【最后一课】2X2联表与独立性检验！,1054414,81616,6893,18820,2559,5701,高考上岸,,高考上岸,0,0,2,0,0,0.0,0.0,0.0,0.0,0.0,0.0,0.0,0.0,0,0,0,0,0,0,0,0,无明显情感,未明确对象,未明确方面,中性,1,0.8632784550152303,0.017121643686013755,0.11959990129875599,0.8632784550152303,正面,正面,,False
知识区,BV1zrGi6PE9B,【最后一课】2X2联表与独立性检验！,1054414,81616,6893,18820,2559,5701,完结撒花！即将开启高三副本，加油！,,完结撒花！即将开启高三副本，加油！,1,0,10,2,0,1.0,1.0,0.0,1.0,0.1,1.0,1.0,0.0,0,0,0,0,0,0,0,1,对象评价,未明确对象,未明确方面,正面,1,0.9764782497282775,0.00377137032018809,0.01975037995153449,0.9764782497282775,正面,正面,,False
知识区,BV1zrGi6PE9B,【最后一课】2X2联表与独立性检验！,1054414,81616,6893,18820,2559,5701,27深大上岸,,27深大上岸,0,0,3,0,0,0.0,0.0,0.0,0.0,0.0,0.0,0.0,0.0,0,0,0,0,0,0,0,0,无明显情感,未明确对象,未明确方面,中性,1,0.664054312627509,0.04855691002279928,0.2873887773496917,0.664054312627509,正面,正面,,False
知识区,BV1zrGi6PE9B,【最后一课】2X2联表与独立性检验！,1054414,81616,6893,18820,2559,5701,YGB加油,,YGB加油,1,0,2,0,0,1.0,1.0,0.0,1.0,0.5,1.0,1.0,0.0,0,0,0,0,0,0,0,1,对象评价,未明确对象,未明确方面,正面,1,0.9466699864221867,0.02146162564881829,0.03186838792899501,0.9466699864221867,正面,正面,,False
知识区,BV1zrGi6PE9B,【最后一课】2X2联表与独立性检验！,1054414,81616,6893,18820,2559,5701,2027届加油,,2027届加油,1,0,3,0,0,1.0,1.0,0.0,1.0,0.3333333333333333,1.0,1.0,0.0,0,0,0,0,0,0,0,1,对象评价,未明确对象,未明确方面,正面,1,0.9366475949840004,0.013530545697852564,0.04982185931814696,0.9366475949840004,正面,正面,,False
知识区,BV1zrGi6PE9B,【最后一课】2X2联表与独立性检验！,1054414,81616,6893,18820,2559,5701,泪目了6年多的时间终于算是完结撒花了,,泪目了6年多的时间终于算是完结撒花了,1,0,9,0,0,1.0,1.0,0.0,1.0,0.1111111111111111,1.0,1.0,0.0,0,0,1,0,0,0,0,1,对象评价+自身情绪,未明确对象,未明确方面,正面,1,0.9487433284921557,0.02297318119273772,0.028283490315106498,0.9487433284921557,正面,正面,,False
知识区,BV1zrGi6PE9B,【最后一课】2X2联表与独立性检验！,1054414,81616,6893,18820,2559,5701,加油加油加油！,,加油加油加油！,3,0,4,1,0,3.0,3.0,0.0,3.0,0.75,3.0,3.0,0.0,0,0,0,0,0,0,0,1,对象评价,未明确对象,未明确方面,正面,1,0.9992013171768651,0.0002690881793598085,0.0005295946437750744,0.9992013171768651,正面,正面,,False
知识区,BV1zrGi6PE9B,【最后一课】2X2联表与独立性检验！,1054414,81616,6893,18820,2559,5701,115,,115,0,0,1,0,0,0.0,0.0,0.0,0.0,0.0,0.0,0.0,0.0,0,0,0,0,0,0,0,0,无明显情感,未明确对象,未明确方面,中性,0,0.7548166086661909,0.062308937655253464,0.7548166086661909,0.18287445367855557,中性,中性,,False
知识区,BV1zrGi6PE9B,【最后一课】2X2联表与独立性检验！,1054414,81616,6893,18820,2559,5701,汕头大学等我！,,汕头大学等我！,0,1,3,1,0,-1.0,0.0,1.0,1.0,0.3333333333333333,-1.0,0.0,1.0,0,0,0,0,0,0,0,1,对象评价,未明确对象,未明确方面,负面,1,0.4851519745103484,0.10037925015915435,0.41446877533049714,0.4851519745103484,正面,正面,1.0,True
知识区,BV1zrGi6PE9B,【最后一课】2X2联表与独立性检验！,1054414,81616,6893,18820,2559,5701,第一战场结束！,,第一战场结束！,0,0,4,1,0,0.0,0.0,0.0,0.0,0.0,0.0,0.0,0.0,0,0,0,0,0,0,0,0,无明显情感,未明确对象,未明确方面,中性,0,0.6768390332611846,0.04584510330970345,0.6768390332611846,0.277315863429112,中性,中性,,False
知识区,BV1zrGi6PE9B,【最后一课】2X2联表与独立性检验！,1054414,81616,6893,18820,2559,5701,Bgm是什么？,,Bgm是什么？,0,0,3,0,1,0.0,0.0,0.0,0.0,0.0,0.0,0.0,0.0,0,0,0,0,0,0,0,0,无明显情感,未明确对象,未明确方面,中性,0,0.7909645961962384,0.16019288345021204,0.7909645961962384,0.048842520353549614,中性,中性,,False
知识区,BV1zrGi6PE9B,【最后一课】2X2联表与独立性检验！,1054414,81616,6893,18820,2559,5701,叭叭叭~~~,,叭叭叭,0,0,2,0,0,0.0,0.0,0.0,0.0,0.0,0.0,0.0,0.0,0,0,0,0,0,0,0,0,无明显情感,未明确对象,未明确方面,中性,0,0.6553065905941072,0.1468149965085425,0.6553065905941072,0.19787841289735017,中性,中性,,False
知识区,BV1zrGi6PE9B,【最后一课】2X2联表与独立性检验！,1054414,81616,6893,18820,2559,5701,假药可不行,,假药可不行,0,1,3,0,0,-1.0,0.0,1.0,1.0,0.3333333333333333,-1.0,0.0,1.0,0,0,0,0,0,0,0,1,对象评价,未明确对象,未明确方面,负面,-1,0.4903446220339173,0.4903446220339173,0.3657447648886252,0.14391061307745734,负面,负面,,False
知识区,BV1zrGi6PE9B,【最后一课】2X2联表与独立性检验！,1054414,81616,6893,18820,2559,5701,封面没亮点？数字产线帮你一键生成精美封面！,,封面没亮点？数字产线帮你一键生成精美封面！,1,0,12,1,1,1.0,1.0,0.0,1.0,0.08333333333333333,1.0,1.0,0.0,0,0,0,0,0,0,0,1,对象评价,未明确对象,未明确方面,正面,0,0.6607588432442727,0.12140812510444592,0.6607588432442727,0.21783303165128134,中性,中性,0.0,True
知识区,BV1zrGi6PE9B,【最后一课】2X2联表与独立性检验！,1054414,81616,6893,18820,2559,5701,can u give me one last kiss,,canugivemeonelastkiss,0,0,1,0,0,0.0,0.0,0.0,0.0,0.0,0.0,0.0,0.0,0,0,0,0,0,0,0,0,无明显情感,未明确对象,未明确方面,中性,0,0.6148881606433265,0.11271323617058637,0.6148881606433265,0.2723986031860871,中性,中性,0.0,True
知识区,BV1zrGi6PE9B,【最后一课】2X2联表与独立性检验！,1054414,81616,6893,18820,2559,5701,我才是老大！,,我才是老大！,0,0,3,1,0,0.0,0.0,0.0,0.0,0.0,0.0,0.0,0.0,0,0,0,0,0,0,0,0,无明显情感,未明确对象,未明确方面,中性,0,0.6862636868689055,0.14716017170073614,0.6862636868689055,0.16657614143035837,中性,中性,,False
知识区,BV1zrGi6PE9B,【最后一课】2X2联表与独立性检验！,1054414,81616,6893,18820,2559,5701,愿2027高考上岸,,愿2027高考上岸,0,0,4,0,0,0.0,0.0,0.0,0.0,0.0,0.0,0.0,0.0,0,0,0,0,0,0,0,0,无明显情感,未明确对象,未明确方面,中性,1,0.8821725303872344,0.017934333963646812,0.09989313564911873,0.8821725303872344,正面,正面,,False
知识区,BV1zrGi6PE9B,【最后一课】2X2联表与独立性检验！,1054414,81616,6893,18820,2559,5701,祝你们考清北,,祝你们考清北,0,0,2,0,0,0.0,0.0,0.0,0.0,0.0,0.0,0.0,0.0,0,0,0,0,0,0,0,0,无明显情感,未明确对象,未明确方面,中性,0,0.5789138659389085,0.19549039581738167,0.5789138659389085,0.22559573824370993,中性,中性,,False
知识区,BV1zrGi6PE9B,【最后一课】2X2联表与独立性检验！,1054414,81616,6893,18820,2559,5701,最后一页,,最后一页,0,0,2,0,0,0.0,0.0,0.0,0.0,0.0,0.0,0.0,0.0,0,0,0,0,0,0,0,0,无明显情感,未明确对象,未明确方面,中性,0,0.8627253303823313,0.0525122736197094,0.8627253303823313,0.08476239599795912,中性,中性,0.0,True
知识区,BV1zrGi6PE9B,【最后一课】2X2联表与独立性检验！,1054414,81616,6893,18820,2559,5701,牛逼卡拉斯,,牛逼卡拉斯,1,0,3,0,0,1.0,1.0,0.0,1.0,0.3333333333333333,1.0,1.0,0.0,0,0,0,0,0,0,0,1,对象评价,未明确对象,未明确方面,正面,1,0.6709024526463746,0.2791234929468564,0.04997405440676902,0.6709024526463746,正面,正面,,False
知识区,BV1zrGi6PE9B,【最后一课】2X2联表与独立性检验！,1054414,81616,6893,18820,2559,5701,各位一轮复习再见,,各位一轮复习再见,0,0,4,0,0,0.0,0.0,0.0,0.0,0.0,0.0,0.0,0.0,0,0,0,0,0,0,0,0,无明显情感,未明确对象,未明确方面,中性,0,0.8538260227561699,0.050180691754508414,0.8538260227561699,0.09599328548932162,中性,中性,,False
知识区,BV1zrGi6PE9B,【最后一课】2X2联表与独立性检验！,1054414,81616,6893,18820,2559,5701,分布列那里好像就列过一次,,分布列那里好像就列过一次,0,0,7,0,0,0.0,0.0,0.0,0.0,0.0,0.0,0.0,0.0,0,0,0,0,0,0,0,0,无明显情感,未明确对象,未明确方面,中性,0,0.5489058532467554,0.23168393037647445,0.5489058532467554,0.2194102163767701,中性,中性,,False
知识区,BV1zrGi6PE9B,【最后一课】2X2联表与独立性检验！,1054414,81616,6893,18820,2559,5701,高中数学最后一战，我们一轮复习见,,高中数学最后一战，我们一轮复习见,0,0,8,0,0,0.0,0.0,0.0,0.0,0.0,0.0,0.0,0.0,0,0,0,0,0,0,0,0,无明显情感,课程内容,未明确方面,中性,0,0.6444972094894308,0.10299072871184418,0.6444972094894308,0.25251206179872504,中性,中性,0.0,True
知识区,BV1zrGi6PE9B,【最后一课】2X2联表与独立性检验！,1054414,81616,6893,18820,2559,5701,27我要考一本,,27我要考一本,0,0,4,0,0,0.0,0.0,0.0,0.0,0.0,0.0,0.0,0.0,0,0,0,0,0,0,0,0,无明显情感,未明确对象,未明确方面,中性,1,0.637364957760186,0.0425123263085191,0.3201227159312949,0.637364957760186,正面,正面,1.0,True
知识区,BV1zrGi6PE9B,【最后一课】2X2联表与独立性检验！,1054414,81616,6893,18820,2559,5701,27,,27,0,0,1,0,0,0.0,0.0,0.0,0.0,0.0,0.0,0.0,0.0,0,0,0,0,0,0,0,0,无明显情感,未明确对象,未明确方面,中性,0,0.5955454095610981,0.056838794795326525,0.5955454095610981,0.34761579564357525,中性,中性,,False
知识区,BV1zrGi6PE9B,【最后一课】2X2联表与独立性检验！,1054414,81616,6893,18820,2559,5701,上次模考我算的七千，非常自信，直接写了上去结果错了,,上次模考我算的七千，非常自信，直接写了上去结果错了,0,1,13,0,0,-1.0,0.0,1.0,1.0,0.07692307692307693,-1.0,0.0,1.0,0,0,0,0,0,0,0,1,对象评价,未明确对象,未明确方面,负面,-1,0.8526318587919655,0.8526318587919655,0.12095070396741865,0.02641743724061592,负面,负面,-1.0,True
知识区,BV1zrGi6PE9B,【最后一课】2X2联表与独立性检验！,1054414,81616,6893,18820,2559,5701,还是one last kiss,,还是onelastkiss,0,0,2,0,0,0.0,0.0,0.0,0.0,0.0,0.0,0.0,0.0,0,0,0,0,0,0,0,0,无明显情感,未明确对象,未明确方面,中性,0,0.4692695734009059,0.1322403990880916,0.4692695734009059,0.3984900275110025,中性,中性,0.0,True
知识区,BV1zrGi6PE9B,【最后一课】2X2联表与独立性检验！,1054414,81616,6893,18820,2559,5701,高考必胜！,,高考必胜！,0,0,3,1,0,0.0,0.0,0.0,0.0,0.0,0.0,0.0,0.0,0,0,0,0,0,0,0,0,无明显情感,未明确对象,未明确方面,中性,1,0.8412705534004202,0.02282852016975744,0.13590092642982238,0.8412705534004202,正面,正面,,False
知识区,BV1zrGi6PE9B,【最后一课】2X2联表与独立性检验！,1054414,81616,6893,18820,2559,5701,最后三天,,最后三天,0,0,2,0,0,0.0,0.0,0.0,0.0,0.0,0.0,0.0,0.0,0,0,0,0,0,0,0,0,无明显情感,未明确对象,未明确方面,中性,0,0.7797956058813678,0.1069951070776608,0.7797956058813678,0.11320928704097132,中性,中性,0.0,True
知识区,BV1zrGi6PE9B,【最后一课】2X2联表与独立性检验！,1054414,81616,6893,18820,2559,5701,高考大捷！！！,,高考大捷！！！,0,0,5,3,0,0.0,0.0,0.0,0.0,0.0,0.0,0.0,0.0,0,0,0,0,0,0,0,0,无明显情感,未明确对象,未明确方面,中性,1,0.723134245530307,0.10223973279624025,0.17462602167345279,0.723134245530307,正面,正面,,False
知识区,BV1zrGi6PE9B,【最后一课】2X2联表与独立性检验！,1054414,81616,6893,18820,2559,5701,27年再见,,27年再见,0,0,3,0,0,0.0,0.0,0.0,0.0,0.0,0.0,0.0,0.0,0,0,0,0,0,0,0,0,无明显情感,未明确对象,未明确方面,中性,0,0.5882972646291436,0.08322786311833037,0.5882972646291436,0.3284748722525261,中性,中性,,False
知识区,BV1zrGi6PE9B,【最后一课】2X2联表与独立性检验！,1054414,81616,6893,18820,2559,5701,2027高考加油！扬大等我,,2027高考加油！扬大等我,1,0,6,1,0,1.0,1.0,0.0,1.0,0.16666666666666666,1.0,1.0,0.0,0,0,0,0,0,0,0,1,对象评价,未明确对象,未明确方面,正面,1,0.9759116960751608,0.002418665102253776,0.021669638822585494,0.9759116960751608,正面,正面,,False
知识区,BV1zrGi6PE9B,【最后一课】2X2联表与独立性检验！,1054414,81616,6893,18820,2559,5701,可爱的笑脸，有趣的笑脸。,,可爱的笑脸，有趣的笑脸。,2,0,6,0,0,2.0,2.0,0.0,2.0,0.3333333333333333,2.0,2.0,0.0,0,0,0,0,0,0,0,1,对象评价,未明确对象,娱乐与趣味,正面,1,0.9724153613352565,0.008164916202278934,0.019419722462464553,0.9724153613352565,正面,正面,,False
知识区,BV1zrGi6PE9B,【最后一课】2X2联表与独立性检验！,1054414,81616,6893,18820,2559,5701,，2027高考加油,,，2027高考加油,1,0,4,0,0,1.0,1.0,0.0,1.0,0.25,1.0,1.0,0.0,0,0,0,0,0,0,0,1,对象评价,未明确对象,未明确方面,正面,1,0.9658040373954055,0.008287473404109777,0.02590848920048472,0.9658040373954055,正面,正面,,False
知识区,BV1zrGi6PE9B,【最后一课】2X2联表与独立性检验！,1054414,81616,6893,18820,2559,5701,有幸见证历史,,有幸见证历史,0,0,3,0,0,0.0,0.0,0.0,0.0,0.0,0.0,0.0,0.0,0,0,0,0,0,0,0,0,无明显情感,未明确对象,未明确方面,中性,0,0.6491052548105614,0.15351490488364694,0.6491052548105614,0.1973798403057917,中性,中性,,False
知识区,BV1zrGi6PE9B,【最后一课】2X2联表与独立性检验！,1054414,81616,6893,18820,2559,5701,结尾撒花,,结尾撒花,0,0,2,0,0,0.0,0.0,0.0,0.0,0.0,0.0,0.0,0.0,0,0,0,0,0,0,0,0,无明显情感,未明确对象,未明确方面,中性,1,0.5669688999746967,0.07826329829410693,0.3547678017311965,0.5669688999746967,正面,正面,,False
知识区,BV1zrGi6PE9B,【最后一课】2X2联表与独立性检验！,1054414,81616,6893,18820,2559,5701,合肥工业大学,,合肥工业大学,0,0,1,0,0,0.0,0.0,0.0,0.0,0.0,0.0,0.0,0.0,0,0,0,0,0,0,0,0,无明显情感,未明确对象,未明确方面,中性,0,0.6031187808416515,0.08598199451739685,0.6031187808416515,0.3108992246409517,中性,中性,,False
知识区,BV1zrGi6PE9B,【最后一课】2X2联表与独立性检验！,1054414,81616,6893,18820,2559,5701,高考大捷！,,高考大捷！,0,0,3,1,0,0.0,0.0,0.0,0.0,0.0,0.0,0.0,0.0,0,0,0,0,0,0,0,0,无明显情感,未明确对象,未明确方面,中性,1,0.7240207399462021,0.017990521590012267,0.2579887384637857,0.7240207399462021,正面,正面,,False
知识区,BV1zrGi6PE9B,【最后一课】2X2联表与独立性检验！,1054414,81616,6893,18820,2559,5701,南京航空航天大学,,南京航空航天大学,0,0,1,0,0,0.0,0.0,0.0,0.0,0.0,0.0,0.0,0.0,0,0,0,0,0,0,0,0,无明显情感,未明确对象,未明确方面,中性,0,0.6031187808416515,0.08598199451739685,0.6031187808416515,0.3108992246409517,中性,中性,,False
知识区,BV1zrGi6PE9B,【最后一课】2X2联表与独立性检验！,1054414,81616,6893,18820,2559,5701,金榜题名  高考加油,,金榜题名高考加油,1,0,3,0,0,1.0,1.0,0.0,1.0,0.3333333333333333,1.0,1.0,0.0,0,0,0,0,0,0,0,1,对象评价,未明确对象,未明确方面,正面,1,0.9776887173498683,0.006072427788366232,0.016238854861765423,0.9776887173498683,正面,正面,,False
知识区,BV1zrGi6PE9B,【最后一课】2X2联表与独立性检验！,1054414,81616,6893,18820,2559,5701,"onelastkiss,有品！！！",,"onelastkiss,有品！！！",0,0,6,3,0,0.0,0.0,0.0,0.0,0.0,0.0,0.0,0.0,0,0,0,0,0,0,0,0,无明显情感,未明确对象,未明确方面,中性,1,0.6929933586303348,0.09551028611658068,0.2114963552530845,0.6929933586303348,正面,正面,1.0,True
知识区,BV1zrGi6PE9B,【最后一课】2X2联表与独立性检验！,1054414,81616,6893,18820,2559,5701,完结撒花，2027高考加油！祝我们在最好的年华考上理想的学校，不负青春，不负韶华，感谢一数的陪伴,,完结撒花，2027高考加油！祝我们在最好的年华考上理想的学校，不负青春，不负韶华，感谢一数的陪伴,2,0,25,1,0,2.0,2.0,0.0,2.0,0.08,2.0,2.0,0.0,0,0,0,0,0,0,0,1,对象评价,未明确对象,未明确方面,正面,1,0.9985564760962629,0.0007055218974773691,0.0007380020062597981,0.9985564760962629,正面,正面,,False
知识区,BV1zrGi6PE9B,【最后一课】2X2联表与独立性检验！,1054414,81616,6893,18820,2559,5701,2027南大等我,,2027南大等我,0,0,3,0,0,0.0,0.0,0.0,0.0,0.0,0.0,0.0,0.0,0,0,0,0,0,0,0,0,无明显情感,未明确对象,未明确方面,中性,1,0.5983092221527592,0.03982933271905925,0.36186144512818147,0.5983092221527592,正面,正面,,False
知识区,BV1zrGi6PE9B,【最后一课】2X2联表与独立性检验！,1054414,81616,6893,18820,2559,5701,高考应该写ABC。,,高考应该写ABC。,0,0,5,0,0,0.0,0.0,0.0,0.0,0.0,0.0,0.0,0.0,0,0,0,0,0,0,0,0,无明显情感,未明确对象,未明确方面,中性,0,0.6618699109899732,0.045527997027051376,0.6618699109899732,0.29260209198297554,中性,中性,,False
知识区,BV1zrGi6PE9B,【最后一课】2X2联表与独立性检验！,1054414,81616,6893,18820,2559,5701,很高兴认识老师，嘻嘻完结撒花,,很高兴认识老师，嘻嘻完结撒花,1,0,8,0,0,1.5,1.5,0.0,1.5,0.125,1.5,1.5,0.0,0,0,0,0,0,0,0,1,对象评价,讲解者,未明确方面,正面,1,0.9737909283429201,0.00881764849421009,0.017391423162869738,0.9737909283429201,正面,正面,,False
知识区,BV1zrGi6PE9B,【最后一课】2X2联表与独立性检验！,1054414,81616,6893,18820,2559,5701,高考走错不用怕，我帮你送过去。,,高考走错不用怕，我帮你送过去。,0,0,10,0,0,0.0,0.0,0.0,0.0,0.0,0.0,0.0,0.0,0,0,0,0,0,0,0,0,无明显情感,未明确对象,未明确方面,中性,0,0.7510838262494332,0.08127628537925552,0.7510838262494332,0.1676398883713112,中性,中性,0.0,True
知识区,BV1zrGi6PE9B,【最后一课】2X2联表与独立性检验！,1054414,81616,6893,18820,2559,5701,高考没考好没关系，进个工地。,,高考没考好没关系，进个工地。,0,0,8,0,0,0.0,0.0,0.0,0.0,0.0,0.0,0.0,0.0,0,0,0,0,0,0,0,0,无明显情感,未明确对象,未明确方面,中性,1,0.8734121555837078,0.049941655357766575,0.07664618905852555,0.8734121555837078,正面,正面,,False
知识区,BV1zrGi6PE9B,【最后一课】2X2联表与独立性检验！,1054414,81616,6893,18820,2559,5701,走错考场，没事的。我帮你送到电子厂，入个职就行了。,,走错考场，没事的。我帮你送到电子厂，入个职就行了。,0,0,14,0,0,0.0,0.0,0.0,0.0,0.0,0.0,0.0,0.0,0,0,0,0,0,0,0,0,无明显情感,未明确对象,未明确方面,中性,0,0.6859143519498123,0.20449279158914288,0.6859143519498123,0.10959285646104479,中性,中性,0.0,True
知识区,BV1zrGi6PE9B,【最后一课】2X2联表与独立性检验！,1054414,81616,6893,18820,2559,5701,走错考场，我帮你送过去，帮你送到工地。,,走错考场，我帮你送过去，帮你送到工地。,0,0,12,0,0,0.0,0.0,0.0,0.0,0.0,0.0,0.0,0.0,0,0,0,0,0,0,0,0,无明显情感,未明确对象,未明确方面,中性,0,0.7836061349363044,0.12722751987659434,0.7836061349363044,0.08916634518710113,中性,中性,0.0,True
知识区,BV1zrGi6PE9B,【最后一课】2X2联表与独立性检验！,1054414,81616,6893,18820,2559,5701,少羽不牛逼。,,少羽不牛逼。,0,1,5,0,0,-1.0,0.0,1.0,1.0,0.2,-1.0,0.0,1.0,0,0,0,0,0,0,0,1,对象评价,未明确对象,未明确方面,负面,-1,0.9006875757635489,0.9006875757635489,0.0622717579796762,0.037040666256774823,负面,负面,-1.0,True
知识区,BV1zrGi6PE9B,【最后一课】2X2联表与独立性检验！,1054414,81616,6893,18820,2559,5701,2027上岸630！,,2027上岸630！,0,0,4,1,0,0.0,0.0,0.0,0.0,0.0,0.0,0.0,0.0,0,0,0,0,0,0,0,0,无明显情感,未明确对象,未明确方面,中性,1,0.7821401611152778,0.01736459704776593,0.20049524183695622,0.7821401611152778,正面,正面,,False
知识区,BV1zrGi6PE9B,【最后一课】2X2联表与独立性检验！,1054414,81616,6893,18820,2559,5701,谢谢小猪老师 友谊长存!27高考加油 完结撒花,,谢谢小猪老师友谊长存!27高考加油完结撒花,2,0,11,1,0,2.0,2.0,0.0,2.0,0.18181818181818182,2.0,2.0,0.0,0,0,0,0,0,0,0,1,对象评价,讲解者,未明确方面,正面,1,0.9983781365350904,0.000303015070452137,0.0013188483944574423,0.9983781365350904,正面,正面,,False
知识区,BV1zrGi6PE9B,【最后一课】2X2联表与独立性检验！,1054414,81616,6893,18820,2559,5701,完美撒花，2027年高考顺利考500加,,完美撒花，2027年高考顺利考500加,2,0,10,0,0,2.0,2.0,0.0,2.0,0.2,2.0,2.0,0.0,0,0,0,0,0,0,0,1,对象评价,未明确对象,未明确方面,正面,1,0.9939083195709999,0.0015145679459704988,0.004577112483029726,0.9939083195709999,正面,正面,,False
知识区,BV1zrGi6PE9B,【最后一课】2X2联表与独立性检验！,1054414,81616,6893,18820,2559,5701,今天2026年6.3星期三晚上23:15,,今天2026年6.3星期三晚上2315,0,0,7,0,0,0.0,0.0,0.0,0.0,0.0,0.0,0.0,0.0,0,0,0,0,0,0,0,0,无明显情感,未明确对象,未明确方面,中性,0,0.6505156106165938,0.06201361272109901,0.6505156106165938,0.28747077666230725,中性,中性,0.0,True
知识区,BV1zrGi6PE9B,【最后一课】2X2联表与独立性检验！,1054414,81616,6893,18820,2559,5701,距离2026高考还有3天,,距离2026高考还有3天,0,0,6,0,0,0.0,0.0,0.0,0.0,0.0,0.0,0.0,0.0,0,0,0,0,0,0,0,0,无明显情感,未明确对象,未明确方面,中性,0,0.582282112355391,0.06939548568724856,0.582282112355391,0.3483224019573604,中性,中性,,False
知识区,BV1zrGi6PE9B,【最后一课】2X2联表与独立性检验！,1054414,81616,6893,18820,2559,5701,2027必胜,,2027必胜,0,0,2,0,0,0.0,0.0,0.0,0.0,0.0,0.0,0.0,0.0,0,0,0,0,0,0,0,0,无明显情感,未明确对象,未明确方面,中性,1,0.7117759403069664,0.04602247471081286,0.2422015849822207,0.7117759403069664,正面,正面,,False
知识区,BV1zrGi6PE9B,【最后一课】2X2联表与独立性检验！,1054414,81616,6893,18820,2559,5701,这公式也不难记啊,,这公式也不难记啊,0,0,4,0,0,0.0,0.0,0.0,0.0,0.0,0.0,0.0,0.0,0,0,0,0,0,0,0,0,无明显情感,课程内容,理解与难度,中性,0,0.7142625913376348,0.16585167255851974,0.7142625913376348,0.11988573610384554,中性,中性,0.0,True
知识区,BV1zrGi6PE9B,【最后一课】2X2联表与独立性检验！,1054414,81616,6893,18820,2559,5701,高三加油,,高三加油,1,0,2,0,0,1.0,1.0,0.0,1.0,0.5,1.0,1.0,0.0,0,0,0,0,0,0,0,1,对象评价,未明确对象,未明确方面,正面,1,0.8834568502224356,0.04100689836448057,0.07553625141308395,0.8834568502224356,正面,正面,,False
知识区,BV1zrGi6PE9B,【最后一课】2X2联表与独立性检验！,1054414,81616,6893,18820,2559,5701,一数老师再见,,一数老师再见,0,0,3,0,0,0.0,0.0,0.0,0.0,0.0,0.0,0.0,0.0,0,0,0,0,0,0,0,0,无明显情感,讲解者,未明确方面,中性,0,0.6778015514829412,0.12656275046824556,0.6778015514829412,0.19563569804881328,中性,中性,0.0,True
知识区,BV1zrGi6PE9B,【最后一课】2X2联表与独立性检验！,1054414,81616,6893,18820,2559,5701,祝学长学姐们高考加油！,,祝学长学姐们高考加油！,1,0,7,1,0,1.0,1.0,0.0,1.0,0.14285714285714285,1.0,1.0,0.0,0,0,0,0,0,0,0,1,对象评价,未明确对象,未明确方面,正面,1,0.9690735239758034,0.0034212789221399263,0.02750519710205675,0.9690735239758034,正面,正面,,False
知识区,BV1zrGi6PE9B,【最后一课】2X2联表与独立性检验！,1054414,81616,6893,18820,2559,5701,2027金榜题名,,2027金榜题名,0,0,2,0,0,0.0,0.0,0.0,0.0,0.0,0.0,0.0,0.0,0,0,0,0,0,0,0,0,无明显情感,未明确对象,未明确方面,中性,1,0.7033785571031891,0.056373682731660574,0.24024776016515037,0.7033785571031891,正面,正面,1.0,True
知识区,BV1zrGi6PE9B,【最后一课】2X2联表与独立性检验！,1054414,81616,6893,18820,2559,5701,6月,,6月,0,0,2,0,0,0.0,0.0,0.0,0.0,0.0,0.0,0.0,0.0,0,0,0,0,0,0,0,0,无明显情感,未明确对象,未明确方面,中性,0,0.590342052917813,0.20642088574426454,0.590342052917813,0.20323706133792244,中性,中性,,False
知识区,BV1zrGi6PE9B,【最后一课】2X2联表与独立性检验！,1054414,81616,6893,18820,2559,5701,下期更啥呀？不舍得,,下期更啥呀？不舍得,0,0,6,0,1,0.0,0.0,0.0,0.0,0.0,0.0,0.0,0.0,0,0,0,0,0,0,0,0,无明显情感,未明确对象,未明确方面,中性,-1,0.7660324398523809,0.7660324398523809,0.18725858275876076,0.046708977388858354,负面,负面,-1.0,True
知识区,BV1zrGi6PE9B,【最后一课】2X2联表与独立性检验！,1054414,81616,6893,18820,2559,5701,高考顺利,,高考顺利,1,0,2,0,0,1.0,1.0,0.0,1.0,0.5,1.0,1.0,0.0,0,0,0,0,0,0,0,1,对象评价,未明确对象,未明确方面,正面,1,0.9345275026086096,0.02739985309987734,0.03807264429151297,0.9345275026086096,正面,正面,,False
知识区,BV1zrGi6PE9B,【最后一课】2X2联表与独立性检验！,1054414,81616,6893,18820,2559,5701,2026高考必胜！,,2026高考必胜！,0,0,4,1,0,0.0,0.0,0.0,0.0,0.0,0.0,0.0,0.0,0,0,0,0,0,0,0,0,无明显情感,未明确对象,未明确方面,中性,1,0.8725946676243667,0.01973270038894097,0.10767263198669233,0.8725946676243667,正面,正面,,False
知识区,BV1zrGi6PE9B,【最后一课】2X2联表与独立性检验！,1054414,81616,6893,18820,2559,5701,2026年6月3日晚上8:42,,2026年6月3日晚上842,0,0,8,0,0,0.0,0.0,0.0,0.0,0.0,0.0,0.0,0.0,0,0,0,0,0,0,0,0,无明显情感,未明确对象,未明确方面,中性,0,0.5267153328299061,0.14521477939046554,0.5267153328299061,0.32806988777962837,中性,中性,0.0,True
知识区,BV1zrGi6PE9B,【最后一课】2X2联表与独立性检验！,1054414,81616,6893,18820,2559,5701,2026我要考上466,,2026我要考上466,0,0,4,0,0,0.0,0.0,0.0,0.0,0.0,0.0,0.0,0.0,0,0,0,0,0,0,0,0,无明显情感,未明确对象,未明确方面,中性,1,0.7971834542021717,0.035373319158252335,0.1674432266395759,0.7971834542021717,正面,正面,,False
知识区,BV1zrGi6PE9B,【最后一课】2X2联表与独立性检验！,1054414,81616,6893,18820,2559,5701,2026.6月3日通关，愿2027高考上岸,,2026.6月3日通关，愿2027高考上岸,0,0,10,0,0,0.0,0.0,0.0,0.0,0.0,0.0,0.0,0.0,0,0,0,0,0,0,0,0,无明显情感,未明确对象,未明确方面,中性,1,0.8873513611178103,0.033837055039115584,0.07881158384307393,0.8873513611178103,正面,正面,,False
知识区,BV1zrGi6PE9B,【最后一课】2X2联表与独立性检验！,1054414,81616,6893,18820,2559,5701,26完结撒花,,26完结撒花,0,0,3,0,0,0.0,0.0,0.0,0.0,0.0,0.0,0.0,0.0,0,0,0,0,0,0,0,0,无明显情感,未明确对象,未明确方面,中性,1,0.8735617206382451,0.028320985910351818,0.09811729345140313,0.8735617206382451,正面,正面,,False
知识区,BV1zrGi6PE9B,【最后一课】2X2联表与独立性检验！,1054414,81616,6893,18820,2559,5701,是个人物↑,,是个人物,0,0,2,0,0,0.0,0.0,0.0,0.0,0.0,0.0,0.0,0.0,0,0,0,0,0,0,0,0,无明显情感,未明确对象,未明确方面,中性,0,0.5837333821470505,0.34124286783655244,0.5837333821470505,0.07502375001639693,中性,中性,,False
知识区,BV1zrGi6PE9B,【最后一课】2X2联表与独立性检验！,1054414,81616,6893,18820,2559,5701,薛定谔的猫不就是是或不是中间的情况吗？,,薛定谔的猫不就是是或不是中间的情况吗？,0,0,9,0,1,0.0,0.0,0.0,0.0,0.0,0.0,0.0,0.0,0,0,0,0,0,0,0,0,无明显情感,未明确对象,未明确方面,中性,0,0.5119217889338307,0.47942010574585897,0.5119217889338307,0.008658105320310307,中性,中性,,False
知识区,BV1zrGi6PE9B,【最后一课】2X2联表与独立性检验！,1054414,81616,6893,18820,2559,5701,比我们数学老师讲的好多了,,比我们数学老师讲的好多了,0,0,5,0,0,0.0,0.0,0.0,0.0,0.0,0.0,0.0,0.0,0,0,0,0,0,0,0,0,无明显情感,讲解者+课程内容,未明确方面,中性,1,0.5846589815249934,0.23281973961760413,0.1825212788574025,0.5846589815249934,正面,正面,1.0,True
知识区,BV1zrGi6PE9B,【最后一课】2X2联表与独立性检验！,1054414,81616,6893,18820,2559,5701,ustc,,ustc,0,0,1,0,0,0.0,0.0,0.0,0.0,0.0,0.0,0.0,0.0,0,0,0,0,0,0,0,0,无明显情感,未明确对象,未明确方面,中性,0,0.6450254791440101,0.13937059837014057,0.6450254791440101,0.2156039224858493,中性,中性,,False
知识区,BV1zrGi6PE9B,【最后一课】2X2联表与独立性检验！,1054414,81616,6893,18820,2559,5701,吓得我赶快点一根,,吓得我赶快点一根,0,0,5,0,0,0.0,0.0,0.0,0.0,0.0,0.0,0.0,0.0,0,0,0,0,0,0,0,0,无明显情感,未明确对象,未明确方面,中性,0,0.7111491886368413,0.1335834956820918,0.7111491886368413,0.155267315681067,中性,中性,,False
知识区,BV1zrGi6PE9B,【最后一课】2X2联表与独立性检验！,1054414,81616,6893,18820,2559,5701,有你真好！！！,,有你真好！！！,1,0,6,3,0,1.0,1.0,0.0,1.0,0.16666666666666666,1.0,1.0,0.0,0,0,0,0,0,0,0,1,对象评价,未明确对象,未明确方面,正面,1,0.8278860573085028,0.1530363558337756,0.019077586857721564,0.8278860573085028,正面,正面,,False
知识区,BV1zrGi6PE9B,【最后一课】2X2联表与独立性检验！,1054414,81616,6893,18820,2559,5701,青春的一个非常绚烂的注脚,,青春的一个非常绚烂的注脚,0,0,4,0,0,0.0,0.0,0.0,0.0,0.0,0.0,0.0,0.0,0,0,0,0,0,0,0,0,无明显情感,未明确对象,未明确方面,中性,0,0.549443620042939,0.25029948703102034,0.549443620042939,0.2002568929260407,中性,负面,,False
知识区,BV1zrGi6PE9B,【最后一课】2X2联表与独立性检验！,1054414,81616,6893,18820,2559,5701,丘嘉琳我喜欢你,,丘嘉琳我喜欢你,1,0,2,0,0,1.0,1.0,0.0,1.0,0.5,1.0,1.0,0.0,0,0,0,0,0,0,0,1,对象评价,未明确对象,未明确方面,正面,1,0.754701472472602,0.19583980104696866,0.049458726480429295,0.754701472472602,正面,正面,,False
知识区,BV1zrGi6PE9B,【最后一课】2X2联表与独立性检验！,1054414,81616,6893,18820,2559,5701,坏 此时正在网吧点着蚊香看,,坏此时正在网吧点着蚊香看,0,0,7,0,0,0.0,0.0,0.0,0.0,0.0,0.0,0.0,0.0,0,0,0,0,0,0,0,0,无明显情感,未明确对象,未明确方面,中性,0,0.6658159152107311,0.14195954469705693,0.6658159152107311,0.19222454009221188,中性,中性,,False
知识区,BV1zrGi6PE9B,【最后一课】2X2联表与独立性检验！,1054414,81616,6893,18820,2559,5701,宁波大学,,宁波大学,0,0,1,0,0,0.0,0.0,0.0,0.0,0.0,0.0,0.0,0.0,0,0,0,0,0,0,0,0,无明显情感,未明确对象,未明确方面,中性,0,0.6031187808416515,0.08598199451739685,0.6031187808416515,0.3108992246409517,中性,中性,,False
知识区,BV1zrGi6PE9B,【最后一课】2X2联表与独立性检验！,1054414,81616,6893,18820,2559,5701,2027重庆大学,,2027重庆大学,0,0,2,0,0,0.0,0.0,0.0,0.0,0.0,0.0,0.0,0.0,0,0,0,0,0,0,0,0,无明显情感,未明确对象,未明确方面,中性,1,0.5287206859732385,0.043849451574111326,0.4274298624526501,0.5287206859732385,正面,正面,,False
知识区,BV1zrGi6PE9B,【最后一课】2X2联表与独立性检验！,1054414,81616,6893,18820,2559,5701,27届数学通关，完结散花！大家高考加油！,,27届数学通关，完结散花！大家高考加油！,1,0,12,2,0,1.0,1.0,0.0,1.0,0.08333333333333333,1.0,1.0,0.0,0,0,0,0,0,0,0,1,对象评价,课程内容,未明确方面,正面,1,0.9925087546054414,0.0019275733228338273,0.0055636720717246865,0.9925087546054414,正面,正面,,False
知识区,BV1zrGi6PE9B,【最后一课】2X2联表与独立性检验！,1054414,81616,6893,18820,2559,5701,我也很高兴认识你，小猪，爱你！！！,,我也很高兴认识你，小猪，爱你！！！,1,0,11,3,0,1.5,1.5,0.0,1.5,0.09090909090909091,1.5,1.5,0.0,0,0,0,0,0,0,0,1,对象评价,未明确对象,未明确方面,正面,1,0.9334196485101312,0.0422686938625452,0.024311657627323714,0.9334196485101312,正面,正面,,False
知识区,BV1zrGi6PE9B,【最后一课】2X2联表与独立性检验！,1054414,81616,6893,18820,2559,5701,高考必胜加油,,高考必胜加油,1,0,3,0,0,1.0,1.0,0.0,1.0,0.3333333333333333,1.0,1.0,0.0,0,0,0,0,0,0,0,1,对象评价,未明确对象,未明确方面,正面,1,0.979587451059465,0.005550841199164166,0.014861707741370809,0.979587451059465,正面,正面,,False
知识区,BV1zrGi6PE9B,【最后一课】2X2联表与独立性检验！,1054414,81616,6893,18820,2559,5701,hal会好好学数学的！,,hal会好好学数学的！,0,0,5,1,0,0.0,0.0,0.0,0.0,0.0,0.0,0.0,0.0,0,0,0,0,0,0,0,0,无明显情感,课程内容,未明确方面,中性,1,0.5770081549869552,0.20634076157660028,0.21665108343644449,0.5770081549869552,正面,正面,1.0,True
知识区,BV1zrGi6PE9B,【最后一课】2X2联表与独立性检验！,1054414,81616,6893,18820,2559,5701,捉潘博！,,捉潘博！,0,0,3,1,0,0.0,0.0,0.0,0.0,0.0,0.0,0.0,0.0,0,0,0,0,0,0,0,0,无明显情感,未明确对象,未明确方面,中性,1,0.6421716127645047,0.03579602683834938,0.32203236039714583,0.6421716127645047,正面,正面,,False
知识区,BV1zrGi6PE9B,【最后一课】2X2联表与独立性检验！,1054414,81616,6893,18820,2559,5701,one last kiss！！！,,onelastkiss！！！,0,0,4,3,0,0.0,0.0,0.0,0.0,0.0,0.0,0.0,0.0,0,0,0,0,0,0,0,0,无明显情感,未明确对象,未明确方面,中性,1,0.7793000280189942,0.07849976064030323,0.14220021134070257,0.7793000280189942,正面,正面,1.0,True
知识区,BV1zrGi6PE9B,【最后一课】2X2联表与独立性检验！,1054414,81616,6893,18820,2559,5701,2027上岸！！！！,,2027上岸！！！！,0,0,6,4,0,0.0,0.0,0.0,0.0,0.0,0.0,0.0,0.0,0,0,0,0,0,0,0,0,无明显情感,未明确对象,未明确方面,中性,1,0.7782608551467252,0.07524707332010963,0.1464920715331652,0.7782608551467252,正面,正面,,False
知识区,BV1zrGi6PE9B,【最后一课】2X2联表与独立性检验！,1054414,81616,6893,18820,2559,5701,算上今天就剩4天高考咯,,算上今天就剩4天高考咯,0,0,8,0,0,0.0,0.0,0.0,0.0,0.0,0.0,0.0,0.0,0,0,0,0,0,0,0,0,无明显情感,未明确对象,未明确方面,中性,1,0.5518665791434166,0.060632802596288074,0.38750061826029525,0.5518665791434166,正面,正面,,False
知识区,BV1zrGi6PE9B,【最后一课】2X2联表与独立性检验！,1054414,81616,6893,18820,2559,5701,27复旦！,,27复旦！,0,0,3,1,0,0.0,0.0,0.0,0.0,0.0,0.0,0.0,0.0,0,0,0,0,0,0,0,0,无明显情感,未明确对象,未明确方面,中性,1,0.5929608502094803,0.04276951679192891,0.3642696329985907,0.5929608502094803,正面,正面,,False
知识区,BV1zrGi6PE9B,【最后一课】2X2联表与独立性检验！,1054414,81616,6893,18820,2559,5701,2026/6/3,,202663,0,0,1,0,0,0.0,0.0,0.0,0.0,0.0,0.0,0.0,0.0,0,0,0,0,0,0,0,0,无明显情感,未明确对象,未明确方面,中性,0,0.5652067381959776,0.08171525018522603,0.5652067381959776,0.3530780116187964,中性,中性,,False
知识区,BV1zrGi6PE9B,【最后一课】2X2联表与独立性检验！,1054414,81616,6893,18820,2559,5701,，谢谢老师,,，谢谢老师,1,0,3,0,0,1.0,1.0,0.0,1.0,0.3333333333333333,1.0,1.0,0.0,0,0,0,0,0,0,0,1,对象评价,讲解者,未明确方面,正面,1,0.9033269205207103,0.029664021329500388,0.06700905814978932,0.9033269205207103,正面,正面,,False
知识区,BV1zrGi6PE9B,【最后一课】2X2联表与独立性检验！,1054414,81616,6893,18820,2559,5701,2026年6月2日成功通关高中数学！,,2026年6月2日成功通关高中数学！,1,0,10,1,0,1.0,1.0,0.0,1.0,0.1,1.0,1.0,0.0,0,0,0,0,0,0,0,1,对象评价,课程内容,未明确方面,正面,1,0.8891001134202924,0.03743895071505992,0.07346093586464764,0.8891001134202924,正面,正面,1.0,True
知识区,BV1zrGi6PE9B,【最后一课】2X2联表与独立性检验！,1054414,81616,6893,18820,2559,5701,韩师大等我27年高考必胜,,韩师大等我27年高考必胜,0,0,7,0,0,0.0,0.0,0.0,0.0,0.0,0.0,0.0,0.0,0,0,0,0,0,0,0,0,无明显情感,未明确对象,未明确方面,中性,1,0.8139089325758564,0.02781038455404492,0.15828068287009864,0.8139089325758564,正面,正面,,False
知识区,BV1zrGi6PE9B,【最后一课】2X2联表与独立性检验！,1054414,81616,6893,18820,2559,5701,27年高考必胜韩师大我来了！,,27年高考必胜韩师大我来了！,0,0,8,1,0,0.0,0.0,0.0,0.0,0.0,0.0,0.0,0.0,0,0,0,0,0,0,0,0,无明显情感,未明确对象,未明确方面,中性,1,0.802071896613402,0.0204761365842833,0.17745196680231481,0.802071896613402,正面,正面,,False
知识区,BV1zrGi6PE9B,【最后一课】2X2联表与独立性检验！,1054414,81616,6893,18820,2559,5701,27年高考必胜韩师大我来了,,27年高考必胜韩师大我来了,0,0,7,0,0,0.0,0.0,0.0,0.0,0.0,0.0,0.0,0.0,0,0,0,0,0,0,0,0,无明显情感,未明确对象,未明确方面,中性,1,0.7260699364000874,0.04187461801285101,0.23205544558706168,0.7260699364000874,正面,正面,,False
知识区,BV1zrGi6PE9B,【最后一课】2X2联表与独立性检验！,1054414,81616,6893,18820,2559,5701,关注塔菲谢谢喵！,,关注塔菲谢谢喵！,2,0,5,1,0,2.0,2.0,0.0,2.0,0.4,2.0,2.0,0.0,0,0,0,0,0,0,0,1,对象评价,未明确对象,未明确方面,正面,1,0.9799186133525436,0.0020519237034148656,0.01802946294404158,0.9799186133525436,正面,正面,,False
知识区,BV1zrGi6PE9B,【最后一课】2X2联表与独立性检验！,1054414,81616,6893,18820,2559,5701,萧逸来了,,萧逸来了,0,0,1,0,0,0.0,0.0,0.0,0.0,0.0,0.0,0.0,0.0,0,0,0,0,0,0,0,0,无明显情感,未明确对象,未明确方面,中性,0,0.5874272114378728,0.31169615649358234,0.5874272114378728,0.10087663206854476,中性,中性,,False
知识区,BV1zrGi6PE9B,【最后一课】2X2联表与独立性检验！,1054414,81616,6893,18820,2559,5701,爱你小猪,,爱你小猪,0,0,2,0,0,0.0,0.0,0.0,0.0,0.0,0.0,0.0,0.0,0,0,0,0,0,0,0,0,无明显情感,未明确对象,未明确方面,中性,1,0.6944644905580621,0.07954248002300016,0.22599302941893773,0.6944644905580621,正面,正面,,False
知识区,BV1zrGi6PE9B,【最后一课】2X2联表与独立性检验！,1054414,81616,6893,18820,2559,5701,2027加油！呼市见！,,2027加油！呼市见！,1,0,6,2,0,1.0,1.0,0.0,1.0,0.16666666666666666,1.0,1.0,0.0,0,0,0,0,0,0,0,1,对象评价,未明确对象,未明确方面,正面,1,0.9786459249278494,0.002391189682932436,0.018962885389218077,0.9786459249278494,正面,正面,,False
知识区,BV1zrGi6PE9B,【最后一课】2X2联表与独立性检验！,1054414,81616,6893,18820,2559,5701,2027高考顺利！,,2027高考顺利！,1,0,4,1,0,1.0,1.0,0.0,1.0,0.25,1.0,1.0,0.0,0,0,0,0,0,0,0,1,对象评价,未明确对象,未明确方面,正面,1,0.9679998941984503,0.006494695007948965,0.02550541079360074,0.9679998941984503,正面,正面,,False
知识区,BV1zrGi6PE9B,【最后一课】2X2联表与独立性检验！,1054414,81616,6893,18820,2559,5701,来日方长,,来日方长,0,0,1,0,0,0.0,0.0,0.0,0.0,0.0,0.0,0.0,0.0,0,0,0,0,0,0,0,0,无明显情感,未明确对象,未明确方面,中性,0,0.6613337795964743,0.14035796080361848,0.6613337795964743,0.19830825959990717,中性,中性,,False
知识区,BV1zrGi6PE9B,【最后一课】2X2联表与独立性检验！,1054414,81616,6893,18820,2559,5701,武大华科等我,,武大华科等我,0,0,3,0,0,0.0,0.0,0.0,0.0,0.0,0.0,0.0,0.0,0,0,0,0,0,0,0,0,无明显情感,未明确对象,未明确方面,中性,0,0.5287890199426379,0.07563136461155313,0.5287890199426379,0.39557961544580894,中性,正面,1.0,True
知识区,BV1zrGi6PE9B,【最后一课】2X2联表与独立性检验！,1054414,81616,6893,18820,2559,5701,完结撒花，感谢陪伴,,完结撒花，感谢陪伴,1,0,5,0,0,1.0,1.0,0.0,1.0,0.2,1.0,1.0,0.0,0,0,0,0,0,0,0,1,对象评价,未明确对象,未明确方面,正面,1,0.9808989428991315,0.006301166451881009,0.012799890648987481,0.9808989428991315,正面,正面,,False
知识区,BV1zrGi6PE9B,【最后一课】2X2联表与独立性检验！,1054414,81616,6893,18820,2559,5701,27的小北,,27的小北,0,0,2,0,0,0.0,0.0,0.0,0.0,0.0,0.0,0.0,0.0,0,0,0,0,0,0,0,0,无明显情感,未明确对象,未明确方面,中性,0,0.6588008928869324,0.061792623244912456,0.6588008928869324,0.27940648386815525,中性,中性,,False
知识区,BV1zrGi6PE9B,【最后一课】2X2联表与独立性检验！,1054414,81616,6893,18820,2559,5701,2027得偿所愿,,2027得偿所愿,0,0,3,0,0,0.0,0.0,0.0,0.0,0.0,0.0,0.0,0.0,0,0,0,0,0,0,0,0,无明显情感,未明确对象,未明确方面,中性,1,0.4922560899540625,0.05631938234882623,0.4514245276971112,0.4922560899540625,正面,正面,1.0,True
知识区,BV1zrGi6PE9B,【最后一课】2X2联表与独立性检验！,1054414,81616,6893,18820,2559,5701,上岸！一定要记得高一的不甘和奋进啊！,,上岸！一定要记得高一的不甘和奋进啊！,0,1,9,2,0,-1.0,0.0,1.0,1.0,0.1111111111111111,-1.0,0.0,1.0,0,0,0,0,0,0,0,1,对象评价,未明确对象,未明确方面,负面,1,0.6114213595829423,0.16698932745729242,0.2215893129597654,0.6114213595829423,正面,正面,1.0,True
知识区,BV1zrGi6PE9B,【最后一课】2X2联表与独立性检验！,1054414,81616,6893,18820,2559,5701,完结撒花，2027金榜题名,,完结撒花，2027金榜题名,0,0,5,0,0,0.0,0.0,0.0,0.0,0.0,0.0,0.0,0.0,0,0,0,0,0,0,0,0,无明显情感,未明确对象,未明确方面,中性,1,0.9236835673488467,0.024398272939534837,0.05191815971161837,0.9236835673488467,正面,正面,,False
知识区,BV1zrGi6PE9B,【最后一课】2X2联表与独立性检验！,1054414,81616,6893,18820,2559,5701,怎么算x2简单呀,,怎么算x2简单呀,1,0,4,0,0,1.0,1.0,0.0,1.0,0.25,1.0,1.0,0.0,0,0,0,0,0,0,0,1,对象评价,未明确对象,理解与难度,正面,1,0.4510454757625126,0.2972214097952679,0.2517331144422196,0.4510454757625126,正面,中性,0.0,True
知识区,BV1zrGi6PE9B,【最后一课】2X2联表与独立性检验！,1054414,81616,6893,18820,2559,5701,还会有下一个视频吗,,还会有下一个视频吗,0,0,4,0,0,0.0,0.0,0.0,0.0,0.0,0.0,0.0,0.0,0,0,0,0,0,0,0,0,无明显情感,视频内容,未明确方面,中性,0,0.8040115708418073,0.07458104018819421,0.8040115708418073,0.12140738896999854,中性,中性,,False
知识区,BV1zrGi6PE9B,【最后一课】2X2联表与独立性检验！,1054414,81616,6893,18820,2559,5701,BGM好评！！,,BGM好评！！,1,0,4,2,0,1.0,1.0,0.0,1.0,0.25,1.0,1.0,0.0,0,0,0,0,0,0,0,1,对象评价,未明确对象,未明确方面,正面,1,0.8959794732668317,0.0676626259292585,0.0363579008039099,0.8959794732668317,正面,正面,,False
知识区,BV1zrGi6PE9B,【最后一课】2X2联表与独立性检验！,1054414,81616,6893,18820,2559,5701,3年感谢一数,,3年感谢一数,1,0,4,0,0,1.0,1.0,0.0,1.0,0.25,1.0,1.0,0.0,0,0,0,0,0,0,0,1,对象评价,未明确对象,未明确方面,正面,1,0.7716200363159393,0.03994319437637718,0.18843676930768355,0.7716200363159393,正面,正面,1.0,True
知识区,BV1zrGi6PE9B,【最后一课】2X2联表与独立性检验！,1054414,81616,6893,18820,2559,5701,其实写多了自己就会背了,,其实写多了自己就会背了,0,0,7,0,0,0.0,0.0,0.0,0.0,0.0,0.0,0.0,0.0,0,0,0,0,0,0,0,0,无明显情感,未明确对象,未明确方面,中性,0,0.7192718127015398,0.21178300883601076,0.7192718127015398,0.06894517846244952,中性,中性,0.0,True
知识区,BV1zrGi6PE9B,【最后一课】2X2联表与独立性检验！,1054414,81616,6893,18820,2559,5701,高考上岸！！！2026金榜题名！！！,,高考上岸！！！2026金榜题名！！！,0,0,10,6,0,0.0,0.0,0.0,0.0,0.0,0.0,0.0,0.0,0,0,0,0,0,0,0,0,无明显情感,未明确对象,未明确方面,中性,1,0.9574474848482644,0.01623721076743757,0.026315304384297963,0.9574474848482644,正面,正面,,False
知识区,BV1zrGi6PE9B,【最后一课】2X2联表与独立性检验！,1054414,81616,6893,18820,2559,5701,高三必胜！,,高三必胜！,0,0,3,1,0,0.0,0.0,0.0,0.0,0.0,0.0,0.0,0.0,0,0,0,0,0,0,0,0,无明显情感,未明确对象,未明确方面,中性,1,0.6235370062119091,0.06780656617208886,0.3086564276160019,0.6235370062119091,正面,正面,,False
知识区,BV1zrGi6PE9B,【最后一课】2X2联表与独立性检验！,1054414,81616,6893,18820,2559,5701,26年高考上岸！！！,,26年高考上岸！！！,0,0,7,3,0,0.0,0.0,0.0,0.0,0.0,0.0,0.0,0.0,0,0,0,0,0,0,0,0,无明显情感,未明确对象,未明确方面,中性,1,0.891974351756718,0.030570278069037293,0.0774553701742446,0.891974351756718,正面,正面,,False
知识区,BV1zrGi6PE9B,【最后一课】2X2联表与独立性检验！,1054414,81616,6893,18820,2559,5701,完结撒花！！！！,,完结撒花！！！！,0,0,6,4,0,0.0,0.0,0.0,0.0,0.0,0.0,0.0,0.0,0,0,0,0,0,0,0,0,无明显情感,未明确对象,未明确方面,中性,1,0.867464340542647,0.050104919014570426,0.08243074044278259,0.867464340542647,正面,正面,1.0,True
知识区,BV1zrGi6PE9B,【最后一课】2X2联表与独立性检验！,1054414,81616,6893,18820,2559,5701,这个坏宝宝好萌,,这个坏宝宝好萌,0,0,4,0,0,0.0,0.0,0.0,0.0,0.0,0.0,0.0,0.0,0,0,0,0,0,0,0,0,无明显情感,未明确对象,未明确方面,中性,0,0.4607728118045768,0.4187281870167962,0.4607728118045768,0.12049900117862704,中性,中性,,False
知识区,BV1zrGi6PE9B,【最后一课】2X2联表与独立性检验！,1054414,81616,6893,18820,2559,5701,2026金榜题名！！！,,2026金榜题名！！！,0,0,5,3,0,0.0,0.0,0.0,0.0,0.0,0.0,0.0,0.0,0,0,0,0,0,0,0,0,无明显情感,未明确对象,未明确方面,中性,1,0.8466696392342916,0.06405708873559031,0.08927327203011817,0.8466696392342916,正面,正面,,False
知识区,BV1zrGi6PE9B,【最后一课】2X2联表与独立性检验！,1054414,81616,6893,18820,2559,5701,2027，合工大等我,,2027，合工大等我,0,0,4,0,0,0.0,0.0,0.0,0.0,0.0,0.0,0.0,0.0,0,0,0,0,0,0,0,0,无明显情感,未明确对象,未明确方面,中性,1,0.6571172636906338,0.06000935209729066,0.2828733842120754,0.6571172636906338,正面,正面,,False
知识区,BV1zrGi6PE9B,【最后一课】2X2联表与独立性检验！,1054414,81616,6893,18820,2559,5701,文成可敢担太守之职,,文成可敢担太守之职,0,0,5,0,0,0.0,0.0,0.0,0.0,0.0,0.0,0.0,0.0,0,0,0,0,0,0,0,0,无明显情感,未明确对象,未明确方面,中性,0,0.6361716333369394,0.16765974534753447,0.6361716333369394,0.1961686213155261,中性,中性,,False
知识区,BV1zrGi6PE9B,【最后一课】2X2联表与独立性检验！,1054414,81616,6893,18820,2559,5701,2027高考必胜 中华女子学院,,2027高考必胜中华女子学院,0,0,6,0,0,0.0,0.0,0.0,0.0,0.0,0.0,0.0,0.0,0,0,0,0,0,0,0,0,无明显情感,未明确对象,未明确方面,中性,1,0.7139772466755895,0.03848673757180052,0.24753601575260997,0.7139772466755895,正面,正面,1.0,True
知识区,BV1zrGi6PE9B,【最后一课】2X2联表与独立性检验！,1054414,81616,6893,18820,2559,5701,高三见,,高三见,0,0,2,0,0,0.0,0.0,0.0,0.0,0.0,0.0,0.0,0.0,0,0,0,0,0,0,0,0,无明显情感,未明确对象,未明确方面,中性,0,0.6771612417962892,0.13208891345569934,0.6771612417962892,0.19074984474801132,中性,中性,,False
知识区,BV1zrGi6PE9B,【最后一课】2X2联表与独立性检验！,1054414,81616,6893,18820,2559,5701,居然是onelastkiss，，eva厨狂喜。,,居然是onelastkiss，，eva厨狂喜。,0,0,8,0,0,0.0,0.0,0.0,0.0,0.0,0.0,0.0,0.0,0,0,0,0,0,0,0,0,无明显情感,未明确对象,未明确方面,中性,1,0.4707438145193047,0.3887069503558332,0.14054923512486214,0.4707438145193047,正面,正面,1.0,True
知识区,BV1zrGi6PE9B,【最后一课】2X2联表与独立性检验！,1054414,81616,6893,18820,2559,5701,2026年6月2日高中数学就这么突然的结束了真的很突然,,2026年6月2日高中数学就这么突然的结束了真的很突然,0,0,13,0,0,0.0,0.0,0.0,0.0,0.0,0.0,0.0,0.0,0,0,0,0,0,0,0,0,无明显情感,课程内容,未明确方面,中性,-1,0.567569202076709,0.567569202076709,0.2165969928821635,0.21583380504112748,负面,负面,-1.0,True
知识区,BV1zrGi6PE9B,【最后一课】2X2联表与独立性检验！,1054414,81616,6893,18820,2559,5701,最后一课！！！,,最后一课！！！,0,0,5,3,0,0.0,0.0,0.0,0.0,0.0,0.0,0.0,0.0,0,0,0,0,0,0,0,0,无明显情感,未明确对象,未明确方面,中性,0,0.5422058652212339,0.10262531719010141,0.5422058652212339,0.35516881758866464,中性,中性,0.0,True
知识区,BV1zrGi6PE9B,【最后一课】2X2联表与独立性检验！,1054414,81616,6893,18820,2559,5701,上岸上岸,,上岸上岸,0,0,2,0,0,0.0,0.0,0.0,0.0,0.0,0.0,0.0,0.0,0,0,0,0,0,0,0,0,无明显情感,未明确对象,未明确方面,中性,1,0.6586997962726762,0.07373946013494517,0.26756074359237864,0.6586997962726762,正面,正面,,False
知识区,BV1zrGi6PE9B,【最后一课】2X2联表与独立性检验！,1054414,81616,6893,18820,2559,5701,海珀塞西斯,,海珀塞西斯,0,0,3,0,0,0.0,0.0,0.0,0.0,0.0,0.0,0.0,0.0,0,0,0,0,0,0,0,0,无明显情感,未明确对象,未明确方面,中性,0,0.6491052548105614,0.15351490488364694,0.6491052548105614,0.1973798403057917,中性,中性,,False
知识区,BV1zrGi6PE9B,【最后一课】2X2联表与独立性检验！,1054414,81616,6893,18820,2559,5701,完结撒花 金榜题名,,完结撒花金榜题名,0,0,3,0,0,0.0,0.0,0.0,0.0,0.0,0.0,0.0,0.0,0,0,0,0,0,0,0,0,无明显情感,未明确对象,未明确方面,中性,1,0.8989806391489321,0.028910281260426083,0.07210907959064189,0.8989806391489321,正面,正面,,False
知识区,BV1zrGi6PE9B,【最后一课】2X2联表与独立性检验！,1054414,81616,6893,18820,2559,5701,想复刻爆款却不懂剪辑？数字产线帮你批量产出！,,想复刻爆款却不懂剪辑？数字产线帮你批量产出！,0,0,14,1,1,0.0,0.0,0.0,0.0,0.0,0.0,0.0,0.0,1,0,0,0,0,0,0,0,无明显情感,视频内容,视听体验,中性,0,0.7183124551939661,0.22660558165466724,0.7183124551939661,0.05508196315136664,中性,中性,0.0,True
知识区,BV1zrGi6PE9B,【最后一课】2X2联表与独立性检验！,1054414,81616,6893,18820,2559,5701,谢谢一数，好感动(ಥ_ಥ),,谢谢一数，好感动,2,0,5,0,0,2.0,2.0,0.0,2.0,0.4,2.0,2.0,0.0,0,0,1,0,0,0,0,1,对象评价+自身情绪,未明确对象,未明确方面,正面,1,0.9806386796499287,0.009860478540972965,0.009500841809098276,0.9806386796499287,正面,正面,,False
知识区,BV1zrGi6PE9B,【最后一课】2X2联表与独立性检验！,1054414,81616,6893,18820,2559,5701,再见了陪伴我三年的一数,,再见了陪伴我三年的一数,0,0,4,0,0,0.0,0.0,0.0,0.0,0.0,0.0,0.0,0.0,0,0,0,0,0,0,0,0,无明显情感,未明确对象,未明确方面,中性,-1,0.7167444104505573,0.7167444104505573,0.19937496880226604,0.08388062074717659,负面,负面,-1.0,True
知识区,BV1zrGi6PE9B,【最后一课】2X2联表与独立性检验！,1054414,81616,6893,18820,2559,5701,2027高考圆梦！！！,,2027高考圆梦！！！,0,0,6,3,0,0.0,0.0,0.0,0.0,0.0,0.0,0.0,0.0,0,0,0,0,0,0,0,0,无明显情感,未明确对象,未明确方面,中性,1,0.8315283293934723,0.03909066891510312,0.12938100169142458,0.8315283293934723,正面,正面,,False
知识区,BV1zrGi6PE9B,【最后一课】2X2联表与独立性检验！,1054414,81616,6893,18820,2559,5701,哈哈,,哈哈,1,0,1,0,0,1.0,1.0,0.0,1.0,1.0,1.0,1.0,0.0,0,0,1,0,0,0,0,1,对象评价+自身情绪,未明确对象,娱乐与趣味,正面,1,0.7566777142295701,0.046368999526017855,0.19695328624441205,0.7566777142295701,正面,正面,,False
知识区,BV1zrGi6PE9B,【最后一课】2X2联表与独立性检验！,1054414,81616,6893,18820,2559,5701,谢谢小猪,,谢谢小猪,1,0,2,0,0,1.0,1.0,0.0,1.0,0.5,1.0,1.0,0.0,0,0,0,0,0,0,0,1,对象评价,未明确对象,未明确方面,正面,1,0.9012080335797396,0.02357605769078741,0.07521590872947306,0.9012080335797396,正面,正面,,False
知识区,BV1zrGi6PE9B,【最后一课】2X2联表与独立性检验！,1054414,81616,6893,18820,2559,5701,高考数学必胜！！！,,高考数学必胜！！！,0,0,6,3,0,0.0,0.0,0.0,0.0,0.0,0.0,0.0,0.0,0,0,0,0,0,0,0,0,无明显情感,课程内容,未明确方面,中性,1,0.8268669884993537,0.08205267308552341,0.09108033841512278,0.8268669884993537,正面,正面,1.0,True
知识区,BV1zrGi6PE9B,【最后一课】2X2联表与独立性检验！,1054414,81616,6893,18820,2559,5701,感谢我的恩师,,感谢我的恩师,1,0,2,0,0,1.0,1.0,0.0,1.0,0.5,1.0,1.0,0.0,0,0,0,0,0,0,0,1,对象评价,未明确对象,未明确方面,正面,1,0.7774840666314796,0.054186425578025804,0.1683295077904945,0.7774840666314796,正面,正面,,False
知识区,BV1zrGi6PE9B,【最后一课】2X2联表与独立性检验！,1054414,81616,6893,18820,2559,5701,好突然的感觉www,,好突然的感觉www,0,0,4,0,0,0.0,0.0,0.0,0.0,0.0,0.0,0.0,0.0,0,0,0,0,0,0,0,0,无明显情感,未明确对象,未明确方面,中性,-1,0.8030408957059416,0.8030408957059416,0.046118440310771266,0.15084066398328708,负面,负面,,False
知识区,BV1zrGi6PE9B,【最后一课】2X2联表与独立性检验！,1054414,81616,6893,18820,2559,5701,今天周二，本周日高考,,今天周二，本周日高考,0,0,6,0,0,0.0,0.0,0.0,0.0,0.0,0.0,0.0,0.0,0,0,0,0,0,0,0,0,无明显情感,未明确对象,未明确方面,中性,1,0.5717544864869195,0.05496839566711559,0.37327711784596485,0.5717544864869195,正面,正面,,False
知识区,BV1zrGi6PE9B,【最后一课】2X2联表与独立性检验！,1054414,81616,6893,18820,2559,5701,还有五天高考了,,还有五天高考了,0,0,3,0,0,0.0,0.0,0.0,0.0,0.0,0.0,0.0,0.0,0,0,0,0,0,0,0,0,无明显情感,未明确对象,未明确方面,中性,0,0.5298334546878982,0.05244700419831744,0.5298334546878982,0.41771954111378434,中性,中性,,False
知识区,BV1zrGi6PE9B,【最后一课】2X2联表与独立性检验！,1054414,81616,6893,18820,2559,5701,祝我高考总分500+数学100+,,祝我高考总分500数学100,0,0,6,0,0,0.0,0.0,0.0,0.0,0.0,0.0,0.0,0.0,0,0,0,0,0,0,0,0,无明显情感,课程内容,未明确方面,中性,1,0.6009703365796786,0.18211323039911534,0.2169164330212061,0.6009703365796786,正面,正面,1.0,True
知识区,BV1zrGi6PE9B,【最后一课】2X2联表与独立性检验！,1054414,81616,6893,18820,2559,5701,祝我高考顺利,,祝我高考顺利,1,0,3,0,0,1.0,1.0,0.0,1.0,0.3333333333333333,1.0,1.0,0.0,0,0,0,0,0,0,0,1,对象评价,未明确对象,未明确方面,正面,1,0.9429707343862579,0.022372102897497977,0.03465716271624406,0.9429707343862579,正面,正面,1.0,True
知识区,BV1zrGi6PE9B,【最后一课】2X2联表与独立性检验！,1054414,81616,6893,18820,2559,5701,2025高考700卡方,,2025高考700卡方,0,0,4,0,0,0.0,0.0,0.0,0.0,0.0,0.0,0.0,0.0,0,0,0,0,0,0,0,0,无明显情感,未明确对象,未明确方面,中性,1,0.6240581622340965,0.0630357919102908,0.31290604585561277,0.6240581622340965,正面,正面,1.0,True
知识区,BV1zrGi6PE9B,【最后一课】2X2联表与独立性检验！,1054414,81616,6893,18820,2559,5701,还有5天,,还有5天,0,0,3,0,0,0.0,0.0,0.0,0.0,0.0,0.0,0.0,0.0,0,0,0,0,0,0,0,0,无明显情感,未明确对象,未明确方面,中性,0,0.7592244791459583,0.06221954235181379,0.7592244791459583,0.17855597850222796,中性,中性,,False
知识区,BV1zrGi6PE9B,【最后一课】2X2联表与独立性检验！,1054414,81616,6893,18820,2559,5701,yeah,,yeah,0,0,1,0,0,0.0,0.0,0.0,0.0,0.0,0.0,0.0,0.0,0,0,0,0,0,0,0,0,无明显情感,未明确对象,未明确方面,中性,0,0.6613337795964743,0.14035796080361848,0.6613337795964743,0.19830825959990717,中性,中性,,False
知识区,BV1zrGi6PE9B,【最后一课】2X2联表与独立性检验！,1054414,81616,6893,18820,2559,5701,直接撒花,,直接撒花,0,0,2,0,0,0.0,0.0,0.0,0.0,0.0,0.0,0.0,0.0,0,0,0,0,0,0,0,0,无明显情感,未明确对象,未明确方面,中性,0,0.539041005570912,0.08448319385306244,0.539041005570912,0.3764758005760256,中性,中性,,False
知识区,BV1zrGi6PE9B,【最后一课】2X2联表与独立性检验！,1054414,81616,6893,18820,2559,5701,one last kiss,,onelastkiss,0,0,1,0,0,0.0,0.0,0.0,0.0,0.0,0.0,0.0,0.0,0,0,0,0,0,0,0,0,无明显情感,未明确对象,未明确方面,中性,1,0.5992061985200241,0.102169182519619,0.2986246189603569,0.5992061985200241,正面,正面,1.0,True
知识区,BV1zrGi6PE9B,【最后一课】2X2联表与独立性检验！,1054414,81616,6893,18820,2559,5701,感谢,,感谢,1,0,1,0,0,1.0,1.0,0.0,1.0,1.0,1.0,1.0,0.0,0,0,0,0,0,0,0,1,对象评价,未明确对象,未明确方面,正面,1,0.9235609118422967,0.045270820030073024,0.03116826812763021,0.9235609118422967,正面,正面,,False
知识区,BV1zrGi6PE9B,【最后一课】2X2联表与独立性检验！,1054414,81616,6893,18820,2559,5701,2026年6月2日1：50我通关了高中数学！,,2026年6月2日150我通关了高中数学！,0,0,10,1,0,0.0,0.0,0.0,0.0,0.0,0.0,0.0,0.0,0,0,0,0,0,0,0,0,无明显情感,课程内容,未明确方面,中性,1,0.6127569202353267,0.16738864689800337,0.2198544328666699,0.6127569202353267,正面,正面,1.0,True
知识区,BV1zrGi6PE9B,【最后一课】2X2联表与独立性检验！,1054414,81616,6893,18820,2559,5701,还有一年,,还有一年,0,0,2,0,0,0.0,0.0,0.0,0.0,0.0,0.0,0.0,0.0,0,0,0,0,0,0,0,0,无明显情感,未明确对象,未明确方面,中性,0,0.7518349480446168,0.07711654825091702,0.7518349480446168,0.17104850370446617,中性,中性,,False
知识区,BV1zrGi6PE9B,【最后一课】2X2联表与独立性检验！,1054414,81616,6893,18820,2559,5701,愿2027高考顺利金榜题名！！！,,愿2027高考顺利金榜题名！！！,1,0,8,3,0,1.0,1.0,0.0,1.0,0.125,1.0,1.0,0.0,0,0,0,0,0,0,0,1,对象评价,未明确对象,未明确方面,正面,1,0.9880445342015584,0.004637173642882636,0.007318292155559041,0.9880445342015584,正面,正面,,False
知识区,BV1zrGi6PE9B,【最后一课】2X2联表与独立性检验！,1054414,81616,6893,18820,2559,5701,完结撒花 高考上岸！！,,完结撒花高考上岸！！,0,0,6,2,0,0.0,0.0,0.0,0.0,0.0,0.0,0.0,0.0,0,0,0,0,0,0,0,0,无明显情感,未明确对象,未明确方面,中性,1,0.9782387609330954,0.005681597734913525,0.01607964133199107,0.9782387609330954,正面,正面,,False
知识区,BV1zrGi6PE9B,【最后一课】2X2联表与独立性检验！,1054414,81616,6893,18820,2559,5701,相见时难别亦难,,相见时难别亦难,0,0,4,0,0,0.0,0.0,0.0,0.0,0.0,0.0,0.0,0.0,0,0,0,0,0,0,0,0,无明显情感,未明确对象,理解与难度,中性,0,0.64272756377712,0.16046188428263725,0.64272756377712,0.19681055194024275,中性,中性,,False
知识区,BV1zrGi6PE9B,【最后一课】2X2联表与独立性检验！,1054414,81616,6893,18820,2559,5701,2027西南大学！,,2027西南大学！,0,0,4,1,0,0.0,0.0,0.0,0.0,0.0,0.0,0.0,0.0,0,0,0,0,0,0,0,0,无明显情感,未明确对象,未明确方面,中性,1,0.7529129167962227,0.016397802289625975,0.2306892809141513,0.7529129167962227,正面,正面,,False
知识区,BV1zrGi6PE9B,【最后一课】2X2联表与独立性检验！,1054414,81616,6893,18820,2559,5701,2027高考上岸！！！！！,,2027高考上岸！！！！！,0,0,8,5,0,0.0,0.0,0.0,0.0,0.0,0.0,0.0,0.0,0,0,0,0,0,0,0,0,无明显情感,未明确对象,未明确方面,中性,1,0.8563284511193442,0.039718891093661474,0.10395265778699425,0.8563284511193442,正面,正面,,False
知识区,BV1zrGi6PE9B,【最后一课】2X2联表与独立性检验！,1054414,81616,6893,18820,2559,5701,懵壁了思密达,,懵壁了思密达,0,0,2,0,0,0.0,0.0,0.0,0.0,0.0,0.0,0.0,0.0,0,0,0,0,0,0,0,0,无明显情感,未明确对象,未明确方面,中性,-1,0.6198777139029181,0.6198777139029181,0.25517051876696983,0.12495176733011205,负面,负面,,False
知识区,BV1zrGi6PE9B,【最后一课】2X2联表与独立性检验！,1054414,81616,6893,18820,2559,5701,2027高考500+,,2027高考500,0,0,3,0,0,0.0,0.0,0.0,0.0,0.0,0.0,0.0,0.0,0,0,0,0,0,0,0,0,无明显情感,未明确对象,未明确方面,中性,1,0.6681266179641312,0.05707402950487487,0.27479935253099386,0.6681266179641312,正面,正面,,False
知识区,BV1zrGi6PE9B,【最后一课】2X2联表与独立性检验！,1054414,81616,6893,18820,2559,5701,2026年6月1日23时26通关高中数学,,2026年6月1日23时26通关高中数学,0,0,11,0,0,0.0,0.0,0.0,0.0,0.0,0.0,0.0,0.0,0,0,0,0,0,0,0,0,无明显情感,课程内容,未明确方面,中性,1,0.6024263978766318,0.12151548309816113,0.2760581190252071,0.6024263978766318,正面,正面,1.0,True
知识区,BV1zrGi6PE9B,【最后一课】2X2联表与独立性检验！,1054414,81616,6893,18820,2559,5701,2026年6月1日通关高中数学,,2026年6月1日通关高中数学,0,0,8,0,0,0.0,0.0,0.0,0.0,0.0,0.0,0.0,0.0,0,0,0,0,0,0,0,0,无明显情感,课程内容,未明确方面,中性,1,0.5520211988650037,0.13086692745224313,0.31711187368275323,0.5520211988650037,正面,正面,1.0,True
知识区,BV1zrGi6PE9B,【最后一课】2X2联表与独立性检验！,1054414,81616,6893,18820,2559,5701,到此为止，高中数学全部结束,,到此为止，高中数学全部结束,0,0,5,0,0,0.0,0.0,0.0,0.0,0.0,0.0,0.0,0.0,0,0,0,0,0,0,0,0,无明显情感,课程内容,未明确方面,中性,0,0.4553068804397398,0.24670866373699213,0.4553068804397398,0.29798445582326805,中性,中性,0.0,True
知识区,BV1zrGi6PE9B,【最后一课】2X2联表与独立性检验！,1054414,81616,6893,18820,2559,5701,没几天了兄弟，看完了早点睡吧，好好休息,,没几天了兄弟，看完了早点睡吧，好好休息,0,1,11,0,0,-1.0,0.0,1.0,1.0,0.09090909090909091,-1.0,0.0,1.0,0,0,0,0,0,0,0,1,对象评价,未明确对象,未明确方面,负面,-1,0.7010497391729098,0.7010497391729098,0.15466920689562524,0.14428105393146504,负面,正面,1.0,True
知识区,BV1zrGi6PE9B,【最后一课】2X2联表与独立性检验！,1054414,81616,6893,18820,2559,5701,中国政法大学,,中国政法大学,0,0,1,0,0,0.0,0.0,0.0,0.0,0.0,0.0,0.0,0.0,0,0,0,0,0,0,0,0,无明显情感,未明确对象,未明确方面,中性,0,0.6031187808416515,0.08598199451739685,0.6031187808416515,0.3108992246409517,中性,中性,,False
知识区,BV1zrGi6PE9B,【最后一课】2X2联表与独立性检验！,1054414,81616,6893,18820,2559,5701,我们终于来到一个句号,,我们终于来到一个句号,0,0,4,0,0,0.0,0.0,0.0,0.0,0.0,0.0,0.0,0.0,0,0,0,0,0,0,0,0,无明显情感,未明确对象,未明确方面,中性,1,0.6850565209287366,0.09712891076330525,0.217814568307958,0.6850565209287366,正面,正面,1.0,True
知识区,BV1zrGi6PE9B,【最后一课】2X2联表与独立性检验！,1054414,81616,6893,18820,2559,5701,！,,！,0,0,1,1,0,0.0,0.0,0.0,0.0,0.0,0.0,0.0,0.0,0,0,0,0,0,0,0,0,无明显情感,未明确对象,未明确方面,中性,1,0.641331716970688,0.032532312248901754,0.3261359707804102,0.641331716970688,正面,正面,,False
知识区,BV1zrGi6PE9B,【最后一课】2X2联表与独立性检验！,1054414,81616,6893,18820,2559,5701,完结了，那就2026高考666吧,,完结了，那就2026高考666吧,1,0,6,0,0,1.0,1.0,0.0,1.0,0.16666666666666666,1.0,1.0,0.0,0,0,0,0,0,0,0,1,对象评价,未明确对象,未明确方面,正面,1,0.96228867660862,0.01970118364584032,0.018010139745539656,0.96228867660862,正面,正面,,False
知识区,BV1zrGi6PE9B,【最后一课】2X2联表与独立性检验！,1054414,81616,6893,18820,2559,5701,5月31日，世界无烟日,,5月31日，世界无烟日,0,0,7,0,0,0.0,0.0,0.0,0.0,0.0,0.0,0.0,0.0,0,0,0,0,0,0,0,0,无明显情感,未明确对象,未明确方面,中性,0,0.7218152609080499,0.11665353166143631,0.7218152609080499,0.16153120743051377,中性,中性,,False
知识区,BV1zrGi6PE9B,【最后一课】2X2联表与独立性检验！,1054414,81616,6893,18820,2559,5701,排中律,,排中律,0,0,1,0,0,0.0,0.0,0.0,0.0,0.0,0.0,0.0,0.0,0,0,0,0,0,0,0,0,无明显情感,未明确对象,未明确方面,中性,0,0.6613337795964743,0.14035796080361848,0.6613337795964743,0.19830825959990717,中性,中性,,False
知识区,BV1zrGi6PE9B,【最后一课】2X2联表与独立性检验！,1054414,81616,6893,18820,2559,5701,姜维：我tm来治魏延,,姜维我tm来治魏延,0,0,4,0,0,0.0,0.0,0.0,0.0,0.0,0.0,0.0,0.0,0,0,0,0,0,0,0,0,无明显情感,未明确对象,未明确方面,中性,0,0.6525592820077704,0.1614254435717357,0.6525592820077704,0.18601527442049393,中性,中性,0.0,True
知识区,BV1zrGi6PE9B,【最后一课】2X2联表与独立性检验！,1054414,81616,6893,18820,2559,5701,魏延,,魏延,0,0,1,0,0,0.0,0.0,0.0,0.0,0.0,0.0,0.0,0.0,0,0,0,0,0,0,0,0,无明显情感,未明确对象,未明确方面,中性,0,0.6613337795964743,0.14035796080361848,0.6613337795964743,0.19830825959990717,中性,中性,,False
知识区,BV1zrGi6PE9B,【最后一课】2X2联表与独立性检验！,1054414,81616,6893,18820,2559,5701,星星之火，可以燎原,,星星之火，可以燎原,1,0,4,0,0,1.0,1.0,0.0,1.0,0.25,1.0,1.0,0.0,0,0,0,0,0,0,0,1,对象评价,未明确对象,未明确方面,正面,1,0.4890014619809264,0.3721145545121663,0.13888398350690717,0.4890014619809264,正面,正面,1.0,True
知识区,BV1zrGi6PE9B,【最后一课】2X2联表与独立性检验！,1054414,81616,6893,18820,2559,5701,星星之火 可以燎原,,星星之火可以燎原,1,0,3,0,0,1.0,1.0,0.0,1.0,0.3333333333333333,1.0,1.0,0.0,0,0,0,0,0,0,0,1,对象评价,未明确对象,未明确方面,正面,0,0.569334657242516,0.24619713973606142,0.569334657242516,0.18446820302142264,中性,正面,1.0,True
知识区,BV1zrGi6PE9B,【最后一课】2X2联表与独立性检验！,1054414,81616,6893,18820,2559,5701,春风若有怜花意，可否许我再少年,,春风若有怜花意，可否许我再少年,0,0,8,0,0,0.0,0.0,0.0,0.0,0.0,0.0,0.0,0.0,0,0,0,0,0,0,0,0,无明显情感,未明确对象,未明确方面,中性,-1,0.7717532217217964,0.7717532217217964,0.13921872057444437,0.08902805770375921,负面,负面,-1.0,True
知识区,BV1zrGi6PE9B,【最后一课】2X2联表与独立性检验！,1054414,81616,6893,18820,2559,5701,好美的封面 愿我们都走花路 走人生的康庄大道,,好美的封面愿我们都走花路走人生的康庄大道,1,0,11,0,0,1.0,1.0,0.0,1.0,0.09090909090909091,1.0,1.0,0.0,0,0,0,0,0,0,0,1,对象评价,未明确对象,未明确方面,正面,1,0.9049671964885422,0.03606959586175893,0.0589632076496988,0.9049671964885422,正面,正面,,False
知识区,BV1zrGi6PE9B,【最后一课】2X2联表与独立性检验！,1054414,81616,6893,18820,2559,5701,花有重开日，人无再少年,,花有重开日，人无再少年,0,0,8,0,0,0.0,0.0,0.0,0.0,0.0,0.0,0.0,0.0,0,0,0,0,0,0,0,0,无明显情感,未明确对象,未明确方面,中性,0,0.5036410785768503,0.26499926077450286,0.5036410785768503,0.23135966064864702,中性,中性,,False
知识区,BV1zrGi6PE9B,【最后一课】2X2联表与独立性检验！,1054414,81616,6893,18820,2559,5701,高三顺利！,,高三顺利！,1,0,3,1,0,1.0,1.0,0.0,1.0,0.3333333333333333,1.0,1.0,0.0,0,0,0,0,0,0,0,1,对象评价,未明确对象,未明确方面,正面,1,0.8899299492317487,0.045912012386392774,0.06415803838185848,0.8899299492317487,正面,正面,1.0,True
知识区,BV1zrGi6PE9B,【最后一课】2X2联表与独立性检验！,1054414,81616,6893,18820,2559,5701,我看到了花团锦簇的未来 祝好！,,我看到了花团锦簇的未来祝好！,0,0,5,1,0,0.0,0.0,0.0,0.0,0.0,0.0,0.0,0.0,0,0,0,0,0,0,0,0,无明显情感,未明确对象,未明确方面,中性,0,0.707954904375461,0.07147976610079991,0.707954904375461,0.2205653295237391,中性,中性,,False
知识区,BV1zrGi6PE9B,【最后一课】2X2联表与独立性检验！,1054414,81616,6893,18820,2559,5701,光是遇见 就很美好,,光是遇见就很美好,1,0,5,0,0,1.5,1.5,0.0,1.5,0.2,1.5,1.5,0.0,0,0,0,0,0,0,0,1,对象评价,未明确对象,未明确方面,正面,1,0.7227468855280207,0.14671296875656664,0.13054014571541267,0.7227468855280207,正面,正面,1.0,True
知识区,BV1zrGi6PE9B,【最后一课】2X2联表与独立性检验！,1054414,81616,6893,18820,2559,5701,one last kiss绝杀,,onelastkiss绝杀,0,0,2,0,0,0.0,0.0,0.0,0.0,0.0,0.0,0.0,0.0,0,0,0,0,0,0,0,0,无明显情感,未明确对象,未明确方面,中性,1,0.5975011936663498,0.10679677845534474,0.2957020278783054,0.5975011936663498,正面,正面,1.0,True
知识区,BV1zrGi6PE9B,【最后一课】2X2联表与独立性检验！,1054414,81616,6893,18820,2559,5701,肯定是乙药，因为假药没效果,,肯定是乙药，因为假药没效果,1,1,7,0,0,0.0,1.0,1.0,0.0,0.2857142857142857,0.0,1.0,1.0,0,1,0,0,0,0,0,1,对象评价,未明确对象,未明确方面,混合,0,0.7992202199405921,0.11967183525178209,0.7992202199405921,0.08110794480762575,中性,中性,0.0,True
知识区,BV1zrGi6PE9B,【最后一课】2X2联表与独立性检验！,1054414,81616,6893,18820,2559,5701,6.1 10点49分,,6.110点49分,0,0,4,0,0,0.0,0.0,0.0,0.0,0.0,0.0,0.0,0.0,0,0,0,0,0,0,0,0,无明显情感,未明确对象,未明确方面,中性,0,0.5183245365857895,0.14196492353826828,0.5183245365857895,0.33971053987594224,中性,中性,,False
知识区,BV1zrGi6PE9B,【最后一课】2X2联表与独立性检验！,1054414,81616,6893,18820,2559,5701,感谢陪伴，祝好,,感谢陪伴，祝好,1,0,4,0,0,1.0,1.0,0.0,1.0,0.25,1.0,1.0,0.0,0,0,0,0,0,0,0,1,对象评价,未明确对象,未明确方面,正面,1,0.8698992311319171,0.07772086851742353,0.05237990035065928,0.8698992311319171,正面,正面,,False
知识区,BV1zrGi6PE9B,【最后一课】2X2联表与独立性检验！,1054414,81616,6893,18820,2559,5701,当一个故事快要结束的时候，我们总会想起它的开始,,当一个故事快要结束的时候，我们总会想起它的开始,0,0,10,0,0,0.0,0.0,0.0,0.0,0.0,0.0,0.0,0.0,0,0,0,0,0,0,0,0,无明显情感,未明确对象,未明确方面,中性,0,0.7496685969867154,0.08785073994053728,0.7496685969867154,0.16248066307274744,中性,中性,,False
知识区,BV1zrGi6PE9B,【最后一课】2X2联表与独立性检验！,1054414,81616,6893,18820,2559,5701,完结撒花了,,完结撒花了,0,0,2,0,0,0.0,0.0,0.0,0.0,0.0,0.0,0.0,0.0,0,0,0,0,0,0,0,0,无明显情感,未明确对象,未明确方面,中性,1,0.8482794367544031,0.047464767253069265,0.10425579599252761,0.8482794367544031,正面,正面,,False
知识区,BV1zrGi6PE9B,【最后一课】2X2联表与独立性检验！,1054414,81616,6893,18820,2559,5701,完结撒花花！感谢陪伴>ᴗoಣ,,完结撒花花！感谢陪伴o,1,0,7,1,0,1.0,1.0,0.0,1.0,0.14285714285714285,1.0,1.0,0.0,0,0,0,0,0,0,0,1,对象评价,未明确对象,未明确方面,正面,1,0.9865073081450982,0.003941686323088419,0.009551005531813414,0.9865073081450982,正面,正面,,False
知识区,BV1zrGi6PE9B,【最后一课】2X2联表与独立性检验！,1054414,81616,6893,18820,2559,5701,世纪大合照,,世纪大合照,0,0,3,0,0,0.0,0.0,0.0,0.0,0.0,0.0,0.0,0.0,0,0,0,0,0,0,0,0,无明显情感,未明确对象,未明确方面,中性,0,0.7494992432245587,0.10257296911015717,0.7494992432245587,0.14792778766528403,中性,中性,,False
知识区,BV1zrGi6PE9B,【最后一课】2X2联表与独立性检验！,1054414,81616,6893,18820,2559,5701,^v^ -_-,,v,0,0,1,0,0,0.0,0.0,0.0,0.0,0.0,0.0,0.0,0.0,0,0,0,0,0,0,0,0,无明显情感,未明确对象,未明确方面,中性,0,0.6613337795964743,0.14035796080361848,0.6613337795964743,0.19830825959990717,中性,中性,,False
知识区,BV1zrGi6PE9B,【最后一课】2X2联表与独立性检验！,1054414,81616,6893,18820,2559,5701,刺眼说是,,刺眼说是,0,0,2,0,0,0.0,0.0,0.0,0.0,0.0,0.0,0.0,0.0,0,0,0,0,0,0,0,0,无明显情感,未明确对象,未明确方面,中性,0,0.5132975513910711,0.34607199198710625,0.5132975513910711,0.14063045662182252,中性,中性,,False
知识区,BV1zrGi6PE9B,【最后一课】2X2联表与独立性检验！,1054414,81616,6893,18820,2559,5701,27高考加油,,27高考加油,1,0,3,0,0,1.0,1.0,0.0,1.0,0.3333333333333333,1.0,1.0,0.0,0,0,0,0,0,0,0,1,对象评价,未明确对象,未明确方面,正面,1,0.9519518688363598,0.007230132099311783,0.04081799906432843,0.9519518688363598,正面,正面,,False
知识区,BV1zrGi6PE9B,【最后一课】2X2联表与独立性检验！,1054414,81616,6893,18820,2559,5701,2026年6月1号,,2026年6月1号,0,0,6,0,0,0.0,0.0,0.0,0.0,0.0,0.0,0.0,0.0,0,0,0,0,0,0,0,0,无明显情感,未明确对象,未明确方面,中性,0,0.5570045619166758,0.1619430986952194,0.5570045619166758,0.2810523393881049,中性,中性,,False
知识区,BV1zrGi6PE9B,【最后一课】2X2联表与独立性检验！,1054414,81616,6893,18820,2559,5701,完结撒花，wwww还真有点舍不得,,完结撒花，wwww还真有点舍不得,0,0,7,0,0,0.0,0.0,0.0,0.0,0.0,0.0,0.0,0.0,0,0,0,0,0,0,0,0,无明显情感,未明确对象,未明确方面,中性,1,0.7822776960413783,0.10572480392201154,0.11199750003661012,0.7822776960413783,正面,正面,,False
知识区,BV1zrGi6PE9B,【最后一课】2X2联表与独立性检验！,1054414,81616,6893,18820,2559,5701,完结撒花 高考加油！,,完结撒花高考加油！,1,0,5,1,0,1.0,1.0,0.0,1.0,0.2,1.0,1.0,0.0,0,0,0,0,0,0,0,1,对象评价,未明确对象,未明确方面,正面,1,0.9947039567548788,0.0008185236434836678,0.004477519601637639,0.9947039567548788,正面,正面,,False
知识区,BV1zrGi6PE9B,【最后一课】2X2联表与独立性检验！,1054414,81616,6893,18820,2559,5701,二手烟,,二手烟,0,0,1,0,0,0.0,0.0,0.0,0.0,0.0,0.0,0.0,0.0,0,0,0,0,0,0,0,0,无明显情感,未明确对象,未明确方面,中性,0,0.6613337795964743,0.14035796080361848,0.6613337795964743,0.19830825959990717,中性,中性,,False
知识区,BV1zrGi6PE9B,【最后一课】2X2联表与独立性检验！,1054414,81616,6893,18820,2559,5701,最后一课了，我不是才刚看第一课吗,,最后一课了，我不是才刚看第一课吗,0,0,7,0,0,0.0,0.0,0.0,0.0,0.0,0.0,0.0,0.0,0,0,0,0,0,0,0,0,无明显情感,未明确对象,未明确方面,中性,0,0.6896179320236046,0.24065004597278664,0.6896179320236046,0.06973202200360885,中性,中性,,False
知识区,BV1zrGi6PE9B,【最后一课】2X2联表与独立性检验！,1054414,81616,6893,18820,2559,5701,愿此行，终抵群星！,,愿此行，终抵群星！,0,0,6,1,0,0.0,0.0,0.0,0.0,0.0,0.0,0.0,0.0,0,0,0,0,0,0,0,0,无明显情感,未明确对象,未明确方面,中性,1,0.7303792275268335,0.09441570970196526,0.17520506277120135,0.7303792275268335,正面,正面,,False
知识区,BV1zrGi6PE9B,【最后一课】2X2联表与独立性检验！,1054414,81616,6893,18820,2559,5701,肯定乙药好啊，甲药谁敢吃啊,,肯定乙药好啊，甲药谁敢吃啊,1,0,8,0,0,1.0,1.0,0.0,1.0,0.125,1.0,1.0,0.0,0,0,0,0,0,0,0,1,对象评价,未明确对象,未明确方面,正面,-1,0.42326498145409813,0.42326498145409813,0.17776376871828362,0.39897124982761834,负面,正面,1.0,True
知识区,BV1zrGi6PE9B,【最后一课】2X2联表与独立性检验！,1054414,81616,6893,18820,2559,5701,完结撒花。,,完结撒花。,0,0,3,0,0,0.0,0.0,0.0,0.0,0.0,0.0,0.0,0.0,0,0,0,0,0,0,0,0,无明显情感,未明确对象,未明确方面,中性,1,0.855040778979309,0.030753451405334885,0.11420576961535606,0.855040778979309,正面,正面,,False
知识区,BV1zrGi6PE9B,【最后一课】2X2联表与独立性检验！,1054414,81616,6893,18820,2559,5701,27高考加油 汕大等我！！！,,27高考加油汕大等我！！！,1,0,8,3,0,1.0,1.0,0.0,1.0,0.125,1.0,1.0,0.0,0,0,0,0,0,0,0,1,对象评价,未明确对象,未明确方面,正面,1,0.9757623531248377,0.005386323873371737,0.018851323001790522,0.9757623531248377,正面,正面,,False
知识区,BV1zrGi6PE9B,【最后一课】2X2联表与独立性检验！,1054414,81616,6893,18820,2559,5701,加油，完结撒花，我会努力的，我想拥有比不努力好的生活，我想成为我希望成为的人，谢谢老师,,加油，完结撒花，我会努力的，我想拥有比不努力好的生活，我想成为我希望成为的人，谢谢老师,2,0,24,0,0,2.0,2.0,0.0,2.0,0.08333333333333333,2.0,2.0,0.0,0,0,0,0,0,0,0,1,对象评价,讲解者,未明确方面,正面,1,0.9937298836494581,0.004036925162660377,0.0022331911878814,0.9937298836494581,正面,正面,,False
知识区,BV1zrGi6PE9B,【最后一课】2X2联表与独立性检验！,1054414,81616,6893,18820,2559,5701,26年高考加油吧我想上大学,,26年高考加油吧我想上大学,1,0,7,0,0,1.0,1.0,0.0,1.0,0.14285714285714285,1.0,1.0,0.0,0,0,0,0,0,0,0,1,对象评价,未明确对象,未明确方面,正面,1,0.9509375065509924,0.006665307569118443,0.042397185879889235,0.9509375065509924,正面,正面,,False
知识区,BV1zrGi6PE9B,【最后一课】2X2联表与独立性检验！,1054414,81616,6893,18820,2559,5701,2026高考大捷！！！,,2026高考大捷！！！,0,0,6,3,0,0.0,0.0,0.0,0.0,0.0,0.0,0.0,0.0,0,0,0,0,0,0,0,0,无明显情感,未明确对象,未明确方面,中性,1,0.8213161122174748,0.053718171604942994,0.12496571617758231,0.8213161122174748,正面,正面,,False
知识区,BV1zrGi6PE9B,【最后一课】2X2联表与独立性检验！,1054414,81616,6893,18820,2559,5701,6月1号当天看的爱你爱你,,6月1号当天看的爱你爱你,0,0,8,0,0,0.0,0.0,0.0,0.0,0.0,0.0,0.0,0.0,0,0,0,0,0,0,0,0,无明显情感,未明确对象,未明确方面,中性,1,0.5439616165441077,0.195099824569865,0.2609385588860274,0.5439616165441077,正面,正面,1.0,True
知识区,BV1zrGi6PE9B,【最后一课】2X2联表与独立性检验！,1054414,81616,6893,18820,2559,5701,6，1来,,6，1来,0,0,4,0,0,0.0,0.0,0.0,0.0,0.0,0.0,0.0,0.0,0,0,0,0,0,0,0,0,无明显情感,未明确对象,未明确方面,中性,0,0.650634042804068,0.18478851475819796,0.650634042804068,0.16457744243773412,中性,中性,,False
知识区,BV1zrGi6PE9B,【最后一课】2X2联表与独立性检验！,1054414,81616,6893,18820,2559,5701,高考加油自己,,高考加油自己,1,0,3,0,0,1.0,1.0,0.0,1.0,0.3333333333333333,1.0,1.0,0.0,0,0,0,0,0,0,0,1,对象评价,未明确对象,未明确方面,正面,1,0.9114048793740764,0.00620110643685039,0.08239401418907306,0.9114048793740764,正面,正面,,False
知识区,BV1zrGi6PE9B,【最后一课】2X2联表与独立性检验！,1054414,81616,6893,18820,2559,5701,6.1,,6.1,0,0,1,0,0,0.0,0.0,0.0,0.0,0.0,0.0,0.0,0.0,0,0,0,0,0,0,0,0,无明显情感,未明确对象,未明确方面,中性,0,0.6613337795964743,0.14035796080361848,0.6613337795964743,0.19830825959990717,中性,中性,,False
知识区,BV1zrGi6PE9B,【最后一课】2X2联表与独立性检验！,1054414,81616,6893,18820,2559,5701,完结撒花完结撒花完结撒花完结撒花完结撒花完结撒花完结撒花完结撒花完结撒花,,完结撒花完结撒花完结撒花完结撒花完结撒花完结撒花完结撒花完结撒花完结撒花,0,0,18,0,0,0.0,0.0,0.0,0.0,0.0,0.0,0.0,0.0,0,0,0,0,0,0,0,0,无明显情感,未明确对象,未明确方面,中性,1,0.8375034107348285,0.06427903364552412,0.09821755561964741,0.8375034107348285,正面,正面,,False
知识区,BV1zrGi6PE9B,【最后一课】2X2联表与独立性检验！,1054414,81616,6893,18820,2559,5701,完结撒花完结撒花完结撒花完结撒花完结撒花完结撒花完结撒花完结撒花完结撒花完结撒花完结撒花完结撒花完结撒花完结撒花,,完结撒花完结撒花完结撒花完结撒花完结撒花完结撒花完结撒花完结撒花完结撒花完结撒花完结撒花完结撒花完结撒花完结撒花,0,0,28,0,0,0.0,0.0,0.0,0.0,0.0,0.0,0.0,0.0,0,0,0,0,0,0,0,0,无明显情感,未明确对象,未明确方面,中性,1,0.8114622617456327,0.09979496278839076,0.08874277546597656,0.8114622617456327,正面,正面,,False
知识区,BV1zrGi6PE9B,【最后一课】2X2联表与独立性检验！,1054414,81616,6893,18820,2559,5701,加油！580^O^,,加油！580O,1,0,3,1,0,1.0,1.0,0.0,1.0,0.3333333333333333,1.0,1.0,0.0,0,0,0,0,0,0,0,1,对象评价,未明确对象,未明确方面,正面,1,0.9622621969392521,0.007274247496375664,0.03046355556437233,0.9622621969392521,正面,正面,,False
知识区,BV1zrGi6PE9B,【最后一课】2X2联表与独立性检验！,1054414,81616,6893,18820,2559,5701,祝我和饱饱高考顺利！,,祝我和饱饱高考顺利！,1,0,5,1,0,1.0,1.0,0.0,1.0,0.2,1.0,1.0,0.0,0,0,0,0,0,0,0,1,对象评价,未明确对象,未明确方面,正面,1,0.9514884602255786,0.011228474157380125,0.03728306561704123,0.9514884602255786,正面,正面,,False
知识区,BV1zrGi6PE9B,【最后一课】2X2联表与独立性检验！,1054414,81616,6893,18820,2559,5701,加油各位 高考还有370天,,加油各位高考还有370天,1,0,6,0,0,1.0,1.0,0.0,1.0,0.16666666666666666,1.0,1.0,0.0,0,0,0,0,0,0,0,1,对象评价,未明确对象,未明确方面,正面,1,0.8515606441229534,0.011308437954772972,0.13713091792227364,0.8515606441229534,正面,正面,,False
知识区,BV1zrGi6PE9B,【最后一课】2X2联表与独立性检验！,1054414,81616,6893,18820,2559,5701,最后一节新课 打卡打卡 高考还剩370天,,最后一节新课打卡打卡高考还剩370天,0,0,10,0,0,0.0,0.0,0.0,0.0,0.0,0.0,0.0,0.0,0,0,0,0,0,0,0,0,无明显情感,未明确对象,未明确方面,中性,0,0.6941682359909578,0.03630151593125253,0.6941682359909578,0.2695302480777897,中性,中性,,False
知识区,BV1zrGi6PE9B,【最后一课】2X2联表与独立性检验！,1054414,81616,6893,18820,2559,5701,高考加油！！！,,高考加油！！！,1,0,5,3,0,1.0,1.0,0.0,1.0,0.2,1.0,1.0,0.0,0,0,0,0,0,0,0,1,对象评价,未明确对象,未明确方面,正面,1,0.9762084397061167,0.009254084086462434,0.014537476207420835,0.9762084397061167,正面,正面,,False
知识区,BV1zrGi6PE9B,【最后一课】2X2联表与独立性检验！,1054414,81616,6893,18820,2559,5701,高考加油！南京大学！,,高考加油！南京大学！,1,0,5,2,0,1.0,1.0,0.0,1.0,0.2,1.0,1.0,0.0,0,0,0,0,0,0,0,1,对象评价,未明确对象,未明确方面,正面,1,0.9893146355439085,0.0008243803606070891,0.00986098409548439,0.9893146355439085,正面,正面,,False
知识区,BV1zrGi6PE9B,【最后一课】2X2联表与独立性检验！,1054414,81616,6893,18820,2559,5701,我爱老师,,我爱老师,0,0,2,0,0,0.0,0.0,0.0,0.0,0.0,0.0,0.0,0.0,0,0,0,0,0,0,0,0,无明显情感,讲解者,未明确方面,中性,1,0.5750096752479517,0.07580583403571442,0.3491844907163339,0.5750096752479517,正面,正面,,False
知识区,BV1zrGi6PE9B,【最后一课】2X2联表与独立性检验！,1054414,81616,6893,18820,2559,5701,妈,,妈,0,0,1,0,0,0.0,0.0,0.0,0.0,0.0,0.0,0.0,0.0,0,0,0,0,0,0,0,0,无明显情感,未明确对象,未明确方面,中性,0,0.6613337795964743,0.14035796080361848,0.6613337795964743,0.19830825959990717,中性,中性,,False
知识区,BV1zrGi6PE9B,【最后一课】2X2联表与独立性检验！,1054414,81616,6893,18820,2559,5701,完结撒花！！！！！！！,,完结撒花！！！！！！！,0,0,9,7,0,0.0,0.0,0.0,0.0,0.0,0.0,0.0,0.0,0,0,0,0,0,0,0,0,无明显情感,未明确对象,未明确方面,中性,1,0.8369718586156301,0.059516767087132806,0.10351137429723706,0.8369718586156301,正面,正面,1.0,True
知识区,BV1zrGi6PE9B,【最后一课】2X2联表与独立性检验！,1054414,81616,6893,18820,2559,5701,mom,,mom,0,0,1,0,0,0.0,0.0,0.0,0.0,0.0,0.0,0.0,0.0,0,0,0,0,0,0,0,0,无明显情感,未明确对象,未明确方面,中性,0,0.6922802176475429,0.1432904953559764,0.6922802176475429,0.16442928699648077,中性,中性,,False
知识区,BV1zrGi6PE9B,【最后一课】2X2联表与独立性检验！,1054414,81616,6893,18820,2559,5701,上600分！！！,,上600分！！！,0,0,6,3,0,0.0,0.0,0.0,0.0,0.0,0.0,0.0,0.0,0,0,0,0,0,0,0,0,无明显情感,未明确对象,未明确方面,中性,1,0.7648858190339153,0.12664722581643154,0.10846695514965324,0.7648858190339153,正面,正面,,False
知识区,BV1zrGi6PE9B,【最后一课】2X2联表与独立性检验！,1054414,81616,6893,18820,2559,5701,27高考必胜！,,27高考必胜！,0,0,4,1,0,0.0,0.0,0.0,0.0,0.0,0.0,0.0,0.0,0,0,0,0,0,0,0,0,无明显情感,未明确对象,未明确方面,中性,1,0.82816628347518,0.022747791362734537,0.1490859251620856,0.82816628347518,正面,正面,,False
知识区,BV1zrGi6PE9B,【最后一课】2X2联表与独立性检验！,1054414,81616,6893,18820,2559,5701,6月1日,,6月1日,0,0,4,0,0,0.0,0.0,0.0,0.0,0.0,0.0,0.0,0.0,0,0,0,0,0,0,0,0,无明显情感,未明确对象,未明确方面,中性,0,0.5958412804391912,0.1430788193690532,0.5958412804391912,0.26107990019175564,中性,中性,,False
知识区,BV1zrGi6PE9B,【最后一课】2X2联表与独立性检验！,1054414,81616,6893,18820,2559,5701,好想哭，舍不得小猪老师,,好想哭，舍不得小猪老师,0,1,5,0,0,-1.0,0.0,1.0,1.0,0.2,-1.0,0.0,1.0,0,0,0,0,0,0,0,1,对象评价,讲解者,未明确方面,负面,-1,0.6697072408412026,0.6697072408412026,0.17446771873795916,0.1558250404208383,负面,负面,-1.0,True
知识区,BV1zrGi6PE9B,【最后一课】2X2联表与独立性检验！,1054414,81616,6893,18820,2559,5701,2027高考必胜，华中师范,,2027高考必胜，华中师范,0,0,6,0,0,0.0,0.0,0.0,0.0,0.0,0.0,0.0,0.0,0,0,0,0,0,0,0,0,无明显情感,未明确对象,未明确方面,中性,1,0.8147924286160774,0.04811731487015642,0.13709025651376622,0.8147924286160774,正面,正面,,False
知识区,BV1zrGi6PE9B,【最后一课】2X2联表与独立性检验！,1054414,81616,6893,18820,2559,5701,你要赌，它有可能之出一个选择题最后一题，然后不给了,,你要赌，它有可能之出一个选择题最后一题，然后不给了,0,0,14,0,0,0.0,0.0,0.0,0.0,0.0,0.0,0.0,0.0,0,0,0,0,0,0,0,0,无明显情感,未明确对象,未明确方面,中性,0,0.6761219823292907,0.2668857349420756,0.6761219823292907,0.05699228272863381,中性,中性,,False
知识区,BV1zrGi6PE9B,【最后一课】2X2联表与独立性检验！,1054414,81616,6893,18820,2559,5701,高三喽,,高三喽,0,0,2,0,0,0.0,0.0,0.0,0.0,0.0,0.0,0.0,0.0,0,0,0,0,0,0,0,0,无明显情感,未明确对象,未明确方面,中性,0,0.7184855892571131,0.13262940922806327,0.7184855892571131,0.14888500151482353,中性,中性,,False
知识区,BV1zrGi6PE9B,【最后一课】2X2联表与独立性检验！,1054414,81616,6893,18820,2559,5701,补完了我去,,补完了我去,0,1,2,0,0,-1.0,0.0,1.0,1.0,0.5,-1.0,0.0,1.0,0,0,0,0,0,0,0,1,对象评价,未明确对象,未明确方面,负面,-1,0.40059671084393933,0.40059671084393933,0.28679701410147207,0.3126062750545886,负面,正面,1.0,True
知识区,BV1zrGi6PE9B,【最后一课】2X2联表与独立性检验！,1054414,81616,6893,18820,2559,5701,我靠，不玩了吗,,我靠，不玩了吗,0,0,3,0,0,0.0,0.0,0.0,0.0,0.0,0.0,0.0,0.0,0,0,0,0,0,0,0,0,无明显情感,未明确对象,未明确方面,中性,0,0.7285139177138462,0.11765413783002386,0.7285139177138462,0.15383194445612994,中性,中性,,False
知识区,BV1zrGi6PE9B,【最后一课】2X2联表与独立性检验！,1054414,81616,6893,18820,2559,5701,好感动,,好感动,1,0,2,0,0,1.0,1.0,0.0,1.0,0.5,1.0,1.0,0.0,0,0,1,0,0,0,0,1,对象评价+自身情绪,未明确对象,未明确方面,正面,1,0.9335454693256403,0.05675486389066425,0.009699666783695429,0.9335454693256403,正面,正面,,False
知识区,BV1zrGi6PE9B,【最后一课】2X2联表与独立性检验！,1054414,81616,6893,18820,2559,5701,南华大学等我 2026 6.1,,南华大学等我20266.1,0,0,3,0,0,0.0,0.0,0.0,0.0,0.0,0.0,0.0,0.0,0,0,0,0,0,0,0,0,无明显情感,未明确对象,未明确方面,中性,1,0.6225924962243006,0.04554032874869924,0.33186717502700014,0.6225924962243006,正面,正面,1.0,True
知识区,BV1zrGi6PE9B,【最后一课】2X2联表与独立性检验！,1054414,81616,6893,18820,2559,5701,2026高考加油！！！,,2026高考加油！！！,1,0,6,3,0,1.0,1.0,0.0,1.0,0.16666666666666666,1.0,1.0,0.0,0,0,0,0,0,0,0,1,对象评价,未明确对象,未明确方面,正面,1,0.9815502858735139,0.005802987256044905,0.012646726870441155,0.9815502858735139,正面,正面,,False
知识区,BV1zrGi6PE9B,【最后一课】2X2联表与独立性检验！,1054414,81616,6893,18820,2559,5701,570,,570,0,0,1,0,0,0.0,0.0,0.0,0.0,0.0,0.0,0.0,0.0,0,0,0,0,0,0,0,0,无明显情感,未明确对象,未明确方面,中性,0,0.520529789815399,0.21026296354474588,0.520529789815399,0.2692072466398552,中性,中性,,False
知识区,BV1zrGi6PE9B,【最后一课】2X2联表与独立性检验！,1054414,81616,6893,18820,2559,5701,2027我要上985！,,2027我要上985！,0,0,5,1,0,0.0,0.0,0.0,0.0,0.0,0.0,0.0,0.0,0,0,0,0,0,0,0,0,无明显情感,未明确对象,未明确方面,中性,1,0.8272985886192817,0.01593585500512882,0.1567655563755895,0.8272985886192817,正面,正面,,False
知识区,BV1zrGi6PE9B,【最后一课】2X2联表与独立性检验！,1054414,81616,6893,18820,2559,5701,蓦山溪打卡,,蓦山溪打卡,0,0,3,0,0,0.0,0.0,0.0,0.0,0.0,0.0,0.0,0.0,0,0,0,0,0,0,0,0,无明显情感,未明确对象,未明确方面,中性,0,0.7950814447152059,0.02236275008629347,0.7950814447152059,0.18255580519850054,中性,中性,,False
知识区,BV1zrGi6PE9B,【最后一课】2X2联表与独立性检验！,1054414,81616,6893,18820,2559,5701,谢谢一数团队,,谢谢一数团队,1,0,3,0,0,1.0,1.0,0.0,1.0,0.3333333333333333,1.0,1.0,0.0,0,0,0,0,0,0,0,1,对象评价,未明确对象,未明确方面,正面,1,0.7843458083415938,0.03856757021119763,0.17708662144720855,0.7843458083415938,正面,正面,,False
知识区,BV1zrGi6PE9B,【最后一课】2X2联表与独立性检验！,1054414,81616,6893,18820,2559,5701,必胜的信念，2026高考加油！,,必胜的信念，2026高考加油！,1,0,7,1,0,1.0,1.0,0.0,1.0,0.14285714285714285,1.0,1.0,0.0,0,0,0,0,0,0,0,1,对象评价,未明确对象,未明确方面,正面,1,0.9863087059026082,0.0030556574880986854,0.010635636609293151,0.9863087059026082,正面,正面,,False
知识区,BV1zrGi6PE9B,【最后一课】2X2联表与独立性检验！,1054414,81616,6893,18820,2559,5701,我解释,,我解释,0,0,1,0,0,0.0,0.0,0.0,0.0,0.0,0.0,0.0,0.0,0,0,0,0,0,0,0,0,无明显情感,未明确对象,未明确方面,中性,0,0.6713952323652065,0.14118925650640787,0.6713952323652065,0.18741551112838561,中性,中性,,False
知识区,BV1zrGi6PE9B,【最后一课】2X2联表与独立性检验！,1054414,81616,6893,18820,2559,5701,逆天上海可以带计算机，有钱人就是不一样,,逆天上海可以带计算机，有钱人就是不一样,1,0,10,0,0,1.0,1.0,0.0,1.0,0.1,1.0,1.0,0.0,0,0,0,0,0,0,0,1,对象评价,未明确对象,未明确方面,正面,-1,0.7071697005055697,0.7071697005055697,0.21493222198758435,0.07789807750684573,负面,负面,-1.0,True
知识区,BV1zrGi6PE9B,【最后一课】2X2联表与独立性检验！,1054414,81616,6893,18820,2559,5701,2026年5月31日，金堂外国语陈蹊到此一游,,2026年5月31日，金堂外国语陈蹊到此一游,0,0,11,0,0,0.0,0.0,0.0,0.0,0.0,0.0,0.0,0.0,0,0,0,0,0,0,0,0,无明显情感,未明确对象,未明确方面,中性,0,0.6180216869839766,0.10216462082655192,0.6180216869839766,0.2798136921894715,中性,中性,,False
知识区,BV1zrGi6PE9B,【最后一课】2X2联表与独立性检验！,1054414,81616,6893,18820,2559,5701,370天,,370天,0,0,2,0,0,0.0,0.0,0.0,0.0,0.0,0.0,0.0,0.0,0,0,0,0,0,0,0,0,无明显情感,未明确对象,未明确方面,中性,0,0.5594590876058164,0.1436980016171391,0.5594590876058164,0.2968429107770445,中性,中性,,False
知识区,BV1zrGi6PE9B,【最后一课】2X2联表与独立性检验！,1054414,81616,6893,18820,2559,5701,我爱你们所有；高三见,,我爱你们所有高三见,0,0,5,0,0,0.0,0.0,0.0,0.0,0.0,0.0,0.0,0.0,0,0,0,0,0,0,0,0,无明显情感,未明确对象,未明确方面,中性,1,0.612812412287072,0.10107238975400251,0.28611519795892554,0.612812412287072,正面,正面,1.0,True
知识区,BV1zrGi6PE9B,【最后一课】2X2联表与独立性检验！,1054414,81616,6893,18820,2559,5701,小猪好,,小猪好,0,0,2,0,0,0.0,0.0,0.0,0.0,0.0,0.0,0.0,0.0,0,0,0,0,0,0,0,0,无明显情感,未明确对象,未明确方面,中性,1,0.725228180262243,0.12089879932556703,0.15387302041218995,0.725228180262243,正面,正面,,False
知识区,BV1zrGi6PE9B,【最后一课】2X2联表与独立性检验！,1054414,81616,6893,18820,2559,5701,2027一定大捷,,2027一定大捷,0,0,3,0,0,0.0,0.0,0.0,0.0,0.0,0.0,0.0,0.0,0,0,0,0,0,0,0,0,无明显情感,未明确对象,未明确方面,中性,1,0.6358046288779106,0.05654012807747078,0.30765524304461866,0.6358046288779106,正面,正面,,False
知识区,BV1zrGi6PE9B,【最后一课】2X2联表与独立性检验！,1054414,81616,6893,18820,2559,5701,好的,,好的,0,0,1,0,0,0.0,0.0,0.0,0.0,0.0,0.0,0.0,0.0,0,0,0,0,0,0,0,0,无明显情感,未明确对象,未明确方面,中性,1,0.49492057215396223,0.3122854834153611,0.1927939444306766,0.49492057215396223,正面,正面,1.0,True
知识区,BV1zrGi6PE9B,【最后一课】2X2联表与独立性检验！,1054414,81616,6893,18820,2559,5701,能从60到90吗,,能从60到90吗,0,0,5,0,0,0.0,0.0,0.0,0.0,0.0,0.0,0.0,0.0,0,0,0,0,0,0,0,0,无明显情感,未明确对象,未明确方面,中性,0,0.6584151178226244,0.2504779155352256,0.6584151178226244,0.09110696664214998,中性,中性,,False
知识区,BV1zrGi6PE9B,【最后一课】2X2联表与独立性检验！,1054414,81616,6893,18820,2559,5701,拜拜,,拜拜,1,0,1,0,0,1.0,1.0,0.0,1.0,1.0,1.0,1.0,0.0,0,0,0,0,0,0,0,1,对象评价,未明确对象,未明确方面,正面,1,0.7685498868862828,0.14499437244697289,0.08645574066674433,0.7685498868862828,正面,中性,0.0,True
知识区,BV1zrGi6PE9B,【最后一课】2X2联表与独立性检验！,1054414,81616,6893,18820,2559,5701,一般题目会给公式,,一般题目会给公式,0,0,5,0,0,0.0,0.0,0.0,0.0,0.0,0.0,0.0,0.0,0,0,0,0,0,0,0,0,无明显情感,课程内容,未明确方面,中性,0,0.82836779711123,0.07384813626312191,0.82836779711123,0.09778406662564812,中性,中性,,False
知识区,BV1zrGi6PE9B,【最后一课】2X2联表与独立性检验！,1054414,81616,6893,18820,2559,5701,无限进步,,无限进步,0,1,2,0,0,-1.0,0.0,1.0,1.0,0.5,-1.0,0.0,1.0,0,0,0,0,0,0,0,1,对象评价,未明确对象,未明确方面,负面,1,0.4843400048086478,0.313257323864597,0.2024026713267552,0.4843400048086478,正面,正面,1.0,True
知识区,BV1zrGi6PE9B,【最后一课】2X2联表与独立性检验！,1054414,81616,6893,18820,2559,5701,吸烟的表示欣慰,,吸烟的表示欣慰,1,0,3,0,0,1.0,1.0,0.0,1.0,0.3333333333333333,1.0,1.0,0.0,0,0,0,0,0,0,0,1,对象评价,未明确对象,未明确方面,正面,0,0.48234490561953974,0.05086046431691306,0.48234490561953974,0.4667946300635471,中性,中性,0.0,True
知识区,BV1zrGi6PE9B,【最后一课】2X2联表与独立性检验！,1054414,81616,6893,18820,2559,5701,好好听课,,好好听课,1,0,2,0,0,1.0,1.0,0.0,1.0,0.5,1.0,1.0,0.0,0,0,0,0,0,0,0,1,对象评价,未明确对象,未明确方面,正面,1,0.7995590706229518,0.11790664474349491,0.08253428463355313,0.7995590706229518,正面,正面,,False
知识区,BV1zrGi6PE9B,【最后一课】2X2联表与独立性检验！,1054414,81616,6893,18820,2559,5701,最后一课加油·,,最后一课加油,1,0,3,0,0,1.0,1.0,0.0,1.0,0.3333333333333333,1.0,1.0,0.0,0,0,0,0,0,0,0,1,对象评价,未明确对象,未明确方面,正面,1,0.701116095255183,0.030658965707228945,0.26822493903758804,0.701116095255183,正面,正面,1.0,True
知识区,BV1zrGi6PE9B,【最后一课】2X2联表与独立性检验！,1054414,81616,6893,18820,2559,5701,福州大学 等我,,福州大学等我,0,0,2,0,0,0.0,0.0,0.0,0.0,0.0,0.0,0.0,0.0,0,0,0,0,0,0,0,0,无明显情感,未明确对象,未明确方面,中性,0,0.47686925848968115,0.05320300944255868,0.47686925848968115,0.4699277320677601,中性,中性,,False
知识区,BV1zrGi6PE9B,【最后一课】2X2联表与独立性检验！,1054414,81616,6893,18820,2559,5701,重庆大学等我,,重庆大学等我,0,0,2,0,0,0.0,0.0,0.0,0.0,0.0,0.0,0.0,0.0,0,0,0,0,0,0,0,0,无明显情感,未明确对象,未明确方面,中性,0,0.47686925848968115,0.05320300944255868,0.47686925848968115,0.4699277320677601,中性,中性,,False
知识区,BV1zrGi6PE9B,【最后一课】2X2联表与独立性检验！,1054414,81616,6893,18820,2559,5701,Hophensis,,Hophensis,0,0,1,0,0,0.0,0.0,0.0,0.0,0.0,0.0,0.0,0.0,0,0,0,0,0,0,0,0,无明显情感,未明确对象,未明确方面,中性,0,0.6359168549358966,0.1765816992058711,0.6359168549358966,0.18750144585823225,中性,中性,,False
知识区,BV1zrGi6PE9B,【最后一课】2X2联表与独立性检验！,1054414,81616,6893,18820,2559,5701,2026-5-31-22:46,,20265312246,0,0,1,0,0,0.0,0.0,0.0,0.0,0.0,0.0,0.0,0.0,0,0,0,0,0,0,0,0,无明显情感,未明确对象,未明确方面,中性,0,0.6343683488343481,0.07326024376269702,0.6343683488343481,0.2923714074029548,中性,中性,,False
知识区,BV1zrGi6PE9B,【最后一课】2X2联表与独立性检验！,1054414,81616,6893,18820,2559,5701,2027南京理工大学！！,,2027南京理工大学！！,0,0,5,2,0,0.0,0.0,0.0,0.0,0.0,0.0,0.0,0.0,0,0,0,0,0,0,0,0,无明显情感,未明确对象,未明确方面,中性,1,0.8366946621978056,0.03389576127669642,0.12940957652549798,0.8366946621978056,正面,正面,,False
知识区,BV1zrGi6PE9B,【最后一课】2X2联表与独立性检验！,1054414,81616,6893,18820,2559,5701,安庆二中高二,,安庆二中高二,0,0,3,0,0,0.0,0.0,0.0,0.0,0.0,0.0,0.0,0.0,0,0,0,0,0,0,0,0,无明显情感,未明确对象,未明确方面,中性,0,0.7120325019126141,0.05775878144903353,0.7120325019126141,0.23020871663835246,中性,中性,,False
知识区,BV1zrGi6PE9B,【最后一课】2X2联表与独立性检验！,1054414,81616,6893,18820,2559,5701,27年汕大,,27年汕大,0,0,3,0,0,0.0,0.0,0.0,0.0,0.0,0.0,0.0,0.0,0,0,0,0,0,0,0,0,无明显情感,未明确对象,未明确方面,中性,1,0.46696286674509063,0.06656376121813352,0.46647337203677597,0.46696286674509063,正面,正面,,False
知识区,BV1zrGi6PE9B,【最后一课】2X2联表与独立性检验！,1054414,81616,6893,18820,2559,5701,完结撒花！感谢,,完结撒花！感谢,1,0,4,1,0,1.0,1.0,0.0,1.0,0.25,1.0,1.0,0.0,0,0,0,0,0,0,0,1,对象评价,未明确对象,未明确方面,正面,1,0.986783108890059,0.0029918999372327325,0.010224991172708172,0.986783108890059,正面,正面,,False
知识区,BV1zrGi6PE9B,【最后一课】2X2联表与独立性检验！,1054414,81616,6893,18820,2559,5701,不能被量化考核,,不能被量化考核,0,0,4,0,0,0.0,0.0,0.0,0.0,0.0,0.0,0.0,0.0,0,0,0,0,0,0,0,0,无明显情感,未明确对象,未明确方面,中性,0,0.5945660881509206,0.30033972145909005,0.5945660881509206,0.10509419038998936,中性,中性,0.0,True
知识区,BV1zrGi6PE9B,【最后一课】2X2联表与独立性检验！,1054414,81616,6893,18820,2559,5701,太有品了。。,,太有品了。。,0,0,3,0,0,0.0,0.0,0.0,0.0,0.0,0.0,0.0,0.0,0,0,0,0,0,0,0,0,无明显情感,未明确对象,未明确方面,中性,-1,0.5884851867505168,0.5884851867505168,0.16848595102235195,0.24302886222713127,负面,正面,1.0,True
知识区,BV1zrGi6PE9B,【最后一课】2X2联表与独立性检验！,1054414,81616,6893,18820,2559,5701,要记住，卡方平方是先乀再/的，记住这个顺序理解22表,,要记住，卡方平方是先乀再的，记住这个顺序理解22表,0,0,15,0,0,0.0,0.0,0.0,0.0,0.0,0.0,0.0,0.0,0,0,0,0,0,0,0,0,无明显情感,未明确对象,未明确方面,中性,0,0.647433323228234,0.22318114225322952,0.647433323228234,0.1293855345185364,中性,中性,0.0,True
知识区,BV1zrGi6PE9B,【最后一课】2X2联表与独立性检验！,1054414,81616,6893,18820,2559,5701,原来还有下一个视频，放心了，，，,,原来还有下一个视频，放心了，，，,1,0,9,0,0,1.0,1.0,0.0,1.0,0.1111111111111111,1.0,1.0,0.0,0,0,0,0,0,0,0,1,对象评价,视频内容,未明确方面,正面,1,0.5508155168245705,0.3085864709768914,0.14059801219853812,0.5508155168245705,正面,正面,1.0,True
知识区,BV1zrGi6PE9B,【最后一课】2X2联表与独立性检验！,1054414,81616,6893,18820,2559,5701,，，，吓死了，为什么标题上写最后一课？,,，，，吓死了，为什么标题上写最后一课？,0,1,12,0,1,-1.0,0.0,1.0,1.0,0.08333333333333333,-1.0,0.0,1.0,0,0,0,0,0,0,0,1,对象评价,未明确对象,未明确方面,负面,-1,0.9159151240912737,0.9159151240912737,0.07597330649862767,0.008111569410098591,负面,负面,-1.0,True
知识区,BV1zrGi6PE9B,【最后一课】2X2联表与独立性检验！,1054414,81616,6893,18820,2559,5701,祝26届考生全体上岸！金榜题名！,,祝26届考生全体上岸！金榜题名！,0,0,9,2,0,0.0,0.0,0.0,0.0,0.0,0.0,0.0,0.0,0,0,0,0,0,0,0,0,无明显情感,未明确对象,未明确方面,中性,1,0.8848637991400522,0.024908744707322936,0.09022745615262476,0.8848637991400522,正面,正面,,False
知识区,BV1zrGi6PE9B,【最后一课】2X2联表与独立性检验！,1054414,81616,6893,18820,2559,5701,欧耶撒花,,欧耶撒花,0,0,2,0,0,0.0,0.0,0.0,0.0,0.0,0.0,0.0,0.0,0,0,0,0,0,0,0,0,无明显情感,未明确对象,未明确方面,中性,1,0.5669688999746967,0.07826329829410693,0.3547678017311965,0.5669688999746967,正面,正面,,False
知识区,BV1zrGi6PE9B,【最后一课】2X2联表与独立性检验！,1054414,81616,6893,18820,2559,5701,高考加油！！,,高考加油！！,1,0,4,2,0,1.0,1.0,0.0,1.0,0.25,1.0,1.0,0.0,0,0,0,0,0,0,0,1,对象评价,未明确对象,未明确方面,正面,1,0.9861477600672532,0.003993275594265561,0.009858964338481236,0.9861477600672532,正面,正面,,False
知识区,BV1zrGi6PE9B,【最后一课】2X2联表与独立性检验！,1054414,81616,6893,18820,2559,5701,高中全部嘛。,,高中全部嘛。,0,0,4,0,0,0.0,0.0,0.0,0.0,0.0,0.0,0.0,0.0,0,0,0,0,0,0,0,0,无明显情感,未明确对象,未明确方面,中性,0,0.6811084458859693,0.1019805323264138,0.6811084458859693,0.21691102178761693,中性,中性,,False
知识区,BV1zrGi6PE9B,【最后一课】2X2联表与独立性检验！,1054414,81616,6893,18820,2559,5701,27届高考数学125！,,27届高考数学125！,0,0,6,1,0,0.0,0.0,0.0,0.0,0.0,0.0,0.0,0.0,0,0,0,0,0,0,0,0,无明显情感,课程内容,未明确方面,中性,1,0.7840304956304582,0.047408685749470936,0.16856081862007086,0.7840304956304582,正面,正面,1.0,True
知识区,BV1zrGi6PE9B,【最后一课】2X2联表与独立性检验！,1054414,81616,6893,18820,2559,5701,这个表格的值要记吗,,这个表格的值要记吗,0,0,5,0,0,0.0,0.0,0.0,0.0,0.0,0.0,0.0,0.0,0,0,0,0,0,0,0,0,无明显情感,未明确对象,未明确方面,中性,0,0.6032520081031829,0.33811265656366374,0.6032520081031829,0.05863533533315345,中性,中性,,False
知识区,BV1zrGi6PE9B,【最后一课】2X2联表与独立性检验！,1054414,81616,6893,18820,2559,5701,下周一轮复习,,下周一轮复习,0,0,3,0,0,0.0,0.0,0.0,0.0,0.0,0.0,0.0,0.0,0,0,0,0,0,0,0,0,无明显情感,未明确对象,未明确方面,中性,0,0.8610780571492548,0.057132508663489213,0.8610780571492548,0.0817894341872558,中性,中性,,False
知识区,BV1zrGi6PE9B,【最后一课】2X2联表与独立性检验！,1054414,81616,6893,18820,2559,5701,直接算死,,直接算死,0,0,2,0,0,0.0,0.0,0.0,0.0,0.0,0.0,0.0,0.0,0,0,0,0,0,0,0,0,无明显情感,未明确对象,未明确方面,中性,0,0.7710177369239379,0.10267476131010397,0.7710177369239379,0.12630750176595815,中性,中性,,False
知识区,BV1zrGi6PE9B,【最后一课】2X2联表与独立性检验！,1054414,81616,6893,18820,2559,5701,2027安师大等我,,2027安师大等我,0,0,4,0,0,0.0,0.0,0.0,0.0,0.0,0.0,0.0,0.0,0,0,0,0,0,0,0,0,无明显情感,未明确对象,未明确方面,中性,1,0.5986661355598205,0.041777050944937937,0.3595568134952415,0.5986661355598205,正面,正面,,False
知识区,BV1zrGi6PE9B,【最后一课】2X2联表与独立性检验！,1054414,81616,6893,18820,2559,5701,nqy,,nqy,0,0,1,0,0,0.0,0.0,0.0,0.0,0.0,0.0,0.0,0.0,0,0,0,0,0,0,0,0,无明显情感,未明确对象,未明确方面,中性,0,0.6613337795964743,0.14035796080361848,0.6613337795964743,0.19830825959990717,中性,中性,,False
知识区,BV1zrGi6PE9B,【最后一课】2X2联表与独立性检验！,1054414,81616,6893,18820,2559,5701,搞不懂为啥要说犯错误,,搞不懂为啥要说犯错误,0,1,4,0,0,-1.0,0.0,1.0,1.0,0.25,-1.0,0.0,1.0,0,0,0,0,0,0,0,1,对象评价,未明确对象,未明确方面,负面,-1,0.82946040729245,0.82946040729245,0.12999531481786034,0.040544277889689756,负面,负面,-1.0,True
知识区,BV1zrGi6PE9B,【最后一课】2X2联表与独立性检验！,1054414,81616,6893,18820,2559,5701,统计学给的公式  没有什么为什么,,统计学给的公式没有什么为什么,0,0,6,0,0,0.0,0.0,0.0,0.0,0.0,0.0,0.0,0.0,0,0,0,0,0,0,0,0,无明显情感,课程内容,未明确方面,中性,0,0.7849874515629411,0.18992450960422774,0.7849874515629411,0.02508803883283122,中性,中性,,False
知识区,BV1zrGi6PE9B,【最后一课】2X2联表与独立性检验！,1054414,81616,6893,18820,2559,5701,何德何能会刷到这个视频，这都是啥啊？,,何德何能会刷到这个视频，这都是啥啊？,0,0,9,0,1,0.0,0.0,0.0,0.0,0.0,0.0,0.0,0.0,0,0,0,0,0,0,0,0,无明显情感,视频内容,未明确方面,中性,-1,0.8812057212100479,0.8812057212100479,0.07875024063295939,0.04004403815699264,负面,负面,,False
知识区,BV1zrGi6PE9B,【最后一课】2X2联表与独立性检验！,1054414,81616,6893,18820,2559,5701,Kan you give me one last kiss,,Kanyougivemeonelastkiss,0,0,1,0,0,0.0,0.0,0.0,0.0,0.0,0.0,0.0,0.0,0,0,0,0,0,0,0,0,无明显情感,未明确对象,未明确方面,中性,0,0.603289382920762,0.11959381457945839,0.603289382920762,0.2771168024997797,中性,中性,0.0,True
知识区,BV1zrGi6PE9B,【最后一课】2X2联表与独立性检验！,1054414,81616,6893,18820,2559,5701,27华南师范,,27华南师范,0,0,3,0,0,0.0,0.0,0.0,0.0,0.0,0.0,0.0,0.0,0,0,0,0,0,0,0,0,无明显情感,未明确对象,未明确方面,中性,0,0.5888386520052891,0.06262465813558918,0.5888386520052891,0.3485366898591218,中性,中性,,False
知识区,BV1zrGi6PE9B,【最后一课】2X2联表与独立性检验！,1054414,81616,6893,18820,2559,5701,2026 5 31,,2026531,0,0,1,0,0,0.0,0.0,0.0,0.0,0.0,0.0,0.0,0.0,0,0,0,0,0,0,0,0,无明显情感,未明确对象,未明确方面,中性,0,0.6203910526762288,0.0840847507664477,0.6203910526762288,0.29552419655732354,中性,中性,,False
知识区,BV1zrGi6PE9B,【最后一课】2X2联表与独立性检验！,1054414,81616,6893,18820,2559,5701,27高考加油！华南师范人工智能！,,27高考加油！华南师范人工智能！,1,0,8,2,0,1.0,1.0,0.0,1.0,0.125,1.0,1.0,0.0,0,0,0,0,0,0,0,1,对象评价,未明确对象,未明确方面,正面,1,0.9760963902663391,0.001935613854304945,0.021967995879355894,0.9760963902663391,正面,正面,,False
知识区,BV1zrGi6PE9B,【最后一课】2X2联表与独立性检验！,1054414,81616,6893,18820,2559,5701,准备开启高三副本,,准备开启高三副本,0,0,4,0,0,0.0,0.0,0.0,0.0,0.0,0.0,0.0,0.0,0,0,0,0,0,0,0,0,无明显情感,未明确对象,未明确方面,中性,0,0.7681194393419299,0.1082034965128477,0.7681194393419299,0.12367706414522246,中性,中性,,False
知识区,BV1zrGi6PE9B,【最后一课】2X2联表与独立性检验！,1054414,81616,6893,18820,2559,5701,华师大等我,,华师大等我,0,0,2,0,0,0.0,0.0,0.0,0.0,0.0,0.0,0.0,0.0,0,0,0,0,0,0,0,0,无明显情感,未明确对象,未明确方面,中性,0,0.5323767078844013,0.07213217281712665,0.5323767078844013,0.3954911192984721,中性,中性,0.0,True
知识区,BV1zrGi6PE9B,【最后一课】2X2联表与独立性检验！,1054414,81616,6893,18820,2559,5701,上岸啊,,上岸啊,0,0,1,0,0,0.0,0.0,0.0,0.0,0.0,0.0,0.0,0.0,0,0,0,0,0,0,0,0,无明显情感,未明确对象,未明确方面,中性,1,0.614915703328711,0.19259990414177433,0.1924843925295147,0.614915703328711,正面,正面,1.0,True
知识区,BV1zrGi6PE9B,【最后一课】2X2联表与独立性检验！,1054414,81616,6893,18820,2559,5701,学过英语的数学老师,,学过英语的数学老师,0,0,3,0,0,0.0,0.0,0.0,0.0,0.0,0.0,0.0,0.0,0,0,0,0,0,0,0,0,无明显情感,讲解者+课程内容,未明确方面,中性,0,0.6530369303374796,0.259555186910096,0.6530369303374796,0.08740788275242449,中性,中性,,False
知识区,BV1zrGi6PE9B,【最后一课】2X2联表与独立性检验！,1054414,81616,6893,18820,2559,5701,完结撒花！2027年高考大捷！,,完结撒花！2027年高考大捷！,0,0,8,2,0,0.0,0.0,0.0,0.0,0.0,0.0,0.0,0.0,0,0,0,0,0,0,0,0,无明显情感,未明确对象,未明确方面,中性,1,0.952214263777002,0.005792959102592068,0.041992777120405896,0.952214263777002,正面,正面,,False
知识区,BV1zrGi6PE9B,【最后一课】2X2联表与独立性检验！,1054414,81616,6893,18820,2559,5701,2027杭州电子科技大学见,,2027杭州电子科技大学见,0,0,5,0,0,0.0,0.0,0.0,0.0,0.0,0.0,0.0,0.0,0,0,0,0,0,0,0,0,无明显情感,未明确对象,未明确方面,中性,1,0.5786844025776303,0.04010066430016542,0.38121493312220434,0.5786844025776303,正面,正面,,False
知识区,BV1zrGi6PE9B,【最后一课】2X2联表与独立性检验！,1054414,81616,6893,18820,2559,5701,可以,,可以,1,0,1,0,0,1.0,1.0,0.0,1.0,1.0,1.0,1.0,0.0,0,0,0,0,0,0,0,1,对象评价,未明确对象,未明确方面,正面,-1,0.4818029402429846,0.4818029402429846,0.24790972706797904,0.27028733268903626,负面,中性,0.0,True
知识区,BV1zrGi6PE9B,【最后一课】2X2联表与独立性检验！,1054414,81616,6893,18820,2559,5701,感恩一路陪伴,,感恩一路陪伴,1,0,3,0,0,1.0,1.0,0.0,1.0,0.3333333333333333,1.0,1.0,0.0,0,0,0,0,0,0,0,1,对象评价,未明确对象,未明确方面,正面,1,0.7862993021002912,0.14112840835999724,0.07257228953971168,0.7862993021002912,正面,正面,1.0,True
知识区,BV1zrGi6PE9B,【最后一课】2X2联表与独立性检验！,1054414,81616,6893,18820,2559,5701,高考上岸！,,高考上岸！,0,0,3,1,0,0.0,0.0,0.0,0.0,0.0,0.0,0.0,0.0,0,0,0,0,0,0,0,0,无明显情感,未明确对象,未明确方面,中性,1,0.9302092300385717,0.006831130643936184,0.06295963931749209,0.9302092300385717,正面,正面,,False
知识区,BV1zrGi6PE9B,【最后一课】2X2联表与独立性检验！,1054414,81616,6893,18820,2559,5701,个位，该表白了,,个位，该表白了,0,0,5,0,0,0.0,0.0,0.0,0.0,0.0,0.0,0.0,0.0,0,0,0,0,0,0,0,0,无明显情感,未明确对象,未明确方面,中性,0,0.46559070265080454,0.3839312594827005,0.46559070265080454,0.1504780378664949,中性,中性,,False
知识区,BV1zrGi6PE9B,【最后一课】2X2联表与独立性检验！,1054414,81616,6893,18820,2559,5701,拜拜啦,,拜拜啦,1,0,2,0,0,1.0,1.0,0.0,1.0,0.5,1.0,1.0,0.0,0,0,0,0,0,0,0,1,对象评价,未明确对象,未明确方面,正面,1,0.5599865643858525,0.1639949805493516,0.27601845506479594,0.5599865643858525,正面,中性,0.0,True
知识区,BV1zrGi6PE9B,【最后一课】2X2联表与独立性检验！,1054414,81616,6893,18820,2559,5701,再见不了我的青春，灵魂永驻这最美的年华，感谢一数,,再见不了我的青春，灵魂永驻这最美的年华，感谢一数,1,0,11,0,0,1.0,1.0,0.0,1.0,0.09090909090909091,1.0,1.0,0.0,0,0,0,0,0,0,0,1,对象评价,未明确对象,未明确方面,正面,1,0.7747829600423806,0.12328329044129595,0.10193374951632347,0.7747829600423806,正面,正面,1.0,True
知识区,BV1zrGi6PE9B,【最后一课】2X2联表与独立性检验！,1054414,81616,6893,18820,2559,5701,26年高考拿捏拿捏,,26年高考拿捏拿捏,0,0,5,0,0,0.0,0.0,0.0,0.0,0.0,0.0,0.0,0.0,0,0,0,0,0,0,0,0,无明显情感,未明确对象,未明确方面,中性,1,0.5290636114086978,0.043040963785785966,0.4278954248055162,0.5290636114086978,正面,正面,,False
知识区,BV1zrGi6PE9B,【最后一课】2X2联表与独立性检验！,1054414,81616,6893,18820,2559,5701,高考必胜，心想事成,,高考必胜，心想事成,0,0,4,0,0,0.0,0.0,0.0,0.0,0.0,0.0,0.0,0.0,0,0,0,0,0,0,0,0,无明显情感,未明确对象,未明确方面,中性,1,0.7946194603756059,0.06005436070854859,0.14532617891584532,0.7946194603756059,正面,正面,1.0,True
知识区,BV1zrGi6PE9B,【最后一课】2X2联表与独立性检验！,1054414,81616,6893,18820,2559,5701,因为前面的CD选项的前提是一样的，得出来的结论应该也是一样，如果相反就错了。,,因为前面的CD选项的前提是一样的，得出来的结论应该也是一样，如果相反就错了。,0,1,19,0,0,-1.0,0.0,1.0,1.0,0.05263157894736842,-1.0,0.0,1.0,0,0,0,0,0,0,0,1,对象评价,未明确对象,未明确方面,负面,-1,0.5199370846519566,0.5199370846519566,0.43697759531711317,0.0430853200309302,负面,中性,0.0,True
知识区,BV1zrGi6PE9B,【最后一课】2X2联表与独立性检验！,1054414,81616,6893,18820,2559,5701,完结撒花，再见了,,完结撒花，再见了,0,0,4,0,0,0.0,0.0,0.0,0.0,0.0,0.0,0.0,0.0,0,0,0,0,0,0,0,0,无明显情感,未明确对象,未明确方面,中性,1,0.5307896788927481,0.32813740741453107,0.14107291369272076,0.5307896788927481,正面,正面,1.0,True
知识区,BV1zrGi6PE9B,【最后一课】2X2联表与独立性检验！,1054414,81616,6893,18820,2559,5701,完结撒花 谢谢老师,,完结撒花谢谢老师,1,0,4,0,0,1.0,1.0,0.0,1.0,0.25,1.0,1.0,0.0,0,0,0,0,0,0,0,1,对象评价,讲解者,未明确方面,正面,1,0.9806343944607074,0.004122013060939056,0.015243592478353463,0.9806343944607074,正面,正面,,False
知识区,BV1zrGi6PE9B,【最后一课】2X2联表与独立性检验！,1054414,81616,6893,18820,2559,5701,2027高考上岸！！！,,2027高考上岸！！！,0,0,6,3,0,0.0,0.0,0.0,0.0,0.0,0.0,0.0,0.0,0,0,0,0,0,0,0,0,无明显情感,未明确对象,未明确方面,中性,1,0.9169031259315118,0.02114819479178576,0.06194867927670246,0.9169031259315118,正面,正面,,False
知识区,BV1zrGi6PE9B,【最后一课】2X2联表与独立性检验！,1054414,81616,6893,18820,2559,5701,27年北师大等我！,,27年北师大等我！,0,0,5,1,0,0.0,0.0,0.0,0.0,0.0,0.0,0.0,0.0,0,0,0,0,0,0,0,0,无明显情感,未明确对象,未明确方面,中性,1,0.6868602588269968,0.029798692846497964,0.28334104832650536,0.6868602588269968,正面,正面,,False
知识区,BV1zrGi6PE9B,【最后一课】2X2联表与独立性检验！,1054414,81616,6893,18820,2559,5701,2026年5月31日,,2026年5月31日,0,0,6,0,0,0.0,0.0,0.0,0.0,0.0,0.0,0.0,0.0,0,0,0,0,0,0,0,0,无明显情感,未明确对象,未明确方面,中性,0,0.7081898306580133,0.0657364862374318,0.7081898306580133,0.22607368310455483,中性,中性,,False
知识区,BV1zrGi6PE9B,【最后一课】2X2联表与独立性检验！,1054414,81616,6893,18820,2559,5701,华美学子来报道了,,华美学子来报道了,0,0,4,0,0,0.0,0.0,0.0,0.0,0.0,0.0,0.0,0.0,0,0,0,0,0,0,0,0,无明显情感,未明确对象,未明确方面,中性,0,0.6246322071486049,0.26778381513223826,0.6246322071486049,0.10758397771915683,中性,中性,,False
知识区,BV1zrGi6PE9B,【最后一课】2X2联表与独立性检验！,1054414,81616,6893,18820,2559,5701,我希望2027数学上115好不好,,我希望2027数学上115好不好,0,0,6,0,0,0.0,0.0,0.0,0.0,0.0,0.0,0.0,0.0,0,0,0,0,0,0,0,0,无明显情感,课程内容,未明确方面,中性,1,0.6760931983483953,0.17374275876300405,0.15016404288860058,0.6760931983483953,正面,正面,1.0,True
知识区,BV1zrGi6PE9B,【最后一课】2X2联表与独立性检验！,1054414,81616,6893,18820,2559,5701,27清华,,27清华,0,0,2,0,0,0.0,0.0,0.0,0.0,0.0,0.0,0.0,0.0,0,0,0,0,0,0,0,0,无明显情感,未明确对象,未明确方面,中性,0,0.5922298527618184,0.059666397071973694,0.5922298527618184,0.348103750166208,中性,中性,,False
知识区,BV1zrGi6PE9B,【最后一课】2X2联表与独立性检验！,1054414,81616,6893,18820,2559,5701,我靠,,我靠,0,0,1,0,0,0.0,0.0,0.0,0.0,0.0,0.0,0.0,0.0,0,0,0,0,0,0,0,0,无明显情感,未明确对象,未明确方面,中性,0,0.6713952323652065,0.14118925650640787,0.6713952323652065,0.18741551112838561,中性,中性,,False
知识区,BV1zrGi6PE9B,【最后一课】2X2联表与独立性检验！,1054414,81616,6893,18820,2559,5701,我明白了,,我明白了,1,0,1,0,0,1.0,1.0,0.0,1.0,1.0,1.0,1.0,0.0,0,0,0,0,1,0,0,1,对象评价+认知状态,未明确对象,理解与难度,正面,1,0.7714359544285926,0.1514818022016855,0.07708224336972189,0.7714359544285926,正面,正面,1.0,True
知识区,BV1zrGi6PE9B,【最后一课】2X2联表与独立性检验！,1054414,81616,6893,18820,2559,5701,刚好99.5,,刚好99.5,0,0,2,0,0,0.0,0.0,0.0,0.0,0.0,0.0,0.0,0.0,0,0,0,0,0,0,0,0,无明显情感,未明确对象,未明确方面,中性,0,0.7668301534811411,0.08858745705605092,0.7668301534811411,0.14458238946280783,中性,中性,,False
知识区,BV1zrGi6PE9B,【最后一课】2X2联表与独立性检验！,1054414,81616,6893,18820,2559,5701,4,,4,0,0,1,0,0,0.0,0.0,0.0,0.0,0.0,0.0,0.0,0.0,0,0,0,0,0,0,0,0,无明显情感,未明确对象,未明确方面,中性,0,0.5776434258757229,0.20730194059021953,0.5776434258757229,0.21505463353405754,中性,中性,,False
知识区,BV1zrGi6PE9B,【最后一课】2X2联表与独立性检验！,1054414,81616,6893,18820,2559,5701,吓死了,,吓死了,0,1,1,0,0,-1.0,0.0,1.0,1.0,1.0,-1.0,0.0,1.0,0,0,0,0,0,0,0,1,对象评价,未明确对象,未明确方面,负面,-1,0.9404853697486292,0.9404853697486292,0.02556578883596328,0.03394884141540754,负面,负面,,False
知识区,BV1zrGi6PE9B,【最后一课】2X2联表与独立性检验！,1054414,81616,6893,18820,2559,5701,？？？？,,？？？？,0,0,4,0,4,0.0,0.0,0.0,0.0,0.0,0.0,0.0,0.0,0,0,0,0,0,0,0,0,无明显情感,未明确对象,未明确方面,中性,-1,0.905208955910969,0.905208955910969,0.07972333165550084,0.015067712433530302,负面,负面,,False
知识区,BV1zrGi6PE9B,【最后一课】2X2联表与独立性检验！,1054414,81616,6893,18820,2559,5701,期待一数出大学高数课,,期待一数出大学高数课,0,0,6,0,0,0.0,0.0,0.0,0.0,0.0,0.0,0.0,0.0,0,0,0,0,0,0,0,0,无明显情感,未明确对象,未明确方面,中性,0,0.5662808215420241,0.11481041727460968,0.5662808215420241,0.3189087611833662,中性,中性,,False
知识区,BV1zrGi6PE9B,【最后一课】2X2联表与独立性检验！,1054414,81616,6893,18820,2559,5701,完结撒花，很高兴认识所有人,,完结撒花，很高兴认识所有人,1,0,7,0,0,1.5,1.5,0.0,1.5,0.14285714285714285,1.5,1.5,0.0,0,0,0,0,0,0,0,1,对象评价,未明确对象,未明确方面,正面,1,0.9716384824619331,0.00956853443034811,0.018792983107718698,0.9716384824619331,正面,正面,,False
知识区,BV1zrGi6PE9B,【最后一课】2X2联表与独立性检验！,1054414,81616,6893,18820,2559,5701,我一定会超常发挥的，高考上岸,,我一定会超常发挥的，高考上岸,0,0,6,0,0,0.0,0.0,0.0,0.0,0.0,0.0,0.0,0.0,0,0,0,0,0,0,0,0,无明显情感,未明确对象,未明确方面,中性,1,0.7647142044622676,0.0790276093279203,0.15625818620981216,0.7647142044622676,正面,正面,1.0,True
知识区,BV1zrGi6PE9B,【最后一课】2X2联表与独立性检验！,1054414,81616,6893,18820,2559,5701,完结撒花5月31号12点23,,完结撒花5月31号12点23,0,0,9,0,0,0.0,0.0,0.0,0.0,0.0,0.0,0.0,0.0,0,0,0,0,0,0,0,0,无明显情感,未明确对象,未明确方面,中性,1,0.5840880453613034,0.07606350343184956,0.339848451206847,0.5840880453613034,正面,正面,,False
知识区,BV1zrGi6PE9B,【最后一课】2X2联表与独立性检验！,1054414,81616,6893,18820,2559,5701,Ok，开启一轮复习,,Ok，开启一轮复习,0,0,5,0,0,0.0,0.0,0.0,0.0,0.0,0.0,0.0,0.0,0,0,0,0,0,0,0,0,无明显情感,未明确对象,未明确方面,中性,0,0.8019526390986427,0.08998653872458211,0.8019526390986427,0.10806082217677523,中性,中性,,False
知识区,BV1zrGi6PE9B,【最后一课】2X2联表与独立性检验！,1054414,81616,6893,18820,2559,5701,老师再见,,老师再见,0,0,2,0,0,0.0,0.0,0.0,0.0,0.0,0.0,0.0,0.0,0,0,0,0,0,0,0,0,无明显情感,讲解者,未明确方面,中性,0,0.6887710611724959,0.12115694303925277,0.6887710611724959,0.19007199578825132,中性,中性,0.0,True
知识区,BV1zrGi6PE9B,【最后一课】2X2联表与独立性检验！,1054414,81616,6893,18820,2559,5701,括号内减之前乘10倍，跟减去之后的10倍是一样的吧,,括号内减之前乘10倍，跟减去之后的10倍是一样的吧,0,0,13,0,0,0.0,0.0,0.0,0.0,0.0,0.0,0.0,0.0,0,0,0,0,0,0,0,0,无明显情感,未明确对象,未明确方面,中性,-1,0.5328615821689657,0.5328615821689657,0.40611493650408015,0.061023481326954,负面,负面,,False
知识区,BV1zrGi6PE9B,【最后一课】2X2联表与独立性检验！,1054414,81616,6893,18820,2559,5701,one last kiss 爱了爱了,,onelastkiss爱了爱了,2,0,3,0,0,2.0,2.0,0.0,2.0,0.6666666666666666,2.0,2.0,0.0,0,0,0,0,0,0,0,1,对象评价,未明确对象,未明确方面,正面,1,0.9889299063178738,0.007103850382922034,0.0039662432992042425,0.9889299063178738,正面,正面,,False
知识区,BV1zrGi6PE9B,【最后一课】2X2联表与独立性检验！,1054414,81616,6893,18820,2559,5701,原来这个就是卡方。,,原来这个就是卡方。,0,0,5,0,0,0.0,0.0,0.0,0.0,0.0,0.0,0.0,0.0,0,0,0,0,0,0,0,0,无明显情感,未明确对象,未明确方面,中性,0,0.603381364868662,0.2927717870180864,0.603381364868662,0.10384684811325154,中性,中性,,False
知识区,BV1zrGi6PE9B,【最后一课】2X2联表与独立性检验！,1054414,81616,6893,18820,2559,5701,27年高考大捷!,,27年高考大捷!,0,0,5,1,0,0.0,0.0,0.0,0.0,0.0,0.0,0.0,0.0,0,0,0,0,0,0,0,0,无明显情感,未明确对象,未明确方面,中性,1,0.7070698943355468,0.031441476171969684,0.2614886294924836,0.7070698943355468,正面,正面,,False
知识区,BV1zrGi6PE9B,【最后一课】2X2联表与独立性检验！,1054414,81616,6893,18820,2559,5701,感谢小猪老师！感谢一数！,,感谢小猪老师！感谢一数！,2,0,7,2,0,2.0,2.0,0.0,2.0,0.2857142857142857,2.0,2.0,0.0,0,0,0,0,0,0,0,1,对象评价,讲解者,未明确方面,正面,1,0.989979306230807,0.0017206822289670223,0.008300011540225898,0.989979306230807,正面,正面,,False
知识区,BV1zrGi6PE9B,【最后一课】2X2联表与独立性检验！,1054414,81616,6893,18820,2559,5701,这里ab独立的概率错了吧，卡方上面的那个概率只代表我们的犯错概率吧,,这里ab独立的概率错了吧，卡方上面的那个概率只代表我们的犯错概率吧,0,1,15,0,0,-1.0,0.0,1.0,1.0,0.06666666666666667,-1.0,0.0,1.0,0,0,0,0,0,0,0,1,对象评价,未明确对象,未明确方面,负面,-1,0.8938689056232494,0.8938689056232494,0.0790626602641073,0.027068434112643338,负面,负面,-1.0,True
知识区,BV1zrGi6PE9B,【最后一课】2X2联表与独立性检验！,1054414,81616,6893,18820,2559,5701,も終わだな,,終,0,0,1,0,0,0.0,0.0,0.0,0.0,0.0,0.0,0.0,0.0,0,0,0,0,0,0,0,0,无明显情感,未明确对象,未明确方面,中性,0,0.6613337795964743,0.14035796080361848,0.6613337795964743,0.19830825959990717,中性,中性,,False
知识区,BV1zrGi6PE9B,【最后一课】2X2联表与独立性检验！,1054414,81616,6893,18820,2559,5701,2027年中国人民大学上岸！,,2027年中国人民大学上岸！,0,0,5,1,0,0.0,0.0,0.0,0.0,0.0,0.0,0.0,0.0,0,0,0,0,0,0,0,0,无明显情感,未明确对象,未明确方面,中性,1,0.8647316267102432,0.012512751991324402,0.12275562129843243,0.8647316267102432,正面,正面,,False
知识区,BV1zrGi6PE9B,【最后一课】2X2联表与独立性检验！,1054414,81616,6893,18820,2559,5701,完结撒花，27届高考加油，考上好大学，高考必胜,,完结撒花，27届高考加油，考上好大学，高考必胜,1,0,14,0,0,1.0,1.0,0.0,1.0,0.07142857142857142,1.0,1.0,0.0,0,0,0,0,0,0,0,1,对象评价,未明确对象,未明确方面,正面,1,0.995572491810507,0.0016283022675503054,0.0027992059219426493,0.995572491810507,正面,正面,,False
知识区,BV1zrGi6PE9B,【最后一课】2X2联表与独立性检验！,1054414,81616,6893,18820,2559,5701,27汕头大学,,27汕头大学,0,1,2,0,0,-1.0,0.0,1.0,1.0,0.5,-1.0,0.0,1.0,0,0,0,0,0,0,0,1,对象评价,未明确对象,未明确方面,负面,0,0.4862781456105687,0.17704942006986968,0.4862781456105687,0.3366724343195616,中性,中性,0.0,True
知识区,BV1zrGi6PE9B,【最后一课】2X2联表与独立性检验！,1054414,81616,6893,18820,2559,5701,高考加油呀！,,高考加油呀！,1,0,3,1,0,1.0,1.0,0.0,1.0,0.3333333333333333,1.0,1.0,0.0,0,0,0,0,0,0,0,1,对象评价,未明确对象,未明确方面,正面,1,0.9886716867000644,0.0018530141980861517,0.00947529910184952,0.9886716867000644,正面,正面,,False
知识区,BV1zrGi6PE9B,【最后一课】2X2联表与独立性检验！,1054414,81616,6893,18820,2559,5701,27年高考600+！感谢小猪老师,,27年高考600！感谢小猪老师,1,0,8,1,0,1.0,1.0,0.0,1.0,0.125,1.0,1.0,0.0,0,0,0,0,0,0,0,1,对象评价,讲解者,未明确方面,正面,1,0.9696194448756553,0.004429680184107504,0.025950874940237238,0.9696194448756553,正面,正面,,False
知识区,BV1zrGi6PE9B,【最后一课】2X2联表与独立性检验！,1054414,81616,6893,18820,2559,5701,9331？,,9331？,0,0,2,0,1,0.0,0.0,0.0,0.0,0.0,0.0,0.0,0.0,0,0,0,0,0,0,0,0,无明显情感,未明确对象,未明确方面,中性,0,0.6209624605566614,0.24187338145276757,0.6209624605566614,0.13716415799057102,中性,中性,,False
知识区,BV1zrGi6PE9B,【最后一课】2X2联表与独立性检验！,1054414,81616,6893,18820,2559,5701,张佳乐,,张佳乐,0,0,1,0,0,0.0,0.0,0.0,0.0,0.0,0.0,0.0,0.0,0,0,0,0,0,0,0,0,无明显情感,未明确对象,未明确方面,中性,0,0.6613337795964743,0.14035796080361848,0.6613337795964743,0.19830825959990717,中性,中性,,False
知识区,BV1zrGi6PE9B,【最后一课】2X2联表与独立性检验！,1054414,81616,6893,18820,2559,5701,2026年5．31,,2026年531,0,0,3,0,0,0.0,0.0,0.0,0.0,0.0,0.0,0.0,0.0,0,0,0,0,0,0,0,0,无明显情感,未明确对象,未明确方面,中性,0,0.6617033971468357,0.0654668352488083,0.6617033971468357,0.2728297676043561,中性,中性,,False
知识区,BV1zrGi6PE9B,【最后一课】2X2联表与独立性检验！,1054414,81616,6893,18820,2559,5701,空降20:13,,空降2013,0,0,2,0,0,0.0,0.0,0.0,0.0,0.0,0.0,0.0,0.0,0,0,0,0,0,0,0,0,无明显情感,未明确对象,未明确方面,中性,0,0.6832444660986967,0.12212342613967744,0.6832444660986967,0.19463210776162584,中性,中性,,False
知识区,BV1zrGi6PE9B,【最后一课】2X2联表与独立性检验！,1054414,81616,6893,18820,2559,5701,2026年5月31日10点27分,,2026年5月31日10点27分,0,0,10,0,0,0.0,0.0,0.0,0.0,0.0,0.0,0.0,0.0,0,0,0,0,0,0,0,0,无明显情感,未明确对象,未明确方面,中性,0,0.6203942388749817,0.0797218121422965,0.6203942388749817,0.2998839489827219,中性,中性,,False
知识区,BV1zrGi6PE9B,【最后一课】2X2联表与独立性检验！,1054414,81616,6893,18820,2559,5701,好燃，上岸,,好燃，上岸,0,0,3,0,0,0.0,0.0,0.0,0.0,0.0,0.0,0.0,0.0,0,0,0,0,0,0,0,0,无明显情感,未明确对象,未明确方面,中性,1,0.699152086568244,0.12936829629045069,0.1714796171413053,0.699152086568244,正面,正面,,False
知识区,BV1zrGi6PE9B,【最后一课】2X2联表与独立性检验！,1054414,81616,6893,18820,2559,5701,有何不敢！,,有何不敢！,0,0,3,1,0,0.0,0.0,0.0,0.0,0.0,0.0,0.0,0.0,0,0,0,0,0,0,0,0,无明显情感,未明确对象,未明确方面,中性,1,0.6421716127645047,0.03579602683834938,0.32203236039714583,0.6421716127645047,正面,正面,,False
知识区,BV1zrGi6PE9B,【最后一课】2X2联表与独立性检验！,1054414,81616,6893,18820,2559,5701,5月31日,,5月31日,0,0,4,0,0,0.0,0.0,0.0,0.0,0.0,0.0,0.0,0.0,0,0,0,0,0,0,0,0,无明显情感,未明确对象,未明确方面,中性,0,0.805676325516674,0.07662016103957799,0.805676325516674,0.11770351344374798,中性,中性,,False
知识区,BV1zrGi6PE9B,【最后一课】2X2联表与独立性检验！,1054414,81616,6893,18820,2559,5701,高中数学完结撒花，恭喜大家通关数学选修副本,,高中数学完结撒花，恭喜大家通关数学选修副本,1,0,10,0,0,1.0,1.0,0.0,1.0,0.1,1.0,1.0,0.0,0,0,0,0,0,0,0,1,对象评价,课程内容,未明确方面,正面,1,0.9760594701275482,0.012876200074190375,0.011064329798261446,0.9760594701275482,正面,正面,1.0,True
知识区,BV1zrGi6PE9B,【最后一课】2X2联表与独立性检验！,1054414,81616,6893,18820,2559,5701,许愿南邮,,许愿南邮,0,0,2,0,0,0.0,0.0,0.0,0.0,0.0,0.0,0.0,0.0,0,0,0,0,0,0,0,0,无明显情感,未明确对象,未明确方面,中性,0,0.5232858910618572,0.1255744909684857,0.5232858910618572,0.35113961796965704,中性,中性,,False
知识区,BV1zrGi6PE9B,【最后一课】2X2联表与独立性检验！,1054414,81616,6893,18820,2559,5701,感谢一数 你我皆是黑马 完结撒花,,感谢一数你我皆是黑马完结撒花,1,0,6,0,0,1.0,1.0,0.0,1.0,0.16666666666666666,1.0,1.0,0.0,0,0,0,0,0,0,0,1,对象评价,未明确对象,未明确方面,正面,1,0.9776460527326928,0.0063443350082161894,0.016009612259091085,0.9776460527326928,正面,正面,,False
知识区,BV1zrGi6PE9B,【最后一课】2X2联表与独立性检验！,1054414,81616,6893,18820,2559,5701,2027南京大学,,2027南京大学,0,0,2,0,0,0.0,0.0,0.0,0.0,0.0,0.0,0.0,0.0,0,0,0,0,0,0,0,0,无明显情感,未明确对象,未明确方面,中性,1,0.5287206859732385,0.043849451574111326,0.4274298624526501,0.5287206859732385,正面,正面,,False
知识区,BV1zrGi6PE9B,【最后一课】2X2联表与独立性检验！,1054414,81616,6893,18820,2559,5701,撒油拉拉,,撒油拉拉,0,0,2,0,0,0.0,0.0,0.0,0.0,0.0,0.0,0.0,0.0,0,0,0,0,0,0,0,0,无明显情感,未明确对象,未明确方面,中性,0,0.6553065905941072,0.1468149965085425,0.6553065905941072,0.19787841289735017,中性,中性,,False
知识区,BV1zrGi6PE9B,【最后一课】2X2联表与独立性检验！,1054414,81616,6893,18820,2559,5701,愿我们都能无限进步！,,愿我们都能无限进步！,0,1,7,1,0,-1.0,0.0,1.0,1.0,0.14285714285714285,-1.0,0.0,1.0,0,0,0,0,0,0,0,1,对象评价,未明确对象,未明确方面,负面,1,0.6929277498868972,0.11571313450197526,0.19135911561112762,0.6929277498868972,正面,正面,1.0,True
知识区,BV1zrGi6PE9B,【最后一课】2X2联表与独立性检验！,1054414,81616,6893,18820,2559,5701,什么？是waiyan,,什么？是waiyan,0,0,3,0,1,0.0,0.0,0.0,0.0,0.0,0.0,0.0,0.0,0,0,0,0,0,0,0,0,无明显情感,未明确对象,未明确方面,中性,0,0.7977631072302553,0.18354572428056382,0.7977631072302553,0.018691168489180784,中性,中性,,False
知识区,BV1zrGi6PE9B,【最后一课】2X2联表与独立性检验！,1054414,81616,6893,18820,2559,5701,雷霆你唠牧,,雷霆你唠牧,0,0,2,0,0,0.0,0.0,0.0,0.0,0.0,0.0,0.0,0.0,0,0,0,0,0,0,0,0,无明显情感,未明确对象,未明确方面,中性,0,0.6689895123169092,0.18811583025076886,0.6689895123169092,0.14289465743232185,中性,中性,,False
知识区,BV1zrGi6PE9B,【最后一课】2X2联表与独立性检验！,1054414,81616,6893,18820,2559,5701,？,,？,0,0,1,0,1,0.0,0.0,0.0,0.0,0.0,0.0,0.0,0.0,0,0,0,0,0,0,0,0,无明显情感,未明确对象,未明确方面,中性,0,0.6257034202775503,0.2810246492785395,0.6257034202775503,0.09327193044391001,中性,中性,,False
知识区,BV1zrGi6PE9B,【最后一课】2X2联表与独立性检验！,1054414,81616,6893,18820,2559,5701,这题你们考试没考过嘛？要给公式的,,这题你们考试没考过嘛？要给公式的,0,0,10,0,1,0.0,0.0,0.0,0.0,0.0,0.0,0.0,0.0,0,0,0,0,0,0,0,0,无明显情感,课程内容,未明确方面,中性,0,0.7157413402843792,0.2284837545093273,0.7157413402843792,0.05577490520629356,中性,中性,,False
知识区,BV1zrGi6PE9B,【最后一课】2X2联表与独立性检验！,1054414,81616,6893,18820,2559,5701,2026年5月31日 01:17:53,,2026年5月31日011753,0,0,7,0,0,0.0,0.0,0.0,0.0,0.0,0.0,0.0,0.0,0,0,0,0,0,0,0,0,无明显情感,未明确对象,未明确方面,中性,0,0.7489626541306236,0.053210929908056794,0.7489626541306236,0.19782641596131945,中性,中性,,False
知识区,BV1zrGi6PE9B,【最后一课】2X2联表与独立性检验！,1054414,81616,6893,18820,2559,5701,郑朋老攻在此打卡,,郑朋老攻在此打卡,0,0,4,0,0,0.0,0.0,0.0,0.0,0.0,0.0,0.0,0.0,0,0,0,0,0,0,0,0,无明显情感,未明确对象,未明确方面,中性,0,0.8112037547548232,0.07558889989569538,0.8112037547548232,0.11320734534948153,中性,中性,,False
知识区,BV1zrGi6PE9B,【最后一课】2X2联表与独立性检验！,1054414,81616,6893,18820,2559,5701,很高兴认识你——一数,,很高兴认识你一数,1,0,4,0,0,1.5,1.5,0.0,1.5,0.25,1.5,1.5,0.0,0,0,0,0,0,0,0,1,对象评价,未明确对象,未明确方面,正面,1,0.7921725933488825,0.05986314030573007,0.14796426634538754,0.7921725933488825,正面,正面,1.0,True
知识区,BV1zrGi6PE9B,【最后一课】2X2联表与独立性检验！,1054414,81616,6893,18820,2559,5701,WJSH,,WJSH,0,0,1,0,0,0.0,0.0,0.0,0.0,0.0,0.0,0.0,0.0,0,0,0,0,0,0,0,0,无明显情感,未明确对象,未明确方面,中性,0,0.6613337795964743,0.14035796080361848,0.6613337795964743,0.19830825959990717,中性,中性,,False
知识区,BV1zrGi6PE9B,【最后一课】2X2联表与独立性检验！,1054414,81616,6893,18820,2559,5701,许愿高考数学120,,许愿高考数学120,0,0,4,0,0,0.0,0.0,0.0,0.0,0.0,0.0,0.0,0.0,0,0,0,0,0,0,0,0,无明显情感,课程内容,未明确方面,中性,1,0.708007925633541,0.09281016836878314,0.19918190599767588,0.708007925633541,正面,正面,1.0,True
知识区,BV1zrGi6PE9B,【最后一课】2X2联表与独立性检验！,1054414,81616,6893,18820,2559,5701,哇塞竟然结束了吗,,哇塞竟然结束了吗,0,0,3,0,0,0.0,0.0,0.0,0.0,0.0,0.0,0.0,0.0,0,0,0,0,0,0,0,0,无明显情感,未明确对象,未明确方面,中性,0,0.7790260425186821,0.13098480104397436,0.7790260425186821,0.08998915643734351,中性,中性,,False
知识区,BV1zrGi6PE9B,【最后一课】2X2联表与独立性检验！,1054414,81616,6893,18820,2559,5701,正式进入高三啦,,正式进入高三啦,0,0,4,0,0,0.0,0.0,0.0,0.0,0.0,0.0,0.0,0.0,0,0,0,0,0,0,0,0,无明显情感,未明确对象,未明确方面,中性,0,0.722574134943297,0.170476419047698,0.722574134943297,0.10694944600900501,中性,中性,0.0,True
知识区,BV1zrGi6PE9B,【最后一课】2X2联表与独立性检验！,1054414,81616,6893,18820,2559,5701,来咯,,来咯,0,0,2,0,0,0.0,0.0,0.0,0.0,0.0,0.0,0.0,0.0,0,0,0,0,0,0,0,0,无明显情感,未明确对象,未明确方面,中性,0,0.701077707164551,0.11396504219523787,0.701077707164551,0.1849572506402111,中性,中性,,False
知识区,BV1zrGi6PE9B,【最后一课】2X2联表与独立性检验！,1054414,81616,6893,18820,2559,5701,2022年真牛,,2022年真牛,1,0,3,0,0,1.0,1.0,0.0,1.0,0.3333333333333333,1.0,1.0,0.0,0,0,0,0,0,0,0,1,对象评价,未明确对象,未明确方面,正面,1,0.7780750973047061,0.02633890548863099,0.19558599720666295,0.7780750973047061,正面,正面,,False
知识区,BV1zrGi6PE9B,【最后一课】2X2联表与独立性检验！,1054414,81616,6893,18820,2559,5701,全剧终,,全剧终,0,0,2,0,0,0.0,0.0,0.0,0.0,0.0,0.0,0.0,0.0,0,0,0,0,0,0,0,0,无明显情感,未明确对象,未明确方面,中性,0,0.6553065905941072,0.1468149965085425,0.6553065905941072,0.19787841289735017,中性,中性,,False
生活区,BV1X75X6rEui,说到做到！不计成本逛离谱超市，会花多少钱？,1574484,95308,19126,6222,953,2192,黑崎一护（不是）,,黑崎一护不是,0,0,2,0,0,0.0,0.0,0.0,0.0,0.0,0.0,0.0,0.0,0,0,0,0,0,0,0,0,无明显情感,未明确对象,未明确方面,中性,0,0.6106933453898031,0.33825429977739363,0.6106933453898031,0.051052354832803196,中性,中性,0.0,True
生活区,BV1X75X6rEui,说到做到！不计成本逛离谱超市，会花多少钱？,1574484,95308,19126,6222,953,2192,朋友们注意，大锅要掀起注水再往食物加水，不要像贤宝宝一样,,朋友们注意，大锅要掀起注水再往食物加水，不要像贤宝宝一样,0,0,18,0,0,0.0,0.0,0.0,0.0,0.0,0.0,0.0,0.0,0,0,0,0,0,0,0,0,无明显情感,未明确对象,未明确方面,中性,-1,0.6750449414532385,0.6750449414532385,0.14107082104621016,0.1838842375005513,负面,负面,,False
生活区,BV1X75X6rEui,说到做到！不计成本逛离谱超市，会花多少钱？,1574484,95308,19126,6222,953,2192,反倒晚餐最便宜，派估计偷摸地考虑了成本（,,反倒晚餐最便宜，派估计偷摸地考虑了成本,0,0,11,0,0,0.0,0.0,0.0,0.0,0.0,0.0,0.0,0.0,0,0,0,0,0,0,0,0,无明显情感,未明确对象,未明确方面,中性,-1,0.6787693861977637,0.6787693861977637,0.18549130854294024,0.13573930525929603,负面,中性,0.0,True
生活区,BV1X75X6rEui,说到做到！不计成本逛离谱超市，会花多少钱？,1574484,95308,19126,6222,953,2192,人话：本土鸡蛋,,人话本土鸡蛋,0,0,4,0,0,0.0,0.0,0.0,0.0,0.0,0.0,0.0,0.0,0,0,0,0,0,0,0,0,无明显情感,未明确对象,未明确方面,中性,0,0.6643490883391847,0.12301121969775741,0.6643490883391847,0.21263969196305782,中性,中性,,False
生活区,BV1X75X6rEui,说到做到！不计成本逛离谱超市，会花多少钱？,1574484,95308,19126,6222,953,2192,4-6个人来一次无限制格斗，赢的那人刚好能吃。应该是这个意思,,46个人来一次无限制格斗，赢的那人刚好能吃。应该是这个意思,0,0,17,0,0,0.0,0.0,0.0,0.0,0.0,0.0,0.0,0.0,0,0,0,0,0,0,0,0,无明显情感,未明确对象,比赛表现,中性,0,0.7195503649063633,0.17304221325774394,0.7195503649063633,0.1074074218358929,中性,中性,,False
生活区,BV1X75X6rEui,说到做到！不计成本逛离谱超市，会花多少钱？,1574484,95308,19126,6222,953,2192,就最后一句是真的,,就最后一句是真的,0,0,3,0,0,0.0,0.0,0.0,0.0,0.0,0.0,0.0,0.0,0,0,0,0,0,0,0,0,无明显情感,未明确对象,未明确方面,中性,0,0.5188140313159405,0.2111061520884167,0.5188140313159405,0.27007981659564284,中性,中性,,False
生活区,BV1X75X6rEui,说到做到！不计成本逛离谱超市，会花多少钱？,1574484,95308,19126,6222,953,2192,合理怀疑是海底捞自热锅软广,,合理怀疑是海底捞自热锅软广,0,0,7,0,0,0.0,0.0,0.0,0.0,0.0,0.0,0.0,0.0,0,0,0,0,0,0,0,0,无明显情感,未明确对象,未明确方面,中性,0,0.7373192072531654,0.17106314672880463,0.7373192072531654,0.09161764601803002,中性,中性,,False
生活区,BV1X75X6rEui,说到做到！不计成本逛离谱超市，会花多少钱？,1574484,95308,19126,6222,953,2192,这不就是大米+藜麦+小米吗,,这不就是大米藜麦小米吗,0,0,6,0,0,0.0,0.0,0.0,0.0,0.0,0.0,0.0,0.0,0,0,0,0,0,0,0,0,无明显情感,未明确对象,未明确方面,中性,0,0.54781471280999,0.4365463573333464,0.54781471280999,0.015638929856663708,中性,中性,,False
生活区,BV1X75X6rEui,说到做到！不计成本逛离谱超市，会花多少钱？,1574484,95308,19126,6222,953,2192,先把鱼汤倒倒啊老铁，要不然发腥,,先把鱼汤倒倒啊老铁，要不然发腥,0,0,9,0,0,0.0,0.0,0.0,0.0,0.0,0.0,0.0,0.0,0,0,0,0,0,0,0,0,无明显情感,未明确对象,未明确方面,中性,0,0.39978672620238775,0.37513686463645035,0.39978672620238775,0.2250764091611618,中性,中性,0.0,True
生活区,BV1X75X6rEui,说到做到！不计成本逛离谱超市，会花多少钱？,1574484,95308,19126,6222,953,2192,不能吃太油腻的（doge）,,不能吃太油腻的doge,0,1,5,0,0,-1.8,0.0,1.8,1.8,0.2,-1.8,0.0,1.8,0,0,0,0,0,0,0,1,对象评价,未明确对象,未明确方面,负面,-1,0.4997182838197364,0.4997182838197364,0.4722625106101746,0.028019205570089002,负面,中性,0.0,True
生活区,BV1X75X6rEui,说到做到！不计成本逛离谱超市，会花多少钱？,1574484,95308,19126,6222,953,2192,这不就二米饭加点藜麦吗,,这不就二米饭加点藜麦吗,0,0,7,0,0,0.0,0.0,0.0,0.0,0.0,0.0,0.0,0.0,0,0,0,0,0,0,0,0,无明显情感,未明确对象,未明确方面,中性,-1,0.6522095060354208,0.6522095060354208,0.3183582626391745,0.02943223132540467,负面,负面,,False
生活区,BV1X75X6rEui,说到做到！不计成本逛离谱超市，会花多少钱？,1574484,95308,19126,6222,953,2192,这一边也就一个正常大小的面饼啊，算上菜一边也不够两个人吧，顶天三个人吃差不多了,,这一边也就一个正常大小的面饼啊，算上菜一边也不够两个人吧，顶天三个人吃差不多了,0,0,20,0,0,0.0,0.0,0.0,0.0,0.0,0.0,0.0,0.0,0,0,0,0,0,0,0,0,无明显情感,未明确对象,未明确方面,中性,-1,0.7441301489410145,0.7441301489410145,0.22053189560045644,0.035337955458529205,负面,负面,,False
生活区,BV1X75X6rEui,说到做到！不计成本逛离谱超市，会花多少钱？,1574484,95308,19126,6222,953,2192,懂了，杂粮米饭，打着升糖慢的旗号，实则自己也能配,,懂了，杂粮米饭，打着升糖慢的旗号，实则自己也能配,1,0,13,0,0,1.0,1.0,0.0,1.0,0.07692307692307693,1.0,1.0,0.0,0,0,0,0,1,0,0,1,对象评价+认知状态,未明确对象,理解与难度,正面,1,0.48600311204568075,0.2955723077653525,0.21842458018896688,0.48600311204568075,正面,中性,0.0,True
生活区,BV1X75X6rEui,说到做到！不计成本逛离谱超市，会花多少钱？,1574484,95308,19126,6222,953,2192,不是广告，这介绍谁会买,,不是广告，这介绍谁会买,0,0,7,0,0,0.0,0.0,0.0,0.0,0.0,0.0,0.0,0.0,0,0,0,0,0,0,0,0,无明显情感,未明确对象,未明确方面,中性,-1,0.8798344589886122,0.8798344589886122,0.0944931564676756,0.025672384543712113,负面,负面,,False
生活区,BV1X75X6rEui,说到做到！不计成本逛离谱超市，会花多少钱？,1574484,95308,19126,6222,953,2192,嘴角比AK还难压,,嘴角比AK还难压,0,0,5,0,0,0.0,0.0,0.0,0.0,0.0,0.0,0.0,0.0,0,0,0,0,0,0,0,0,无明显情感,未明确对象,理解与难度,中性,0,0.46973556695820334,0.28912888079437205,0.46973556695820334,0.24113555224742453,中性,中性,,False
生活区,BV1X75X6rEui,说到做到！不计成本逛离谱超市，会花多少钱？,1574484,95308,19126,6222,953,2192,不是不计成本吗，晚餐有点敷衍了（）doge,,不是不计成本吗，晚餐有点敷衍了doge,0,1,6,0,0,-1.0,0.0,1.0,1.0,0.16666666666666666,-1.0,0.0,1.0,0,0,0,0,0,0,0,1,对象评价,未明确对象,未明确方面,负面,-1,0.7127600371909344,0.7127600371909344,0.2736058855980278,0.013634077211037834,负面,负面,-1.0,True
生活区,BV1X75X6rEui,说到做到！不计成本逛离谱超市，会花多少钱？,1574484,95308,19126,6222,953,2192,我要一些火腿和鸡蛋，一块上好的牛排，配上所有的配菜，再浇上浓浓的汁儿,,我要一些火腿和鸡蛋，一块上好的牛排，配上所有的配菜，再浇上浓浓的汁儿,0,0,20,0,0,0.0,0.0,0.0,0.0,0.0,0.0,0.0,0.0,0,0,0,0,0,0,0,0,无明显情感,未明确对象,未明确方面,中性,1,0.5606834510609235,0.3043743752108895,0.13494217372818704,0.5606834510609235,正面,正面,1.0,True
生活区,BV1X75X6rEui,说到做到！不计成本逛离谱超市，会花多少钱？,1574484,95308,19126,6222,953,2192,我是姐妹,,我是姐妹,0,0,1,0,0,0.0,0.0,0.0,0.0,0.0,0.0,0.0,0.0,0,0,0,0,0,0,0,0,无明显情感,未明确对象,未明确方面,中性,0,0.70360903692643,0.2501164787380655,0.70360903692643,0.046274484335504594,中性,中性,,False
生活区,BV1X75X6rEui,说到做到！不计成本逛离谱超市，会花多少钱？,1574484,95308,19126,6222,953,2192,五百块的鱼不找个大厨烧一下？,,五百块的鱼不找个大厨烧一下？,0,0,7,0,1,0.0,0.0,0.0,0.0,0.0,0.0,0.0,0.0,0,0,0,0,0,0,0,0,无明显情感,未明确对象,未明确方面,中性,0,0.5131794652157496,0.45191392630558597,0.5131794652157496,0.03490660847866457,中性,中性,,False
生活区,BV1X75X6rEui,说到做到！不计成本逛离谱超市，会花多少钱？,1574484,95308,19126,6222,953,2192,彩椒:我的意义是什么,,彩椒我的意义是什么,0,0,3,0,0,0.0,0.0,0.0,0.0,0.0,0.0,0.0,0.0,0,0,0,0,0,0,0,0,无明显情感,未明确对象,未明确方面,中性,0,0.8776850543968,0.060012904914598264,0.8776850543968,0.062302040688601706,中性,中性,,False
生活区,BV1X75X6rEui,说到做到！不计成本逛离谱超市，会花多少钱？,1574484,95308,19126,6222,953,2192,他自己就是美食博主啊,,他自己就是美食博主啊,0,0,4,0,0,0.0,0.0,0.0,0.0,0.0,0.0,0.0,0.0,0,0,0,0,0,0,0,0,无明显情感,讲解者,未明确方面,中性,0,0.8022766206787264,0.0745035443912415,0.8022766206787264,0.12321983493003207,中性,中性,,False
生活区,BV1X75X6rEui,说到做到！不计成本逛离谱超市，会花多少钱？,1574484,95308,19126,6222,953,2192,这是蛋黄派，不是贤宝宝哈哈哈↑,,这是蛋黄派，不是贤宝宝哈哈哈,1,0,7,0,0,1.0,1.0,0.0,1.0,0.14285714285714285,1.0,1.0,0.0,0,0,1,0,0,0,0,1,对象评价+自身情绪,未明确对象,娱乐与趣味,正面,1,0.6592534739152794,0.08105630786533126,0.2596902182193893,0.6592534739152794,正面,正面,,False
生活区,BV1X75X6rEui,说到做到！不计成本逛离谱超市，会花多少钱？,1574484,95308,19126,6222,953,2192,连吃带拿的来了,,连吃带拿的来了,0,0,5,0,0,0.0,0.0,0.0,0.0,0.0,0.0,0.0,0.0,0,0,0,0,0,0,0,0,无明显情感,未明确对象,未明确方面,中性,0,0.9483132830383105,0.031688272531135556,0.9483132830383105,0.01999844443055386,中性,中性,,False
生活区,BV1X75X6rEui,说到做到！不计成本逛离谱超市，会花多少钱？,1574484,95308,19126,6222,953,2192,姐妹们,,姐妹们,0,0,2,0,0,0.0,0.0,0.0,0.0,0.0,0.0,0.0,0.0,0,0,0,0,0,0,0,0,无明显情感,未明确对象,未明确方面,中性,0,0.7959218434339203,0.019844599935655,0.7959218434339203,0.18423355663042468,中性,中性,,False
生活区,BV1X75X6rEui,说到做到！不计成本逛离谱超市，会花多少钱？,1574484,95308,19126,6222,953,2192,《不爱吃肉》是吧？,,不爱吃肉是吧？,0,0,4,0,1,0.0,0.0,0.0,0.0,0.0,0.0,0.0,0.0,0,0,0,0,0,0,0,0,无明显情感,未明确对象,未明确方面,中性,0,0.691474329909108,0.26372753226447804,0.691474329909108,0.044798137826413974,中性,中性,,False
生活区,BV1X75X6rEui,说到做到！不计成本逛离谱超市，会花多少钱？,1574484,95308,19126,6222,953,2192,逼格拉满了,,逼格拉满了,0,0,3,0,0,0.0,0.0,0.0,0.0,0.0,0.0,0.0,0.0,0,0,0,0,0,0,0,0,无明显情感,未明确对象,未明确方面,中性,1,0.34541277535119264,0.31586892199862765,0.33871830265017966,0.34541277535119264,正面,正面,1.0,True
生活区,BV1X75X6rEui,说到做到！不计成本逛离谱超市，会花多少钱？,1574484,95308,19126,6222,953,2192,排除广子的嫌疑,,排除广子的嫌疑,0,0,3,0,0,0.0,0.0,0.0,0.0,0.0,0.0,0.0,0.0,0,0,0,0,0,0,0,0,无明显情感,未明确对象,未明确方面,中性,0,0.7522745574617877,0.1386219144501408,0.7522745574617877,0.10910352808807154,中性,中性,,False
生活区,BV1X75X6rEui,说到做到！不计成本逛离谱超市，会花多少钱？,1574484,95308,19126,6222,953,2192,一秒进入云南载歌载舞,,一秒进入云南载歌载舞,0,0,4,0,0,0.0,0.0,0.0,0.0,0.0,0.0,0.0,0.0,0,0,0,0,0,0,0,0,无明显情感,未明确对象,未明确方面,中性,0,0.64272756377712,0.16046188428263725,0.64272756377712,0.19681055194024275,中性,中性,,False
生活区,BV1X75X6rEui,说到做到！不计成本逛离谱超市，会花多少钱？,1574484,95308,19126,6222,953,2192,眼泪不争气的从嘴角流了出来,,眼泪不争气的从嘴角流了出来,0,0,6,0,0,0.0,0.0,0.0,0.0,0.0,0.0,0.0,0.0,0,0,0,0,0,0,0,0,无明显情感,未明确对象,未明确方面,中性,0,0.43763132043870057,0.265052097409681,0.43763132043870057,0.29731658215161844,中性,正面,1.0,True
生活区,BV1X75X6rEui,说到做到！不计成本逛离谱超市，会花多少钱？,1574484,95308,19126,6222,953,2192,日落果：为选中的角色恢复300点生命值,,日落果为选中的角色恢复300点生命值,0,0,9,0,0,0.0,0.0,0.0,0.0,0.0,0.0,0.0,0.0,0,0,0,0,0,0,0,0,无明显情感,未明确对象,未明确方面,中性,0,0.6213189001336753,0.2637103274421964,0.6213189001336753,0.11497077242412829,中性,中性,,False
生活区,BV1X75X6rEui,说到做到！不计成本逛离谱超市，会花多少钱？,1574484,95308,19126,6222,953,2192,连吃带拿的怎么还,,连吃带拿的怎么还,0,0,6,0,0,0.0,0.0,0.0,0.0,0.0,0.0,0.0,0.0,0,0,0,0,0,0,0,0,无明显情感,未明确对象,未明确方面,中性,0,0.6021359085149501,0.36292575001148547,0.6021359085149501,0.0349383414735644,中性,中性,,False
生活区,BV1X75X6rEui,说到做到！不计成本逛离谱超市，会花多少钱？,1574484,95308,19126,6222,953,2192,广告还能这么说？,,广告还能这么说？,0,0,6,0,1,0.0,0.0,0.0,0.0,0.0,0.0,0.0,0.0,0,0,0,0,0,0,0,0,无明显情感,未明确对象,未明确方面,中性,-1,0.6497509776615359,0.6497509776615359,0.27397619261429734,0.0762728297241668,负面,负面,,False
生活区,BV1X75X6rEui,说到做到！不计成本逛离谱超市，会花多少钱？,1574484,95308,19126,6222,953,2192,感觉就2个人吃,,感觉就2个人吃,0,0,5,0,0,0.0,0.0,0.0,0.0,0.0,0.0,0.0,0.0,0,0,0,0,0,0,0,0,无明显情感,未明确对象,未明确方面,中性,-1,0.6453515447293772,0.6453515447293772,0.31470909179688117,0.03993936347374167,负面,负面,,False
生活区,BV1X75X6rEui,说到做到！不计成本逛离谱超市，会花多少钱？,1574484,95308,19126,6222,953,2192,细节：不是B站,,细节不是B站,0,0,4,0,0,0.0,0.0,0.0,0.0,0.0,0.0,0.0,0.0,0,0,0,0,0,0,0,0,无明显情感,未明确对象,未明确方面,中性,0,0.7014434448935202,0.14774162936941856,0.7014434448935202,0.15081492573706137,中性,中性,,False
生活区,BV1X75X6rEui,说到做到！不计成本逛离谱超市，会花多少钱？,1574484,95308,19126,6222,953,2192,《清淡》,,清淡,0,0,1,0,0,0.0,0.0,0.0,0.0,0.0,0.0,0.0,0.0,0,0,0,0,0,0,0,0,无明显情感,未明确对象,未明确方面,中性,0,0.6613337795964743,0.14035796080361848,0.6613337795964743,0.19830825959990717,中性,中性,,False
生活区,BV1X75X6rEui,说到做到！不计成本逛离谱超市，会花多少钱？,1574484,95308,19126,6222,953,2192,晚餐拖后腿了,,晚餐拖后腿了,0,1,2,0,0,-1.0,0.0,1.0,1.0,0.5,-1.0,0.0,1.0,0,0,0,0,0,0,0,1,对象评价,未明确对象,未明确方面,负面,-1,0.8103178826623918,0.8103178826623918,0.13447155166751293,0.055210565670095225,负面,负面,-1.0,True
生活区,BV1X75X6rEui,说到做到！不计成本逛离谱超市，会花多少钱？,1574484,95308,19126,6222,953,2192,我肠胃，嚼嚼嚼，不好，嚼嚼嚼，啊~,,我肠胃，嚼嚼嚼，不好，嚼嚼嚼，啊,0,0,12,0,0,0.0,0.0,0.0,0.0,0.0,0.0,0.0,0.0,0,0,0,0,0,0,0,0,无明显情感,未明确对象,未明确方面,中性,-1,0.9148216642081056,0.9148216642081056,0.03272291747274777,0.05245541831914652,负面,负面,,False
生活区,BV1X75X6rEui,说到做到！不计成本逛离谱超市，会花多少钱？,1574484,95308,19126,6222,953,2192,其实是在说牛肉滴血,,其实是在说牛肉滴血,0,0,5,0,0,0.0,0.0,0.0,0.0,0.0,0.0,0.0,0.0,0,0,0,0,0,0,0,0,无明显情感,未明确对象,未明确方面,中性,-1,0.8577919532573909,0.8577919532573909,0.1269922867519932,0.01521575999061592,负面,负面,,False
生活区,BV1X75X6rEui,说到做到！不计成本逛离谱超市，会花多少钱？,1574484,95308,19126,6222,953,2192,省流：本地蛋,,省流本地蛋,0,0,3,0,0,0.0,0.0,0.0,0.0,0.0,0.0,0.0,0.0,0,0,0,0,0,0,0,0,无明显情感,未明确对象,未明确方面,中性,0,0.5041948898260529,0.34659811019914977,0.5041948898260529,0.1492069999747973,中性,中性,,False
生活区,BV1X75X6rEui,说到做到！不计成本逛离谱超市，会花多少钱？,1574484,95308,19126,6222,953,2192,百分百是牌子吗,,百分百是牌子吗,0,0,2,0,0,0.0,0.0,0.0,0.0,0.0,0.0,0.0,0.0,0,0,0,0,0,0,0,0,无明显情感,未明确对象,未明确方面,中性,0,0.8591779687690473,0.09327006460104287,0.8591779687690473,0.04755196662990983,中性,中性,,False
生活区,BV1X75X6rEui,说到做到！不计成本逛离谱超市，会花多少钱？,1574484,95308,19126,6222,953,2192,这个里面啥都没有，可以看别的up测评,,这个里面啥都没有，可以看别的up测评,1,0,11,0,0,1.0,1.0,0.0,1.0,0.09090909090909091,1.0,1.0,0.0,0,0,0,0,0,0,0,1,对象评价,讲解者,未明确方面,正面,-1,0.828395759969898,0.828395759969898,0.06848696890588549,0.10311727112421672,负面,负面,-1.0,True
生活区,BV1X75X6rEui,说到做到！不计成本逛离谱超市，会花多少钱？,1574484,95308,19126,6222,953,2192,吃过，东西特别少,,吃过，东西特别少,0,0,6,0,0,0.0,0.0,0.0,0.0,0.0,0.0,0.0,0.0,0,0,0,0,0,0,0,0,无明显情感,未明确对象,未明确方面,中性,-1,0.7500548813404394,0.7500548813404394,0.14307355471711314,0.10687156394244754,负面,负面,-1.0,True
生活区,BV1X75X6rEui,说到做到！不计成本逛离谱超市，会花多少钱？,1574484,95308,19126,6222,953,2192,六个小鸟胃女生,,六个小鸟胃女生,0,0,4,0,0,0.0,0.0,0.0,0.0,0.0,0.0,0.0,0.0,0,0,0,0,0,0,0,0,无明显情感,未明确对象,未明确方面,中性,0,0.64272756377712,0.16046188428263725,0.64272756377712,0.19681055194024275,中性,中性,,False
生活区,BV1X75X6rEui,说到做到！不计成本逛离谱超市，会花多少钱？,1574484,95308,19126,6222,953,2192,严重怀疑加的是小米,,严重怀疑加的是小米,0,0,4,0,0,0.0,0.0,0.0,0.0,0.0,0.0,0.0,0.0,0,0,0,0,0,0,0,0,无明显情感,未明确对象,未明确方面,中性,0,0.8352823817675454,0.056548892162322464,0.8352823817675454,0.10816872607013209,中性,中性,,False
生活区,BV1X75X6rEui,说到做到！不计成本逛离谱超市，会花多少钱？,1574484,95308,19126,6222,953,2192,慢糖减糖就是噱头，不如吃饭先菜再肉后饭,,慢糖减糖就是噱头，不如吃饭先菜再肉后饭,0,0,12,0,0,0.0,0.0,0.0,0.0,0.0,0.0,0.0,0.0,0,0,0,0,0,0,0,0,无明显情感,未明确对象,未明确方面,中性,-1,0.742916690121257,0.742916690121257,0.17165895609731702,0.08542435378142588,负面,负面,,False
生活区,BV1X75X6rEui,说到做到！不计成本逛离谱超市，会花多少钱？,1574484,95308,19126,6222,953,2192,可以一键退出了，广子,,可以一键退出了，广子,1,0,5,0,0,1.0,1.0,0.0,1.0,0.2,1.0,1.0,0.0,0,0,0,0,0,0,0,1,对象评价,未明确对象,未明确方面,正面,-1,0.7451864610456713,0.7451864610456713,0.11714420825059374,0.13766933070373502,负面,负面,-1.0,True
生活区,BV1X75X6rEui,说到做到！不计成本逛离谱超市，会花多少钱？,1574484,95308,19126,6222,953,2192,总结：国产鸡蛋,,总结国产鸡蛋,0,0,3,0,0,0.0,0.0,0.0,0.0,0.0,0.0,0.0,0.0,0,0,0,0,0,0,0,0,无明显情感,未明确对象,未明确方面,中性,0,0.5239065566255835,0.17842165427876353,0.5239065566255835,0.29767178909565306,中性,中性,,False
生活区,BV1X75X6rEui,说到做到！不计成本逛离谱超市，会花多少钱？,1574484,95308,19126,6222,953,2192,《不计成本》,,不计成本,0,0,1,0,0,0.0,0.0,0.0,0.0,0.0,0.0,0.0,0.0,0,0,0,0,0,0,0,0,无明显情感,未明确对象,未明确方面,中性,-1,0.44721011883025347,0.44721011883025347,0.41706241993277154,0.13572746123697496,负面,负面,,False
生活区,BV1X75X6rEui,说到做到！不计成本逛离谱超市，会花多少钱？,1574484,95308,19126,6222,953,2192,这种表述完全是排雷的程度了，应该不是广,,这种表述完全是排雷的程度了，应该不是广,0,0,9,0,0,0.0,0.0,0.0,0.0,0.0,0.0,0.0,0.0,0,0,0,0,0,0,0,0,无明显情感,未明确对象,未明确方面,中性,0,0.4752372739094128,0.4738131587725231,0.4752372739094128,0.05094956731806402,中性,中性,,False
生活区,BV1X75X6rEui,说到做到！不计成本逛离谱超市，会花多少钱？,1574484,95308,19126,6222,953,2192,OK～～～,,OK,0,0,1,0,0,0.0,0.0,0.0,0.0,0.0,0.0,0.0,0.0,0,0,0,0,0,0,0,0,无明显情感,未明确对象,未明确方面,中性,0,0.6613337795964743,0.14035796080361848,0.6613337795964743,0.19830825959990717,中性,中性,,False
生活区,BV1X75X6rEui,说到做到！不计成本逛离谱超市，会花多少钱？,1574484,95308,19126,6222,953,2192,偷偷计成本了,,偷偷计成本了,0,0,3,0,0,0.0,0.0,0.0,0.0,0.0,0.0,0.0,0.0,0,0,0,0,0,0,0,0,无明显情感,未明确对象,未明确方面,中性,-1,0.7128037276480582,0.7128037276480582,0.21340729899105138,0.07378897336089046,负面,负面,,False
生活区,BV1X75X6rEui,说到做到！不计成本逛离谱超市，会花多少钱？,1574484,95308,19126,6222,953,2192,甲方出现,,甲方出现,0,0,2,0,0,0.0,0.0,0.0,0.0,0.0,0.0,0.0,0.0,0,0,0,0,0,0,0,0,无明显情感,未明确对象,未明确方面,中性,0,0.7940987859547085,0.09551265178637507,0.7940987859547085,0.11038856225891643,中性,中性,,False
生活区,BV1X75X6rEui,说到做到！不计成本逛离谱超市，会花多少钱？,1574484,95308,19126,6222,953,2192,椰子水6.9很便宜,,椰子水6.9很便宜,0,0,5,0,0,0.0,0.0,0.0,0.0,0.0,0.0,0.0,0.0,0,0,0,0,0,0,0,0,无明显情感,未明确对象,未明确方面,中性,0,0.6165484227415787,0.30940747527312473,0.6165484227415787,0.07404410198529665,中性,中性,,False
生活区,BV1X75X6rEui,说到做到！不计成本逛离谱超市，会花多少钱？,1574484,95308,19126,6222,953,2192,肯定不是广，哪有这么介绍产品的,,肯定不是广，哪有这么介绍产品的,1,0,8,0,0,1.0,1.0,0.0,1.0,0.125,1.0,1.0,0.0,0,0,0,0,0,0,0,1,对象评价,未明确对象,未明确方面,正面,-1,0.4970222778187266,0.4970222778187266,0.33546482202708877,0.16751290015418457,负面,中性,0.0,True
生活区,BV1X75X6rEui,说到做到！不计成本逛离谱超市，会花多少钱？,1574484,95308,19126,6222,953,2192,还要一大勺浓浓的汁,,还要一大勺浓浓的汁,0,0,5,0,0,0.0,0.0,0.0,0.0,0.0,0.0,0.0,0.0,0,0,0,0,0,0,0,0,无明显情感,未明确对象,未明确方面,中性,0,0.6361716333369394,0.16765974534753447,0.6361716333369394,0.1961686213155261,中性,中性,,False
生活区,BV1X75X6rEui,说到做到！不计成本逛离谱超市，会花多少钱？,1574484,95308,19126,6222,953,2192,建议可以先把水放好再丢自热包 这样会好一点,,建议可以先把水放好再丢自热包这样会好一点,1,0,12,0,0,1.0,1.0,0.0,1.0,0.08333333333333333,1.0,1.0,0.0,0,0,0,0,0,0,0,1,对象评价,未明确对象,未明确方面,正面,0,0.5163216280477855,0.12552790908837225,0.5163216280477855,0.35815046286384233,中性,正面,1.0,True
生活区,BV1X75X6rEui,说到做到！不计成本逛离谱超市，会花多少钱？,1574484,95308,19126,6222,953,2192,芦蒿你不认识吗，你没有被小卢薅过吗？,,芦蒿你不认识吗，你没有被小卢薅过吗？,0,0,10,0,1,0.0,0.0,0.0,0.0,0.0,0.0,0.0,0.0,0,0,0,0,0,0,0,0,无明显情感,未明确对象,未明确方面,中性,-1,0.808794338981358,0.808794338981358,0.15965512197778453,0.03155053904085742,负面,负面,,False
生活区,BV1X75X6rEui,说到做到！不计成本逛离谱超市，会花多少钱？,1574484,95308,19126,6222,953,2192,不能这么算，你又没有全吃完，怎么就300多了？,,不能这么算，你又没有全吃完，怎么就300多了？,0,0,14,0,1,0.0,0.0,0.0,0.0,0.0,0.0,0.0,0.0,0,0,0,0,0,0,0,0,无明显情感,未明确对象,未明确方面,中性,-1,0.8273053313985882,0.8273053313985882,0.14721702058918748,0.025477648012224147,负面,负面,,False
生活区,BV1X75X6rEui,说到做到！不计成本逛离谱超市，会花多少钱？,1574484,95308,19126,6222,953,2192,痛苦就不给币了，希望派不要再折磨自己了,,痛苦就不给币了，希望派不要再折磨自己了,0,2,11,0,0,-2.0,0.0,2.0,2.0,0.18181818181818182,-2.0,0.0,2.0,0,0,0,0,0,0,0,1,对象评价,未明确对象,未明确方面,负面,-1,0.9692760801629154,0.9692760801629154,0.026686660704713348,0.004037259132371076,负面,负面,,False
生活区,BV1X75X6rEui,说到做到！不计成本逛离谱超市，会花多少钱？,1574484,95308,19126,6222,953,2192,你该不会要用椰子水煮火锅吧,,你该不会要用椰子水煮火锅吧,0,1,7,0,0,-1.0,0.0,1.0,1.0,0.14285714285714285,-1.0,0.0,1.0,0,0,0,0,0,0,0,1,对象评价,未明确对象,未明确方面,负面,-1,0.6018661468403455,0.6018661468403455,0.37591593138944224,0.022217921770212302,负面,负面,,False
生活区,BV1X75X6rEui,说到做到！不计成本逛离谱超市，会花多少钱？,1574484,95308,19126,6222,953,2192,“清淡一点”,,清淡一点,0,0,2,0,0,0.0,0.0,0.0,0.0,0.0,0.0,0.0,0.0,0,0,0,0,0,0,0,0,无明显情感,未明确对象,未明确方面,中性,0,0.7435489339166831,0.22652658237534345,0.7435489339166831,0.02992448370797343,中性,中性,,False
生活区,BV1X75X6rEui,说到做到！不计成本逛离谱超市，会花多少钱？,1574484,95308,19126,6222,953,2192,内心特别痛苦为什么没有早点吃,,内心特别痛苦为什么没有早点吃,0,1,7,0,0,-1.0,0.0,1.0,1.0,0.14285714285714285,-1.0,0.0,1.0,0,0,0,0,0,0,0,1,对象评价,未明确对象,未明确方面,负面,-1,0.9011478561226156,0.9011478561226156,0.0895385467067472,0.009313597170637046,负面,负面,-1.0,True
生活区,BV1X75X6rEui,说到做到！不计成本逛离谱超市，会花多少钱？,1574484,95308,19126,6222,953,2192,下次点赞过 10 万能不计成本请粉丝吃一天吗,,下次点赞过10万能不计成本请粉丝吃一天吗,1,0,9,0,0,1.0,1.0,0.0,1.0,0.1111111111111111,1.0,1.0,0.0,0,0,0,0,0,0,0,1,对象评价,未明确对象,未明确方面,正面,0,0.4616699771232828,0.27325381460413767,0.4616699771232828,0.26507620827257955,中性,正面,,False
生活区,BV1X75X6rEui,说到做到！不计成本逛离谱超市，会花多少钱？,1574484,95308,19126,6222,953,2192,不是广子为什么买这个东西,,不是广子为什么买这个东西,0,0,6,0,0,0.0,0.0,0.0,0.0,0.0,0.0,0.0,0.0,0,0,0,0,0,0,0,0,无明显情感,未明确对象,未明确方面,中性,0,0.5259630119556044,0.44867319905245107,0.5259630119556044,0.02536378899194463,中性,中性,,False
生活区,BV1X75X6rEui,说到做到！不计成本逛离谱超市，会花多少钱？,1574484,95308,19126,6222,953,2192,建议可以先把水放好再丢自热包 这样会不会好一点呢？,,建议可以先把水放好再丢自热包这样会不会好一点呢？,1,1,14,0,1,0.0,1.0,1.0,0.0,0.14285714285714285,0.0,1.0,1.0,0,1,0,0,0,0,0,1,对象评价,未明确对象,未明确方面,混合,0,0.5508528329533093,0.37451612175266474,0.5508528329533093,0.07463104529402606,中性,中性,0.0,True
生活区,BV1X75X6rEui,说到做到！不计成本逛离谱超市，会花多少钱？,1574484,95308,19126,6222,953,2192,果然鸳鸯锅的尽头都是辣锅和微辣锅,,果然鸳鸯锅的尽头都是辣锅和微辣锅,0,0,6,0,0,0.0,0.0,0.0,0.0,0.0,0.0,0.0,0.0,0,0,0,0,0,0,0,0,无明显情感,未明确对象,未明确方面,中性,0,0.7487850910075304,0.17190489911079268,0.7487850910075304,0.07931000988167693,中性,中性,,False
生活区,BV1X75X6rEui,说到做到！不计成本逛离谱超市，会花多少钱？,1574484,95308,19126,6222,953,2192,这是广告吧哈哈哈,,这是广告吧哈哈哈,1,0,3,0,0,1.0,1.0,0.0,1.0,0.3333333333333333,1.0,1.0,0.0,0,0,1,0,0,0,0,1,对象评价+自身情绪,未明确对象,娱乐与趣味,正面,1,0.6407553893789478,0.02803737612581641,0.33120723449523576,0.6407553893789478,正面,正面,,False
生活区,BV1X75X6rEui,说到做到！不计成本逛离谱超市，会花多少钱？,1574484,95308,19126,6222,953,2192,l过于奢侈了,,l过于奢侈了,0,0,3,0,0,0.0,0.0,0.0,0.0,0.0,0.0,0.0,0.0,0,0,0,0,0,0,0,0,无明显情感,未明确对象,未明确方面,中性,0,0.5704719055673305,0.3125141069236536,0.5704719055673305,0.1170139875090159,中性,中性,,False
生活区,BV1X75X6rEui,说到做到！不计成本逛离谱超市，会花多少钱？,1574484,95308,19126,6222,953,2192,你的观众只有兄弟们？？？,,你的观众只有兄弟们？？？,0,0,7,0,3,0.0,0.0,0.0,0.0,0.0,0.0,0.0,0.0,0,0,0,0,0,0,0,0,无明显情感,未明确对象,未明确方面,中性,-1,0.7671852909593905,0.7671852909593905,0.18414087382312586,0.04867383521748361,负面,负面,,False
生活区,BV1X75X6rEui,说到做到！不计成本逛离谱超市，会花多少钱？,1574484,95308,19126,6222,953,2192,这得要不少钱先生,,这得要不少钱先生,0,0,5,0,0,0.0,0.0,0.0,0.0,0.0,0.0,0.0,0.0,0,0,0,0,0,0,0,0,无明显情感,未明确对象,未明确方面,中性,0,0.5133468336032104,0.20380115443054486,0.5133468336032104,0.28285201196624465,中性,中性,,False
生活区,BV1X75X6rEui,说到做到！不计成本逛离谱超市，会花多少钱？,1574484,95308,19126,6222,953,2192,肯定不是广啊刚刚开始其实就没怎么夸 甲方看审片看到这个能同意吗？,,肯定不是广啊刚刚开始其实就没怎么夸甲方看审片看到这个能同意吗？,2,0,17,0,1,2.0,2.0,0.0,2.0,0.11764705882352941,2.0,2.0,0.0,0,0,0,0,0,1,0,1,对象评价+立场,未明确对象,未明确方面,正面,-1,0.7902833309757277,0.7902833309757277,0.1188174921412945,0.09089917688297795,负面,负面,-1.0,True
生活区,BV1X75X6rEui,说到做到！不计成本逛离谱超市，会花多少钱？,1574484,95308,19126,6222,953,2192,Ole就是贼拉贵，水果说是进口的比别家贵，蔬菜你看是说有机的也贵，但是其他不懂为啥这么贵...,,Ole就是贼拉贵，水果说是进口的比别家贵，蔬菜你看是说有机的也贵，但是其他不懂为啥这么贵...,0,0,26,0,0,0.0,0.0,0.0,0.0,0.0,0.0,0.0,0.0,1,0,0,0,0,0,0,0,无明显情感,未明确对象,未明确方面,中性,-1,0.9486749937114622,0.9486749937114622,0.03625461393454054,0.015070392353997111,负面,负面,,False
生活区,BV1X75X6rEui,说到做到！不计成本逛离谱超市，会花多少钱？,1574484,95308,19126,6222,953,2192,都讨论是不是广  所以是广告又怎样？,,都讨论是不是广所以是广告又怎样？,0,0,9,0,1,0.0,0.0,0.0,0.0,0.0,0.0,0.0,0.0,0,0,0,0,0,0,0,0,无明显情感,未明确对象,未明确方面,中性,0,0.6634635519177485,0.3168083725354366,0.6634635519177485,0.019728075546814928,中性,中性,,False
生活区,BV1X75X6rEui,说到做到！不计成本逛离谱超市，会花多少钱？,1574484,95308,19126,6222,953,2192,不计成本饭店系列来一期啊！！！！！,,不计成本饭店系列来一期啊！！！！！,0,0,10,5,0,0.0,0.0,0.0,0.0,0.0,0.0,0.0,0.0,0,0,0,0,0,0,0,0,无明显情感,未明确对象,未明确方面,中性,-1,0.4953471716859716,0.4953471716859716,0.2402256758303528,0.26442715248367554,负面,中性,0.0,True
生活区,BV1X75X6rEui,说到做到！不计成本逛离谱超市，会花多少钱？,1574484,95308,19126,6222,953,2192,自热锅不好吃，瞬间撤下哈哈,,自热锅不好吃，瞬间撤下哈哈,1,0,9,0,0,1.0,1.0,0.0,1.0,0.1111111111111111,1.0,1.0,0.0,0,0,1,0,0,0,0,1,对象评价+自身情绪,未明确对象,娱乐与趣味,正面,1,0.4757598564176041,0.20906989227786144,0.3151702513045345,0.4757598564176041,正面,正面,,False
生活区,BV1X75X6rEui,说到做到！不计成本逛离谱超市，会花多少钱？,1574484,95308,19126,6222,953,2192,这一眼广告啊,,这一眼广告啊,0,0,2,0,0,0.0,0.0,0.0,0.0,0.0,0.0,0.0,0.0,0,0,0,0,0,0,0,0,无明显情感,未明确对象,未明确方面,中性,-1,0.8502885268775587,0.8502885268775587,0.0820517325841163,0.06765974053832502,负面,负面,,False
生活区,BV1X75X6rEui,说到做到！不计成本逛离谱超市，会花多少钱？,1574484,95308,19126,6222,953,2192,泪目，妙终于又回来了,,泪目，妙终于又回来了,1,0,6,0,0,1.0,1.0,0.0,1.0,0.16666666666666666,1.0,1.0,0.0,0,0,1,0,0,0,0,1,对象评价+自身情绪,未明确对象,未明确方面,正面,1,0.864390826103452,0.0372946757037825,0.09831449819276548,0.864390826103452,正面,正面,,False
生活区,BV1X75X6rEui,说到做到！不计成本逛离谱超市，会花多少钱？,1574484,95308,19126,6222,953,2192,下面可以自来水  矿泉水 奢侈了,,下面可以自来水矿泉水奢侈了,1,0,5,0,0,1.0,1.0,0.0,1.0,0.2,1.0,1.0,0.0,0,0,0,0,0,0,0,1,对象评价,未明确对象,未明确方面,正面,-1,0.49249020971664353,0.49249020971664353,0.375049022044158,0.13246076823919847,负面,中性,0.0,True
生活区,BV1X75X6rEui,说到做到！不计成本逛离谱超市，会花多少钱？,1574484,95308,19126,6222,953,2192,想起前几年那个觉得6百块不够早餐的明星了,,想起前几年那个觉得6百块不够早餐的明星了,0,0,10,0,0,0.0,0.0,0.0,0.0,0.0,0.0,0.0,0.0,0,0,0,0,0,0,0,0,无明显情感,未明确对象,未明确方面,中性,-1,0.771619592947027,0.771619592947027,0.13286663231872847,0.09551377473424459,负面,负面,-1.0,True
生活区,BV1X75X6rEui,说到做到！不计成本逛离谱超市，会花多少钱？,1574484,95308,19126,6222,953,2192,不爱吃，尿酸高（doge）,,不爱吃，尿酸高doge,0,0,6,0,0,0.0,0.0,0.0,0.0,0.0,0.0,0.0,0.0,0,0,0,0,0,0,0,0,无明显情感,未明确对象,未明确方面,中性,0,0.7205967022618196,0.12436393125246346,0.7205967022618196,0.15503936648571684,中性,中性,,False
生活区,BV1X75X6rEui,说到做到！不计成本逛离谱超市，会花多少钱？,1574484,95308,19126,6222,953,2192,说得好，我选海鲈鱼,,说得好，我选海鲈鱼,1,0,4,0,0,1.0,1.0,0.0,1.0,0.25,1.0,1.0,0.0,0,0,0,0,0,0,0,1,对象评价,未明确对象,未明确方面,正面,1,0.7715813514275822,0.11330535813896946,0.11511329043344837,0.7715813514275822,正面,正面,,False
生活区,BV1X75X6rEui,说到做到！不计成本逛离谱超市，会花多少钱？,1574484,95308,19126,6222,953,2192,烤着吃？认真的？我们沿海这边都是清蒸的,,烤着吃？认真的？我们沿海这边都是清蒸的,1,0,11,0,2,1.0,1.0,0.0,1.0,0.09090909090909091,1.0,1.0,0.0,0,0,0,0,0,0,0,1,对象评价,未明确对象,未明确方面,正面,0,0.4833299663592055,0.35348842924042173,0.4833299663592055,0.16318160440037277,中性,中性,0.0,True
生活区,BV1X75X6rEui,说到做到！不计成本逛离谱超市，会花多少钱？,1574484,95308,19126,6222,953,2192,连吃带拿的。,,连吃带拿的。,0,0,5,0,0,0.0,0.0,0.0,0.0,0.0,0.0,0.0,0.0,0,0,0,0,0,0,0,0,无明显情感,未明确对象,未明确方面,中性,0,0.8250321724762945,0.10369292580036973,0.8250321724762945,0.07127490172333571,中性,中性,,False
生活区,BV1X75X6rEui,说到做到！不计成本逛离谱超市，会花多少钱？,1574484,95308,19126,6222,953,2192,海底捞味道再差差不到哪儿去,,海底捞味道再差差不到哪儿去,0,0,8,0,0,0.0,0.0,0.0,0.0,0.0,0.0,0.0,0.0,0,0,0,0,0,0,0,0,无明显情感,未明确对象,未明确方面,中性,0,0.5428595356812541,0.28682677568118276,0.5428595356812541,0.17031368863756305,中性,负面,,False
生活区,BV1X75X6rEui,说到做到！不计成本逛离谱超市，会花多少钱？,1574484,95308,19126,6222,953,2192,你自己想吃而已，顺便做个视频,,你自己想吃而已，顺便做个视频,0,0,8,0,0,0.0,0.0,0.0,0.0,0.0,0.0,0.0,0.0,0,0,0,0,0,0,0,0,无明显情感,视频内容,未明确方面,中性,0,0.7539971748952478,0.09913087288333122,0.7539971748952478,0.14687195222142094,中性,中性,,False
生活区,BV1X75X6rEui,说到做到！不计成本逛离谱超市，会花多少钱？,1574484,95308,19126,6222,953,2192,差点忘了是美食博主,,差点忘了是美食博主,0,0,4,0,0,0.0,0.0,0.0,0.0,0.0,0.0,0.0,0.0,0,0,0,0,0,0,0,0,无明显情感,讲解者,未明确方面,中性,0,0.6376568119728355,0.2293482975205197,0.6376568119728355,0.1329948905066448,中性,负面,,False
生活区,BV1X75X6rEui,说到做到！不计成本逛离谱超市，会花多少钱？,1574484,95308,19126,6222,953,2192,我是小学生上次我们班男生搞同学聚会吃这个6个人不够,,我是小学生上次我们班男生搞同学聚会吃这个6个人不够,0,0,12,0,0,0.0,0.0,0.0,0.0,0.0,0.0,0.0,0.0,0,0,0,0,0,0,0,0,无明显情感,未明确对象,未明确方面,中性,-1,0.802758097900604,0.802758097900604,0.1695658068868453,0.027676095212550655,负面,负面,,False
生活区,BV1X75X6rEui,说到做到！不计成本逛离谱超市，会花多少钱？,1574484,95308,19126,6222,953,2192,铺垫这么久就是为了这个广告,,铺垫这么久就是为了这个广告,0,0,6,0,0,0.0,0.0,0.0,0.0,0.0,0.0,0.0,0.0,0,0,0,0,0,0,0,0,无明显情感,未明确对象,未明确方面,中性,0,0.5619082302383963,0.34702676564070367,0.5619082302383963,0.09106500412089996,中性,中性,,False
生活区,BV1X75X6rEui,说到做到！不计成本逛离谱超市，会花多少钱？,1574484,95308,19126,6222,953,2192,我1个人吃完了…,,我1个人吃完了,0,1,4,0,0,-1.0,0.0,1.0,1.0,0.25,-1.0,0.0,1.0,0,0,0,0,0,0,0,1,对象评价,未明确对象,未明确方面,负面,0,0.7743938473466282,0.18127311937792132,0.7743938473466282,0.044333033275450406,中性,中性,0.0,True
生活区,BV1X75X6rEui,说到做到！不计成本逛离谱超市，会花多少钱？,1574484,95308,19126,6222,953,2192,这69？原材料的钱都去做推广了吧,,这69？原材料的钱都去做推广了吧,0,0,8,0,1,0.0,0.0,0.0,0.0,0.0,0.0,0.0,0.0,0,0,0,0,0,0,0,0,无明显情感,未明确对象,未明确方面,中性,-1,0.7947461535013765,0.7947461535013765,0.16057633151802597,0.044677514980597674,负面,负面,,False
生活区,BV1X75X6rEui,说到做到！不计成本逛离谱超市，会花多少钱？,1574484,95308,19126,6222,953,2192,听这个介绍也不是广子，评论区也没有链接。,,听这个介绍也不是广子，评论区也没有链接。,0,0,13,0,0,0.0,0.0,0.0,0.0,0.0,0.0,0.0,0.0,0,0,0,0,0,0,0,0,无明显情感,未明确对象,未明确方面,中性,-1,0.7619491298179064,0.7619491298179064,0.20748754018367851,0.030563329998415056,负面,负面,,False
生活区,BV1X75X6rEui,说到做到！不计成本逛离谱超市，会花多少钱？,1574484,95308,19126,6222,953,2192,全靠这个面条和粉丝称分量,,全靠这个面条和粉丝称分量,0,0,6,0,0,0.0,0.0,0.0,0.0,0.0,0.0,0.0,0.0,0,0,0,0,0,0,0,0,无明显情感,未明确对象,未明确方面,中性,0,0.525839558715572,0.3898811845116535,0.525839558715572,0.08427925677277463,中性,中性,,False
生活区,BV1X75X6rEui,说到做到！不计成本逛离谱超市，会花多少钱？,1574484,95308,19126,6222,953,2192,←软广？这么多甲方不打起来？或者每个商品给一笔钱？说不通啊（摇头）,,软广？这么多甲方不打起来？或者每个商品给一笔钱？说不通啊摇头,0,0,19,0,3,0.0,0.0,0.0,0.0,0.0,0.0,0.0,0.0,0,0,0,0,0,0,0,0,无明显情感,未明确对象,未明确方面,中性,-1,0.9527573839283456,0.9527573839283456,0.04336813084080495,0.0038744852308494116,负面,负面,,False
生活区,BV1X75X6rEui,说到做到！不计成本逛离谱超市，会花多少钱？,1574484,95308,19126,6222,953,2192,怪不得李湘家一个月好几万的和伙食费,,怪不得李湘家一个月好几万的和伙食费,0,0,5,0,0,0.0,0.0,0.0,0.0,0.0,0.0,0.0,0.0,0,0,0,0,0,0,0,0,无明显情感,未明确对象,未明确方面,中性,0,0.7370677872335483,0.14959649627153704,0.7370677872335483,0.11333571649491465,中性,中性,,False
生活区,BV1X75X6rEui,说到做到！不计成本逛离谱超市，会花多少钱？,1574484,95308,19126,6222,953,2192,让我承受这个痛苦寄给我,,让我承受这个痛苦寄给我,0,1,5,0,0,-1.0,0.0,1.0,1.0,0.2,-1.0,0.0,1.0,0,0,0,0,0,0,0,1,对象评价,未明确对象,未明确方面,负面,-1,0.8077837409754393,0.8077837409754393,0.15868800697426608,0.03352825205029465,负面,负面,-1.0,True
生活区,BV1X75X6rEui,说到做到！不计成本逛离谱超市，会花多少钱？,1574484,95308,19126,6222,953,2192,嘴角下来点,,嘴角下来点,0,0,3,0,0,0.0,0.0,0.0,0.0,0.0,0.0,0.0,0.0,0,0,0,0,0,0,0,0,无明显情感,未明确对象,未明确方面,中性,0,0.5258575491711224,0.2907937448977728,0.5258575491711224,0.1833487059311048,中性,中性,,False
生活区,BV1X75X6rEui,说到做到！不计成本逛离谱超市，会花多少钱？,1574484,95308,19126,6222,953,2192,东星斑盒马只要一百多啊 这也买的太贵了,,东星斑盒马只要一百多啊这也买的太贵了,0,1,8,0,0,-1.0,0.0,1.0,1.0,0.125,-1.0,0.0,1.0,0,0,0,0,0,0,0,1,对象评价,未明确对象,未明确方面,负面,-1,0.9187364803619442,0.9187364803619442,0.06966279769065443,0.011600721947401263,负面,负面,-1.0,True
生活区,BV1X75X6rEui,说到做到！不计成本逛离谱超市，会花多少钱？,1574484,95308,19126,6222,953,2192,不开玩笑，我男生1米9，这个锅不够我一个人吃,,不开玩笑，我男生1米9，这个锅不够我一个人吃,0,0,13,0,0,0.0,0.0,0.0,0.0,0.0,0.0,0.0,0.0,0,0,0,0,0,0,0,0,无明显情感,未明确对象,未明确方面,中性,-1,0.6397168431735109,0.6397168431735109,0.3121987894237905,0.048084367402698586,负面,负面,,False
生活区,BV1X75X6rEui,说到做到！不计成本逛离谱超市，会花多少钱？,1574484,95308,19126,6222,953,2192,心在滴血，胃在流泪,,心在滴血，胃在流泪,0,0,6,0,0,0.0,0.0,0.0,0.0,0.0,0.0,0.0,0.0,0,0,0,0,0,0,0,0,无明显情感,未明确对象,未明确方面,中性,-1,0.6751688972971304,0.6751688972971304,0.2316635802548522,0.09316752244801738,负面,负面,-1.0,True
生活区,BV1X75X6rEui,说到做到！不计成本逛离谱超市，会花多少钱？,1574484,95308,19126,6222,953,2192,饼叔∶我不爱吃肉（doge,,饼叔我不爱吃肉doge,0,0,7,0,0,0.0,0.0,0.0,0.0,0.0,0.0,0.0,0.0,0,0,0,0,0,0,0,0,无明显情感,未明确对象,未明确方面,中性,0,0.6434334859633866,0.2471946717582607,0.6434334859633866,0.10937184227835282,中性,中性,,False
生活区,BV1X75X6rEui,说到做到！不计成本逛离谱超市，会花多少钱？,1574484,95308,19126,6222,953,2192,小米藜麦加白米嘛，软是因为小米有粘性,,小米藜麦加白米嘛，软是因为小米有粘性,0,0,11,0,0,0.0,0.0,0.0,0.0,0.0,0.0,0.0,0.0,0,0,0,0,0,0,0,0,无明显情感,未明确对象,未明确方面,中性,0,0.7153464233542008,0.22193491049090638,0.7153464233542008,0.06271866615489263,中性,中性,,False
生活区,BV1X75X6rEui,说到做到！不计成本逛离谱超市，会花多少钱？,1574484,95308,19126,6222,953,2192,这是广告吗？,,这是广告吗？,0,0,3,0,1,0.0,0.0,0.0,0.0,0.0,0.0,0.0,0.0,0,0,0,0,0,0,0,0,无明显情感,未明确对象,未明确方面,中性,0,0.8959585283695187,0.07394963734929504,0.8959585283695187,0.030091834281186263,中性,中性,,False
生活区,BV1X75X6rEui,说到做到！不计成本逛离谱超市，会花多少钱？,1574484,95308,19126,6222,953,2192,70够在菜市场买一斤猪肉一条草鱼一斤虾,,70够在菜市场买一斤猪肉一条草鱼一斤虾,0,0,11,0,0,0.0,0.0,0.0,0.0,0.0,0.0,0.0,0.0,0,0,0,0,0,0,0,0,无明显情感,未明确对象,未明确方面,中性,-1,0.7922713877667505,0.7922713877667505,0.13502217067558048,0.07270644155766903,负面,负面,,False
生活区,BV1X75X6rEui,说到做到！不计成本逛离谱超市，会花多少钱？,1574484,95308,19126,6222,953,2192,可能派派想试试,,可能派派想试试,0,0,5,0,0,0.0,0.0,0.0,0.0,0.0,0.0,0.0,0.0,0,0,0,0,0,0,0,0,无明显情感,未明确对象,未明确方面,中性,0,0.5340109370913569,0.3054034215475042,0.5340109370913569,0.160585641361139,中性,中性,,False
生活区,BV1X75X6rEui,说到做到！不计成本逛离谱超市，会花多少钱？,1574484,95308,19126,6222,953,2192,这是东星斑，贵是正常的,,这是东星斑，贵是正常的,0,0,6,0,0,0.0,0.0,0.0,0.0,0.0,0.0,0.0,0.0,0,0,0,0,0,0,0,0,无明显情感,未明确对象,未明确方面,中性,0,0.6723732576289738,0.25584553072416566,0.6723732576289738,0.07178121164686058,中性,中性,,False
生活区,BV1X75X6rEui,说到做到！不计成本逛离谱超市，会花多少钱？,1574484,95308,19126,6222,953,2192,你们真是害惨了我，害惨了我呀。（大笑）,,你们真是害惨了我，害惨了我呀。大笑,0,2,7,0,0,-2.4,0.0,2.4,2.4,0.2857142857142857,-2.4,0.0,2.4,0,0,0,0,0,0,0,1,对象评价,未明确对象,未明确方面,负面,-1,0.6344311846916824,0.6344311846916824,0.1884378735849881,0.17713094172332952,负面,正面,1.0,True
生活区,BV1X75X6rEui,说到做到！不计成本逛离谱超市，会花多少钱？,1574484,95308,19126,6222,953,2192,痛苦就不点赞了,,痛苦就不点赞了,0,2,4,0,0,-2.0,0.0,2.0,2.0,0.5,-2.0,0.0,2.0,0,0,0,0,0,0,0,1,对象评价,未明确对象,未明确方面,负面,-1,0.9478466748095765,0.9478466748095765,0.042735397891769125,0.009417927298654318,负面,负面,-1.0,True
生活区,BV1X75X6rEui,说到做到！不计成本逛离谱超市，会花多少钱？,1574484,95308,19126,6222,953,2192,水加多了,,水加多了,0,0,2,0,0,0.0,0.0,0.0,0.0,0.0,0.0,0.0,0.0,0,0,0,0,0,0,0,0,无明显情感,未明确对象,未明确方面,中性,0,0.7935159536767634,0.08111812878826452,0.7935159536767634,0.12536591753497217,中性,中性,,False
生活区,BV1X75X6rEui,说到做到！不计成本逛离谱超市，会花多少钱？,1574484,95308,19126,6222,953,2192,哎～,,哎,0,0,1,0,0,0.0,0.0,0.0,0.0,0.0,0.0,0.0,0.0,0,0,0,0,0,0,0,0,无明显情感,未明确对象,未明确方面,中性,0,0.6844905229307352,0.10290811400729284,0.6844905229307352,0.21260136306197208,中性,中性,,False
生活区,BV1X75X6rEui,说到做到！不计成本逛离谱超市，会花多少钱？,1574484,95308,19126,6222,953,2192,椰子水可以接受,,椰子水可以接受,1,0,4,0,0,1.0,1.0,0.0,1.0,0.25,1.0,1.0,0.0,0,0,0,0,0,1,0,1,对象评价+立场,未明确对象,未明确方面,正面,0,0.5179759109374056,0.27670478609303517,0.5179759109374056,0.20531930296955922,中性,中性,0.0,True
生活区,BV1X75X6rEui,说到做到！不计成本逛离谱超市，会花多少钱？,1574484,95308,19126,6222,953,2192,你买条鲈鱼估计跟这个也差不多,,你买条鲈鱼估计跟这个也差不多,0,0,7,0,0,0.0,0.0,0.0,0.0,0.0,0.0,0.0,0.0,0,0,0,0,0,0,0,0,无明显情感,未明确对象,未明确方面,中性,-1,0.607963644859648,0.607963644859648,0.3234858932204459,0.06855046191990591,负面,负面,,False
生活区,BV1X75X6rEui,说到做到！不计成本逛离谱超市，会花多少钱？,1574484,95308,19126,6222,953,2192,早饭吃牛排 好奢侈,,早饭吃牛排好奢侈,0,0,5,0,0,0.0,0.0,0.0,0.0,0.0,0.0,0.0,0.0,0,0,0,0,0,0,0,0,无明显情感,未明确对象,未明确方面,中性,0,0.6029044556104668,0.21471046130316218,0.6029044556104668,0.18238508308637089,中性,中性,0.0,True
生活区,BV1X75X6rEui,说到做到！不计成本逛离谱超市，会花多少钱？,1574484,95308,19126,6222,953,2192,清淡 有营养 （doge,,清淡有营养doge,0,0,4,0,0,0.0,0.0,0.0,0.0,0.0,0.0,0.0,0.0,0,0,0,0,0,0,0,0,无明显情感,未明确对象,未明确方面,中性,0,0.6083627206680191,0.28295655864016084,0.6083627206680191,0.10868072069182008,中性,中性,,False
生活区,BV1X75X6rEui,说到做到！不计成本逛离谱超市，会花多少钱？,1574484,95308,19126,6222,953,2192,？好贵,,？好贵,0,0,2,0,1,0.0,0.0,0.0,0.0,0.0,0.0,0.0,0.0,0,0,0,0,0,0,0,0,无明显情感,未明确对象,未明确方面,中性,0,0.6156766665440754,0.2919027051271084,0.6156766665440754,0.0924206283288162,中性,中性,,False
生活区,BV1X75X6rEui,说到做到！不计成本逛离谱超市，会花多少钱？,1574484,95308,19126,6222,953,2192,百分百是名字,,百分百是名字,0,0,2,0,0,0.0,0.0,0.0,0.0,0.0,0.0,0.0,0.0,0,0,0,0,0,0,0,0,无明显情感,未明确对象,未明确方面,中性,0,0.6785959407811517,0.20388452984411148,0.6785959407811517,0.1175195293747369,中性,中性,,False
生活区,BV1X75X6rEui,说到做到！不计成本逛离谱超市，会花多少钱？,1574484,95308,19126,6222,953,2192,百分百是商标,,百分百是商标,0,0,2,0,0,0.0,0.0,0.0,0.0,0.0,0.0,0.0,0.0,0,0,0,0,0,0,0,0,无明显情感,未明确对象,未明确方面,中性,0,0.6785959407811517,0.20388452984411148,0.6785959407811517,0.1175195293747369,中性,中性,,False
生活区,BV1X75X6rEui,说到做到！不计成本逛离谱超市，会花多少钱？,1574484,95308,19126,6222,953,2192,世界多元化 加强国际合作,,世界多元化加强国际合作,0,0,5,0,0,0.0,0.0,0.0,0.0,0.0,0.0,0.0,0.0,0,0,0,0,0,0,0,0,无明显情感,未明确对象,未明确方面,中性,0,0.6361716333369394,0.16765974534753447,0.6361716333369394,0.1961686213155261,中性,中性,,False
生活区,BV1X75X6rEui,说到做到！不计成本逛离谱超市，会花多少钱？,1574484,95308,19126,6222,953,2192,这牛排可惜了！煎老了,,这牛排可惜了！煎老了,0,0,5,1,0,0.0,0.0,0.0,0.0,0.0,0.0,0.0,0.0,0,0,0,0,0,0,0,0,无明显情感,未明确对象,未明确方面,中性,0,0.5724478454436963,0.1741767470541019,0.5724478454436963,0.2533754075022018,中性,中性,,False
生活区,BV1X75X6rEui,说到做到！不计成本逛离谱超市，会花多少钱？,1574484,95308,19126,6222,953,2192,所以前两顿就是海底捞开的价么……哈哈哈哈,,所以前两顿就是海底捞开的价么哈哈哈哈,1,0,10,0,0,1.0,1.0,0.0,1.0,0.1,1.0,1.0,0.0,0,0,1,0,0,0,0,1,对象评价+自身情绪,未明确对象,娱乐与趣味,正面,1,0.5979183798186307,0.029664450712947824,0.37241716946842146,0.5979183798186307,正面,正面,,False
生活区,BV1X75X6rEui,说到做到！不计成本逛离谱超市，会花多少钱？,1574484,95308,19126,6222,953,2192,不会吃鱼的当然觉得鱼味其实差不多，你吃啥不觉得差不多呢,,不会吃鱼的当然觉得鱼味其实差不多，你吃啥不觉得差不多呢,0,1,14,0,0,-1.0,0.0,1.0,1.0,0.07142857142857142,-1.0,0.0,1.0,0,0,0,0,0,0,0,1,对象评价,未明确对象,未明确方面,负面,-1,0.8808764762344056,0.8808764762344056,0.10804755854000687,0.011075965225587502,负面,负面,,False
生活区,BV1X75X6rEui,说到做到！不计成本逛离谱超市，会花多少钱？,1574484,95308,19126,6222,953,2192,这就是软广啊，这就起到推广的作用了,,这就是软广啊，这就起到推广的作用了,0,0,7,0,0,0.0,0.0,0.0,0.0,0.0,0.0,0.0,0.0,0,0,0,0,0,0,0,0,无明显情感,未明确对象,未明确方面,中性,-1,0.9068907104022141,0.9068907104022141,0.06771898652429352,0.02539030307349234,负面,负面,,False
生活区,BV1X75X6rEui,说到做到！不计成本逛离谱超市，会花多少钱？,1574484,95308,19126,6222,953,2192,60块钱只看食材是纯亏,,60块钱只看食材是纯亏,0,0,6,0,0,0.0,0.0,0.0,0.0,0.0,0.0,0.0,0.0,0,0,0,0,0,0,0,0,无明显情感,未明确对象,未明确方面,中性,0,0.5099450389194505,0.2969263034570714,0.5099450389194505,0.19312865762347822,中性,中性,,False
生活区,BV1X75X6rEui,说到做到！不计成本逛离谱超市，会花多少钱？,1574484,95308,19126,6222,953,2192,省流：点赞20万挑战一天只吃米其林,,省流点赞20万挑战一天只吃米其林,1,0,9,0,0,1.0,1.0,0.0,1.0,0.1111111111111111,1.0,1.0,0.0,0,0,0,0,0,0,0,1,对象评价,未明确对象,未明确方面,正面,1,0.4077588543895897,0.2123049165101636,0.3799362291002467,0.4077588543895897,正面,正面,,False
生活区,BV1X75X6rEui,说到做到！不计成本逛离谱超市，会花多少钱？,1574484,95308,19126,6222,953,2192,这都不是暗广了，是明广啊,,这都不是暗广了，是明广啊,0,0,5,0,0,0.0,0.0,0.0,0.0,0.0,0.0,0.0,0.0,0,0,0,0,0,0,0,0,无明显情感,未明确对象,未明确方面,中性,-1,0.8885295527315459,0.8885295527315459,0.08665506289328838,0.024815384375165714,负面,负面,,False
生活区,BV1X75X6rEui,说到做到！不计成本逛离谱超市，会花多少钱？,1574484,95308,19126,6222,953,2192,日本鸡仔，德国木材鸡窝，中国米糠=普通鸡蛋doge,,日本鸡仔，德国木材鸡窝，中国米糠普通鸡蛋doge,0,0,12,0,0,0.0,0.0,0.0,0.0,0.0,0.0,0.0,0.0,0,0,0,0,0,0,0,0,无明显情感,未明确对象,未明确方面,中性,0,0.427315342273823,0.34832913367590906,0.427315342273823,0.224355524050268,中性,中性,,False
生活区,BV1X75X6rEui,说到做到！不计成本逛离谱超市，会花多少钱？,1574484,95308,19126,6222,953,2192,嘴巴一直在下雨,,嘴巴一直在下雨,0,0,4,0,0,0.0,0.0,0.0,0.0,0.0,0.0,0.0,0.0,0,0,0,0,0,0,0,0,无明显情感,未明确对象,未明确方面,中性,0,0.46803330744940996,0.4096548703951864,0.46803330744940996,0.12231182215540364,中性,中性,,False
生活区,BV1X75X6rEui,说到做到！不计成本逛离谱超市，会花多少钱？,1574484,95308,19126,6222,953,2192,我的事业妙不妙！！！！,,我的事业妙不妙！！！！,0,0,7,4,0,0.0,0.0,0.0,0.0,0.0,0.0,0.0,0.0,0,0,0,0,0,0,0,0,无明显情感,未明确对象,未明确方面,中性,0,0.5472661634084356,0.08603235227412696,0.5472661634084356,0.3667014843174375,中性,中性,0.0,True
生活区,BV1X75X6rEui,说到做到！不计成本逛离谱超市，会花多少钱？,1574484,95308,19126,6222,953,2192,小卢那份呢,,小卢那份呢,0,0,2,0,0,0.0,0.0,0.0,0.0,0.0,0.0,0.0,0.0,0,0,0,0,0,0,0,0,无明显情感,未明确对象,未明确方面,中性,0,0.5246425521284352,0.36827620817463264,0.5246425521284352,0.10708123969693213,中性,中性,,False
生活区,BV1X75X6rEui,说到做到！不计成本逛离谱超市，会花多少钱？,1574484,95308,19126,6222,953,2192,有点像我老家的苞谷饭,,有点像我老家的苞谷饭,0,0,4,0,0,0.0,0.0,0.0,0.0,0.0,0.0,0.0,0.0,0,0,0,0,0,0,0,0,无明显情感,未明确对象,未明确方面,中性,0,0.8450351275427024,0.09084573568495659,0.8450351275427024,0.06411913677234106,中性,中性,,False
生活区,BV1X75X6rEui,说到做到！不计成本逛离谱超市，会花多少钱？,1574484,95308,19126,6222,953,2192,重新定义被迫,,重新定义被迫,0,0,3,0,0,0.0,0.0,0.0,0.0,0.0,0.0,0.0,0.0,0,0,0,0,0,0,0,0,无明显情感,未明确对象,未明确方面,中性,0,0.6491052548105614,0.15351490488364694,0.6491052548105614,0.1973798403057917,中性,中性,,False
生活区,BV1X75X6rEui,说到做到！不计成本逛离谱超市，会花多少钱？,1574484,95308,19126,6222,953,2192,？这玩意四个人吃？顶了天了俩人,,？这玩意四个人吃？顶了天了俩人,0,0,10,0,2,0.0,0.0,0.0,0.0,0.0,0.0,0.0,0.0,0,0,0,0,0,0,0,0,无明显情感,未明确对象,未明确方面,中性,-1,0.8601068774070495,0.8601068774070495,0.12960445128253847,0.010288671310411937,负面,负面,-1.0,True
生活区,BV1X75X6rEui,说到做到！不计成本逛离谱超市，会花多少钱？,1574484,95308,19126,6222,953,2192,哎哟妈呀,,哎哟妈呀,0,0,2,0,0,0.0,0.0,0.0,0.0,0.0,0.0,0.0,0.0,0,0,0,0,0,0,0,0,无明显情感,未明确对象,未明确方面,中性,0,0.48974545144051096,0.3714679543597026,0.48974545144051096,0.13878659419978634,中性,中性,0.0,True
生活区,BV1X75X6rEui,说到做到！不计成本逛离谱超市，会花多少钱？,1574484,95308,19126,6222,953,2192,感觉像软广,,感觉像软广,0,0,3,0,0,0.0,0.0,0.0,0.0,0.0,0.0,0.0,0.0,0,0,0,0,0,0,0,0,无明显情感,未明确对象,未明确方面,中性,-1,0.8520127210944344,0.8520127210944344,0.07576707797400102,0.07222020093156448,负面,负面,-1.0,True
生活区,BV1X75X6rEui,说到做到！不计成本逛离谱超市，会花多少钱？,1574484,95308,19126,6222,953,2192,熟啦,,熟啦,0,0,2,0,0,0.0,0.0,0.0,0.0,0.0,0.0,0.0,0.0,0,0,0,0,0,0,0,0,无明显情感,未明确对象,未明确方面,中性,0,0.702477557178415,0.17682497444686787,0.702477557178415,0.120697468374717,中性,中性,,False
生活区,BV1X75X6rEui,说到做到！不计成本逛离谱超市，会花多少钱？,1574484,95308,19126,6222,953,2192,为了自热锅拍了一日三餐,,为了自热锅拍了一日三餐,0,0,5,0,0,0.0,0.0,0.0,0.0,0.0,0.0,0.0,0.0,0,0,0,0,0,0,0,0,无明显情感,未明确对象,未明确方面,中性,0,0.6201989502769625,0.2037881023284401,0.6201989502769625,0.17601294739459739,中性,中性,0.0,True
生活区,BV1X75X6rEui,说到做到！不计成本逛离谱超市，会花多少钱？,1574484,95308,19126,6222,953,2192,不太行，我和舍友俩人都没吃饱（,,不太行，我和舍友俩人都没吃饱,0,0,9,0,0,0.0,0.0,0.0,0.0,0.0,0.0,0.0,0.0,0,0,0,0,0,0,0,0,无明显情感,未明确对象,未明确方面,中性,-1,0.7263423024186935,0.7263423024186935,0.23437771501324797,0.0392799825680586,负面,负面,,False
生活区,BV1X75X6rEui,说到做到！不计成本逛离谱超市，会花多少钱？,1574484,95308,19126,6222,953,2192,这叫铁板牛肉片,,这叫铁板牛肉片,0,0,4,0,0,0.0,0.0,0.0,0.0,0.0,0.0,0.0,0.0,0,0,0,0,0,0,0,0,无明显情感,未明确对象,未明确方面,中性,0,0.4786135244776813,0.4308992350005002,0.4786135244776813,0.09048724052181836,中性,中性,,False
生活区,BV1X75X6rEui,说到做到！不计成本逛离谱超市，会花多少钱？,1574484,95308,19126,6222,953,2192,牛排买贵了 这个价格可以买很好的了,,牛排买贵了这个价格可以买很好的了,2,0,8,0,0,2.0,2.0,0.0,2.0,0.25,2.0,2.0,0.0,0,0,0,0,0,0,0,1,对象评价,未明确对象,未明确方面,正面,1,0.8174757197673986,0.15081172285366717,0.03171255737893424,0.8174757197673986,正面,正面,,False
生活区,BV1X75X6rEui,说到做到！不计成本逛离谱超市，会花多少钱？,1574484,95308,19126,6222,953,2192,那个“艾玛，真香”是你本人吗？,,那个艾玛，真香是你本人吗？,1,0,6,0,1,1.0,1.0,0.0,1.0,0.16666666666666666,1.0,1.0,0.0,0,0,0,0,0,0,0,1,对象评价,未明确对象,未明确方面,正面,1,0.4523177766998568,0.26902637853000033,0.27865584477014294,0.4523177766998568,正面,正面,1.0,True
生活区,BV1X75X6rEui,说到做到！不计成本逛离谱超市，会花多少钱？,1574484,95308,19126,6222,953,2192,这鱼有八斤？？,,这鱼有八斤？？,0,0,5,0,2,0.0,0.0,0.0,0.0,0.0,0.0,0.0,0.0,0,0,0,0,0,0,0,0,无明显情感,未明确对象,未明确方面,中性,-1,0.7570538440513765,0.7570538440513765,0.20114035940226027,0.04180579654636329,负面,负面,,False
生活区,BV1X75X6rEui,说到做到！不计成本逛离谱超市，会花多少钱？,1574484,95308,19126,6222,953,2192,运镜是有点东西的,,运镜是有点东西的,0,0,2,0,0,0.0,0.0,0.0,0.0,0.0,0.0,0.0,0.0,0,0,0,0,0,0,0,0,无明显情感,未明确对象,未明确方面,中性,0,0.839878111713155,0.11142317113019971,0.839878111713155,0.04869871715664535,中性,中性,,False
生活区,BV1X75X6rEui,说到做到！不计成本逛离谱超市，会花多少钱？,1574484,95308,19126,6222,953,2192,小卢的呢？,,小卢的呢？,0,0,2,0,1,0.0,0.0,0.0,0.0,0.0,0.0,0.0,0.0,0,0,0,0,0,0,0,0,无明显情感,未明确对象,未明确方面,中性,-1,0.5234147388963507,0.5234147388963507,0.42930110983969166,0.04728415126395759,负面,负面,,False
生活区,BV1X75X6rEui,说到做到！不计成本逛离谱超市，会花多少钱？,1574484,95308,19126,6222,953,2192,黑崎一护难绷,,黑崎一护难绷,0,1,3,0,0,-1.0,0.0,1.0,1.0,0.3333333333333333,-1.0,0.0,1.0,0,0,0,0,0,0,0,1,对象评价,未明确对象,理解与难度,负面,0,0.36758544928181025,0.2803934463381228,0.36758544928181025,0.3520211043800669,中性,正面,1.0,True
生活区,BV1X75X6rEui,说到做到！不计成本逛离谱超市，会花多少钱？,1574484,95308,19126,6222,953,2192,莲雾不好吃 不如苹果,,莲雾不好吃不如苹果,0,0,5,0,0,0.0,0.0,0.0,0.0,0.0,0.0,0.0,0.0,0,0,0,0,0,0,0,0,无明显情感,未明确对象,未明确方面,中性,-1,0.8851129648303102,0.8851129648303102,0.057169800683182684,0.057717234486507084,负面,负面,,False
生活区,BV1X75X6rEui,说到做到！不计成本逛离谱超市，会花多少钱？,1574484,95308,19126,6222,953,2192,椰子水是要带点浑浊的，感觉他这个太清澈了,,椰子水是要带点浑浊的，感觉他这个太清澈了,0,0,10,0,0,0.0,0.0,0.0,0.0,0.0,0.0,0.0,0.0,0,0,0,0,0,0,0,0,无明显情感,未明确对象,未明确方面,中性,-1,0.8462775593571167,0.8462775593571167,0.06753958088306865,0.08618285975981461,负面,负面,,False
生活区,BV1X75X6rEui,说到做到！不计成本逛离谱超市，会花多少钱？,1574484,95308,19126,6222,953,2192,不要油腻？清淡？,,不要油腻？清淡？,0,1,5,0,2,-1.0,0.0,1.0,1.0,0.2,-1.0,0.0,1.0,0,0,0,0,0,0,0,1,对象评价,未明确对象,未明确方面,负面,-1,0.9874537447031511,0.9874537447031511,0.011381961493494765,0.0011642938033541068,负面,负面,,False
生活区,BV1X75X6rEui,说到做到！不计成本逛离谱超市，会花多少钱？,1574484,95308,19126,6222,953,2192,还可以，没那么离谱,,还可以，没那么离谱,2,0,6,0,0,2.0,2.0,0.0,2.0,0.3333333333333333,2.0,2.0,0.0,0,0,0,0,0,0,0,1,对象评价,未明确对象,未明确方面,正面,1,0.5267278553456736,0.2159874653225453,0.2572846793317812,0.5267278553456736,正面,中性,0.0,True
生活区,BV1X75X6rEui,说到做到！不计成本逛离谱超市，会花多少钱？,1574484,95308,19126,6222,953,2192,养殖东星斑能这么贵？,,养殖东星斑能这么贵？,0,0,6,0,1,0.0,0.0,0.0,0.0,0.0,0.0,0.0,0.0,0,0,0,0,0,0,0,0,无明显情感,未明确对象,未明确方面,中性,-1,0.7321468366490784,0.7321468366490784,0.23037005755427867,0.03748310579664285,负面,负面,,False
生活区,BV1X75X6rEui,说到做到！不计成本逛离谱超市，会花多少钱？,1574484,95308,19126,6222,953,2192,不對勁？！,,不對勁？！,0,0,5,1,1,0.0,0.0,0.0,0.0,0.0,0.0,0.0,0.0,0,0,0,0,0,0,0,0,无明显情感,未明确对象,未明确方面,中性,0,0.561385036088167,0.29068106027629687,0.561385036088167,0.14793390363553607,中性,中性,,False
生活区,BV1X75X6rEui,说到做到！不计成本逛离谱超市，会花多少钱？,1574484,95308,19126,6222,953,2192,连吃带拿这一块,,连吃带拿这一块,0,0,5,0,0,0.0,0.0,0.0,0.0,0.0,0.0,0.0,0.0,0,0,0,0,0,0,0,0,无明显情感,未明确对象,未明确方面,中性,0,0.6839698813785026,0.16586324338622616,0.6839698813785026,0.15016687523527128,中性,中性,0.0,True
生活区,BV1X75X6rEui,说到做到！不计成本逛离谱超市，会花多少钱？,1574484,95308,19126,6222,953,2192,他把小孩算上去了,,他把小孩算上去了,0,0,3,0,0,0.0,0.0,0.0,0.0,0.0,0.0,0.0,0.0,0,0,0,0,0,0,0,0,无明显情感,未明确对象,未明确方面,中性,1,0.5046906407782122,0.10341540779395064,0.3918939514278372,0.5046906407782122,正面,正面,,False
生活区,BV1X75X6rEui,说到做到！不计成本逛离谱超市，会花多少钱？,1574484,95308,19126,6222,953,2192,你终于做饭了,,你终于做饭了,0,0,2,0,0,0.0,0.0,0.0,0.0,0.0,0.0,0.0,0.0,0,0,0,0,0,0,0,0,无明显情感,未明确对象,未明确方面,中性,1,0.6989916562520746,0.1384717095917275,0.16253663415619787,0.6989916562520746,正面,正面,,False
生活区,BV1X75X6rEui,说到做到！不计成本逛离谱超市，会花多少钱？,1574484,95308,19126,6222,953,2192,竟然不是广子,,竟然不是广子,0,0,3,0,0,0.0,0.0,0.0,0.0,0.0,0.0,0.0,0.0,0,0,0,0,0,0,0,0,无明显情感,未明确对象,未明确方面,中性,0,0.7445332784391455,0.18927044969031606,0.7445332784391455,0.0661962718705385,中性,中性,0.0,True
生活区,BV1X75X6rEui,说到做到！不计成本逛离谱超市，会花多少钱？,1574484,95308,19126,6222,953,2192,这玩意我一个人吃就吃完了,,这玩意我一个人吃就吃完了,0,1,6,0,0,-1.0,0.0,1.0,1.0,0.16666666666666666,-1.0,0.0,1.0,0,0,0,0,0,0,0,1,对象评价,未明确对象,未明确方面,负面,0,0.6997152661855496,0.2685057246364645,0.6997152661855496,0.031779009177985956,中性,中性,0.0,True
生活区,BV1X75X6rEui,说到做到！不计成本逛离谱超市，会花多少钱？,1574484,95308,19126,6222,953,2192,六个小鸟胃男生,,六个小鸟胃男生,0,0,4,0,0,0.0,0.0,0.0,0.0,0.0,0.0,0.0,0.0,0,0,0,0,0,0,0,0,无明显情感,未明确对象,未明确方面,中性,0,0.64272756377712,0.16046188428263725,0.64272756377712,0.19681055194024275,中性,中性,,False
生活区,BV1X75X6rEui,说到做到！不计成本逛离谱超市，会花多少钱？,1574484,95308,19126,6222,953,2192,贵的东西都好吃！！！,,贵的东西都好吃！！！,0,0,7,3,0,0.0,0.0,0.0,0.0,0.0,0.0,0.0,0.0,0,0,0,0,0,0,0,0,无明显情感,未明确对象,未明确方面,中性,1,0.4288116311916986,0.3550920053262981,0.2160963634820034,0.4288116311916986,正面,正面,1.0,True
生活区,BV1X75X6rEui,说到做到！不计成本逛离谱超市，会花多少钱？,1574484,95308,19126,6222,953,2192,这个蛋应该还是中国产剩下的应该是讲故事,,这个蛋应该还是中国产剩下的应该是讲故事,0,0,9,0,0,0.0,0.0,0.0,0.0,0.0,0.0,0.0,0.0,0,0,0,0,0,0,0,0,无明显情感,未明确对象,未明确方面,中性,0,0.7498740267228786,0.20152974309461166,0.7498740267228786,0.04859623018250968,中性,中性,,False
生活区,BV1X75X6rEui,说到做到！不计成本逛离谱超市，会花多少钱？,1574484,95308,19126,6222,953,2192,不想吃给我吃,,不想吃给我吃,0,0,4,0,0,0.0,0.0,0.0,0.0,0.0,0.0,0.0,0.0,0,0,0,0,0,0,0,0,无明显情感,未明确对象,未明确方面,中性,0,0.7124813099809374,0.22108614792071324,0.7124813099809374,0.06643254209834937,中性,中性,,False
生活区,BV1X75X6rEui,说到做到！不计成本逛离谱超市，会花多少钱？,1574484,95308,19126,6222,953,2192,那不就是二米饭吗？,,那不就是二米饭吗？,0,0,5,0,1,0.0,0.0,0.0,0.0,0.0,0.0,0.0,0.0,0,0,0,0,0,0,0,0,无明显情感,未明确对象,未明确方面,中性,0,0.5987188558508684,0.36985042605014407,0.5987188558508684,0.031430718098987544,中性,中性,,False
生活区,BV1X75X6rEui,说到做到！不计成本逛离谱超市，会花多少钱？,1574484,95308,19126,6222,953,2192,没看出来，切开我看看,,没看出来，切开我看看,0,0,6,0,0,0.0,0.0,0.0,0.0,0.0,0.0,0.0,0.0,0,0,0,0,0,0,0,0,无明显情感,未明确对象,未明确方面,中性,0,0.6167668814044258,0.19738985590823263,0.6167668814044258,0.18584326268734153,中性,中性,0.0,True
生活区,BV1X75X6rEui,说到做到！不计成本逛离谱超市，会花多少钱？,1574484,95308,19126,6222,953,2192,嘴里还流泪吧hhhh,,嘴里还流泪吧hhhh,1,0,4,0,0,1.2,1.2,0.0,1.2,0.25,1.2,1.2,0.0,0,0,0,0,0,0,0,1,对象评价,未明确对象,未明确方面,正面,1,0.4299566252996936,0.32746435360088527,0.24257902109942123,0.4299566252996936,正面,正面,,False
生活区,BV1X75X6rEui,说到做到！不计成本逛离谱超市，会花多少钱？,1574484,95308,19126,6222,953,2192,欧美吃法？,,欧美吃法？,0,0,3,0,1,0.0,0.0,0.0,0.0,0.0,0.0,0.0,0.0,0,0,0,0,0,0,0,0,无明显情感,未明确对象,未明确方面,中性,0,0.6054536621455672,0.30302319645214887,0.6054536621455672,0.09152314140228403,中性,中性,,False
生活区,BV1X75X6rEui,说到做到！不计成本逛离谱超市，会花多少钱？,1574484,95308,19126,6222,953,2192,两个莲雾，夺少？！,,两个莲雾，夺少？！,0,0,6,1,1,0.0,0.0,0.0,0.0,0.0,0.0,0.0,0.0,0,0,0,0,0,0,0,0,无明显情感,未明确对象,未明确方面,中性,0,0.6058372569361841,0.12287976942311363,0.6058372569361841,0.27128297364070236,中性,中性,,False
生活区,BV1X75X6rEui,说到做到！不计成本逛离谱超市，会花多少钱？,1574484,95308,19126,6222,953,2192,为什么不是意大利喂养,,为什么不是意大利喂养,0,0,4,0,0,0.0,0.0,0.0,0.0,0.0,0.0,0.0,0.0,0,0,0,0,0,0,0,0,无明显情感,未明确对象,未明确方面,中性,0,0.6231115000303664,0.3492045684325533,0.6231115000303664,0.027683931537080243,中性,中性,0.0,True
生活区,BV1X75X6rEui,说到做到！不计成本逛离谱超市，会花多少钱？,1574484,95308,19126,6222,953,2192,对  放了小米,,对放了小米,0,0,2,0,0,0.0,0.0,0.0,0.0,0.0,0.0,0.0,0.0,0,0,0,0,0,0,0,0,无明显情感,未明确对象,未明确方面,中性,-1,0.6198777139029181,0.6198777139029181,0.25517051876696983,0.12495176733011205,负面,负面,,False
生活区,BV1X75X6rEui,说到做到！不计成本逛离谱超市，会花多少钱？,1574484,95308,19126,6222,953,2192,chuck burry好评,,chuckburry好评,1,0,2,0,0,1.0,1.0,0.0,1.0,0.5,1.0,1.0,0.0,0,0,0,0,0,0,0,1,对象评价,未明确对象,未明确方面,正面,1,0.6999007505699512,0.10380444846515907,0.19629480096488988,0.6999007505699512,正面,正面,1.0,True
生活区,BV1X75X6rEui,说到做到！不计成本逛离谱超市，会花多少钱？,1574484,95308,19126,6222,953,2192,天呐！多久不见他说这个字了5555,,天呐！多久不见他说这个字了5555,0,0,8,1,0,0.0,0.0,0.0,0.0,0.0,0.0,0.0,0.0,0,0,0,0,0,0,0,0,无明显情感,未明确对象,未明确方面,中性,1,0.5608573297996826,0.1852395574446931,0.2539031127556243,0.5608573297996826,正面,正面,1.0,True
生活区,BV1X75X6rEui,说到做到！不计成本逛离谱超市，会花多少钱？,1574484,95308,19126,6222,953,2192,俩三个人吧感觉,,俩三个人吧感觉,0,0,4,0,0,0.0,0.0,0.0,0.0,0.0,0.0,0.0,0.0,0,0,0,0,0,0,0,0,无明显情感,未明确对象,未明确方面,中性,-1,0.4967614876620413,0.4967614876620413,0.4083750696518218,0.0948634426861368,负面,负面,,False
生活区,BV1X75X6rEui,说到做到！不计成本逛离谱超市，会花多少钱？,1574484,95308,19126,6222,953,2192,看着没胃口这个,,看着没胃口这个,0,0,4,0,0,0.0,0.0,0.0,0.0,0.0,0.0,0.0,0.0,0,0,0,0,0,0,0,0,无明显情感,未明确对象,未明确方面,中性,-1,0.8195983459194014,0.8195983459194014,0.1180285611502354,0.062373092930363076,负面,负面,-1.0,True
生活区,BV1X75X6rEui,说到做到！不计成本逛离谱超市，会花多少钱？,1574484,95308,19126,6222,953,2192,这不就是糙米饭吗,,这不就是糙米饭吗,0,0,3,0,0,0.0,0.0,0.0,0.0,0.0,0.0,0.0,0.0,0,0,0,0,0,0,0,0,无明显情感,未明确对象,未明确方面,中性,0,0.5863756314472842,0.39723176649140024,0.5863756314472842,0.01639260206131552,中性,中性,,False
生活区,BV1X75X6rEui,说到做到！不计成本逛离谱超市，会花多少钱？,1574484,95308,19126,6222,953,2192,懒椒,,懒椒,0,0,1,0,0,0.0,0.0,0.0,0.0,0.0,0.0,0.0,0.0,0,0,0,0,0,0,0,0,无明显情感,未明确对象,未明确方面,中性,0,0.6613337795964743,0.14035796080361848,0.6613337795964743,0.19830825959990717,中性,中性,,False
生活区,BV1X75X6rEui,说到做到！不计成本逛离谱超市，会花多少钱？,1574484,95308,19126,6222,953,2192,6个日本人的话还行,,6个日本人的话还行,0,0,7,0,0,0.0,0.0,0.0,0.0,0.0,0.0,0.0,0.0,0,0,0,0,0,0,0,0,无明显情感,未明确对象,未明确方面,中性,0,0.7169478977525259,0.09198162475927418,0.7169478977525259,0.19107047748820002,中性,中性,,False
生活区,BV1X75X6rEui,说到做到！不计成本逛离谱超市，会花多少钱？,1574484,95308,19126,6222,953,2192,一百多块吃这个是不是癫了,,一百多块吃这个是不是癫了,0,0,5,0,0,0.0,0.0,0.0,0.0,0.0,0.0,0.0,0.0,0,0,0,0,0,0,0,0,无明显情感,未明确对象,未明确方面,中性,-1,0.6849914709460776,0.6849914709460776,0.2871906484772395,0.02781788057668298,负面,负面,,False
生活区,BV1X75X6rEui,说到做到！不计成本逛离谱超市，会花多少钱？,1574484,95308,19126,6222,953,2192,才两个菜，是有心事，没胃口吗？,,才两个菜，是有心事，没胃口吗？,0,0,10,0,1,0.0,0.0,0.0,0.0,0.0,0.0,0.0,0.0,0,0,0,0,0,0,0,0,无明显情感,未明确对象,未明确方面,中性,-1,0.8469487539880304,0.8469487539880304,0.13034232246496658,0.02270892354700298,负面,负面,,False
生活区,BV1X75X6rEui,说到做到！不计成本逛离谱超市，会花多少钱？,1574484,95308,19126,6222,953,2192,我高考妙不妙？,,我高考妙不妙？,0,0,4,0,1,0.0,0.0,0.0,0.0,0.0,0.0,0.0,0.0,0,0,0,0,0,0,0,0,无明显情感,未明确对象,未明确方面,中性,0,0.7982263006311204,0.04103619279790621,0.7982263006311204,0.1607375065709733,中性,中性,,False
生活区,BV1X75X6rEui,说到做到！不计成本逛离谱超市，会花多少钱？,1574484,95308,19126,6222,953,2192,至少也得三菜一汤啊,,至少也得三菜一汤啊,0,0,5,0,0,0.0,0.0,0.0,0.0,0.0,0.0,0.0,0.0,0,0,0,0,0,0,0,0,无明显情感,未明确对象,未明确方面,中性,0,0.528782278877501,0.33107925198532073,0.528782278877501,0.14013846913717826,中性,中性,0.0,True
生活区,BV1X75X6rEui,说到做到！不计成本逛离谱超市，会花多少钱？,1574484,95308,19126,6222,953,2192,还是稍微熟了一点,,还是稍微熟了一点,0,0,4,0,0,0.0,0.0,0.0,0.0,0.0,0.0,0.0,0.0,0,0,0,0,0,0,0,0,无明显情感,未明确对象,未明确方面,中性,0,0.610040062156569,0.3529045051329139,0.610040062156569,0.03705543271051705,中性,中性,,False
生活区,BV1X75X6rEui,说到做到！不计成本逛离谱超市，会花多少钱？,1574484,95308,19126,6222,953,2192,兄弟们什么意思？姐妹呢？,,兄弟们什么意思？姐妹呢？,0,0,7,0,2,0.0,0.0,0.0,0.0,0.0,0.0,0.0,0.0,0,0,0,0,0,0,0,0,无明显情感,未明确对象,未明确方面,中性,-1,0.5653161265409107,0.5653161265409107,0.4060182010267262,0.02866567243236306,负面,负面,,False
生活区,BV1X75X6rEui,说到做到！不计成本逛离谱超市，会花多少钱？,1574484,95308,19126,6222,953,2192,怎么看都像大碗泡面……,,怎么看都像大碗泡面,0,0,6,0,0,0.0,0.0,0.0,0.0,0.0,0.0,0.0,0.0,0,0,0,0,0,0,0,0,无明显情感,未明确对象,未明确方面,中性,0,0.5032930710344389,0.42075336950747944,0.5032930710344389,0.0759535594580816,中性,中性,,False
生活区,BV1X75X6rEui,说到做到！不计成本逛离谱超市，会花多少钱？,1574484,95308,19126,6222,953,2192,2个吧,,2个吧,0,0,2,0,0,0.0,0.0,0.0,0.0,0.0,0.0,0.0,0.0,0,0,0,0,0,0,0,0,无明显情感,未明确对象,未明确方面,中性,0,0.693378721920771,0.2403728639996616,0.693378721920771,0.06624841407956739,中性,中性,0.0,True
生活区,BV1X75X6rEui,说到做到！不计成本逛离谱超市，会花多少钱？,1574484,95308,19126,6222,953,2192,我感觉我一个人就能干完,,我感觉我一个人就能干完,0,0,5,0,0,0.0,0.0,0.0,0.0,0.0,0.0,0.0,0.0,0,0,0,0,0,0,0,0,无明显情感,未明确对象,未明确方面,中性,0,0.5510490187181142,0.33330561461457997,0.5510490187181142,0.11564536666730574,中性,中性,0.0,True
生活区,BV1X75X6rEui,说到做到！不计成本逛离谱超市，会花多少钱？,1574484,95308,19126,6222,953,2192,感谢帅小伙，借你吉言！,,感谢帅小伙，借你吉言！,1,0,6,1,0,1.0,1.0,0.0,1.0,0.16666666666666666,1.0,1.0,0.0,0,0,0,0,0,0,0,1,对象评价,未明确对象,未明确方面,正面,1,0.9266694927416784,0.023237911505485386,0.05009259575283619,0.9266694927416784,正面,正面,,False
生活区,BV1X75X6rEui,说到做到！不计成本逛离谱超市，会花多少钱？,1574484,95308,19126,6222,953,2192,应该是吃穷了,,应该是吃穷了,0,0,3,0,0,0.0,0.0,0.0,0.0,0.0,0.0,0.0,0.0,0,0,0,0,0,0,0,0,无明显情感,未明确对象,未明确方面,中性,0,0.8841933466433747,0.06885280738196524,0.8841933466433747,0.04695384597466001,中性,中性,,False
生活区,BV1X75X6rEui,说到做到！不计成本逛离谱超市，会花多少钱？,1574484,95308,19126,6222,953,2192,这不就蒜薹吗，名字起的还挺高大上,,这不就蒜薹吗，名字起的还挺高大上,0,0,10,0,0,0.0,0.0,0.0,0.0,0.0,0.0,0.0,0.0,0,0,0,0,0,0,0,0,无明显情感,未明确对象,未明确方面,中性,-1,0.6236647101656317,0.6236647101656317,0.24562963983714947,0.1307056499972188,负面,负面,,False
生活区,BV1X75X6rEui,说到做到！不计成本逛离谱超市，会花多少钱？,1574484,95308,19126,6222,953,2192,那给我吃吧,,那给我吃吧,0,0,2,0,0,0.0,0.0,0.0,0.0,0.0,0.0,0.0,0.0,0,0,0,0,0,0,0,0,无明显情感,未明确对象,未明确方面,中性,0,0.597764860297093,0.31467674167399623,0.597764860297093,0.08755839802891081,中性,中性,,False
生活区,BV1X75X6rEui,说到做到！不计成本逛离谱超市，会花多少钱？,1574484,95308,19126,6222,953,2192,我一个女生可以吃完,,我一个女生可以吃完,1,0,4,0,0,1.0,1.0,0.0,1.0,0.25,1.0,1.0,0.0,0,0,0,0,0,0,0,1,对象评价,未明确对象,未明确方面,正面,0,0.688384531657374,0.05019115019258594,0.688384531657374,0.26142431815003997,中性,中性,0.0,True
生活区,BV1X75X6rEui,说到做到！不计成本逛离谱超市，会花多少钱？,1574484,95308,19126,6222,953,2192,饼叔：我这人不爱吃肉,,饼叔我这人不爱吃肉,0,0,7,0,0,0.0,0.0,0.0,0.0,0.0,0.0,0.0,0.0,0,0,0,0,0,0,0,0,无明显情感,未明确对象,未明确方面,中性,0,0.6632668482032316,0.23499166899754168,0.6632668482032316,0.10174148279922675,中性,中性,0.0,True
生活区,BV1X75X6rEui,说到做到！不计成本逛离谱超市，会花多少钱？,1574484,95308,19126,6222,953,2192,早餐？,,早餐？,0,0,2,0,1,0.0,0.0,0.0,0.0,0.0,0.0,0.0,0.0,0,0,0,0,0,0,0,0,无明显情感,未明确对象,未明确方面,中性,0,0.6156766665440754,0.2919027051271084,0.6156766665440754,0.0924206283288162,中性,中性,,False
生活区,BV1X75X6rEui,说到做到！不计成本逛离谱超市，会花多少钱？,1574484,95308,19126,6222,953,2192,60多吃这玩意,,60多吃这玩意,0,0,4,0,0,0.0,0.0,0.0,0.0,0.0,0.0,0.0,0.0,0,0,0,0,0,0,0,0,无明显情感,未明确对象,未明确方面,中性,0,0.5188666127851961,0.3661205956900592,0.5188666127851961,0.11501279152474461,中性,中性,0.0,True
生活区,BV1X75X6rEui,说到做到！不计成本逛离谱超市，会花多少钱？,1574484,95308,19126,6222,953,2192,感觉就一两个人吃,,感觉就一两个人吃,0,0,5,0,0,0.0,0.0,0.0,0.0,0.0,0.0,0.0,0.0,0,0,0,0,0,0,0,0,无明显情感,未明确对象,未明确方面,中性,0,0.615438676307131,0.31021372067380704,0.615438676307131,0.0743476030190621,中性,中性,,False
生活区,BV1X75X6rEui,说到做到！不计成本逛离谱超市，会花多少钱？,1574484,95308,19126,6222,953,2192,心在滴血，嘴巴也在流口水,,心在滴血，嘴巴也在流口水,0,0,7,0,0,0.0,0.0,0.0,0.0,0.0,0.0,0.0,0.0,0,0,0,0,0,0,0,0,无明显情感,未明确对象,未明确方面,中性,-1,0.715782085966824,0.715782085966824,0.21308072736687084,0.07113718666630524,负面,负面,-1.0,True
生活区,BV1X75X6rEui,说到做到！不计成本逛离谱超市，会花多少钱？,1574484,95308,19126,6222,953,2192,不计成本在哪,,不计成本在哪,0,0,3,0,0,0.0,0.0,0.0,0.0,0.0,0.0,0.0,0.0,0,0,0,0,0,0,0,0,无明显情感,未明确对象,未明确方面,中性,-1,0.5983148729790401,0.5983148729790401,0.37451479792850184,0.027170329092457982,负面,负面,,False
生活区,BV1X75X6rEui,说到做到！不计成本逛离谱超市，会花多少钱？,1574484,95308,19126,6222,953,2192,我的生活妙不妙,,我的生活妙不妙,0,0,3,0,0,0.0,0.0,0.0,0.0,0.0,0.0,0.0,0.0,0,0,0,0,0,0,0,0,无明显情感,未明确对象,未明确方面,中性,0,0.8018039704003528,0.023345156584944564,0.8018039704003528,0.17485087301470262,中性,中性,,False
生活区,BV1X75X6rEui,说到做到！不计成本逛离谱超市，会花多少钱？,1574484,95308,19126,6222,953,2192,日落果两个,,日落果两个,0,0,3,0,0,0.0,0.0,0.0,0.0,0.0,0.0,0.0,0.0,0,0,0,0,0,0,0,0,无明显情感,未明确对象,未明确方面,中性,0,0.7916383356568637,0.04557779102869343,0.7916383356568637,0.16278387331444275,中性,中性,,False
生活区,BV1X75X6rEui,说到做到！不计成本逛离谱超市，会花多少钱？,1574484,95308,19126,6222,953,2192,这不是黑色的东星，是红姑娘，比较贵的，一般南方地区包括台湾过年才吃,,这不是黑色的东星，是红姑娘，比较贵的，一般南方地区包括台湾过年才吃,0,0,18,0,0,0.0,0.0,0.0,0.0,0.0,0.0,0.0,0.0,0,0,0,0,0,0,0,0,无明显情感,未明确对象,未明确方面,中性,-1,0.9261876291187854,0.9261876291187854,0.05815567445713989,0.015656696424074735,负面,负面,,False
生活区,BV1X75X6rEui,说到做到！不计成本逛离谱超市，会花多少钱？,1574484,95308,19126,6222,953,2192,这不是广告我不是,,这不是广告我不是,0,0,3,0,0,0.0,0.0,0.0,0.0,0.0,0.0,0.0,0.0,0,0,0,0,0,0,0,0,无明显情感,未明确对象,未明确方面,中性,-1,0.524709947900544,0.524709947900544,0.4318212057496291,0.04346884634982696,负面,负面,,False
生活区,BV1X75X6rEui,说到做到！不计成本逛离谱超市，会花多少钱？,1574484,95308,19126,6222,953,2192,你小子是一点苦都不吃啊,,你小子是一点苦都不吃啊,0,0,5,0,0,0.0,0.0,0.0,0.0,0.0,0.0,0.0,0.0,0,0,0,0,0,0,0,0,无明显情感,未明确对象,未明确方面,中性,0,0.4873423047917105,0.4827106415985646,0.4873423047917105,0.029947053609725067,中性,中性,,False
生活区,BV1X75X6rEui,说到做到！不计成本逛离谱超市，会花多少钱？,1574484,95308,19126,6222,953,2192,好的鱼肉质有很明显的区别,,好的鱼肉质有很明显的区别,0,0,7,0,0,0.0,0.0,0.0,0.0,0.0,0.0,0.0,0.0,0,0,0,0,0,0,0,0,无明显情感,未明确对象,未明确方面,中性,-1,0.5451987725957358,0.5451987725957358,0.16336445682168468,0.29143677058257955,负面,负面,,False
生活区,BV1X75X6rEui,说到做到！不计成本逛离谱超市，会花多少钱？,1574484,95308,19126,6222,953,2192,谁家的猫跑出来了？,,谁家的猫跑出来了？,0,0,5,0,1,0.0,0.0,0.0,0.0,0.0,0.0,0.0,0.0,0,0,0,0,0,0,0,0,无明显情感,未明确对象,未明确方面,中性,0,0.6827079546412376,0.26113777746173233,0.6827079546412376,0.056154267897030145,中性,中性,,False
生活区,BV1X75X6rEui,说到做到！不计成本逛离谱超市，会花多少钱？,1574484,95308,19126,6222,953,2192,处处都是暗广,,处处都是暗广,0,0,3,0,0,0.0,0.0,0.0,0.0,0.0,0.0,0.0,0.0,0,0,0,0,0,0,0,0,无明显情感,未明确对象,未明确方面,中性,0,0.6879018267333316,0.20102923443288634,0.6879018267333316,0.1110689388337821,中性,中性,,False
生活区,BV1X75X6rEui,说到做到！不计成本逛离谱超市，会花多少钱？,1574484,95308,19126,6222,953,2192,这个超市真的超级贵。。一小盒蓝莓50多,,这个超市真的超级贵。。一小盒蓝莓50多,0,0,11,0,0,0.0,0.0,0.0,0.0,0.0,0.0,0.0,0.0,0,0,0,0,0,0,0,0,无明显情感,未明确对象,未明确方面,中性,-1,0.735547198746205,0.735547198746205,0.1575683462588085,0.10688445499498657,负面,负面,-1.0,True
生活区,BV1X75X6rEui,说到做到！不计成本逛离谱超市，会花多少钱？,1574484,95308,19126,6222,953,2192,小文哥的即视感,,小文哥的即视感,0,0,4,0,0,0.0,0.0,0.0,0.0,0.0,0.0,0.0,0.0,0,0,0,0,0,0,0,0,无明显情感,未明确对象,未明确方面,中性,0,0.7139804150990066,0.10850213021630771,0.7139804150990066,0.17751745468468577,中性,中性,,False
生活区,BV1X75X6rEui,说到做到！不计成本逛离谱超市，会花多少钱？,1574484,95308,19126,6222,953,2192,我护考妙不妙,,我护考妙不妙,0,0,3,0,0,0.0,0.0,0.0,0.0,0.0,0.0,0.0,0.0,0,0,0,0,0,0,0,0,无明显情感,未明确对象,未明确方面,中性,0,0.8423727252048216,0.023542857266897893,0.8423727252048216,0.13408441752828026,中性,中性,,False
生活区,BV1X75X6rEui,说到做到！不计成本逛离谱超市，会花多少钱？,1574484,95308,19126,6222,953,2192,这不是蒜薹吗,,这不是蒜薹吗,0,0,2,0,0,0.0,0.0,0.0,0.0,0.0,0.0,0.0,0.0,0,0,0,0,0,0,0,0,无明显情感,未明确对象,未明确方面,中性,0,0.6804277311031719,0.285737765523634,0.6804277311031719,0.03383450337319398,中性,中性,,False
生活区,BV1X75X6rEui,说到做到！不计成本逛离谱超市，会花多少钱？,1574484,95308,19126,6222,953,2192,给我吃吃吧,,给我吃吃吧,0,0,3,0,0,0.0,0.0,0.0,0.0,0.0,0.0,0.0,0.0,0,0,0,0,0,0,0,0,无明显情感,未明确对象,未明确方面,中性,0,0.6925147010558896,0.24726787543862036,0.6925147010558896,0.060217423505489996,中性,中性,,False
生活区,BV1X75X6rEui,说到做到！不计成本逛离谱超市，会花多少钱？,1574484,95308,19126,6222,953,2192,舒服了，投币点赞。,,舒服了，投币点赞。,3,0,5,0,0,3.0,3.0,0.0,3.0,0.6,3.0,3.0,0.0,0,0,1,0,0,0,0,1,对象评价+自身情绪,未明确对象,未明确方面,正面,1,0.9921624334963861,0.006002642405349794,0.0018349240982641975,0.9921624334963861,正面,正面,,False
生活区,BV1X75X6rEui,说到做到！不计成本逛离谱超市，会花多少钱？,1574484,95308,19126,6222,953,2192,东星斑本来就一般，只是红红的卖相好看,,东星斑本来就一般，只是红红的卖相好看,1,0,10,0,0,1.55,1.55,0.0,1.55,0.1,1.55,1.55,0.0,1,0,0,0,0,0,0,1,对象评价,未明确对象,视听体验,正面,-1,0.7498022173072373,0.7498022173072373,0.1050236299950659,0.14517415269769696,负面,负面,-1.0,True
生活区,BV1X75X6rEui,说到做到！不计成本逛离谱超市，会花多少钱？,1574484,95308,19126,6222,953,2192,东星斑太入门了吧,,东星斑太入门了吧,0,0,3,0,0,0.0,0.0,0.0,0.0,0.0,0.0,0.0,0.0,0,0,0,0,0,0,0,0,无明显情感,未明确对象,未明确方面,中性,-1,0.5938872397770201,0.5938872397770201,0.3315071317885069,0.07460562843447306,负面,负面,,False
生活区,BV1X75X6rEui,说到做到！不计成本逛离谱超市，会花多少钱？,1574484,95308,19126,6222,953,2192,感谢帅小伙！借您吉言！,,感谢帅小伙！借您吉言！,1,0,7,2,0,1.0,1.0,0.0,1.0,0.14285714285714285,1.0,1.0,0.0,0,0,0,0,0,0,0,1,对象评价,未明确对象,未明确方面,正面,1,0.9568109175025855,0.00493770263557276,0.03825137986184181,0.9568109175025855,正面,正面,,False
生活区,BV1X75X6rEui,说到做到！不计成本逛离谱超市，会花多少钱？,1574484,95308,19126,6222,953,2192,天天拍这个费钱，,,天天拍这个费钱，,0,0,5,0,0,0.0,0.0,0.0,0.0,0.0,0.0,0.0,0.0,0,0,0,0,0,0,0,0,无明显情感,未明确对象,未明确方面,中性,-1,0.7655526958035737,0.7655526958035737,0.15010330709217862,0.0843439971042477,负面,负面,-1.0,True
生活区,BV1X75X6rEui,说到做到！不计成本逛离谱超市，会花多少钱？,1574484,95308,19126,6222,953,2192,玉米糁吧,,玉米糁吧,0,0,2,0,0,0.0,0.0,0.0,0.0,0.0,0.0,0.0,0.0,0,0,0,0,0,0,0,0,无明显情感,未明确对象,未明确方面,中性,0,0.6654747298349204,0.20257151974320758,0.6654747298349204,0.13195375042187196,中性,中性,,False
生活区,BV1X75X6rEui,说到做到！不计成本逛离谱超市，会花多少钱？,1574484,95308,19126,6222,953,2192,早餐？？？？？,,早餐？？？？？,0,0,6,0,5,0.0,0.0,0.0,0.0,0.0,0.0,0.0,0.0,0,0,0,0,0,0,0,0,无明显情感,未明确对象,未明确方面,中性,-1,0.968790894255026,0.968790894255026,0.026777119377229146,0.004431986367744926,负面,负面,,False
生活区,BV1X75X6rEui,说到做到！不计成本逛离谱超市，会花多少钱？,1574484,95308,19126,6222,953,2192,实话实说 不如早上的牛肉 但比中午的鱼强,,实话实说不如早上的牛肉但比中午的鱼强,0,0,8,0,0,0.0,0.0,0.0,0.0,0.0,0.0,0.0,0.0,0,0,0,0,0,0,0,0,无明显情感,未明确对象,未明确方面,中性,-1,0.7468944881377299,0.7468944881377299,0.16526863493079066,0.08783687693147946,负面,负面,,False
生活区,BV1X75X6rEui,说到做到！不计成本逛离谱超市，会花多少钱？,1574484,95308,19126,6222,953,2192,我这个是高级盐，不咸,,我这个是高级盐，不咸,1,0,5,0,0,1.0,1.0,0.0,1.0,0.2,1.0,1.0,0.0,0,0,0,0,0,0,0,1,对象评价,未明确对象,未明确方面,正面,-1,0.48050360273622866,0.48050360273622866,0.2018582570898869,0.31763814017388453,负面,中性,0.0,True
生活区,BV1X75X6rEui,说到做到！不计成本逛离谱超市，会花多少钱？,1574484,95308,19126,6222,953,2192,救你了,,救你了,0,0,1,0,0,0.0,0.0,0.0,0.0,0.0,0.0,0.0,0.0,0,0,0,0,0,0,0,0,无明显情感,未明确对象,未明确方面,中性,0,0.47913150547983,0.3873684898658981,0.47913150547983,0.13350000465427173,中性,中性,0.0,True
生活区,BV1X75X6rEui,说到做到！不计成本逛离谱超市，会花多少钱？,1574484,95308,19126,6222,953,2192,《简单一点》,,简单一点,1,0,2,0,0,1.0,1.0,0.0,1.0,0.5,1.0,1.0,0.0,0,0,0,0,0,0,0,1,对象评价,未明确对象,理解与难度,正面,0,0.41403026475588695,0.23908779264786742,0.41403026475588695,0.34688194259624566,中性,中性,0.0,True
生活区,BV1X75X6rEui,说到做到！不计成本逛离谱超市，会花多少钱？,1574484,95308,19126,6222,953,2192,蛋黄派是有白头发了吗,,蛋黄派是有白头发了吗,0,0,3,0,0,0.0,0.0,0.0,0.0,0.0,0.0,0.0,0.0,0,0,0,0,0,0,0,0,无明显情感,未明确对象,未明确方面,中性,0,0.6737027250487604,0.2703277784504398,0.6737027250487604,0.05596949650079984,中性,中性,,False
生活区,BV1X75X6rEui,说到做到！不计成本逛离谱超市，会花多少钱？,1574484,95308,19126,6222,953,2192,也就够俩人吃，给六双筷子,,也就够俩人吃，给六双筷子,0,0,10,0,0,0.0,0.0,0.0,0.0,0.0,0.0,0.0,0.0,0,0,0,0,0,0,0,0,无明显情感,未明确对象,未明确方面,中性,0,0.7384310503879042,0.20059274340814412,0.7384310503879042,0.06097620620395161,中性,中性,,False
生活区,BV1X75X6rEui,说到做到！不计成本逛离谱超市，会花多少钱？,1574484,95308,19126,6222,953,2192,好家伙，比一顿海底捞还贵的,,好家伙，比一顿海底捞还贵的,0,0,8,0,0,0.0,0.0,0.0,0.0,0.0,0.0,0.0,0.0,0,0,0,0,0,0,0,0,无明显情感,未明确对象,未明确方面,中性,-1,0.7130831395776874,0.7130831395776874,0.16611102096470223,0.12080583945761046,负面,负面,-1.0,True
生活区,BV1X75X6rEui,说到做到！不计成本逛离谱超市，会花多少钱？,1574484,95308,19126,6222,953,2192,东星斑,,东星斑,0,0,2,0,0,0.0,0.0,0.0,0.0,0.0,0.0,0.0,0.0,0,0,0,0,0,0,0,0,无明显情感,未明确对象,未明确方面,中性,0,0.6469685842939012,0.2628834940691014,0.6469685842939012,0.09014792163699732,中性,中性,,False
生活区,BV1X75X6rEui,说到做到！不计成本逛离谱超市，会花多少钱？,1574484,95308,19126,6222,953,2192,通辽语法,,通辽语法,0,0,2,0,0,0.0,0.0,0.0,0.0,0.0,0.0,0.0,0.0,0,0,0,0,0,0,0,0,无明显情感,未明确对象,未明确方面,中性,0,0.6553065905941072,0.1468149965085425,0.6553065905941072,0.19787841289735017,中性,中性,,False
生活区,BV1X75X6rEui,说到做到！不计成本逛离谱超市，会花多少钱？,1574484,95308,19126,6222,953,2192,2个人吃都要买2份,,2个人吃都要买2份,0,0,8,0,0,0.0,0.0,0.0,0.0,0.0,0.0,0.0,0.0,0,0,0,0,0,0,0,0,无明显情感,未明确对象,未明确方面,中性,0,0.6223285791335096,0.3213850088037125,0.6223285791335096,0.05628641206277789,中性,中性,0.0,True
生活区,BV1X75X6rEui,说到做到！不计成本逛离谱超市，会花多少钱？,1574484,95308,19126,6222,953,2192,给小卢留点啊,,给小卢留点啊,0,0,3,0,0,0.0,0.0,0.0,0.0,0.0,0.0,0.0,0.0,0,0,0,0,0,0,0,0,无明显情感,未明确对象,未明确方面,中性,0,0.5604150893606643,0.30771978771062003,0.5604150893606643,0.13186512292871574,中性,中性,0.0,True
生活区,BV1X75X6rEui,说到做到！不计成本逛离谱超市，会花多少钱？,1574484,95308,19126,6222,953,2192,好适合在宿舍吃呀！！！,,好适合在宿舍吃呀！！！,0,0,8,3,0,0.0,0.0,0.0,0.0,0.0,0.0,0.0,0.0,0,0,0,0,0,0,0,0,无明显情感,未明确对象,未明确方面,中性,1,0.5211080896142235,0.3554255497104729,0.12346636067530364,0.5211080896142235,正面,正面,1.0,True
生活区,BV1X75X6rEui,说到做到！不计成本逛离谱超市，会花多少钱？,1574484,95308,19126,6222,953,2192,哪里的屏幕，我怎么没有,,哪里的屏幕，我怎么没有,0,0,5,0,0,0.0,0.0,0.0,0.0,0.0,0.0,0.0,0.0,0,0,0,0,0,0,0,0,无明显情感,未明确对象,未明确方面,中性,-1,0.8691138143268696,0.8691138143268696,0.08650234400325683,0.04438384166987355,负面,负面,,False
生活区,BV1X75X6rEui,说到做到！不计成本逛离谱超市，会花多少钱？,1574484,95308,19126,6222,953,2192,节目效果看不出来?,,节目效果看不出来?,0,0,4,0,1,0.0,0.0,0.0,0.0,0.0,0.0,0.0,0.0,0,0,0,0,0,0,0,0,无明显情感,未明确对象,娱乐与趣味,中性,-1,0.4545771425930645,0.4545771425930645,0.3659241859159123,0.17949867149102317,负面,负面,,False
生活区,BV1X75X6rEui,说到做到！不计成本逛离谱超市，会花多少钱？,1574484,95308,19126,6222,953,2192,小米吗,,小米吗,0,0,1,0,0,0.0,0.0,0.0,0.0,0.0,0.0,0.0,0.0,0,0,0,0,0,0,0,0,无明显情感,未明确对象,未明确方面,中性,0,0.8930996528236962,0.05930700032972909,0.8930996528236962,0.0475933468465747,中性,中性,,False
生活区,BV1X75X6rEui,说到做到！不计成本逛离谱超市，会花多少钱？,1574484,95308,19126,6222,953,2192,多少年没听过妙了？,,多少年没听过妙了？,0,0,6,0,1,0.0,0.0,0.0,0.0,0.0,0.0,0.0,0.0,0,0,0,0,0,0,0,0,无明显情感,未明确对象,未明确方面,中性,-1,0.7789771666293908,0.7789771666293908,0.20156441004928669,0.01945842332132258,负面,负面,,False
生活区,BV1X75X6rEui,说到做到！不计成本逛离谱超市，会花多少钱？,1574484,95308,19126,6222,953,2192,特写镜头,,特写镜头,0,0,1,0,0,0.0,0.0,0.0,0.0,0.0,0.0,0.0,0.0,0,0,0,0,0,0,0,0,无明显情感,未明确对象,未明确方面,中性,0,0.6613337795964743,0.14035796080361848,0.6613337795964743,0.19830825959990717,中性,中性,,False
生活区,BV1X75X6rEui,说到做到！不计成本逛离谱超市，会花多少钱？,1574484,95308,19126,6222,953,2192,成本300 售价598,,成本300售价598,0,0,4,0,0,0.0,0.0,0.0,0.0,0.0,0.0,0.0,0.0,0,0,0,0,0,0,0,0,无明显情感,未明确对象,未明确方面,中性,0,0.7256547504916551,0.1222837892756685,0.7256547504916551,0.15206146023267642,中性,中性,,False
生活区,BV1X75X6rEui,说到做到！不计成本逛离谱超市，会花多少钱？,1574484,95308,19126,6222,953,2192,俺也一样,,俺也一样,0,0,3,0,0,0.0,0.0,0.0,0.0,0.0,0.0,0.0,0.0,0,0,0,0,0,0,0,0,无明显情感,未明确对象,未明确方面,中性,0,0.5997399818168866,0.23301574047956686,0.5997399818168866,0.16724427770354644,中性,中性,,False
生活区,BV1X75X6rEui,说到做到！不计成本逛离谱超市，会花多少钱？,1574484,95308,19126,6222,953,2192,这牛排这样煎，感觉突然好掉价诶,,这牛排这样煎，感觉突然好掉价诶,0,0,9,0,0,0.0,0.0,0.0,0.0,0.0,0.0,0.0,0.0,0,0,0,0,0,0,0,0,无明显情感,未明确对象,未明确方面,中性,-1,0.7090587757979958,0.7090587757979958,0.0646080365744925,0.22633318762751167,负面,负面,,False
生活区,BV1X75X6rEui,说到做到！不计成本逛离谱超市，会花多少钱？,1574484,95308,19126,6222,953,2192,这么一对比，我感觉吃一顿那种高级餐厅还挺良心的,,这么一对比，我感觉吃一顿那种高级餐厅还挺良心的,2,0,13,0,0,2.0,2.0,0.0,2.0,0.15384615384615385,2.0,2.0,0.0,0,0,0,0,0,0,0,1,对象评价,未明确对象,未明确方面,正面,1,0.7178421024506266,0.233293665473258,0.04886423207611528,0.7178421024506266,正面,正面,,False
生活区,BV1X75X6rEui,说到做到！不计成本逛离谱超市，会花多少钱？,1574484,95308,19126,6222,953,2192,阻力每一个梦想,,阻力每一个梦想,0,0,3,0,0,0.0,0.0,0.0,0.0,0.0,0.0,0.0,0.0,0,0,0,0,0,0,0,0,无明显情感,未明确对象,未明确方面,中性,0,0.6141348655300758,0.20920181990299563,0.6141348655300758,0.17666331456692866,中性,中性,,False
生活区,BV1X75X6rEui,说到做到！不计成本逛离谱超市，会花多少钱？,1574484,95308,19126,6222,953,2192,因为是广子,,因为是广子,0,0,2,0,0,0.0,0.0,0.0,0.0,0.0,0.0,0.0,0.0,0,0,0,0,0,0,0,0,无明显情感,未明确对象,未明确方面,中性,0,0.939868416853577,0.028772314802248608,0.939868416853577,0.031359268344174254,中性,中性,,False
生活区,BV1X75X6rEui,说到做到！不计成本逛离谱超市，会花多少钱？,1574484,95308,19126,6222,953,2192,挑战内容是你定的，你现在说肠胃不好？,,挑战内容是你定的，你现在说肠胃不好？,0,0,9,0,1,0.0,0.0,0.0,0.0,0.0,0.0,0.0,0.0,0,0,0,0,0,0,0,0,无明显情感,未明确对象,未明确方面,中性,-1,0.845470807695261,0.845470807695261,0.11548849330717885,0.03904069899756023,负面,负面,,False
生活区,BV1X75X6rEui,说到做到！不计成本逛离谱超市，会花多少钱？,1574484,95308,19126,6222,953,2192,晚上太省钱了,,晚上太省钱了,0,0,3,0,0,0.0,0.0,0.0,0.0,0.0,0.0,0.0,0.0,0,0,0,0,0,0,0,0,无明显情感,未明确对象,未明确方面,中性,1,0.43826664682196376,0.2300630814506879,0.33167027172734836,0.43826664682196376,正面,正面,1.0,True
生活区,BV1X75X6rEui,说到做到！不计成本逛离谱超市，会花多少钱？,1574484,95308,19126,6222,953,2192,明日香？,,明日香？,0,0,2,0,1,0.0,0.0,0.0,0.0,0.0,0.0,0.0,0.0,0,0,0,0,0,0,0,0,无明显情感,未明确对象,未明确方面,中性,0,0.6156766665440754,0.2919027051271084,0.6156766665440754,0.0924206283288162,中性,中性,,False
生活区,BV1X75X6rEui,说到做到！不计成本逛离谱超市，会花多少钱？,1574484,95308,19126,6222,953,2192,还有导购姐姐解说,,还有导购姐姐解说,0,0,4,0,0,0.0,0.0,0.0,0.0,0.0,0.0,0.0,0.0,0,0,0,0,0,0,0,0,无明显情感,比赛内容,比赛表现,中性,0,0.7677239793878208,0.0813169263921451,0.7677239793878208,0.15095909422003415,中性,中性,,False
生活区,BV1X75X6rEui,说到做到！不计成本逛离谱超市，会花多少钱？,1574484,95308,19126,6222,953,2192,宿舍刚好四个人,,宿舍刚好四个人,0,0,4,0,0,0.0,0.0,0.0,0.0,0.0,0.0,0.0,0.0,0,0,0,0,0,0,0,0,无明显情感,未明确对象,未明确方面,中性,0,0.8671399003893127,0.03990301584531493,0.8671399003893127,0.09295708376537243,中性,中性,,False
生活区,BV1X75X6rEui,说到做到！不计成本逛离谱超市，会花多少钱？,1574484,95308,19126,6222,953,2192,四级妙不妙,,四级妙不妙,0,0,3,0,0,0.0,0.0,0.0,0.0,0.0,0.0,0.0,0.0,0,0,0,0,0,0,0,0,无明显情感,未明确对象,未明确方面,中性,0,0.7764341781670204,0.016619730387538938,0.7764341781670204,0.20694609144544074,中性,中性,,False
生活区,BV1X75X6rEui,说到做到！不计成本逛离谱超市，会花多少钱？,1574484,95308,19126,6222,953,2192,小心烫,,小心烫,0,0,2,0,0,0.0,0.0,0.0,0.0,0.0,0.0,0.0,0.0,0,0,0,0,0,0,0,0,无明显情感,未明确对象,未明确方面,中性,0,0.6553065905941072,0.1468149965085425,0.6553065905941072,0.19787841289735017,中性,中性,,False
生活区,BV1X75X6rEui,说到做到！不计成本逛离谱超市，会花多少钱？,1574484,95308,19126,6222,953,2192,两碗泡面,,两碗泡面,0,0,2,0,0,0.0,0.0,0.0,0.0,0.0,0.0,0.0,0.0,0,0,0,0,0,0,0,0,无明显情感,未明确对象,未明确方面,中性,0,0.6651975936963426,0.1237093347943095,0.6651975936963426,0.21109307150934792,中性,中性,,False
生活区,BV1X75X6rEui,说到做到！不计成本逛离谱超市，会花多少钱？,1574484,95308,19126,6222,953,2192,不点，我怕你又《被迫》吃一些你完全不想吃的东西,,不点，我怕你又被迫吃一些你完全不想吃的东西,0,0,12,0,0,0.0,0.0,0.0,0.0,0.0,0.0,0.0,0.0,0,0,0,0,0,0,0,0,无明显情感,未明确对象,未明确方面,中性,0,0.5154355735449595,0.4062258734604406,0.5154355735449595,0.07833855299459991,中性,中性,,False
生活区,BV1X75X6rEui,说到做到！不计成本逛离谱超市，会花多少钱？,1574484,95308,19126,6222,953,2192,《不能太油腻》,,不能太油腻,1,0,3,0,0,1.8,1.8,0.0,1.8,0.3333333333333333,1.8,1.8,0.0,0,0,0,0,0,0,0,1,对象评价,未明确对象,未明确方面,正面,-1,0.6904697028580098,0.6904697028580098,0.08996403524351804,0.21956626189847214,负面,负面,-1.0,True
生活区,BV1X75X6rEui,说到做到！不计成本逛离谱超市，会花多少钱？,1574484,95308,19126,6222,953,2192,怎么既要还要的,,怎么既要还要的,0,0,4,0,0,0.0,0.0,0.0,0.0,0.0,0.0,0.0,0.0,0,0,0,0,0,0,0,0,无明显情感,未明确对象,未明确方面,中性,0,0.5819137127242021,0.3021156475447078,0.5819137127242021,0.11597063973109026,中性,中性,0.0,True
生活区,BV1X75X6rEui,说到做到！不计成本逛离谱超市，会花多少钱？,1574484,95308,19126,6222,953,2192,小卢呢,,小卢呢,0,0,1,0,0,0.0,0.0,0.0,0.0,0.0,0.0,0.0,0.0,0,0,0,0,0,0,0,0,无明显情感,未明确对象,未明确方面,中性,0,0.535432164946976,0.35604514518509744,0.535432164946976,0.10852268986792649,中性,中性,,False
生活区,BV1X75X6rEui,说到做到！不计成本逛离谱超市，会花多少钱？,1574484,95308,19126,6222,953,2192,这就是不计成本嘛。。。。,,这就是不计成本嘛。。。。,0,0,7,0,0,0.0,0.0,0.0,0.0,0.0,0.0,0.0,0.0,0,0,0,0,0,0,0,0,无明显情感,未明确对象,未明确方面,中性,-1,0.8297654054778433,0.8297654054778433,0.1323471014818122,0.03788749304034448,负面,负面,,False
生活区,BV1X75X6rEui,说到做到！不计成本逛离谱超市，会花多少钱？,1574484,95308,19126,6222,953,2192,我的高考成绩：,,我的高考成绩,0,0,2,0,0,0.0,0.0,0.0,0.0,0.0,0.0,0.0,0.0,0,0,0,0,0,0,0,0,无明显情感,未明确对象,未明确方面,中性,0,0.7148280663135504,0.04980776068944601,0.7148280663135504,0.23536417299700357,中性,中性,,False
生活区,BV1X75X6rEui,说到做到！不计成本逛离谱超市，会花多少钱？,1574484,95308,19126,6222,953,2192,看视频的还有姐妹们,,看视频的还有姐妹们,0,0,5,0,0,0.0,0.0,0.0,0.0,0.0,0.0,0.0,0.0,0,0,0,0,0,0,0,0,无明显情感,视频内容,未明确方面,中性,0,0.8251531411567111,0.014739033289553245,0.8251531411567111,0.1601078255537356,中性,中性,,False
生活区,BV1X75X6rEui,说到做到！不计成本逛离谱超市，会花多少钱？,1574484,95308,19126,6222,953,2192,我毕业论文妙不妙,,我毕业论文妙不妙,0,0,3,0,0,0.0,0.0,0.0,0.0,0.0,0.0,0.0,0.0,0,0,0,0,0,0,0,0,无明显情感,未明确对象,未明确方面,中性,0,0.7794837813025697,0.01778892231030892,0.7794837813025697,0.20272729638712142,中性,中性,,False
生活区,BV1X75X6rEui,说到做到！不计成本逛离谱超市，会花多少钱？,1574484,95308,19126,6222,953,2192,我欧气和考试妙不妙？,,我欧气和考试妙不妙？,0,0,5,0,1,0.0,0.0,0.0,0.0,0.0,0.0,0.0,0.0,0,0,0,0,0,0,0,0,无明显情感,未明确对象,未明确方面,中性,0,0.8841750375057272,0.05935108007275758,0.8841750375057272,0.05647388242151528,中性,中性,0.0,True
生活区,BV1X75X6rEui,说到做到！不计成本逛离谱超市，会花多少钱？,1574484,95308,19126,6222,953,2192,就差个意大利了,,就差个意大利了,0,0,3,0,0,0.0,0.0,0.0,0.0,0.0,0.0,0.0,0.0,0,0,0,0,0,0,0,0,无明显情感,未明确对象,未明确方面,中性,-1,0.6157737198517131,0.6157737198517131,0.23391964079861335,0.15030663934967353,负面,负面,,False
生活区,BV1X75X6rEui,说到做到！不计成本逛离谱超市，会花多少钱？,1574484,95308,19126,6222,953,2192,我的运气妙不妙？？？,,我的运气妙不妙？？？,0,0,6,0,3,0.0,0.0,0.0,0.0,0.0,0.0,0.0,0.0,0,0,0,0,0,0,0,0,无明显情感,未明确对象,未明确方面,中性,0,0.5612388322864676,0.3933005016130896,0.5612388322864676,0.04546066610044268,中性,中性,,False
生活区,BV1X75X6rEui,说到做到！不计成本逛离谱超市，会花多少钱？,1574484,95308,19126,6222,953,2192,混蛋,,混蛋,0,0,1,0,0,0.0,0.0,0.0,0.0,0.0,0.0,0.0,0.0,0,0,0,0,0,0,0,0,无明显情感,未明确对象,未明确方面,中性,0,0.6613337795964743,0.14035796080361848,0.6613337795964743,0.19830825959990717,中性,中性,,False
生活区,BV1X75X6rEui,说到做到！不计成本逛离谱超市，会花多少钱？,1574484,95308,19126,6222,953,2192,《肠胃不好，不能吃点油腻的》,,肠胃不好，不能吃点油腻的,0,1,6,0,0,-1.0,0.0,1.0,1.0,0.16666666666666666,-1.0,0.0,1.0,0,0,0,0,0,0,0,1,对象评价,未明确对象,未明确方面,负面,-1,0.9630918935318872,0.9630918935318872,0.029923889561340837,0.006984216906771983,负面,负面,-1.0,True
生活区,BV1X75X6rEui,说到做到！不计成本逛离谱超市，会花多少钱？,1574484,95308,19126,6222,953,2192,《特别痛苦，特别难受》,,特别痛苦，特别难受,0,2,5,0,0,-2.0,0.0,2.0,2.0,0.4,-2.0,0.0,2.0,0,0,1,0,0,0,0,1,对象评价+自身情绪,未明确对象,理解与难度,负面,-1,0.9467251316897549,0.9467251316897549,0.03090627528650941,0.02236859302373568,负面,负面,,False
生活区,BV1X75X6rEui,说到做到！不计成本逛离谱超市，会花多少钱？,1574484,95308,19126,6222,953,2192,69块94，个人吃还不行啊？,,69块94，个人吃还不行啊？,0,1,9,0,1,-1.0,0.0,1.0,1.0,0.1111111111111111,-1.0,0.0,1.0,0,0,0,0,0,0,0,1,对象评价,未明确对象,未明确方面,负面,-1,0.8071428748917594,0.8071428748917594,0.16923745142941007,0.023619673678830434,负面,负面,,False
生活区,BV1X75X6rEui,说到做到！不计成本逛离谱超市，会花多少钱？,1574484,95308,19126,6222,953,2192,海上厨子来了,,海上厨子来了,0,0,3,0,0,0.0,0.0,0.0,0.0,0.0,0.0,0.0,0.0,0,0,0,0,0,0,0,0,无明显情感,未明确对象,未明确方面,中性,0,0.9233250903858861,0.03573873738922566,0.9233250903858861,0.0409361722248882,中性,中性,,False
生活区,BV1X75X6rEui,说到做到！不计成本逛离谱超市，会花多少钱？,1574484,95308,19126,6222,953,2192,重点是很贵但是好像也没有很好吃。。。,,重点是很贵但是好像也没有很好吃。。。,1,0,12,0,0,1.55,1.55,0.0,1.55,0.08333333333333333,1.55,1.55,0.0,1,0,0,0,0,0,0,1,对象评价,未明确对象,未明确方面,正面,-1,0.7311950365959904,0.7311950365959904,0.065603161987357,0.20320180141665264,负面,负面,-1.0,True
生活区,BV1X75X6rEui,说到做到！不计成本逛离谱超市，会花多少钱？,1574484,95308,19126,6222,953,2192,年轻人就是勇，什么都敢尝试,,年轻人就是勇，什么都敢尝试,0,0,8,0,0,0.0,0.0,0.0,0.0,0.0,0.0,0.0,0.0,0,0,0,0,0,0,0,0,无明显情感,未明确对象,未明确方面,中性,0,0.763509842682458,0.20441875709785126,0.763509842682458,0.032071400219690724,中性,中性,,False
生活区,BV1X75X6rEui,说到做到！不计成本逛离谱超市，会花多少钱？,1574484,95308,19126,6222,953,2192,我下一份工作妙不妙,,我下一份工作妙不妙,0,0,5,0,0,0.0,0.0,0.0,0.0,0.0,0.0,0.0,0.0,0,0,0,0,0,0,0,0,无明显情感,未明确对象,未明确方面,中性,0,0.8713282771337315,0.03924041547474213,0.8713282771337315,0.08943130739152638,中性,中性,,False
生活区,BV1X75X6rEui,说到做到！不计成本逛离谱超市，会花多少钱？,1574484,95308,19126,6222,953,2192,姐妹,,姐妹,0,0,1,0,0,0.0,0.0,0.0,0.0,0.0,0.0,0.0,0.0,0,0,0,0,0,0,0,0,无明显情感,未明确对象,未明确方面,中性,0,0.777179543105928,0.042092563895699445,0.777179543105928,0.1807278929983726,中性,中性,,False
生活区,BV1X75X6rEui,说到做到！不计成本逛离谱超市，会花多少钱？,1574484,95308,19126,6222,953,2192,可惜什么可惜 这么薄的牛排这样就行了,,可惜什么可惜这么薄的牛排这样就行了,0,0,8,0,0,0.0,0.0,0.0,0.0,0.0,0.0,0.0,0.0,0,0,0,0,0,0,0,0,无明显情感,未明确对象,未明确方面,中性,0,0.6955296328104827,0.18210106717075414,0.6955296328104827,0.12236930001876303,中性,中性,,False
生活区,BV1X75X6rEui,说到做到！不计成本逛离谱超市，会花多少钱？,1574484,95308,19126,6222,953,2192,69.9可以去外边吃不错的了,,69.9可以去外边吃不错的了,2,0,6,0,0,2.0,2.0,0.0,2.0,0.3333333333333333,2.0,2.0,0.0,0,0,0,0,0,0,0,1,对象评价,未明确对象,未明确方面,正面,1,0.8979196969359989,0.02596237438075075,0.07611792868325033,0.8979196969359989,正面,正面,,False
生活区,BV1X75X6rEui,说到做到！不计成本逛离谱超市，会花多少钱？,1574484,95308,19126,6222,953,2192,《营养》,,营养,0,0,1,0,0,0.0,0.0,0.0,0.0,0.0,0.0,0.0,0.0,0,0,0,0,0,0,0,0,无明显情感,未明确对象,未明确方面,中性,0,0.6613337795964743,0.14035796080361848,0.6613337795964743,0.19830825959990717,中性,中性,,False
生活区,BV1X75X6rEui,说到做到！不计成本逛离谱超市，会花多少钱？,1574484,95308,19126,6222,953,2192,这下看懂了,,这下看懂了,1,0,3,0,0,1.0,1.0,0.0,1.0,0.3333333333333333,1.0,1.0,0.0,0,0,0,0,1,0,0,1,对象评价+认知状态,未明确对象,理解与难度,正面,1,0.9178211205135155,0.02885882211238087,0.053320057374103697,0.9178211205135155,正面,正面,1.0,True
生活区,BV1X75X6rEui,说到做到！不计成本逛离谱超市，会花多少钱？,1574484,95308,19126,6222,953,2192,配米饭  4-6人,,配米饭46人,0,0,4,0,0,0.0,0.0,0.0,0.0,0.0,0.0,0.0,0.0,0,0,0,0,0,0,0,0,无明显情感,未明确对象,未明确方面,中性,0,0.659256559927973,0.06864250070746211,0.659256559927973,0.27210093936456475,中性,中性,,False
生活区,BV1X75X6rEui,说到做到！不计成本逛离谱超市，会花多少钱？,1574484,95308,19126,6222,953,2192,芦蒿是不是只有南京人吃,,芦蒿是不是只有南京人吃,0,0,6,0,0,0.0,0.0,0.0,0.0,0.0,0.0,0.0,0.0,0,0,0,0,0,0,0,0,无明显情感,未明确对象,未明确方面,中性,0,0.8129121471037071,0.14461473927698282,0.8129121471037071,0.0424731136193101,中性,中性,,False
生活区,BV1X75X6rEui,说到做到！不计成本逛离谱超市，会花多少钱？,1574484,95308,19126,6222,953,2192,宵夜不吃了吗,,宵夜不吃了吗,0,0,2,0,0,0.0,0.0,0.0,0.0,0.0,0.0,0.0,0.0,0,0,0,0,0,0,0,0,无明显情感,未明确对象,未明确方面,中性,0,0.894877553987927,0.04269801995904038,0.894877553987927,0.06242442605303261,中性,中性,,False
生活区,BV1X75X6rEui,说到做到！不计成本逛离谱超市，会花多少钱？,1574484,95308,19126,6222,953,2192,全是主食,,全是主食,0,0,2,0,0,0.0,0.0,0.0,0.0,0.0,0.0,0.0,0.0,0,0,0,0,0,0,0,0,无明显情感,未明确对象,未明确方面,中性,0,0.6553065905941072,0.1468149965085425,0.6553065905941072,0.19787841289735017,中性,中性,,False
生活区,BV1X75X6rEui,说到做到！不计成本逛离谱超市，会花多少钱？,1574484,95308,19126,6222,953,2192,我中考考上师大附中妙不妙？,,我中考考上师大附中妙不妙？,0,0,6,0,1,0.0,0.0,0.0,0.0,0.0,0.0,0.0,0.0,0,0,0,0,0,0,0,0,无明显情感,未明确对象,未明确方面,中性,0,0.7500282926035399,0.06439042453369086,0.7500282926035399,0.1855812828627693,中性,中性,,False
生活区,BV1X75X6rEui,说到做到！不计成本逛离谱超市，会花多少钱？,1574484,95308,19126,6222,953,2192,我们这叫二米饭,,我们这叫二米饭,0,0,4,0,0,0.0,0.0,0.0,0.0,0.0,0.0,0.0,0.0,0,0,0,0,0,0,0,0,无明显情感,未明确对象,未明确方面,中性,0,0.4372456738118693,0.3548371112567324,0.4372456738118693,0.20791721493139814,中性,中性,,False
生活区,BV1X75X6rEui,说到做到！不计成本逛离谱超市，会花多少钱？,1574484,95308,19126,6222,953,2192,哈哈哈哈哈哈哈哈哈,,哈哈哈哈哈哈哈哈哈,3,0,3,0,0,3.0,3.0,0.0,3.0,1.0,3.0,3.0,0.0,0,0,1,0,0,0,0,1,对象评价+自身情绪,未明确对象,娱乐与趣味,正面,1,0.998210332978915,0.0005961806738241715,0.001193486347260888,0.998210332978915,正面,正面,,False
生活区,BV1X75X6rEui,说到做到！不计成本逛离谱超市，会花多少钱？,1574484,95308,19126,6222,953,2192,这鸡蛋好像不新鲜,,这鸡蛋好像不新鲜,0,0,4,0,0,0.0,0.0,0.0,0.0,0.0,0.0,0.0,0.0,0,0,0,0,0,0,0,0,无明显情感,未明确对象,未明确方面,中性,-1,0.4625478510374257,0.4625478510374257,0.44142328399993624,0.09602886496263809,负面,负面,,False
生活区,BV1X75X6rEui,说到做到！不计成本逛离谱超市，会花多少钱？,1574484,95308,19126,6222,953,2192,对比度太高了，看的眼睛不舒服,,对比度太高了，看的眼睛不舒服,0,1,7,0,0,-1.0,0.0,1.0,1.0,0.14285714285714285,-1.0,0.0,1.0,0,0,1,0,0,0,0,1,对象评价+自身情绪,未明确对象,未明确方面,负面,-1,0.9218237542580475,0.9218237542580475,0.05411706947956731,0.024059176262385205,负面,负面,,False
生活区,BV1X75X6rEui,说到做到！不计成本逛离谱超市，会花多少钱？,1574484,95308,19126,6222,953,2192,不过了？,,不过了？,0,0,2,0,1,0.0,0.0,0.0,0.0,0.0,0.0,0.0,0.0,1,0,0,0,0,0,0,0,无明显情感,未明确对象,未明确方面,中性,-1,0.6284497095271033,0.6284497095271033,0.343750168664075,0.02780012180882162,负面,中性,0.0,True
生活区,BV1X75X6rEui,说到做到！不计成本逛离谱超市，会花多少钱？,1574484,95308,19126,6222,953,2192,这油不热啊，冷油,,这油不热啊，冷油,0,0,5,0,0,0.0,0.0,0.0,0.0,0.0,0.0,0.0,0.0,0,0,0,0,0,0,0,0,无明显情感,未明确对象,未明确方面,中性,-1,0.6077668935970746,0.6077668935970746,0.34065207777257817,0.05158102863034737,负面,负面,,False
生活区,BV1X75X6rEui,说到做到！不计成本逛离谱超市，会花多少钱？,1574484,95308,19126,6222,953,2192,什么？乌白菜卖这么贵！？？,,什么？乌白菜卖这么贵！？？,0,0,10,1,3,0.0,0.0,0.0,0.0,0.0,0.0,0.0,0.0,0,0,0,0,0,0,0,0,无明显情感,未明确对象,未明确方面,中性,-1,0.8349617907135194,0.8349617907135194,0.14242016217726644,0.022618047109214206,负面,负面,,False
生活区,BV1X75X6rEui,说到做到！不计成本逛离谱超市，会花多少钱？,1574484,95308,19126,6222,953,2192,这题材感觉看过好多次了,,这题材感觉看过好多次了,0,0,5,0,0,0.0,0.0,0.0,0.0,0.0,0.0,0.0,0.0,0,0,0,0,0,0,0,0,无明显情感,未明确对象,未明确方面,中性,-1,0.827203414771962,0.827203414771962,0.055037256241082015,0.11775932898695593,负面,负面,,False
生活区,BV1X75X6rEui,说到做到！不计成本逛离谱超市，会花多少钱？,1574484,95308,19126,6222,953,2192,上次我和我朋友俩人吃完了,,上次我和我朋友俩人吃完了,0,1,6,0,0,-1.0,0.0,1.0,1.0,0.16666666666666666,-1.0,0.0,1.0,0,0,0,0,0,0,0,1,对象评价,未明确对象,未明确方面,负面,0,0.8979837774764069,0.06254540599269584,0.8979837774764069,0.039470816530897325,中性,中性,,False
生活区,BV1X75X6rEui,说到做到！不计成本逛离谱超市，会花多少钱？,1574484,95308,19126,6222,953,2192,减少经费支出是吧。,,减少经费支出是吧。,0,0,3,0,0,0.0,0.0,0.0,0.0,0.0,0.0,0.0,0.0,0,0,0,0,0,0,0,0,无明显情感,未明确对象,未明确方面,中性,0,0.7743274847302175,0.11202427704165344,0.7743274847302175,0.11364823822812897,中性,中性,,False
生活区,BV1X75X6rEui,说到做到！不计成本逛离谱超市，会花多少钱？,1574484,95308,19126,6222,953,2192,不计成本，一个点赞一块钱,,不计成本，一个点赞一块钱,1,0,5,0,0,1.0,1.0,0.0,1.0,0.2,1.0,1.0,0.0,0,0,0,0,0,0,0,1,对象评价,未明确对象,未明确方面,正面,1,0.5235415036076532,0.4131268250363938,0.06333167135595302,0.5235415036076532,正面,正面,,False
生活区,BV1X75X6rEui,说到做到！不计成本逛离谱超市，会花多少钱？,1574484,95308,19126,6222,953,2192,一个月早餐费,,一个月早餐费,0,0,3,0,0,0.0,0.0,0.0,0.0,0.0,0.0,0.0,0.0,0,0,0,0,0,0,0,0,无明显情感,未明确对象,未明确方面,中性,0,0.586166169593683,0.19104758725572132,0.586166169593683,0.22278624315059561,中性,中性,,False
生活区,BV1X75X6rEui,说到做到！不计成本逛离谱超市，会花多少钱？,1574484,95308,19126,6222,953,2192,南京人狂喜,,南京人狂喜,0,0,3,0,0,0.0,0.0,0.0,0.0,0.0,0.0,0.0,0.0,0,0,0,0,0,0,0,0,无明显情感,未明确对象,未明确方面,中性,0,0.8452157277027235,0.03172479465534205,0.8452157277027235,0.12305947764193456,中性,中性,,False
生活区,BV1X75X6rEui,说到做到！不计成本逛离谱超市，会花多少钱？,1574484,95308,19126,6222,953,2192,这个超市的可乐十多块钱一罐,,这个超市的可乐十多块钱一罐,0,0,6,0,0,0.0,0.0,0.0,0.0,0.0,0.0,0.0,0.0,0,0,0,0,0,0,0,0,无明显情感,未明确对象,未明确方面,中性,-1,0.6093684893394747,0.6093684893394747,0.30179737364478276,0.08883413701574255,负面,负面,,False
生活区,BV1X75X6rEui,说到做到！不计成本逛离谱超市，会花多少钱？,1574484,95308,19126,6222,953,2192,不如外卖香,,不如外卖香,0,0,3,0,0,0.0,0.0,0.0,0.0,0.0,0.0,0.0,0.0,0,0,0,0,0,0,0,0,无明显情感,未明确对象,未明确方面,中性,-1,0.7602143028509311,0.7602143028509311,0.13717591002786242,0.10260978712120661,负面,负面,,False
生活区,BV1X75X6rEui,说到做到！不计成本逛离谱超市，会花多少钱？,1574484,95308,19126,6222,953,2192,不是广吧,,不是广吧,0,0,2,0,0,0.0,0.0,0.0,0.0,0.0,0.0,0.0,0.0,0,0,0,0,0,0,0,0,无明显情感,未明确对象,未明确方面,中性,0,0.7300634072457934,0.21945322315163102,0.7300634072457934,0.050483369602575455,中性,中性,0.0,True
生活区,BV1X75X6rEui,说到做到！不计成本逛离谱超市，会花多少钱？,1574484,95308,19126,6222,953,2192,芦蒿，南京这吃，可多了,,芦蒿，南京这吃，可多了,0,0,6,0,0,0.0,0.0,0.0,0.0,0.0,0.0,0.0,0.0,0,0,0,0,0,0,0,0,无明显情感,未明确对象,未明确方面,中性,-1,0.7792878935074213,0.7792878935074213,0.16148604867063265,0.059226057821945954,负面,负面,,False
生活区,BV1X75X6rEui,说到做到！不计成本逛离谱超市，会花多少钱？,1574484,95308,19126,6222,953,2192,俩莲雾37？,,俩莲雾37？,0,0,4,0,1,0.0,0.0,0.0,0.0,0.0,0.0,0.0,0.0,0,0,0,0,0,0,0,0,无明显情感,未明确对象,未明确方面,中性,0,0.6431962065764935,0.2605537116945913,0.6431962065764935,0.09625008172891525,中性,中性,,False
生活区,BV1X75X6rEui,说到做到！不计成本逛离谱超市，会花多少钱？,1574484,95308,19126,6222,953,2192,味道上就是嫩一点的海鲈鱼,,味道上就是嫩一点的海鲈鱼,0,0,7,0,0,0.0,0.0,0.0,0.0,0.0,0.0,0.0,0.0,0,0,0,0,0,0,0,0,无明显情感,未明确对象,未明确方面,中性,0,0.7071487311669458,0.23730870082503236,0.7071487311669458,0.055542568008021855,中性,中性,,False
生活区,BV1X75X6rEui,说到做到！不计成本逛离谱超市，会花多少钱？,1574484,95308,19126,6222,953,2192,感谢帅小伙,,感谢帅小伙,1,0,2,0,0,1.0,1.0,0.0,1.0,0.5,1.0,1.0,0.0,0,0,0,0,0,0,0,1,对象评价,未明确对象,未明确方面,正面,1,0.8907306199721081,0.0343241366142745,0.07494524341361745,0.8907306199721081,正面,正面,,False
生活区,BV1X75X6rEui,说到做到！不计成本逛离谱超市，会花多少钱？,1574484,95308,19126,6222,953,2192,这个鸳鸯锅到处都在打折，30块左右,,这个鸳鸯锅到处都在打折，30块左右,0,0,10,0,0,0.0,0.0,0.0,0.0,0.0,0.0,0.0,0.0,0,0,0,0,0,0,0,0,无明显情感,未明确对象,未明确方面,中性,0,0.5309425035824208,0.4161654438400872,0.5309425035824208,0.05289205257749203,中性,中性,,False
生活区,BV1X75X6rEui,说到做到！不计成本逛离谱超市，会花多少钱？,1574484,95308,19126,6222,953,2192,包是广告的,,包是广告的,0,0,2,0,0,0.0,0.0,0.0,0.0,0.0,0.0,0.0,0.0,0,0,0,0,0,0,0,0,无明显情感,未明确对象,未明确方面,中性,0,0.8560234489161812,0.07988143150821671,0.8560234489161812,0.06409511957560221,中性,中性,,False
生活区,BV1X75X6rEui,说到做到！不计成本逛离谱超市，会花多少钱？,1574484,95308,19126,6222,953,2192,这不就二米饭吗,,这不就二米饭吗,0,0,4,0,0,0.0,0.0,0.0,0.0,0.0,0.0,0.0,0.0,0,0,0,0,0,0,0,0,无明显情感,未明确对象,未明确方面,中性,-1,0.6149396351571265,0.6149396351571265,0.35309381161573555,0.03196655322713787,负面,负面,,False
生活区,BV1X75X6rEui,说到做到！不计成本逛离谱超市，会花多少钱？,1574484,95308,19126,6222,953,2192,标签里没有产品名字,,标签里没有产品名字,0,0,5,0,0,0.0,0.0,0.0,0.0,0.0,0.0,0.0,0.0,0,0,0,0,0,0,0,0,无明显情感,未明确对象,未明确方面,中性,-1,0.8145859455657815,0.8145859455657815,0.1347206203323567,0.05069343410186185,负面,负面,,False
生活区,BV1X75X6rEui,说到做到！不计成本逛离谱超市，会花多少钱？,1574484,95308,19126,6222,953,2192,现在有养殖的了。未来几年必定大掉价,,现在有养殖的了。未来几年必定大掉价,0,0,9,0,0,0.0,0.0,0.0,0.0,0.0,0.0,0.0,0.0,0,0,0,0,0,0,0,0,无明显情感,未明确对象,未明确方面,中性,-1,0.4636214182651962,0.4636214182651962,0.432988075125904,0.1033905066088999,负面,负面,,False
生活区,BV1X75X6rEui,说到做到！不计成本逛离谱超市，会花多少钱？,1574484,95308,19126,6222,953,2192,连吃带拿帅小伙,,连吃带拿帅小伙,0,0,5,0,0,0.0,0.0,0.0,0.0,0.0,0.0,0.0,0.0,0,0,0,0,0,0,0,0,无明显情感,未明确对象,未明确方面,中性,0,0.7952032605581397,0.13436854104135926,0.7952032605581397,0.07042819840050112,中性,中性,,False
生活区,BV1X75X6rEui,说到做到！不计成本逛离谱超市，会花多少钱？,1574484,95308,19126,6222,953,2192,这个超市特别贵高端华润万家,,这个超市特别贵高端华润万家,0,0,7,0,0,0.0,0.0,0.0,0.0,0.0,0.0,0.0,0.0,0,0,0,0,0,0,0,0,无明显情感,未明确对象,未明确方面,中性,-1,0.8503808547577691,0.8503808547577691,0.057565968158219384,0.09205317708401164,负面,负面,,False
生活区,BV1X75X6rEui,说到做到！不计成本逛离谱超市，会花多少钱？,1574484,95308,19126,6222,953,2192,一碗泡面，一碗酸辣粉，这也就两人分量,,一碗泡面，一碗酸辣粉，这也就两人分量,0,0,10,0,0,0.0,0.0,0.0,0.0,0.0,0.0,0.0,0.0,0,0,0,0,0,0,0,0,无明显情感,未明确对象,未明确方面,中性,-1,0.9379084804282946,0.9379084804282946,0.021870564024967273,0.04022095554673823,负面,负面,,False
生活区,BV1X75X6rEui,说到做到！不计成本逛离谱超市，会花多少钱？,1574484,95308,19126,6222,953,2192,现在成熟养殖，90一斤,,现在成熟养殖，90一斤,1,0,6,0,0,1.0,1.0,0.0,1.0,0.16666666666666666,1.0,1.0,0.0,0,0,0,0,0,0,0,1,对象评价,未明确对象,未明确方面,正面,0,0.46109837866394143,0.08336122214889453,0.46109837866394143,0.45554039918716394,中性,中性,0.0,True
生活区,BV1X75X6rEui,说到做到！不计成本逛离谱超市，会花多少钱？,1574484,95308,19126,6222,953,2192,谢谢帅小伙,,谢谢帅小伙,1,0,2,0,0,1.0,1.0,0.0,1.0,0.5,1.0,1.0,0.0,0,0,0,0,0,0,0,1,对象评价,未明确对象,未明确方面,正面,1,0.848856557315162,0.03223689482854835,0.11890654785628954,0.848856557315162,正面,正面,,False
生活区,BV1X75X6rEui,说到做到！不计成本逛离谱超市，会花多少钱？,1574484,95308,19126,6222,953,2192,我的股票妙不妙？,,我的股票妙不妙？,0,0,4,0,1,0.0,0.0,0.0,0.0,0.0,0.0,0.0,0.0,0,0,0,0,0,0,0,0,无明显情感,未明确对象,未明确方面,中性,0,0.9027842478910517,0.04108841263429779,0.9027842478910517,0.056127339474650435,中性,中性,,False
生活区,BV1X75X6rEui,说到做到！不计成本逛离谱超市，会花多少钱？,1574484,95308,19126,6222,953,2192,这里面最值钱的是这个包装，其它都是虚的,,这里面最值钱的是这个包装，其它都是虚的,0,0,9,0,0,0.0,0.0,0.0,0.0,0.0,0.0,0.0,0.0,0,0,0,0,0,0,0,0,无明显情感,未明确对象,未明确方面,中性,0,0.5110535574092432,0.4040423220985407,0.5110535574092432,0.08490412049221606,中性,中性,,False
生活区,BV1X75X6rEui,说到做到！不计成本逛离谱超市，会花多少钱？,1574484,95308,19126,6222,953,2192,一个月伙食费,,一个月伙食费,0,0,2,0,0,0.0,0.0,0.0,0.0,0.0,0.0,0.0,0.0,0,0,0,0,0,0,0,0,无明显情感,未明确对象,未明确方面,中性,0,0.5930562082403636,0.18310791804412657,0.5930562082403636,0.22383587371550967,中性,中性,,False
生活区,BV1X75X6rEui,说到做到！不计成本逛离谱超市，会花多少钱？,1574484,95308,19126,6222,953,2192,《风味魔丸》,,风味魔丸,0,0,2,0,0,0.0,0.0,0.0,0.0,0.0,0.0,0.0,0.0,0,0,0,0,0,0,0,0,无明显情感,未明确对象,未明确方面,中性,0,0.6553065905941072,0.1468149965085425,0.6553065905941072,0.19787841289735017,中性,中性,,False
生活区,BV1X75X6rEui,说到做到！不计成本逛离谱超市，会花多少钱？,1574484,95308,19126,6222,953,2192,芦蒿就是叫芦蒿,,芦蒿就是叫芦蒿,0,0,4,0,0,0.0,0.0,0.0,0.0,0.0,0.0,0.0,0.0,0,0,0,0,0,0,0,0,无明显情感,未明确对象,未明确方面,中性,0,0.6945692729137379,0.2167589972496885,0.6945692729137379,0.08867172983657354,中性,中性,,False
生活区,BV1X75X6rEui,说到做到！不计成本逛离谱超市，会花多少钱？,1574484,95308,19126,6222,953,2192,妙啊,,妙啊,0,0,1,0,0,0.0,0.0,0.0,0.0,0.0,0.0,0.0,0.0,0,0,0,0,0,0,0,0,无明显情感,未明确对象,未明确方面,中性,0,0.4045950134929513,0.26787513064972174,0.4045950134929513,0.3275298558573271,中性,正面,1.0,True
生活区,BV1X75X6rEui,说到做到！不计成本逛离谱超市，会花多少钱？,1574484,95308,19126,6222,953,2192,他怎么敢放6双筷子的？？,,他怎么敢放6双筷子的？？,0,0,8,0,2,0.0,0.0,0.0,0.0,0.0,0.0,0.0,0.0,0,0,0,0,0,0,0,0,无明显情感,未明确对象,未明确方面,中性,-1,0.7422246088696302,0.7422246088696302,0.1964006450636587,0.06137474606671106,负面,负面,,False
生活区,BV1X75X6rEui,说到做到！不计成本逛离谱超市，会花多少钱？,1574484,95308,19126,6222,953,2192,藜蒿！,,藜蒿！,0,0,3,1,0,0.0,0.0,0.0,0.0,0.0,0.0,0.0,0.0,0,0,0,0,0,0,0,0,无明显情感,未明确对象,未明确方面,中性,0,0.4255453835394759,0.17083543581289087,0.4255453835394759,0.40361918064763314,中性,中性,,False
生活区,BV1X75X6rEui,说到做到！不计成本逛离谱超市，会花多少钱？,1574484,95308,19126,6222,953,2192,老婆考上教师编,,老婆考上教师编,0,0,4,0,0,0.0,0.0,0.0,0.0,0.0,0.0,0.0,0.0,0,0,0,0,0,0,0,0,无明显情感,未明确对象,未明确方面,中性,1,0.6896567353679276,0.0948962731391455,0.21544699149292687,0.6896567353679276,正面,正面,1.0,True
生活区,BV1X75X6rEui,说到做到！不计成本逛离谱超市，会花多少钱？,1574484,95308,19126,6222,953,2192,想吃性价比东星斑就看看鲈鱼，我是感觉没啥区别,,想吃性价比东星斑就看看鲈鱼，我是感觉没啥区别,0,0,13,0,0,0.0,0.0,0.0,0.0,0.0,0.0,0.0,0.0,0,0,0,0,0,0,0,0,无明显情感,未明确对象,未明确方面,中性,-1,0.9178448135889672,0.9178448135889672,0.07295485482979483,0.009200331581237913,负面,负面,,False
生活区,BV1X75X6rEui,说到做到！不计成本逛离谱超市，会花多少钱？,1574484,95308,19126,6222,953,2192,落魄了,,落魄了,0,0,1,0,0,0.0,0.0,0.0,0.0,0.0,0.0,0.0,0.0,0,0,0,0,0,0,0,0,无明显情感,未明确对象,未明确方面,中性,-1,0.6075886346113134,0.6075886346113134,0.26402415106991883,0.12838721431876776,负面,负面,,False
生活区,BV1X75X6rEui,说到做到！不计成本逛离谱超市，会花多少钱？,1574484,95308,19126,6222,953,2192,就这个标明注水线已经有点产品介绍的味儿了,,就这个标明注水线已经有点产品介绍的味儿了,0,0,9,0,0,0.0,0.0,0.0,0.0,0.0,0.0,0.0,0.0,0,0,0,0,0,0,0,0,无明显情感,未明确对象,未明确方面,中性,-1,0.48547932032316926,0.48547932032316926,0.37793927898732244,0.1365814006895083,负面,负面,,False
生活区,BV1X75X6rEui,说到做到！不计成本逛离谱超市，会花多少钱？,1574484,95308,19126,6222,953,2192,连吃带拿,,连吃带拿,0,0,4,0,0,0.0,0.0,0.0,0.0,0.0,0.0,0.0,0.0,0,0,0,0,0,0,0,0,无明显情感,未明确对象,未明确方面,中性,0,0.801269375063963,0.12825917854245789,0.801269375063963,0.07047144639357922,中性,中性,,False
生活区,BV1X75X6rEui,说到做到！不计成本逛离谱超市，会花多少钱？,1574484,95308,19126,6222,953,2192,我的论文数据结果妙不妙,,我的论文数据结果妙不妙,0,0,5,0,0,0.0,0.0,0.0,0.0,0.0,0.0,0.0,0.0,0,0,0,0,0,0,0,0,无明显情感,未明确对象,未明确方面,中性,0,0.8486708992670341,0.031981105594856105,0.8486708992670341,0.11934799513810966,中性,中性,,False
生活区,BV1X75X6rEui,说到做到！不计成本逛离谱超市，会花多少钱？,1574484,95308,19126,6222,953,2192,超市是有酒的,,超市是有酒的,0,0,3,0,0,0.0,0.0,0.0,0.0,0.0,0.0,0.0,0.0,0,0,0,0,0,0,0,0,无明显情感,未明确对象,未明确方面,中性,-1,0.6909942958189863,0.6909942958189863,0.263514283592759,0.04549142058825465,负面,负面,,False
生活区,BV1X75X6rEui,说到做到！不计成本逛离谱超市，会花多少钱？,1574484,95308,19126,6222,953,2192,考试妙不妙,,考试妙不妙,0,0,3,0,0,0.0,0.0,0.0,0.0,0.0,0.0,0.0,0.0,0,0,0,0,0,0,0,0,无明显情感,未明确对象,未明确方面,中性,0,0.811498177058493,0.03242073905199801,0.811498177058493,0.15608108388950884,中性,中性,,False
生活区,BV1X75X6rEui,说到做到！不计成本逛离谱超市，会花多少钱？,1574484,95308,19126,6222,953,2192,这个不好吃，拉完了,,这个不好吃，拉完了,0,1,5,0,0,-1.0,0.0,1.0,1.0,0.2,-1.0,0.0,1.0,0,0,0,0,0,0,0,1,对象评价,未明确对象,未明确方面,负面,-1,0.9468669050891083,0.9468669050891083,0.03490756551809132,0.018225529392800397,负面,负面,,False
生活区,BV1X75X6rEui,说到做到！不计成本逛离谱超市，会花多少钱？,1574484,95308,19126,6222,953,2192,煎久了不好吃了,,煎久了不好吃了,0,0,4,0,0,0.0,0.0,0.0,0.0,0.0,0.0,0.0,0.0,0,0,0,0,0,0,0,0,无明显情感,未明确对象,未明确方面,中性,-1,0.8385869266329498,0.8385869266329498,0.08797427056707453,0.0734388027999757,负面,负面,,False
生活区,BV1X75X6rEui,说到做到！不计成本逛离谱超市，会花多少钱？,1574484,95308,19126,6222,953,2192,想吃直说,,想吃直说,0,0,3,0,0,0.0,0.0,0.0,0.0,0.0,0.0,0.0,0.0,0,0,0,0,0,0,0,0,无明显情感,未明确对象,未明确方面,中性,0,0.6935851172466054,0.1951395242193778,0.6935851172466054,0.11127535853401675,中性,中性,,False
生活区,BV1X75X6rEui,说到做到！不计成本逛离谱超市，会花多少钱？,1574484,95308,19126,6222,953,2192,不计成本不防椰子水？,,不计成本不防椰子水？,0,0,6,0,1,0.0,0.0,0.0,0.0,0.0,0.0,0.0,0.0,0,0,0,0,0,0,0,0,无明显情感,未明确对象,未明确方面,中性,-1,0.8127355652259628,0.8127355652259628,0.17533429286112776,0.01193014191290931,负面,负面,,False
生活区,BV1X75X6rEui,说到做到！不计成本逛离谱超市，会花多少钱？,1574484,95308,19126,6222,953,2192,《肠胃不好》,,肠胃不好,0,0,2,0,0,0.0,0.0,0.0,0.0,0.0,0.0,0.0,0.0,0,0,0,0,0,0,0,0,无明显情感,未明确对象,未明确方面,中性,-1,0.7887005216835005,0.7887005216835005,0.14148312291364443,0.06981635540285507,负面,负面,,False
生活区,BV1X75X6rEui,说到做到！不计成本逛离谱超市，会花多少钱？,1574484,95308,19126,6222,953,2192,嘴巴一直在流眼泪,,嘴巴一直在流眼泪,0,0,4,0,0,0.0,0.0,0.0,0.0,0.0,0.0,0.0,0.0,0,0,0,0,0,0,0,0,无明显情感,未明确对象,未明确方面,中性,0,0.46803330744940996,0.4096548703951864,0.46803330744940996,0.12231182215540364,中性,中性,,False
生活区,BV1X75X6rEui,说到做到！不计成本逛离谱超市，会花多少钱？,1574484,95308,19126,6222,953,2192,2个人吃 刚刚好,,2个人吃刚刚好,0,0,5,0,0,0.0,0.0,0.0,0.0,0.0,0.0,0.0,0.0,0,0,0,0,0,0,0,0,无明显情感,未明确对象,未明确方面,中性,0,0.4653077427736725,0.3727730349256895,0.4653077427736725,0.16191922230063793,中性,中性,0.0,True
生活区,BV1X75X6rEui,说到做到！不计成本逛离谱超市，会花多少钱？,1574484,95308,19126,6222,953,2192,启强：哦嚯嚯，又要干回老本行咯,,启强哦嚯嚯，又要干回老本行咯,0,0,10,0,0,0.0,0.0,0.0,0.0,0.0,0.0,0.0,0.0,0,0,0,0,0,0,0,0,无明显情感,未明确对象,未明确方面,中性,0,0.5224730643688548,0.2553791352346953,0.5224730643688548,0.22214780039645002,中性,中性,0.0,True
生活区,BV1X75X6rEui,说到做到！不计成本逛离谱超市，会花多少钱？,1574484,95308,19126,6222,953,2192,我科三妙不妙？,,我科三妙不妙？,0,0,3,0,1,0.0,0.0,0.0,0.0,0.0,0.0,0.0,0.0,0,0,0,0,0,0,0,0,无明显情感,未明确对象,未明确方面,中性,0,0.9039775081440536,0.05134047127760703,0.9039775081440536,0.04468202057833928,中性,中性,0.0,True
生活区,BV1X75X6rEui,说到做到！不计成本逛离谱超市，会花多少钱？,1574484,95308,19126,6222,953,2192,广子,,广子,0,0,1,0,0,0.0,0.0,0.0,0.0,0.0,0.0,0.0,0.0,0,0,0,0,0,0,0,0,无明显情感,未明确对象,未明确方面,中性,0,0.6613337795964743,0.14035796080361848,0.6613337795964743,0.19830825959990717,中性,中性,,False
生活区,BV1X75X6rEui,说到做到！不计成本逛离谱超市，会花多少钱？,1574484,95308,19126,6222,953,2192,我今年能找到女朋友妙不妙？,,我今年能找到女朋友妙不妙？,0,0,7,0,1,0.0,0.0,0.0,0.0,0.0,0.0,0.0,0.0,0,0,0,0,0,0,0,0,无明显情感,未明确对象,未明确方面,中性,0,0.6792632352744602,0.13411533828046643,0.6792632352744602,0.18662142644507346,中性,中性,,False
生活区,BV1X75X6rEui,说到做到！不计成本逛离谱超市，会花多少钱？,1574484,95308,19126,6222,953,2192,我生活工作妙不妙,,我生活工作妙不妙,0,0,4,0,0,0.0,0.0,0.0,0.0,0.0,0.0,0.0,0.0,0,0,0,0,0,0,0,0,无明显情感,未明确对象,未明确方面,中性,0,0.8454660423246135,0.043721431809527485,0.8454660423246135,0.11081252586585895,中性,中性,,False
生活区,BV1X75X6rEui,说到做到！不计成本逛离谱超市，会花多少钱？,1574484,95308,19126,6222,953,2192,不是有厨房为啥要用自热包？,,不是有厨房为啥要用自热包？,0,0,7,0,1,0.0,0.0,0.0,0.0,0.0,0.0,0.0,0.0,0,0,0,0,0,0,0,0,无明显情感,未明确对象,未明确方面,中性,-1,0.8810145360718781,0.8810145360718781,0.10509444701681146,0.01389101691131067,负面,负面,,False
生活区,BV1X75X6rEui,说到做到！不计成本逛离谱超市，会花多少钱？,1574484,95308,19126,6222,953,2192,合成的水,,合成的水,0,0,2,0,0,0.0,0.0,0.0,0.0,0.0,0.0,0.0,0.0,0,0,0,0,0,0,0,0,无明显情感,未明确对象,未明确方面,中性,0,0.7936323417414798,0.07742488297774178,0.7936323417414798,0.12894277528077847,中性,中性,,False
生活区,BV1X75X6rEui,说到做到！不计成本逛离谱超市，会花多少钱？,1574484,95308,19126,6222,953,2192,看着像蒜薹,,看着像蒜薹,0,0,3,0,0,0.0,0.0,0.0,0.0,0.0,0.0,0.0,0.0,0,0,0,0,0,0,0,0,无明显情感,未明确对象,未明确方面,中性,-1,0.38714479893432385,0.38714479893432385,0.27644254021482767,0.3364126608508484,负面,负面,,False
生活区,BV1X75X6rEui,说到做到！不计成本逛离谱超市，会花多少钱？,1574484,95308,19126,6222,953,2192,666666,,666666,2,0,1,0,0,2.0,2.0,0.0,2.0,2.0,2.0,2.0,0.0,0,0,0,0,0,0,0,1,对象评价,未明确对象,未明确方面,正面,1,0.974819954411139,0.022747644430266386,0.002432401158594635,0.974819954411139,正面,正面,,False
生活区,BV1X75X6rEui,说到做到！不计成本逛离谱超市，会花多少钱？,1574484,95308,19126,6222,953,2192,我不如点个杨国福外卖。,,我不如点个杨国福外卖。,0,0,5,0,0,0.0,0.0,0.0,0.0,0.0,0.0,0.0,0.0,0,0,0,0,0,0,0,0,无明显情感,未明确对象,未明确方面,中性,-1,0.823493979164222,0.823493979164222,0.09474133658823769,0.08176468424754042,负面,负面,-1.0,True
生活区,BV1X75X6rEui,说到做到！不计成本逛离谱超市，会花多少钱？,1574484,95308,19126,6222,953,2192,莲雾现在五块一斤,,莲雾现在五块一斤,0,0,4,0,0,0.0,0.0,0.0,0.0,0.0,0.0,0.0,0.0,0,0,0,0,0,0,0,0,无明显情感,未明确对象,未明确方面,中性,0,0.8044763005761212,0.09116268200417127,0.8044763005761212,0.10436101741970748,中性,中性,,False
生活区,BV1X75X6rEui,说到做到！不计成本逛离谱超市，会花多少钱？,1574484,95308,19126,6222,953,2192,正片来了,,正片来了,0,0,2,0,0,0.0,0.0,0.0,0.0,0.0,0.0,0.0,0.0,0,0,0,0,0,0,0,0,无明显情感,未明确对象,未明确方面,中性,0,0.925331364958242,0.033929097811947716,0.925331364958242,0.04073953722981036,中性,中性,,False
生活区,BV1X75X6rEui,说到做到！不计成本逛离谱超市，会花多少钱？,1574484,95308,19126,6222,953,2192,我的股票妙不妙,,我的股票妙不妙,0,0,3,0,0,0.0,0.0,0.0,0.0,0.0,0.0,0.0,0.0,0,0,0,0,0,0,0,0,无明显情感,未明确对象,未明确方面,中性,0,0.8271621291370423,0.02020122688367913,0.8271621291370423,0.15263664397927862,中性,中性,,False
生活区,BV1X75X6rEui,说到做到！不计成本逛离谱超市，会花多少钱？,1574484,95308,19126,6222,953,2192,泽这么大厦门市场买的200吧,,泽这么大厦门市场买的200吧,0,0,7,0,0,0.0,0.0,0.0,0.0,0.0,0.0,0.0,0.0,0,0,0,0,0,0,0,0,无明显情感,未明确对象,未明确方面,中性,0,0.5826148048208508,0.26216725051325146,0.5826148048208508,0.15521794466589772,中性,中性,,False
生活区,BV1X75X6rEui,说到做到！不计成本逛离谱超市，会花多少钱？,1574484,95308,19126,6222,953,2192,预算不足 警告,,预算不足警告,0,1,3,0,0,-1.0,0.0,1.0,1.0,0.3333333333333333,-1.0,0.0,1.0,0,0,0,0,0,0,0,1,对象评价,未明确对象,未明确方面,负面,0,0.5149817615822109,0.3663058307277532,0.5149817615822109,0.11871240769003584,中性,负面,-1.0,True
生活区,BV1X75X6rEui,说到做到！不计成本逛离谱超市，会花多少钱？,1574484,95308,19126,6222,953,2192,我今年中考妙不妙,,我今年中考妙不妙,0,0,4,0,0,0.0,0.0,0.0,0.0,0.0,0.0,0.0,0.0,0,0,0,0,0,0,0,0,无明显情感,未明确对象,未明确方面,中性,0,0.6360718637671455,0.02378082711260774,0.6360718637671455,0.34014730912024665,中性,中性,,False
生活区,BV1X75X6rEui,说到做到！不计成本逛离谱超市，会花多少钱？,1574484,95308,19126,6222,953,2192,鳜鱼：那我算什么,,鳜鱼那我算什么,0,0,3,0,0,0.0,0.0,0.0,0.0,0.0,0.0,0.0,0.0,0,0,0,0,0,0,0,0,无明显情感,未明确对象,未明确方面,中性,0,0.8298481572495946,0.13144056907557575,0.8298481572495946,0.038711273674829745,中性,中性,,False
生活区,BV1X75X6rEui,说到做到！不计成本逛离谱超市，会花多少钱？,1574484,95308,19126,6222,953,2192,我们这卖5块一个 看着和这个差不多,,我们这卖5块一个看着和这个差不多,0,0,7,0,0,0.0,0.0,0.0,0.0,0.0,0.0,0.0,0.0,0,0,0,0,0,0,0,0,无明显情感,未明确对象,未明确方面,中性,0,0.3690697129477886,0.36321197088442625,0.3690697129477886,0.26771831616778513,中性,负面,,False
生活区,BV1X75X6rEui,说到做到！不计成本逛离谱超市，会花多少钱？,1574484,95308,19126,6222,953,2192,够4-6个小朋友过家家吃,,够46个小朋友过家家吃,0,0,6,0,0,0.0,0.0,0.0,0.0,0.0,0.0,0.0,0.0,0,0,0,0,0,0,0,0,无明显情感,未明确对象,未明确方面,中性,0,0.6239876308757872,0.20306607028472676,0.6239876308757872,0.17294629883948598,中性,中性,,False
生活区,BV1X75X6rEui,说到做到！不计成本逛离谱超市，会花多少钱？,1574484,95308,19126,6222,953,2192,既要又要的,,既要又要的,0,0,3,0,0,0.0,0.0,0.0,0.0,0.0,0.0,0.0,0.0,0,0,0,0,0,0,0,0,无明显情感,未明确对象,未明确方面,中性,0,0.7356651768149562,0.09318839362070011,0.7356651768149562,0.17114642956434356,中性,中性,,False
生活区,BV1X75X6rEui,说到做到！不计成本逛离谱超市，会花多少钱？,1574484,95308,19126,6222,953,2192,六个小鸟胃的小孩,,六个小鸟胃的小孩,0,0,4,0,0,0.0,0.0,0.0,0.0,0.0,0.0,0.0,0.0,0,0,0,0,0,0,0,0,无明显情感,未明确对象,未明确方面,中性,0,0.7459521524042935,0.14510287904170852,0.7459521524042935,0.10894496855399798,中性,中性,,False
生活区,BV1X75X6rEui,说到做到！不计成本逛离谱超市，会花多少钱？,1574484,95308,19126,6222,953,2192,666流口水了,,666流口水了,1,0,2,0,0,1.0,1.0,0.0,1.0,0.5,1.0,1.0,0.0,0,0,0,0,0,0,0,1,对象评价,未明确对象,未明确方面,正面,1,0.8045806955247515,0.07037084573552514,0.1250484587397232,0.8045806955247515,正面,正面,,False
生活区,BV1X75X6rEui,说到做到！不计成本逛离谱超市，会花多少钱？,1574484,95308,19126,6222,953,2192,我选金吉鱼,,我选金吉鱼,0,0,1,0,0,0.0,0.0,0.0,0.0,0.0,0.0,0.0,0.0,0,0,0,0,0,0,0,0,无明显情感,未明确对象,未明确方面,中性,0,0.6713952323652065,0.14118925650640787,0.6713952323652065,0.18741551112838561,中性,中性,,False
生活区,BV1X75X6rEui,说到做到！不计成本逛离谱超市，会花多少钱？,1574484,95308,19126,6222,953,2192,这个巨坑35两个,,这个巨坑35两个,0,0,4,0,0,0.0,0.0,0.0,0.0,0.0,0.0,0.0,0.0,0,0,0,0,0,0,0,0,无明显情感,未明确对象,未明确方面,中性,0,0.6922035677059293,0.15271832604482463,0.6922035677059293,0.15507810624924612,中性,中性,,False
生活区,BV1X75X6rEui,说到做到！不计成本逛离谱超市，会花多少钱？,1574484,95308,19126,6222,953,2192,我的期末考试妙不妙？,,我的期末考试妙不妙？,0,0,4,0,1,0.0,0.0,0.0,0.0,0.0,0.0,0.0,0.0,0,0,0,0,0,0,0,0,无明显情感,未明确对象,未明确方面,中性,0,0.8879804362521876,0.048892871799629416,0.8879804362521876,0.06312669194818289,中性,中性,0.0,True
生活区,BV1X75X6rEui,说到做到！不计成本逛离谱超市，会花多少钱？,1574484,95308,19126,6222,953,2192,你演多了以后说真话怎么办,,你演多了以后说真话怎么办,0,0,5,0,0,0.0,0.0,0.0,0.0,0.0,0.0,0.0,0.0,0,0,0,0,0,0,0,0,无明显情感,未明确对象,未明确方面,中性,-1,0.5214391565940104,0.5214391565940104,0.40343417922393293,0.07512666418205668,负面,负面,,False
生活区,BV1X75X6rEui,说到做到！不计成本逛离谱超市，会花多少钱？,1574484,95308,19126,6222,953,2192,单纯想吃不行吗,,单纯想吃不行吗,0,1,4,0,0,-1.0,0.0,1.0,1.0,0.25,-1.0,0.0,1.0,0,0,0,0,0,0,0,1,对象评价,未明确对象,未明确方面,负面,0,0.561553712952481,0.3857255560745603,0.561553712952481,0.05272073097295868,中性,负面,,False
生活区,BV1X75X6rEui,说到做到！不计成本逛离谱超市，会花多少钱？,1574484,95308,19126,6222,953,2192,感觉像米虫饭,,感觉像米虫饭,0,0,4,0,0,0.0,0.0,0.0,0.0,0.0,0.0,0.0,0.0,0,0,0,0,0,0,0,0,无明显情感,未明确对象,未明确方面,中性,-1,0.858294059391072,0.858294059391072,0.07230378399389854,0.06940215661502944,负面,负面,-1.0,True
生活区,BV1X75X6rEui,说到做到！不计成本逛离谱超市，会花多少钱？,1574484,95308,19126,6222,953,2192,我期中考试妙不妙,,我期中考试妙不妙,0,0,3,0,0,0.0,0.0,0.0,0.0,0.0,0.0,0.0,0.0,0,0,0,0,0,0,0,0,无明显情感,未明确对象,未明确方面,中性,0,0.7936930099036696,0.024749525223640333,0.7936930099036696,0.18155746487268987,中性,中性,,False
生活区,BV1X75X6rEui,说到做到！不计成本逛离谱超市，会花多少钱？,1574484,95308,19126,6222,953,2192,图穷匕见,,图穷匕见,0,0,1,0,0,0.0,0.0,0.0,0.0,0.0,0.0,0.0,0.0,0,0,0,0,0,0,0,0,无明显情感,未明确对象,未明确方面,中性,0,0.6613337795964743,0.14035796080361848,0.6613337795964743,0.19830825959990717,中性,中性,,False
生活区,BV1X75X6rEui,说到做到！不计成本逛离谱超市，会花多少钱？,1574484,95308,19126,6222,953,2192,厉害啊,,厉害啊,1,0,1,0,0,1.0,1.0,0.0,1.0,1.0,1.0,1.0,0.0,0,0,0,0,0,0,0,1,对象评价,未明确对象,未明确方面,正面,-1,0.5155445545947906,0.5155445545947906,0.023550177203980224,0.46090526820122907,负面,正面,,False
生活区,BV1X75X6rEui,说到做到！不计成本逛离谱超市，会花多少钱？,1574484,95308,19126,6222,953,2192,三分之一工资,,三分之一工资,0,0,2,0,0,0.0,0.0,0.0,0.0,0.0,0.0,0.0,0.0,0,0,0,0,0,0,0,0,无明显情感,未明确对象,未明确方面,中性,0,0.6004356951899974,0.170685315379882,0.6004356951899974,0.22887898943012058,中性,中性,,False
生活区,BV1X75X6rEui,说到做到！不计成本逛离谱超市，会花多少钱？,1574484,95308,19126,6222,953,2192,这是真不错,,这是真不错,1,0,2,0,0,1.0,1.0,0.0,1.0,0.5,1.0,1.0,0.0,0,0,0,0,0,0,0,1,对象评价,未明确对象,未明确方面,正面,1,0.7792789061568934,0.06155959152616846,0.1591615023169382,0.7792789061568934,正面,正面,1.0,True
生活区,BV1X75X6rEui,说到做到！不计成本逛离谱超市，会花多少钱？,1574484,95308,19126,6222,953,2192,六个小孩也不够吃吧,,六个小孩也不够吃吧,0,0,5,0,0,0.0,0.0,0.0,0.0,0.0,0.0,0.0,0.0,0,0,0,0,0,0,0,0,无明显情感,未明确对象,未明确方面,中性,0,0.6668738317462833,0.2593777543886605,0.6668738317462833,0.07374841386505614,中性,中性,,False
生活区,BV1X75X6rEui,说到做到！不计成本逛离谱超市，会花多少钱？,1574484,95308,19126,6222,953,2192,看起来好像爆米花,,看起来好像爆米花,0,0,3,0,0,0.0,0.0,0.0,0.0,0.0,0.0,0.0,0.0,0,0,0,0,0,0,0,0,无明显情感,未明确对象,未明确方面,中性,0,0.7170214049828332,0.07989491063623055,0.7170214049828332,0.2030836843809363,中性,中性,,False
生活区,BV1X75X6rEui,说到做到！不计成本逛离谱超市，会花多少钱？,1574484,95308,19126,6222,953,2192,这锅我也有 适合摊煎饼,,这锅我也有适合摊煎饼,0,0,6,0,0,0.0,0.0,0.0,0.0,0.0,0.0,0.0,0.0,0,0,0,0,0,0,0,0,无明显情感,未明确对象,未明确方面,中性,-1,0.5096521108876508,0.5096521108876508,0.3758347160959823,0.11451317301636686,负面,负面,,False
生活区,BV1X75X6rEui,说到做到！不计成本逛离谱超市，会花多少钱？,1574484,95308,19126,6222,953,2192,这奶菜你得用高汤烧，加点五花肉丁，加蒜，才好吃,,这奶菜你得用高汤烧，加点五花肉丁，加蒜，才好吃,0,0,15,0,0,0.0,0.0,0.0,0.0,0.0,0.0,0.0,0.0,0,0,0,0,0,0,0,0,无明显情感,未明确对象,未明确方面,中性,0,0.5183611435221341,0.24044307832659834,0.5183611435221341,0.24119577815126755,中性,中性,0.0,True
生活区,BV1X75X6rEui,说到做到！不计成本逛离谱超市，会花多少钱？,1574484,95308,19126,6222,953,2192,毫无食欲，，，,,毫无食欲，，，,0,0,5,0,0,0.0,0.0,0.0,0.0,0.0,0.0,0.0,0.0,0,0,0,0,0,0,0,0,无明显情感,未明确对象,未明确方面,中性,-1,0.8509880585369861,0.8509880585369861,0.06617713088053669,0.08283481058247728,负面,负面,-1.0,True
生活区,BV1X75X6rEui,说到做到！不计成本逛离谱超市，会花多少钱？,1574484,95308,19126,6222,953,2192,唉，能不能别兄弟们,,唉，能不能别兄弟们,0,0,7,0,0,0.0,0.0,0.0,0.0,0.0,0.0,0.0,0.0,0,0,0,0,0,0,0,0,无明显情感,未明确对象,未明确方面,中性,0,0.5191668427245713,0.32845265178071914,0.5191668427245713,0.1523805054947097,中性,中性,0.0,True
生活区,BV1X75X6rEui,说到做到！不计成本逛离谱超市，会花多少钱？,1574484,95308,19126,6222,953,2192,我CPA考试通过妙不妙,,我CPA考试通过妙不妙,1,0,5,0,0,1.0,1.0,0.0,1.0,0.2,1.0,1.0,0.0,0,0,0,0,0,0,0,1,对象评价,未明确对象,未明确方面,正面,1,0.5952882608688055,0.029007852914376984,0.37570388621681744,0.5952882608688055,正面,正面,1.0,True
生活区,BV1X75X6rEui,说到做到！不计成本逛离谱超市，会花多少钱？,1574484,95308,19126,6222,953,2192,我们这里特价19.8,,我们这里特价19.8,0,0,4,0,0,0.0,0.0,0.0,0.0,0.0,0.0,0.0,0.0,0,0,0,0,0,0,0,0,无明显情感,未明确对象,未明确方面,中性,0,0.615372594952846,0.23670178512534004,0.615372594952846,0.14792561992181386,中性,中性,,False
生活区,BV1X75X6rEui,说到做到！不计成本逛离谱超市，会花多少钱？,1574484,95308,19126,6222,953,2192,我这次月考妙不妙,,我这次月考妙不妙,0,0,4,0,0,0.0,0.0,0.0,0.0,0.0,0.0,0.0,0.0,0,0,0,0,0,0,0,0,无明显情感,未明确对象,未明确方面,中性,0,0.8535494553951688,0.03878663487458381,0.8535494553951688,0.10766390973024731,中性,中性,0.0,True
生活区,BV1X75X6rEui,说到做到！不计成本逛离谱超市，会花多少钱？,1574484,95308,19126,6222,953,2192,谁在推车？？？？？？,,谁在推车？？？？？？,0,0,9,0,6,0.0,0.0,0.0,0.0,0.0,0.0,0.0,0.0,0,0,0,0,0,0,0,0,无明显情感,未明确对象,未明确方面,中性,-1,0.994611229244378,0.994611229244378,0.0048272465954481685,0.0005615241601738165,负面,负面,,False
生活区,BV1X75X6rEui,说到做到！不计成本逛离谱超市，会花多少钱？,1574484,95308,19126,6222,953,2192,《早餐》,,早餐,0,0,1,0,0,0.0,0.0,0.0,0.0,0.0,0.0,0.0,0.0,0,0,0,0,0,0,0,0,无明显情感,未明确对象,未明确方面,中性,0,0.6613337795964743,0.14035796080361848,0.6613337795964743,0.19830825959990717,中性,中性,,False
生活区,BV1X75X6rEui,说到做到！不计成本逛离谱超市，会花多少钱？,1574484,95308,19126,6222,953,2192,这个不是加自来水就可以的吗,,这个不是加自来水就可以的吗,1,0,6,0,0,1.0,1.0,0.0,1.0,0.16666666666666666,1.0,1.0,0.0,0,0,0,0,0,0,0,1,对象评价,未明确对象,未明确方面,正面,0,0.586052933021021,0.1404850535570947,0.586052933021021,0.2734620134218843,中性,中性,0.0,True
生活区,BV1X75X6rEui,说到做到！不计成本逛离谱超市，会花多少钱？,1574484,95308,19126,6222,953,2192,晚餐是广告,,晚餐是广告,0,0,2,0,0,0.0,0.0,0.0,0.0,0.0,0.0,0.0,0.0,0,0,0,0,0,0,0,0,无明显情感,未明确对象,未明确方面,中性,0,0.6638747612314881,0.24564097453385986,0.6638747612314881,0.09048426423465207,中性,中性,,False
生活区,BV1X75X6rEui,说到做到！不计成本逛离谱超市，会花多少钱？,1574484,95308,19126,6222,953,2192,菜是一口没吃,,菜是一口没吃,0,0,4,0,0,0.0,0.0,0.0,0.0,0.0,0.0,0.0,0.0,0,0,0,0,0,0,0,0,无明显情感,未明确对象,未明确方面,中性,0,0.5470850287801438,0.42567748523592824,0.5470850287801438,0.02723748598392807,中性,中性,,False
生活区,BV1X75X6rEui,说到做到！不计成本逛离谱超市，会花多少钱？,1574484,95308,19126,6222,953,2192,芦蒿炒肉清炒很好吃,,芦蒿炒肉清炒很好吃,1,0,5,0,0,1.0,1.0,0.0,1.0,0.2,1.0,1.0,0.0,0,0,0,0,0,0,0,1,对象评价,未明确对象,未明确方面,正面,1,0.7691451162921235,0.0572422192696582,0.17361266443821838,0.7691451162921235,正面,正面,,False
生活区,BV1X75X6rEui,说到做到！不计成本逛离谱超市，会花多少钱？,1574484,95308,19126,6222,953,2192,我脱单妙不妙,,我脱单妙不妙,0,0,3,0,0,0.0,0.0,0.0,0.0,0.0,0.0,0.0,0.0,0,0,0,0,0,0,0,0,无明显情感,未明确对象,未明确方面,中性,0,0.8423727252048216,0.023542857266897893,0.8423727252048216,0.13408441752828026,中性,中性,,False
生活区,BV1X75X6rEui,说到做到！不计成本逛离谱超市，会花多少钱？,1574484,95308,19126,6222,953,2192,你米没吃完，吃完再算,,你米没吃完，吃完再算,0,0,9,0,0,0.0,0.0,0.0,0.0,0.0,0.0,0.0,0.0,0,0,0,0,0,0,0,0,无明显情感,未明确对象,未明确方面,中性,0,0.7481166222684457,0.18073819963948182,0.7481166222684457,0.07114517809207258,中性,中性,,False
生活区,BV1X75X6rEui,说到做到！不计成本逛离谱超市，会花多少钱？,1574484,95308,19126,6222,953,2192,成本不超过25,,成本不超过25,0,0,4,0,0,0.0,0.0,0.0,0.0,0.0,0.0,0.0,0.0,0,0,0,0,0,0,0,0,无明显情感,未明确对象,未明确方面,中性,-1,0.7124676853793785,0.7124676853793785,0.2551421548175138,0.03239015980310768,负面,负面,,False
生活区,BV1X75X6rEui,说到做到！不计成本逛离谱超市，会花多少钱？,1574484,95308,19126,6222,953,2192,507.8牛批,,507.8牛批,0,0,2,0,0,0.0,0.0,0.0,0.0,0.0,0.0,0.0,0.0,0,0,0,0,0,0,0,0,无明显情感,未明确对象,未明确方面,中性,0,0.6094859647084111,0.17384950990622883,0.6094859647084111,0.2166645253853602,中性,中性,,False
生活区,BV1X75X6rEui,说到做到！不计成本逛离谱超市，会花多少钱？,1574484,95308,19126,6222,953,2192,如果口味比较清淡，用来下饭的话够6人吃（）,,如果口味比较清淡，用来下饭的话够6人吃,1,0,12,0,0,1.0,1.0,0.0,1.0,0.08333333333333333,1.0,1.0,0.0,0,0,0,0,0,0,0,1,对象评价,未明确对象,未明确方面,正面,0,0.5185597677384844,0.20824791897433165,0.5185597677384844,0.27319231328718385,中性,中性,0.0,True
生活区,BV1X75X6rEui,说到做到！不计成本逛离谱超市，会花多少钱？,1574484,95308,19126,6222,953,2192,鱼味其实也差不多，没有说特别好吃,,鱼味其实也差不多，没有说特别好吃,1,0,9,0,0,1.0,1.0,0.0,1.0,0.1111111111111111,1.0,1.0,0.0,0,0,0,0,0,0,0,1,对象评价,未明确对象,未明确方面,正面,-1,0.819498268332993,0.819498268332993,0.018669776718123185,0.16183195494888383,负面,正面,,False
生活区,BV1X75X6rEui,说到做到！不计成本逛离谱超市，会花多少钱？,1574484,95308,19126,6222,953,2192,够吃一个月,,够吃一个月,0,0,2,0,0,0.0,0.0,0.0,0.0,0.0,0.0,0.0,0.0,0,0,0,0,0,0,0,0,无明显情感,未明确对象,未明确方面,中性,0,0.5930562082403636,0.18310791804412657,0.5930562082403636,0.22383587371550967,中性,中性,,False
生活区,BV1X75X6rEui,说到做到！不计成本逛离谱超市，会花多少钱？,1574484,95308,19126,6222,953,2192,哟 东星斑啊,,哟东星斑啊,0,0,3,0,0,0.0,0.0,0.0,0.0,0.0,0.0,0.0,0.0,0,0,0,0,0,0,0,0,无明显情感,未明确对象,未明确方面,中性,-1,0.5551655860865052,0.5551655860865052,0.3641045988396402,0.08072981507385454,负面,负面,,False
生活区,BV1X75X6rEui,说到做到！不计成本逛离谱超市，会花多少钱？,1574484,95308,19126,6222,953,2192,因为是广告,,因为是广告,0,0,2,0,0,0.0,0.0,0.0,0.0,0.0,0.0,0.0,0.0,0,0,0,0,0,0,0,0,无明显情感,未明确对象,未明确方面,中性,0,0.939868416853577,0.028772314802248608,0.939868416853577,0.031359268344174254,中性,中性,,False
生活区,BV1X75X6rEui,说到做到！不计成本逛离谱超市，会花多少钱？,1574484,95308,19126,6222,953,2192,我的下一份工作妙不妙,,我的下一份工作妙不妙,0,0,5,0,0,0.0,0.0,0.0,0.0,0.0,0.0,0.0,0.0,0,0,0,0,0,0,0,0,无明显情感,未明确对象,未明确方面,中性,0,0.9077308317694892,0.029367501424715357,0.9077308317694892,0.06290166680579552,中性,中性,0.0,True
生活区,BV1X75X6rEui,说到做到！不计成本逛离谱超市，会花多少钱？,1574484,95308,19126,6222,953,2192,我规培上岸找到工作妙不妙,,我规培上岸找到工作妙不妙,0,0,6,0,0,0.0,0.0,0.0,0.0,0.0,0.0,0.0,0.0,0,0,0,0,0,0,0,0,无明显情感,未明确对象,未明确方面,中性,0,0.581720449010374,0.12298447526026568,0.581720449010374,0.29529507572936037,中性,中性,,False
生活区,BV1X75X6rEui,说到做到！不计成本逛离谱超市，会花多少钱？,1574484,95308,19126,6222,953,2192,三国喂养啊,,三国喂养啊,0,0,2,0,0,0.0,0.0,0.0,0.0,0.0,0.0,0.0,0.0,0,0,0,0,0,0,0,0,无明显情感,未明确对象,未明确方面,中性,-1,0.6372368279633535,0.6372368279633535,0.2179015251546297,0.14486164688201686,负面,负面,,False
生活区,BV1X75X6rEui,说到做到！不计成本逛离谱超市，会花多少钱？,1574484,95308,19126,6222,953,2192,别说还挺丰富,,别说还挺丰富,0,0,4,0,0,0.0,0.0,0.0,0.0,0.0,0.0,0.0,0.0,0,0,0,0,0,0,0,0,无明显情感,未明确对象,未明确方面,中性,0,0.47790746871453615,0.17670080739086977,0.47790746871453615,0.34539172389459416,中性,中性,,False
生活区,BV1X75X6rEui,说到做到！不计成本逛离谱超市，会花多少钱？,1574484,95308,19126,6222,953,2192,成本巨大,,成本巨大,0,0,2,0,0,0.0,0.0,0.0,0.0,0.0,0.0,0.0,0.0,0,0,0,0,0,0,0,0,无明显情感,未明确对象,未明确方面,中性,0,0.6650949158884581,0.19408194627053516,0.6650949158884581,0.14082313784100658,中性,中性,,False
生活区,BV1X75X6rEui,说到做到！不计成本逛离谱超市，会花多少钱？,1574484,95308,19126,6222,953,2192,不是广子吧,,不是广子吧,0,0,2,0,0,0.0,0.0,0.0,0.0,0.0,0.0,0.0,0.0,0,0,0,0,0,0,0,0,无明显情感,未明确对象,未明确方面,中性,0,0.7283661983709085,0.2290482452870015,0.7283661983709085,0.04258555634209003,中性,中性,,False
生活区,BV1X75X6rEui,说到做到！不计成本逛离谱超市，会花多少钱？,1574484,95308,19126,6222,953,2192,？鸡蛋？你被坑了吧,,？鸡蛋？你被坑了吧,0,1,5,0,2,-1.0,0.0,1.0,1.0,0.2,-1.0,0.0,1.0,0,0,0,0,0,0,0,1,对象评价,未明确对象,未明确方面,负面,-1,0.9585832670075969,0.9585832670075969,0.03713931605919438,0.004277416933208761,负面,负面,-1.0,True
生活区,BV1X75X6rEui,说到做到！不计成本逛离谱超市，会花多少钱？,1574484,95308,19126,6222,953,2192,我的成绩妙不妙,,我的成绩妙不妙,0,0,3,0,0,0.0,0.0,0.0,0.0,0.0,0.0,0.0,0.0,0,0,0,0,0,0,0,0,无明显情感,未明确对象,未明确方面,中性,0,0.8213947298132318,0.0243276933968573,0.8213947298132318,0.15427757678991094,中性,中性,,False
生活区,BV1X75X6rEui,说到做到！不计成本逛离谱超市，会花多少钱？,1574484,95308,19126,6222,953,2192,这个看着大，其实里面没啥东西,,这个看着大，其实里面没啥东西,0,0,9,0,0,0.0,0.0,0.0,0.0,0.0,0.0,0.0,0.0,0,0,0,0,0,0,0,0,无明显情感,未明确对象,未明确方面,中性,-1,0.8143606389364747,0.8143606389364747,0.14951835316276968,0.036121007900755536,负面,负面,,False
生活区,BV1X75X6rEui,说到做到！不计成本逛离谱超市，会花多少钱？,1574484,95308,19126,6222,953,2192,溏心蛋破掉了，真可惜,,溏心蛋破掉了，真可惜,0,0,7,0,0,0.0,0.0,0.0,0.0,0.0,0.0,0.0,0.0,0,0,0,0,0,0,0,0,无明显情感,未明确对象,未明确方面,中性,-1,0.7020540058011907,0.7020540058011907,0.06414398316362072,0.23380201103518844,负面,负面,,False
生活区,BV1X75X6rEui,说到做到！不计成本逛离谱超市，会花多少钱？,1574484,95308,19126,6222,953,2192,我英语六级考试合格妙不妙,,我英语六级考试合格妙不妙,0,0,4,0,0,0.0,0.0,0.0,0.0,0.0,0.0,0.0,0.0,0,0,0,0,0,0,0,0,无明显情感,未明确对象,未明确方面,中性,0,0.8058789284716461,0.02441552102581431,0.8058789284716461,0.16970555050253966,中性,中性,,False
生活区,BV1X75X6rEui,说到做到！不计成本逛离谱超市，会花多少钱？,1574484,95308,19126,6222,953,2192,考上公务员,,考上公务员,0,0,2,0,0,0.0,0.0,0.0,0.0,0.0,0.0,0.0,0.0,0,0,0,0,0,0,0,0,无明显情感,未明确对象,未明确方面,中性,1,0.6934764706820246,0.08683531763448642,0.219688211683489,0.6934764706820246,正面,正面,1.0,True
生活区,BV1X75X6rEui,说到做到！不计成本逛离谱超市，会花多少钱？,1574484,95308,19126,6222,953,2192,给小卢吃点啊,,给小卢吃点啊,0,0,3,0,0,0.0,0.0,0.0,0.0,0.0,0.0,0.0,0.0,0,0,0,0,0,0,0,0,无明显情感,未明确对象,未明确方面,中性,0,0.6209873455204904,0.20937790218721117,0.6209873455204904,0.16963475229229835,中性,中性,,False
生活区,BV1X75X6rEui,说到做到！不计成本逛离谱超市，会花多少钱？,1574484,95308,19126,6222,953,2192,食物的水最后加就行了,,食物的水最后加就行了,0,0,5,0,0,0.0,0.0,0.0,0.0,0.0,0.0,0.0,0.0,0,0,0,0,0,0,0,0,无明显情感,未明确对象,未明确方面,中性,0,0.7790463633567738,0.07618833896015505,0.7790463633567738,0.1447652976830711,中性,中性,,False
生活区,BV1X75X6rEui,说到做到！不计成本逛离谱超市，会花多少钱？,1574484,95308,19126,6222,953,2192,盒马红东星198,,盒马红东星198,0,0,3,0,0,0.0,0.0,0.0,0.0,0.0,0.0,0.0,0.0,0,0,0,0,0,0,0,0,无明显情感,未明确对象,未明确方面,中性,0,0.7726641731491738,0.11354470042051837,0.7726641731491738,0.11379112643030782,中性,中性,,False
生活区,BV1X75X6rEui,说到做到！不计成本逛离谱超市，会花多少钱？,1574484,95308,19126,6222,953,2192,妙啊！！！！,,妙啊！！！！,0,0,5,4,0,0.0,0.0,0.0,0.0,0.0,0.0,0.0,0.0,0,0,0,0,0,0,0,0,无明显情感,未明确对象,未明确方面,中性,1,0.5112817218591413,0.2567175244403848,0.23200075370047382,0.5112817218591413,正面,正面,1.0,True
生活区,BV1X75X6rEui,说到做到！不计成本逛离谱超市，会花多少钱？,1574484,95308,19126,6222,953,2192,肠胃不好，让小卢负担一点,,肠胃不好，让小卢负担一点,0,0,7,0,0,0.0,0.0,0.0,0.0,0.0,0.0,0.0,0.0,0,0,0,0,0,0,0,0,无明显情感,未明确对象,未明确方面,中性,-1,0.8185107529237678,0.8185107529237678,0.15064990483563484,0.030839342240597246,负面,负面,,False
生活区,BV1X75X6rEui,说到做到！不计成本逛离谱超市，会花多少钱？,1574484,95308,19126,6222,953,2192,69.9=一顿牛肉火锅自助,,69.9一顿牛肉火锅自助,0,0,5,0,0,0.0,0.0,0.0,0.0,0.0,0.0,0.0,0.0,0,0,0,0,0,0,0,0,无明显情感,未明确对象,未明确方面,中性,0,0.46052074739724336,0.35250447640302285,0.46052074739724336,0.18697477619973377,中性,中性,,False
生活区,BV1X75X6rEui,说到做到！不计成本逛离谱超市，会花多少钱？,1574484,95308,19126,6222,953,2192,泡面是他自己加的，本来不带泡面,,泡面是他自己加的，本来不带泡面,0,0,7,0,0,0.0,0.0,0.0,0.0,0.0,0.0,0.0,0.0,0,0,0,0,0,0,0,0,无明显情感,未明确对象,未明确方面,中性,0,0.6866842472636673,0.13224453492327878,0.6866842472636673,0.18107121781305408,中性,中性,0.0,True
生活区,BV1X75X6rEui,说到做到！不计成本逛离谱超市，会花多少钱？,1574484,95308,19126,6222,953,2192,这是藜蒿吧,,这是藜蒿吧,0,0,2,0,0,0.0,0.0,0.0,0.0,0.0,0.0,0.0,0.0,0,0,0,0,0,0,0,0,无明显情感,未明确对象,未明确方面,中性,0,0.5105241995393316,0.42726029382412617,0.5105241995393316,0.062215506636542246,中性,中性,,False
生活区,BV1X75X6rEui,说到做到！不计成本逛离谱超市，会花多少钱？,1574484,95308,19126,6222,953,2192,有钱真好，天天吃好的发个视频还能赚钱,,有钱真好，天天吃好的发个视频还能赚钱,1,0,12,0,0,1.0,1.0,0.0,1.0,0.08333333333333333,1.0,1.0,0.0,0,0,0,0,0,0,0,1,对象评价,视频内容,未明确方面,正面,1,0.7914265458925608,0.15106954629266534,0.05750390781477384,0.7914265458925608,正面,正面,,False
生活区,BV1X75X6rEui,说到做到！不计成本逛离谱超市，会花多少钱？,1574484,95308,19126,6222,953,2192,666简单。,,666简单。,2,0,3,0,0,2.0,2.0,0.0,2.0,0.6666666666666666,2.0,2.0,0.0,0,0,0,0,0,0,0,1,对象评价,未明确对象,理解与难度,正面,1,0.9730288612671991,0.006151970285038664,0.020819168447762257,0.9730288612671991,正面,正面,,False
生活区,BV1X75X6rEui,说到做到！不计成本逛离谱超市，会花多少钱？,1574484,95308,19126,6222,953,2192,落魄,,落魄,0,0,1,0,0,0.0,0.0,0.0,0.0,0.0,0.0,0.0,0.0,0,0,0,0,0,0,0,0,无明显情感,未明确对象,未明确方面,中性,0,0.6613337795964743,0.14035796080361848,0.6613337795964743,0.19830825959990717,中性,中性,,False
生活区,BV1X75X6rEui,说到做到！不计成本逛离谱超市，会花多少钱？,1574484,95308,19126,6222,953,2192,舒服了，好久没听了,,舒服了，好久没听了,1,0,4,0,0,1.0,1.0,0.0,1.0,0.25,1.0,1.0,0.0,0,0,1,0,0,0,0,1,对象评价+自身情绪,未明确对象,未明确方面,正面,1,0.5220762245660734,0.42505941237434486,0.05286436305958185,0.5220762245660734,正面,正面,,False
生活区,BV1X75X6rEui,说到做到！不计成本逛离谱超市，会花多少钱？,1574484,95308,19126,6222,953,2192,吓人,,吓人,0,1,1,0,0,-1.0,0.0,1.0,1.0,1.0,-1.0,0.0,1.0,0,0,0,0,0,0,0,1,对象评价,未明确对象,未明确方面,负面,-1,0.6428969577904543,0.6428969577904543,0.20110778850674563,0.1559952537028001,负面,负面,-1.0,True
生活区,BV1X75X6rEui,说到做到！不计成本逛离谱超市，会花多少钱？,1574484,95308,19126,6222,953,2192,这部超大版泡面吗,,这部超大版泡面吗,0,0,4,0,0,0.0,0.0,0.0,0.0,0.0,0.0,0.0,0.0,0,0,0,0,0,0,0,0,无明显情感,未明确对象,未明确方面,中性,0,0.8106701969205374,0.09067771600690115,0.8106701969205374,0.0986520870725614,中性,中性,,False
生活区,BV1X75X6rEui,说到做到！不计成本逛离谱超市，会花多少钱？,1574484,95308,19126,6222,953,2192,好家伙,,好家伙,0,0,1,0,0,0.0,0.0,0.0,0.0,0.0,0.0,0.0,0.0,0,0,0,0,0,0,0,0,无明显情感,未明确对象,未明确方面,中性,0,0.6613337795964743,0.14035796080361848,0.6613337795964743,0.19830825959990717,中性,中性,,False
生活区,BV1X75X6rEui,说到做到！不计成本逛离谱超市，会花多少钱？,1574484,95308,19126,6222,953,2192,这我买了俩吃了一个巨难吃另一个在家放几个月了,,这我买了俩吃了一个巨难吃另一个在家放几个月了,0,0,10,0,0,0.0,0.0,0.0,0.0,0.0,0.0,0.0,0.0,0,0,0,0,0,0,0,0,无明显情感,未明确对象,理解与难度,中性,-1,0.7673516844298867,0.7673516844298867,0.1686214614791807,0.06402685409093273,负面,负面,-1.0,True
生活区,BV1X75X6rEui,说到做到！不计成本逛离谱超市，会花多少钱？,1574484,95308,19126,6222,953,2192,等等 這到底是不是廣？,,等等這到底是不是廣？,0,0,6,0,1,0.0,0.0,0.0,0.0,0.0,0.0,0.0,0.0,0,0,0,0,0,0,0,0,无明显情感,未明确对象,未明确方面,中性,-1,0.7077701380649148,0.7077701380649148,0.27428276491453923,0.017947097020546067,负面,负面,,False
生活区,BV1X75X6rEui,说到做到！不计成本逛离谱超市，会花多少钱？,1574484,95308,19126,6222,953,2192,你也不爱吃肉@食贫道,,你也不爱吃肉食贫道,0,0,6,0,0,0.0,0.0,0.0,0.0,0.0,0.0,0.0,0.0,0,0,0,0,0,0,0,0,无明显情感,未明确对象,未明确方面,中性,0,0.4659840239733841,0.438530494254271,0.4659840239733841,0.09548548177234477,中性,中性,,False
生活区,BV1X75X6rEui,说到做到！不计成本逛离谱超市，会花多少钱？,1574484,95308,19126,6222,953,2192,我都能吃自助了,,我都能吃自助了,0,0,4,0,0,0.0,0.0,0.0,0.0,0.0,0.0,0.0,0.0,0,0,0,0,0,0,0,0,无明显情感,未明确对象,未明确方面,中性,0,0.6385912499172083,0.14690852825443665,0.6385912499172083,0.21450022182835501,中性,中性,0.0,True
生活区,BV1X75X6rEui,说到做到！不计成本逛离谱超市，会花多少钱？,1574484,95308,19126,6222,953,2192,爷青回,,爷青回,0,0,1,0,0,0.0,0.0,0.0,0.0,0.0,0.0,0.0,0.0,0,0,0,0,0,0,0,0,无明显情感,未明确对象,未明确方面,中性,0,0.6613337795964743,0.14035796080361848,0.6613337795964743,0.19830825959990717,中性,中性,,False
生活区,BV1X75X6rEui,说到做到！不计成本逛离谱超市，会花多少钱？,1574484,95308,19126,6222,953,2192,好勉强的找词,,好勉强的找词,0,0,3,0,0,0.0,0.0,0.0,0.0,0.0,0.0,0.0,0.0,0,0,0,0,0,0,0,0,无明显情感,未明确对象,未明确方面,中性,1,0.5385111004409249,0.2715044644788298,0.18998443508024532,0.5385111004409249,正面,正面,,False
生活区,BV1X75X6rEui,说到做到！不计成本逛离谱超市，会花多少钱？,1574484,95308,19126,6222,953,2192,兄弟姐妹们,,兄弟姐妹们,0,0,2,0,0,0.0,0.0,0.0,0.0,0.0,0.0,0.0,0.0,0,0,0,0,0,0,0,0,无明显情感,未明确对象,未明确方面,中性,0,0.6773076743656761,0.056032857467947506,0.6773076743656761,0.2666594681663765,中性,中性,,False
生活区,BV1X75X6rEui,说到做到！不计成本逛离谱超市，会花多少钱？,1574484,95308,19126,6222,953,2192,好事都让你占了,,好事都让你占了,0,0,4,0,0,0.0,0.0,0.0,0.0,0.0,0.0,0.0,0.0,0,0,0,0,0,0,0,0,无明显情感,未明确对象,未明确方面,中性,0,0.5308998869048184,0.34642403017568096,0.5308998869048184,0.12267608291950066,中性,中性,,False
生活区,BV1X75X6rEui,说到做到！不计成本逛离谱超市，会花多少钱？,1574484,95308,19126,6222,953,2192,业务不熟练了,,业务不熟练了,0,0,3,0,0,0.0,0.0,0.0,0.0,0.0,0.0,0.0,0.0,0,0,0,0,0,0,0,0,无明显情感,未明确对象,未明确方面,中性,-1,0.8023724284620993,0.8023724284620993,0.1715273696807211,0.0261002018571796,负面,负面,,False
生活区,BV1X75X6rEui,说到做到！不计成本逛离谱超市，会花多少钱？,1574484,95308,19126,6222,953,2192,姐青回！！！,,姐青回！！！,0,0,4,3,0,0.0,0.0,0.0,0.0,0.0,0.0,0.0,0.0,0,0,0,0,0,0,0,0,无明显情感,未明确对象,未明确方面,中性,1,0.5215532729542752,0.2753048733203498,0.20314185372537497,0.5215532729542752,正面,正面,,False
生活区,BV1X75X6rEui,说到做到！不计成本逛离谱超市，会花多少钱？,1574484,95308,19126,6222,953,2192,脑子不爱吃,,脑子不爱吃,0,0,3,0,0,0.0,0.0,0.0,0.0,0.0,0.0,0.0,0.0,0,0,0,0,0,0,0,0,无明显情感,未明确对象,未明确方面,中性,0,0.8140734049642615,0.1064934936737266,0.8140734049642615,0.07943310136201201,中性,中性,,False
生活区,BV1X75X6rEui,说到做到！不计成本逛离谱超市，会花多少钱？,1574484,95308,19126,6222,953,2192,？,,？,0,0,1,0,1,0.0,0.0,0.0,0.0,0.0,0.0,0.0,0.0,0,0,0,0,0,0,0,0,无明显情感,未明确对象,未明确方面,中性,0,0.6257034202775503,0.2810246492785395,0.6257034202775503,0.09327193044391001,中性,中性,,False
生活区,BV1X75X6rEui,说到做到！不计成本逛离谱超市，会花多少钱？,1574484,95308,19126,6222,953,2192,谢谢帅哥,,谢谢帅哥,1,0,2,0,0,1.0,1.0,0.0,1.0,0.5,1.0,1.0,0.0,0,0,0,0,0,0,0,1,对象评价,未明确对象,未明确方面,正面,1,0.848856557315162,0.03223689482854835,0.11890654785628954,0.848856557315162,正面,正面,,False
生活区,BV1X75X6rEui,说到做到！不计成本逛离谱超市，会花多少钱？,1574484,95308,19126,6222,953,2192,身体和考试结果妙不妙,,身体和考试结果妙不妙,0,0,5,0,0,0.0,0.0,0.0,0.0,0.0,0.0,0.0,0.0,0,0,0,0,0,0,0,0,无明显情感,未明确对象,未明确方面,中性,0,0.8744079261452355,0.024513241408496957,0.8744079261452355,0.10107883244626746,中性,中性,,False
生活区,BV1X75X6rEui,说到做到！不计成本逛离谱超市，会花多少钱？,1574484,95308,19126,6222,953,2192,四个女生吃可能差不多,,四个女生吃可能差不多,0,0,5,0,0,0.0,0.0,0.0,0.0,0.0,0.0,0.0,0.0,0,0,0,0,0,0,0,0,无明显情感,未明确对象,未明确方面,中性,0,0.7061525018723054,0.18902704276348647,0.7061525018723054,0.10482045536420824,中性,负面,,False
生活区,BV1X75X6rEui,说到做到！不计成本逛离谱超市，会花多少钱？,1574484,95308,19126,6222,953,2192,肉眼是什么？,,肉眼是什么？,0,0,3,0,1,0.0,0.0,0.0,0.0,0.0,0.0,0.0,0.0,0,0,0,0,0,0,0,0,无明显情感,未明确对象,未明确方面,中性,0,0.7909645961962384,0.16019288345021204,0.7909645961962384,0.048842520353549614,中性,中性,,False
生活区,BV1X75X6rEui,说到做到！不计成本逛离谱超市，会花多少钱？,1574484,95308,19126,6222,953,2192,我怎么感觉看唐尼吃过这个,,我怎么感觉看唐尼吃过这个,0,0,7,0,0,0.0,0.0,0.0,0.0,0.0,0.0,0.0,0.0,0,0,0,0,0,0,0,0,无明显情感,未明确对象,未明确方面,中性,-1,0.9128472853442993,0.9128472853442993,0.06986633576777468,0.01728637888792608,负面,负面,,False
生活区,BV1X75X6rEui,说到做到！不计成本逛离谱超市，会花多少钱？,1574484,95308,19126,6222,953,2192,对自己差点吧,,对自己差点吧,0,0,3,0,0,0.0,0.0,0.0,0.0,0.0,0.0,0.0,0.0,0,0,0,0,0,0,0,0,无明显情感,未明确对象,未明确方面,中性,0,0.7922247249590787,0.09570510264190998,0.7922247249590787,0.11207017239901126,中性,负面,,False
生活区,BV1X75X6rEui,说到做到！不计成本逛离谱超市，会花多少钱？,1574484,95308,19126,6222,953,2192,我高考妙不妙,,我高考妙不妙,0,0,3,0,0,0.0,0.0,0.0,0.0,0.0,0.0,0.0,0.0,0,0,0,0,0,0,0,0,无明显情感,未明确对象,未明确方面,中性,0,0.5752442345136951,0.016712040972253393,0.5752442345136951,0.4080437245140515,中性,中性,,False
生活区,BV1X75X6rEui,说到做到！不计成本逛离谱超市，会花多少钱？,1574484,95308,19126,6222,953,2192,老了，这个放锅里烫一下就行,,老了，这个放锅里烫一下就行,0,0,7,0,0,0.0,0.0,0.0,0.0,0.0,0.0,0.0,0.0,0,0,0,0,0,0,0,0,无明显情感,未明确对象,未明确方面,中性,-1,0.868496005970177,0.868496005970177,0.10365523412072504,0.02784875990909809,负面,负面,,False
生活区,BV1X75X6rEui,说到做到！不计成本逛离谱超市，会花多少钱？,1574484,95308,19126,6222,953,2192,这个椰子水咋跟711的这么像，应该是同一家的供应商吧,,这个椰子水咋跟711的这么像，应该是同一家的供应商吧,0,0,13,0,0,0.0,0.0,0.0,0.0,0.0,0.0,0.0,0.0,0,0,0,0,0,0,0,0,无明显情感,未明确对象,未明确方面,中性,0,0.6069123887334128,0.3408777939690173,0.6069123887334128,0.052209817297569815,中性,中性,,False
生活区,BV1X75X6rEui,说到做到！不计成本逛离谱超市，会花多少钱？,1574484,95308,19126,6222,953,2192,找工作秒不妙,,找工作秒不妙,0,0,4,0,0,0.0,0.0,0.0,0.0,0.0,0.0,0.0,0.0,0,0,0,0,0,0,0,0,无明显情感,未明确对象,未明确方面,中性,0,0.7929023556483012,0.12988941627317385,0.7929023556483012,0.07720822807852487,中性,中性,0.0,True
生活区,BV1X75X6rEui,说到做到！不计成本逛离谱超市，会花多少钱？,1574484,95308,19126,6222,953,2192,壕无人性,,壕无人性,0,0,2,0,0,0.0,0.0,0.0,0.0,0.0,0.0,0.0,0.0,0,0,0,0,0,0,0,0,无明显情感,未明确对象,未明确方面,中性,0,0.6553065905941072,0.1468149965085425,0.6553065905941072,0.19787841289735017,中性,中性,,False
生活区,BV1X75X6rEui,说到做到！不计成本逛离谱超市，会花多少钱？,1574484,95308,19126,6222,953,2192,水放多了,,水放多了,0,0,1,0,0,0.0,0.0,0.0,0.0,0.0,0.0,0.0,0.0,0,0,0,0,0,0,0,0,无明显情感,未明确对象,未明确方面,中性,-1,0.52581023601933,0.52581023601933,0.3501597889562958,0.12402997502437421,负面,负面,,False
生活区,BV1X75X6rEui,说到做到！不计成本逛离谱超市，会花多少钱？,1574484,95308,19126,6222,953,2192,啊！！！！！！！！！！！！！！！！！！！！！！！！！你的手,,啊！！！！！！！！！！！！！！！！！！！！！！！！！你的手,0,0,26,25,0,0.0,0.0,0.0,0.0,0.0,0.0,0.0,0.0,0,0,0,0,0,0,0,0,无明显情感,未明确对象,未明确方面,中性,1,0.8957105903794557,0.025782566597000997,0.07850684302354326,0.8957105903794557,正面,正面,,False
生活区,BV1X75X6rEui,说到做到！不计成本逛离谱超市，会花多少钱？,1574484,95308,19126,6222,953,2192,所以为什么不先放水,,所以为什么不先放水,0,0,5,0,0,0.0,0.0,0.0,0.0,0.0,0.0,0.0,0.0,0,0,0,0,0,0,0,0,无明显情感,未明确对象,未明确方面,中性,0,0.8758901100770909,0.10693375094038983,0.8758901100770909,0.017176138982519157,中性,中性,,False
生活区,BV1X75X6rEui,说到做到！不计成本逛离谱超市，会花多少钱？,1574484,95308,19126,6222,953,2192,只看到了嘴角在滴口水,,只看到了嘴角在滴口水,0,0,6,0,0,0.0,0.0,0.0,0.0,0.0,0.0,0.0,0.0,0,0,0,0,0,0,0,0,无明显情感,未明确对象,未明确方面,中性,0,0.7578035983297885,0.17677385449570512,0.7578035983297885,0.06542254717450648,中性,中性,,False
生活区,BV1X75X6rEui,说到做到！不计成本逛离谱超市，会花多少钱？,1574484,95308,19126,6222,953,2192,谢谢帅小伙，借你吉言,,谢谢帅小伙，借你吉言,1,0,5,0,0,1.0,1.0,0.0,1.0,0.2,1.0,1.0,0.0,0,0,0,0,0,0,0,1,对象评价,未明确对象,未明确方面,正面,1,0.7939209204684029,0.0618223554551844,0.14425672407641268,0.7939209204684029,正面,正面,,False
生活区,BV1X75X6rEui,说到做到！不计成本逛离谱超市，会花多少钱？,1574484,95308,19126,6222,953,2192,我考驾照妙不妙,,我考驾照妙不妙,0,0,3,0,0,0.0,0.0,0.0,0.0,0.0,0.0,0.0,0.0,0,0,0,0,0,0,0,0,无明显情感,未明确对象,未明确方面,中性,0,0.7794837813025697,0.01778892231030892,0.7794837813025697,0.20272729638712142,中性,中性,,False
生活区,BV1X75X6rEui,说到做到！不计成本逛离谱超市，会花多少钱？,1574484,95308,19126,6222,953,2192,芦蒿江西那边的一种水草，属于野菜的一种，江西叫藜蒿,,芦蒿江西那边的一种水草，属于野菜的一种，江西叫藜蒿,0,0,14,0,0,0.0,0.0,0.0,0.0,0.0,0.0,0.0,0.0,0,0,0,0,0,0,0,0,无明显情感,未明确对象,未明确方面,中性,0,0.6272386055303727,0.2729036496784837,0.6272386055303727,0.09985774479114368,中性,中性,0.0,True
生活区,BV1X75X6rEui,说到做到！不计成本逛离谱超市，会花多少钱？,1574484,95308,19126,6222,953,2192,看着不像被迫,,看着不像被迫,0,0,3,0,0,0.0,0.0,0.0,0.0,0.0,0.0,0.0,0.0,0,0,0,0,0,0,0,0,无明显情感,未明确对象,未明确方面,中性,1,0.43256899325025006,0.2685904681930703,0.2988405385566796,0.43256899325025006,正面,正面,,False
生活区,BV1X75X6rEui,说到做到！不计成本逛离谱超市，会花多少钱？,1574484,95308,19126,6222,953,2192,就是吃这几块牛肉吃到肠胃炎发作的嘛？,,就是吃这几块牛肉吃到肠胃炎发作的嘛？,0,0,10,0,1,0.0,0.0,0.0,0.0,0.0,0.0,0.0,0.0,0,0,0,0,0,0,0,0,无明显情感,未明确对象,未明确方面,中性,0,0.6365406754487758,0.347924868409136,0.6365406754487758,0.01553445614208813,中性,中性,,False
生活区,BV1X75X6rEui,说到做到！不计成本逛离谱超市，会花多少钱？,1574484,95308,19126,6222,953,2192,看着就好吃,,看着就好吃,0,0,3,0,0,0.0,0.0,0.0,0.0,0.0,0.0,0.0,0.0,0,0,0,0,0,0,0,0,无明显情感,未明确对象,未明确方面,中性,1,0.5653603822740076,0.24906893730325907,0.1855706804227333,0.5653603822740076,正面,正面,1.0,True
生活区,BV1X75X6rEui,说到做到！不计成本逛离谱超市，会花多少钱？,1574484,95308,19126,6222,953,2192,广如告,,广如告,0,0,1,0,0,0.0,0.0,0.0,0.0,0.0,0.0,0.0,0.0,0,0,0,0,0,0,0,0,无明显情感,未明确对象,未明确方面,中性,0,0.6613337795964743,0.14035796080361848,0.6613337795964743,0.19830825959990717,中性,中性,,False
生活区,BV1X75X6rEui,说到做到！不计成本逛离谱超市，会花多少钱？,1574484,95308,19126,6222,953,2192,小卢同学快来吃,,小卢同学快来吃,0,0,4,0,0,0.0,0.0,0.0,0.0,0.0,0.0,0.0,0.0,0,0,0,0,0,0,0,0,无明显情感,未明确对象,未明确方面,中性,-1,0.5339315135072578,0.5339315135072578,0.3852114431606872,0.08085704333205497,负面,中性,,False
生活区,BV1X75X6rEui,说到做到！不计成本逛离谱超市，会花多少钱？,1574484,95308,19126,6222,953,2192,我考研妙不妙,,我考研妙不妙,0,0,3,0,0,0.0,0.0,0.0,0.0,0.0,0.0,0.0,0.0,0,0,0,0,0,0,0,0,无明显情感,未明确对象,未明确方面,中性,0,0.7794837813025697,0.01778892231030892,0.7794837813025697,0.20272729638712142,中性,中性,,False
生活区,BV1X75X6rEui,说到做到！不计成本逛离谱超市，会花多少钱？,1574484,95308,19126,6222,953,2192,已投币回血,,已投币回血,1,0,3,0,0,1.0,1.0,0.0,1.0,0.3333333333333333,1.0,1.0,0.0,0,0,0,0,0,0,0,1,对象评价,未明确对象,未明确方面,正面,1,0.8652378201419579,0.03954284761364066,0.09521933224440146,0.8652378201419579,正面,正面,1.0,True
生活区,BV1X75X6rEui,说到做到！不计成本逛离谱超市，会花多少钱？,1574484,95308,19126,6222,953,2192,《三姓家禽》,,三姓家禽,0,0,2,0,0,0.0,0.0,0.0,0.0,0.0,0.0,0.0,0.0,0,0,0,0,0,0,0,0,无明显情感,未明确对象,未明确方面,中性,0,0.6553065905941072,0.1468149965085425,0.6553065905941072,0.19787841289735017,中性,中性,,False
生活区,BV1X75X6rEui,说到做到！不计成本逛离谱超市，会花多少钱？,1574484,95308,19126,6222,953,2192,何德何能这自热火锅,,何德何能这自热火锅,0,0,3,0,0,0.0,0.0,0.0,0.0,0.0,0.0,0.0,0.0,0,0,0,0,0,0,0,0,无明显情感,未明确对象,未明确方面,中性,0,0.676785812022301,0.11899178776484376,0.676785812022301,0.20422240021285507,中性,中性,,False
生活区,BV1X75X6rEui,说到做到！不计成本逛离谱超市，会花多少钱？,1574484,95308,19126,6222,953,2192,《不爱吃》,,不爱吃,0,0,2,0,0,0.0,0.0,0.0,0.0,0.0,0.0,0.0,0.0,0,0,0,0,0,0,0,0,无明显情感,未明确对象,未明确方面,中性,0,0.8191228702084712,0.10150770763871651,0.8191228702084712,0.07936942215281233,中性,中性,,False
生活区,BV1X75X6rEui,说到做到！不计成本逛离谱超市，会花多少钱？,1574484,95308,19126,6222,953,2192,痛苦在哪,,痛苦在哪,0,1,3,0,0,-1.0,0.0,1.0,1.0,0.3333333333333333,-1.0,0.0,1.0,0,0,0,0,0,0,0,1,对象评价,未明确对象,未明确方面,负面,-1,0.7607720489881397,0.7607720489881397,0.23006328768273393,0.00916466332912641,负面,中性,0.0,True
生活区,BV1X75X6rEui,说到做到！不计成本逛离谱超市，会花多少钱？,1574484,95308,19126,6222,953,2192,油腻？,,油腻？,0,1,2,0,1,-1.0,0.0,1.0,1.0,0.5,-1.0,0.0,1.0,0,0,0,0,0,0,0,1,对象评价,未明确对象,未明确方面,负面,-1,0.9610940225808978,0.9610940225808978,0.03463398425778717,0.0042719931613149405,负面,负面,-1.0,True
生活区,BV1X75X6rEui,说到做到！不计成本逛离谱超市，会花多少钱？,1574484,95308,19126,6222,953,2192,这个肉很肥的。,,这个肉很肥的。,0,0,5,0,0,0.0,0.0,0.0,0.0,0.0,0.0,0.0,0.0,0,0,0,0,0,0,0,0,无明显情感,未明确对象,未明确方面,中性,0,0.5919932867604406,0.30478266654078123,0.5919932867604406,0.10322404669877816,中性,中性,0.0,True
生活区,BV1X75X6rEui,说到做到！不计成本逛离谱超市，会花多少钱？,1574484,95308,19126,6222,953,2192,我中奖妙不妙,,我中奖妙不妙,0,0,3,0,0,0.0,0.0,0.0,0.0,0.0,0.0,0.0,0.0,0,0,0,0,0,0,0,0,无明显情感,未明确对象,未明确方面,中性,0,0.7794837813025697,0.01778892231030892,0.7794837813025697,0.20272729638712142,中性,中性,,False
生活区,BV1X75X6rEui,说到做到！不计成本逛离谱超市，会花多少钱？,1574484,95308,19126,6222,953,2192,师傅现在只是在杀鱼，一会儿看见你不在会杀你的,,师傅现在只是在杀鱼，一会儿看见你不在会杀你的,0,0,13,0,0,0.0,0.0,0.0,0.0,0.0,0.0,0.0,0.0,1,0,0,0,0,0,0,0,无明显情感,未明确对象,未明确方面,中性,-1,0.904520864772724,0.904520864772724,0.07294837304994489,0.022530762177331208,负面,负面,-1.0,True
生活区,BV1X75X6rEui,说到做到！不计成本逛离谱超市，会花多少钱？,1574484,95308,19126,6222,953,2192,纯碳水+底料，这点蛋白质两个人吃都不够,,纯碳水底料，这点蛋白质两个人吃都不够,0,0,11,0,0,0.0,0.0,0.0,0.0,0.0,0.0,0.0,0.0,0,0,0,0,0,0,0,0,无明显情感,未明确对象,未明确方面,中性,0,0.6834479436007529,0.23091077845631136,0.6834479436007529,0.08564127794293563,中性,中性,,False
生活区,BV1X75X6rEui,说到做到！不计成本逛离谱超市，会花多少钱？,1574484,95308,19126,6222,953,2192,2333,,2333,1,0,1,0,0,1.2,1.2,0.0,1.2,1.0,1.2,1.2,0.0,0,0,0,0,0,0,0,1,对象评价,未明确对象,未明确方面,正面,1,0.8573696856273962,0.07457134120449696,0.06805897316810687,0.8573696856273962,正面,正面,,False
生活区,BV1X75X6rEui,说到做到！不计成本逛离谱超市，会花多少钱？,1574484,95308,19126,6222,953,2192,不好吃，拼多多卖39.9,,不好吃，拼多多卖39.9,0,0,7,0,0,0.0,0.0,0.0,0.0,0.0,0.0,0.0,0.0,0,0,0,0,0,0,0,0,无明显情感,未明确对象,未明确方面,中性,-1,0.6928285090663086,0.6928285090663086,0.18937928239013424,0.11779220854355732,负面,负面,,False
生活区,BV1X75X6rEui,说到做到！不计成本逛离谱超市，会花多少钱？,1574484,95308,19126,6222,953,2192,50吃什么不好,,50吃什么不好,0,0,4,0,0,0.0,0.0,0.0,0.0,0.0,0.0,0.0,0.0,0,0,0,0,0,0,0,0,无明显情感,未明确对象,未明确方面,中性,0,0.4902161710968891,0.4587067862522472,0.4902161710968891,0.051077042650863616,中性,中性,,False
生活区,BV1X75X6rEui,说到做到！不计成本逛离谱超市，会花多少钱？,1574484,95308,19126,6222,953,2192,这话说的你们要是甲方给过吗一直说广广广，蛋黄派不要吃饭吗,,这话说的你们要是甲方给过吗一直说广广广，蛋黄派不要吃饭吗,0,0,14,0,0,0.0,0.0,0.0,0.0,0.0,0.0,0.0,0.0,0,0,0,0,0,0,0,0,无明显情感,未明确对象,未明确方面,中性,-1,0.7267510941641985,0.7267510941641985,0.2181108600264696,0.055138045809331994,负面,负面,,False
生活区,BV1X75X6rEui,说到做到！不计成本逛离谱超市，会花多少钱？,1574484,95308,19126,6222,953,2192,先生，这要不少钱,,先生，这要不少钱,0,0,5,0,0,0.0,0.0,0.0,0.0,0.0,0.0,0.0,0.0,0,0,0,0,0,0,0,0,无明显情感,未明确对象,未明确方面,中性,-1,0.8075604481772723,0.8075604481772723,0.0747524883881345,0.11768706343459336,负面,负面,-1.0,True
生活区,BV1X75X6rEui,说到做到！不计成本逛离谱超市，会花多少钱？,1574484,95308,19126,6222,953,2192,椰子水，我感觉青蓝那个品牌还可以吧,,椰子水，我感觉青蓝那个品牌还可以吧,1,0,9,0,0,1.0,1.0,0.0,1.0,0.1111111111111111,1.0,1.0,0.0,0,0,0,0,0,0,0,1,对象评价,未明确对象,未明确方面,正面,-1,0.4746458415347268,0.4746458415347268,0.2900299435657308,0.23532421489954256,负面,中性,0.0,True
生活区,BV1X75X6rEui,说到做到！不计成本逛离谱超市，会花多少钱？,1574484,95308,19126,6222,953,2192,我小考成绩妙不妙,,我小考成绩妙不妙,0,0,4,0,0,0.0,0.0,0.0,0.0,0.0,0.0,0.0,0.0,0,0,0,0,0,0,0,0,无明显情感,未明确对象,未明确方面,中性,0,0.7775657187645802,0.025000107833852217,0.7775657187645802,0.19743417340156766,中性,中性,,False
生活区,BV1X75X6rEui,说到做到！不计成本逛离谱超市，会花多少钱？,1574484,95308,19126,6222,953,2192,用擦眼泪来掩盖上扬的嘴角吗,,用擦眼泪来掩盖上扬的嘴角吗,0,0,7,0,0,0.0,0.0,0.0,0.0,0.0,0.0,0.0,0.0,0,0,0,0,0,0,0,0,无明显情感,未明确对象,未明确方面,中性,0,0.9019005225079965,0.06483771263530809,0.9019005225079965,0.03326176485669539,中性,中性,,False
生活区,BV1X75X6rEui,说到做到！不计成本逛离谱超市，会花多少钱？,1574484,95308,19126,6222,953,2192,喔德哔哔也是粉恁————————————————————————————————————————————————————————————,,喔德哔哔也是粉恁,0,0,7,0,0,0.0,0.0,0.0,0.0,0.0,0.0,0.0,0.0,0,0,0,0,0,0,0,0,无明显情感,未明确对象,未明确方面,中性,0,0.5451103130828783,0.1443763826103732,0.5451103130828783,0.31051330430674845,中性,中性,,False
生活区,BV1X75X6rEui,说到做到！不计成本逛离谱超市，会花多少钱？,1574484,95308,19126,6222,953,2192,我中考成绩妙不妙,,我中考成绩妙不妙,0,0,4,0,0,0.0,0.0,0.0,0.0,0.0,0.0,0.0,0.0,0,0,0,0,0,0,0,0,无明显情感,未明确对象,未明确方面,中性,0,0.7775657187645802,0.025000107833852217,0.7775657187645802,0.19743417340156766,中性,中性,,False
生活区,BV1X75X6rEui,说到做到！不计成本逛离谱超市，会花多少钱？,1574484,95308,19126,6222,953,2192,这很油腻吧,,这很油腻吧,0,1,2,0,0,-1.5,0.0,1.5,1.5,0.5,-1.5,0.0,1.5,0,0,0,0,0,0,0,1,对象评价,未明确对象,未明确方面,负面,-1,0.941481632489416,0.941481632489416,0.04969831352515272,0.008820053985431321,负面,负面,-1.0,True
生活区,BV1X75X6rEui,说到做到！不计成本逛离谱超市，会花多少钱？,1574484,95308,19126,6222,953,2192,我面试秒不秒,,我面试秒不秒,0,0,4,0,0,0.0,0.0,0.0,0.0,0.0,0.0,0.0,0.0,0,0,0,0,0,0,0,0,无明显情感,未明确对象,未明确方面,中性,0,0.7240416521341574,0.21960775290414783,0.7240416521341574,0.0563505949616948,中性,中性,0.0,True
生活区,BV1X75X6rEui,说到做到！不计成本逛离谱超市，会花多少钱？,1574484,95308,19126,6222,953,2192,还是个混蛋,,还是个混蛋,0,0,3,0,0,0.0,0.0,0.0,0.0,0.0,0.0,0.0,0.0,0,0,0,0,0,0,0,0,无明显情感,未明确对象,未明确方面,中性,0,0.6648484387594873,0.24686466767626142,0.6648484387594873,0.08828689356425122,中性,中性,,False
生活区,BV1X75X6rEui,说到做到！不计成本逛离谱超市，会花多少钱？,1574484,95308,19126,6222,953,2192,我脱单和考试妙不妙,,我脱单和考试妙不妙,0,0,4,0,0,0.0,0.0,0.0,0.0,0.0,0.0,0.0,0.0,0,0,0,0,0,0,0,0,无明显情感,未明确对象,未明确方面,中性,0,0.839931483482163,0.031837803853608515,0.839931483482163,0.1282307126642285,中性,中性,,False
生活区,BV1X75X6rEui,说到做到！不计成本逛离谱超市，会花多少钱？,1574484,95308,19126,6222,953,2192,感觉也就两个人的量,,感觉也就两个人的量,0,0,6,0,0,0.0,0.0,0.0,0.0,0.0,0.0,0.0,0.0,0,0,0,0,0,0,0,0,无明显情感,未明确对象,未明确方面,中性,0,0.495436503452762,0.39266320509407193,0.495436503452762,0.11190029145316614,中性,中性,0.0,True
生活区,BV1X75X6rEui,说到做到！不计成本逛离谱超市，会花多少钱？,1574484,95308,19126,6222,953,2192,我生活妙不妙,,我生活妙不妙,0,0,3,0,0,0.0,0.0,0.0,0.0,0.0,0.0,0.0,0.0,0,0,0,0,0,0,0,0,无明显情感,未明确对象,未明确方面,中性,0,0.7491204418687855,0.021939013515126456,0.7491204418687855,0.22894054461608812,中性,中性,,False
生活区,BV1X75X6rEui,说到做到！不计成本逛离谱超市，会花多少钱？,1574484,95308,19126,6222,953,2192,小象1L 9.9弹幕说不贵的何意味？,,小象1L9.9弹幕说不贵的何意味？,0,0,8,0,1,0.0,0.0,0.0,0.0,0.0,0.0,0.0,0.0,0,0,0,0,0,0,0,0,无明显情感,未明确对象,未明确方面,中性,0,0.4809299720273085,0.4190588302532779,0.4809299720273085,0.10001119771941364,中性,中性,,False
生活区,BV1X75X6rEui,说到做到！不计成本逛离谱超市，会花多少钱？,1574484,95308,19126,6222,953,2192,我法考和考公妙不妙,,我法考和考公妙不妙,0,0,3,0,0,0.0,0.0,0.0,0.0,0.0,0.0,0.0,0.0,0,0,0,0,0,0,0,0,无明显情感,未明确对象,未明确方面,中性,0,0.8754942027942173,0.02251736358515822,0.8754942027942173,0.10198843362062443,中性,中性,,False
生活区,BV1X75X6rEui,说到做到！不计成本逛离谱超市，会花多少钱？,1574484,95308,19126,6222,953,2192,這就奶油白菜 我們這一袋才5元...,,這就奶油白菜我們這一袋才5元...,0,0,10,0,0,0.0,0.0,0.0,0.0,0.0,0.0,0.0,0.0,0,0,0,0,0,0,0,0,无明显情感,未明确对象,未明确方面,中性,0,0.5866500092940349,0.2355886755873239,0.5866500092940349,0.1777613151186412,中性,中性,,False
生活区,BV1X75X6rEui,说到做到！不计成本逛离谱超市，会花多少钱？,1574484,95308,19126,6222,953,2192,我上荣耀秒不秒,,我上荣耀秒不秒,0,0,5,0,0,0.0,0.0,0.0,0.0,0.0,0.0,0.0,0.0,0,0,0,0,0,0,0,0,无明显情感,未明确对象,未明确方面,中性,0,0.7845806427422329,0.074174082292833,0.7845806427422329,0.1412452749649341,中性,中性,0.0,True
生活区,BV1X75X6rEui,说到做到！不计成本逛离谱超市，会花多少钱？,1574484,95308,19126,6222,953,2192,感谢蛋黄派借您吉言,,感谢蛋黄派借您吉言,1,0,5,0,0,1.0,1.0,0.0,1.0,0.2,1.0,1.0,0.0,0,0,0,0,0,0,0,1,对象评价,未明确对象,未明确方面,正面,1,0.8471041697521657,0.03163968288894843,0.12125614735888593,0.8471041697521657,正面,正面,,False
生活区,BV1X75X6rEui,说到做到！不计成本逛离谱超市，会花多少钱？,1574484,95308,19126,6222,953,2192,我高考上岸妙不妙？,,我高考上岸妙不妙？,0,0,5,0,1,0.0,0.0,0.0,0.0,0.0,0.0,0.0,0.0,0,0,0,0,0,0,0,0,无明显情感,未明确对象,未明确方面,中性,0,0.5574095029135792,0.04792903202143107,0.5574095029135792,0.3946614650649898,中性,中性,,False
生活区,BV1X75X6rEui,说到做到！不计成本逛离谱超市，会花多少钱？,1574484,95308,19126,6222,953,2192,那就是“混蛋”,,那就是混蛋,0,0,2,0,0,0.0,0.0,0.0,0.0,0.0,0.0,0.0,0.0,0,0,0,0,0,0,0,0,无明显情感,未明确对象,未明确方面,中性,-1,0.6071686749037848,0.6071686749037848,0.24330514463214226,0.1495261804640729,负面,负面,,False
生活区,BV1X75X6rEui,说到做到！不计成本逛离谱超市，会花多少钱？,1574484,95308,19126,6222,953,2192,不好吃,,不好吃,0,0,2,0,0,0.0,0.0,0.0,0.0,0.0,0.0,0.0,0.0,0,0,0,0,0,0,0,0,无明显情感,未明确对象,未明确方面,中性,-1,0.6622709470785452,0.6622709470785452,0.2039453894784859,0.13378366344296896,负面,负面,,False
生活区,BV1X75X6rEui,说到做到！不计成本逛离谱超市，会花多少钱？,1574484,95308,19126,6222,953,2192,这113.去你。。。。,,这113.去你。。。。,0,0,7,0,0,0.0,0.0,0.0,0.0,0.0,0.0,0.0,0.0,0,0,0,0,0,0,0,0,无明显情感,未明确对象,未明确方面,中性,-1,0.6398457800375686,0.6398457800375686,0.2430110894808504,0.11714313048158084,负面,负面,,False
生活区,BV1X75X6rEui,说到做到！不计成本逛离谱超市，会花多少钱？,1574484,95308,19126,6222,953,2192,有一说一，这早餐没有我的小笼包+馄饨好吃,,有一说一，这早餐没有我的小笼包馄饨好吃,0,0,10,0,0,0.0,0.0,0.0,0.0,0.0,0.0,0.0,0.0,0,0,0,0,0,0,0,0,无明显情感,未明确对象,未明确方面,中性,-1,0.9023853340212881,0.9023853340212881,0.053655023640375936,0.04395964233833597,负面,负面,,False
生活区,BV1X75X6rEui,说到做到！不计成本逛离谱超市，会花多少钱？,1574484,95308,19126,6222,953,2192,国产,,国产,0,0,1,0,0,0.0,0.0,0.0,0.0,0.0,0.0,0.0,0.0,0,0,0,0,0,0,0,0,无明显情感,未明确对象,未明确方面,中性,0,0.6613337795964743,0.14035796080361848,0.6613337795964743,0.19830825959990717,中性,中性,,False
生活区,BV1X75X6rEui,说到做到！不计成本逛离谱超市，会花多少钱？,1574484,95308,19126,6222,953,2192,哈哈哈,,哈哈哈,1,0,1,0,0,1.0,1.0,0.0,1.0,1.0,1.0,1.0,0.0,0,0,1,0,0,0,0,1,对象评价+自身情绪,未明确对象,娱乐与趣味,正面,1,0.9515438479332365,0.0188891107497216,0.02956704131704199,0.9515438479332365,正面,正面,,False
生活区,BV1X75X6rEui,说到做到！不计成本逛离谱超市，会花多少钱？,1574484,95308,19126,6222,953,2192,我认为任何米饭都是一样的,,我认为任何米饭都是一样的,0,0,5,0,0,0.0,0.0,0.0,0.0,0.0,0.0,0.0,0.0,0,0,0,0,0,0,0,0,无明显情感,未明确对象,未明确方面,中性,0,0.6229775200504302,0.3114558390646785,0.6229775200504302,0.06556664088489125,中性,中性,,False
生活区,BV1X75X6rEui,说到做到！不计成本逛离谱超市，会花多少钱？,1574484,95308,19126,6222,953,2192,我的期末妙不妙,,我的期末妙不妙,0,0,3,0,0,0.0,0.0,0.0,0.0,0.0,0.0,0.0,0.0,0,0,0,0,0,0,0,0,无明显情感,未明确对象,未明确方面,中性,0,0.7649913616619021,0.01823533582595279,0.7649913616619021,0.21677330251214508,中性,中性,,False
生活区,BV1X75X6rEui,说到做到！不计成本逛离谱超市，会花多少钱？,1574484,95308,19126,6222,953,2192,有钱真好，随便花,,有钱真好，随便花,1,1,6,0,0,0.0,1.0,1.0,0.0,0.3333333333333333,0.0,1.0,1.0,0,1,0,0,0,0,0,1,对象评价,未明确对象,未明确方面,混合,1,0.6906308665592144,0.1541786666135632,0.15519046682722254,0.6906308665592144,正面,正面,1.0,True
生活区,BV1X75X6rEui,说到做到！不计成本逛离谱超市，会花多少钱？,1574484,95308,19126,6222,953,2192,米其林有很便宜的,,米其林有很便宜的,0,0,4,0,0,0.0,0.0,0.0,0.0,0.0,0.0,0.0,0.0,0,0,0,0,0,0,0,0,无明显情感,未明确对象,未明确方面,中性,-1,0.5426935197892517,0.5426935197892517,0.3664915144805018,0.0908149657302465,负面,负面,,False
生活区,BV1X75X6rEui,说到做到！不计成本逛离谱超市，会花多少钱？,1574484,95308,19126,6222,953,2192,都没龙虾,,都没龙虾,0,0,3,0,0,0.0,0.0,0.0,0.0,0.0,0.0,0.0,0.0,0,0,0,0,0,0,0,0,无明显情感,未明确对象,未明确方面,中性,-1,0.7836621354838362,0.7836621354838362,0.1949701231545974,0.021367741361566286,负面,负面,,False
生活区,BV1X75X6rEui,说到做到！不计成本逛离谱超市，会花多少钱？,1574484,95308,19126,6222,953,2192,哈哈哈哈哈哈哈,,哈哈哈哈哈哈哈,2,0,2,0,0,2.0,2.0,0.0,2.0,1.0,2.0,2.0,0.0,0,0,1,0,0,0,0,1,对象评价+自身情绪,未明确对象,娱乐与趣味,正面,1,0.9936485343792333,0.0025504591446330054,0.0038010064761336746,0.9936485343792333,正面,正面,,False
生活区,BV1X75X6rEui,说到做到！不计成本逛离谱超市，会花多少钱？,1574484,95308,19126,6222,953,2192,咋没沙拉,,咋没沙拉,0,0,3,0,0,0.0,0.0,0.0,0.0,0.0,0.0,0.0,0.0,0,0,0,0,0,0,0,0,无明显情感,未明确对象,未明确方面,中性,-1,0.5568320969937451,0.5568320969937451,0.389920235541398,0.0532476674648569,负面,负面,,False
生活区,BV1X75X6rEui,说到做到！不计成本逛离谱超市，会花多少钱？,1574484,95308,19126,6222,953,2192,工作妙不妙！,,工作妙不妙！,0,0,4,1,0,0.0,0.0,0.0,0.0,0.0,0.0,0.0,0.0,0,0,0,0,0,0,0,0,无明显情感,未明确对象,未明确方面,中性,0,0.8041681707142143,0.029406752315797143,0.8041681707142143,0.1664250769699887,中性,中性,,False
生活区,BV1X75X6rEui,说到做到！不计成本逛离谱超市，会花多少钱？,1574484,95308,19126,6222,953,2192,身体还是很诚实的,,身体还是很诚实的,1,0,4,0,0,1.5,1.5,0.0,1.5,0.25,1.5,1.5,0.0,0,0,0,0,0,0,0,1,对象评价,未明确对象,未明确方面,正面,0,0.45857427537699674,0.18663483170230552,0.45857427537699674,0.35479089292069765,中性,中性,0.0,True
生活区,BV1X75X6rEui,说到做到！不计成本逛离谱超市，会花多少钱？,1574484,95308,19126,6222,953,2192,"DFGHJKLxcvbnm, A 压下电路图‘",,"DFGHJKLxcvbnm,A压下电路图",0,0,5,0,0,0.0,0.0,0.0,0.0,0.0,0.0,0.0,0.0,0,0,0,0,0,0,0,0,无明显情感,未明确对象,未明确方面,中性,0,0.7766330404251306,0.09857113796376654,0.7766330404251306,0.12479582161110275,中性,中性,,False
生活区,BV1X75X6rEui,说到做到！不计成本逛离谱超市，会花多少钱？,1574484,95308,19126,6222,953,2192,依旧玩不起,,依旧玩不起,0,0,2,0,0,0.0,0.0,0.0,0.0,0.0,0.0,0.0,0.0,0,0,0,0,0,0,0,0,无明显情感,未明确对象,未明确方面,中性,0,0.6553065905941072,0.1468149965085425,0.6553065905941072,0.19787841289735017,中性,中性,,False
生活区,BV1X75X6rEui,说到做到！不计成本逛离谱超市，会花多少钱？,1574484,95308,19126,6222,953,2192,拉完了,,拉完了,0,1,1,0,0,-1.0,0.0,1.0,1.0,1.0,-1.0,0.0,1.0,0,0,0,0,0,0,0,1,对象评价,未明确对象,未明确方面,负面,-1,0.908456335539441,0.908456335539441,0.03348239002680833,0.05806127443375061,负面,负面,-1.0,True
生活区,BV1X75X6rEui,说到做到！不计成本逛离谱超市，会花多少钱？,1574484,95308,19126,6222,953,2192,半熟蛋拉完了,,半熟蛋拉完了,0,1,3,0,0,-1.0,0.0,1.0,1.0,0.3333333333333333,-1.0,0.0,1.0,0,0,0,0,0,0,0,1,对象评价,未明确对象,未明确方面,负面,-1,0.6991288827185335,0.6991288827185335,0.22152895912633083,0.07934215815513583,负面,负面,-1.0,True
生活区,BV1X75X6rEui,说到做到！不计成本逛离谱超市，会花多少钱？,1574484,95308,19126,6222,953,2192,现在究竟是谁在看他视频啊，一点意思都没有,,现在究竟是谁在看他视频啊，一点意思都没有,0,0,11,0,0,0.0,0.0,0.0,0.0,0.0,0.0,0.0,0.0,0,0,0,0,0,0,0,0,无明显情感,视频内容,未明确方面,中性,-1,0.8353598209696086,0.8353598209696086,0.14450078345688588,0.02013939557350552,负面,负面,,False
生活区,BV1X75X6rEui,说到做到！不计成本逛离谱超市，会花多少钱？,1574484,95308,19126,6222,953,2192,为什么不点麻辣烫？,,为什么不点麻辣烫？,0,0,5,0,1,0.0,0.0,0.0,0.0,0.0,0.0,0.0,0.0,0,0,0,0,0,0,0,0,无明显情感,未明确对象,未明确方面,中性,-1,0.7621277131267453,0.7621277131267453,0.22858858094040815,0.009283705932846555,负面,负面,,False
生活区,BV1X75X6rEui,说到做到！不计成本逛离谱超市，会花多少钱？,1574484,95308,19126,6222,953,2192,椰树是椰汁，椰子肉和椰子水打碎一起的单独椰子水是透明的,,椰树是椰汁，椰子肉和椰子水打碎一起的单独椰子水是透明的,0,0,13,0,0,0.0,0.0,0.0,0.0,0.0,0.0,0.0,0.0,0,0,0,0,0,0,0,0,无明显情感,未明确对象,未明确方面,中性,0,0.5294889957565124,0.41904836200300677,0.5294889957565124,0.051462642240480964,中性,中性,0.0,True
生活区,BV1X75X6rEui,说到做到！不计成本逛离谱超市，会花多少钱？,1574484,95308,19126,6222,953,2192,谢谢帅小伙！借你吉言！,,谢谢帅小伙！借你吉言！,1,0,6,2,0,1.0,1.0,0.0,1.0,0.16666666666666666,1.0,1.0,0.0,0,0,0,0,0,0,0,1,对象评价,未明确对象,未明确方面,正面,1,0.9147776979585159,0.007780428693858441,0.07744187334762569,0.9147776979585159,正面,正面,,False
生活区,BV1X75X6rEui,说到做到！不计成本逛离谱超市，会花多少钱？,1574484,95308,19126,6222,953,2192,我女儿中考妙不妙？,,我女儿中考妙不妙？,0,0,5,0,1,0.0,0.0,0.0,0.0,0.0,0.0,0.0,0.0,0,0,0,0,0,0,0,0,无明显情感,未明确对象,未明确方面,中性,0,0.890155409890215,0.04201858709215206,0.890155409890215,0.067826003017633,中性,中性,,False
生活区,BV1X75X6rEui,说到做到！不计成本逛离谱超市，会花多少钱？,1574484,95308,19126,6222,953,2192,就是这味,,就是这味,0,0,2,0,0,0.0,0.0,0.0,0.0,0.0,0.0,0.0,0.0,0,0,0,0,0,0,0,0,无明显情感,未明确对象,未明确方面,中性,0,0.8052839944031955,0.10440859956813009,0.8052839944031955,0.09030740602867449,中性,中性,,False
生活区,BV1X75X6rEui,说到做到！不计成本逛离谱超市，会花多少钱？,1574484,95308,19126,6222,953,2192,巨型泡面而已,,巨型泡面而已,0,0,3,0,0,0.0,0.0,0.0,0.0,0.0,0.0,0.0,0.0,0,0,0,0,0,0,0,0,无明显情感,未明确对象,未明确方面,中性,0,0.6596819552271863,0.12950780609156862,0.6596819552271863,0.21081023868124515,中性,中性,,False
生活区,BV1X75X6rEui,说到做到！不计成本逛离谱超市，会花多少钱？,1574484,95308,19126,6222,953,2192,不是广告吗,,不是广告吗,0,0,2,0,0,0.0,0.0,0.0,0.0,0.0,0.0,0.0,0.0,0,0,0,0,0,0,0,0,无明显情感,未明确对象,未明确方面,中性,0,0.8731847595232789,0.10517567426159723,0.8731847595232789,0.02163956621512386,中性,中性,,False
生活区,BV1X75X6rEui,说到做到！不计成本逛离谱超市，会花多少钱？,1574484,95308,19126,6222,953,2192,鱼汁用来煮酱油就是蒸鱼酱油了,,鱼汁用来煮酱油就是蒸鱼酱油了,0,0,7,0,0,0.0,0.0,0.0,0.0,0.0,0.0,0.0,0.0,0,0,0,0,0,0,0,0,无明显情感,未明确对象,未明确方面,中性,0,0.5273837838398612,0.4054005752797794,0.5273837838398612,0.06721564088035956,中性,中性,,False
生活区,BV1X75X6rEui,说到做到！不计成本逛离谱超市，会花多少钱？,1574484,95308,19126,6222,953,2192,肠胃不好吃软饭啊,,肠胃不好吃软饭啊,0,0,3,0,0,0.0,0.0,0.0,0.0,0.0,0.0,0.0,0.0,0,0,0,0,0,0,0,0,无明显情感,未明确对象,未明确方面,中性,-1,0.8572634751251825,0.8572634751251825,0.06822890206548443,0.07450762280933311,负面,负面,,False
生活区,BV1X75X6rEui,说到做到！不计成本逛离谱超市，会花多少钱？,1574484,95308,19126,6222,953,2192,谁在说话,,谁在说话,0,0,3,0,0,0.0,0.0,0.0,0.0,0.0,0.0,0.0,0.0,0,0,0,0,0,0,0,0,无明显情感,未明确对象,未明确方面,中性,-1,0.5129503232521561,0.5129503232521561,0.4240186227477157,0.06303105400012823,负面,负面,,False
生活区,BV1X75X6rEui,说到做到！不计成本逛离谱超市，会花多少钱？,1574484,95308,19126,6222,953,2192,我顺利完成小论文妙不妙,,我顺利完成小论文妙不妙,2,0,5,0,0,2.0,2.0,0.0,2.0,0.4,2.0,2.0,0.0,0,0,0,0,0,0,0,1,对象评价,未明确对象,未明确方面,正面,1,0.9525053594425023,0.0028486986400190132,0.04464594191747871,0.9525053594425023,正面,正面,,False
生活区,BV1X75X6rEui,说到做到！不计成本逛离谱超市，会花多少钱？,1574484,95308,19126,6222,953,2192,晚上吃这么差,,晚上吃这么差,0,0,4,0,0,0.0,0.0,0.0,0.0,0.0,0.0,0.0,0.0,0,0,0,0,0,0,0,0,无明显情感,未明确对象,未明确方面,中性,0,0.6434505291372147,0.09858216231318863,0.6434505291372147,0.2579673085495966,中性,负面,,False
生活区,BV1X75X6rEui,说到做到！不计成本逛离谱超市，会花多少钱？,1574484,95308,19126,6222,953,2192,我明天和后天公司工作顺利妙不妙,,我明天和后天公司工作顺利妙不妙,1,0,7,0,0,1.0,1.0,0.0,1.0,0.14285714285714285,1.0,1.0,0.0,0,0,0,0,0,0,0,1,对象评价,未明确对象,未明确方面,正面,1,0.7496144722586596,0.043880649562248346,0.20650487817909205,0.7496144722586596,正面,正面,1.0,True
生活区,BV1X75X6rEui,说到做到！不计成本逛离谱超市，会花多少钱？,1574484,95308,19126,6222,953,2192,低成本拥抱智能技术？数字产线帮你轻松解锁，无需高投入也能接轨未来！,,低成本拥抱智能技术？数字产线帮你轻松解锁，无需高投入也能接轨未来！,1,0,19,1,1,1.0,1.0,0.0,1.0,0.05263157894736842,1.0,1.0,0.0,0,0,0,0,0,0,0,1,对象评价,未明确对象,未明确方面,正面,0,0.7003051444493349,0.1868205211009927,0.7003051444493349,0.11287433444967254,中性,中性,0.0,True
生活区,BV1X75X6rEui,说到做到！不计成本逛离谱超市，会花多少钱？,1574484,95308,19126,6222,953,2192,牛排一般,,牛排一般,0,0,2,0,0,0.0,0.0,0.0,0.0,0.0,0.0,0.0,0.0,0,0,0,0,0,0,0,0,无明显情感,未明确对象,未明确方面,中性,0,0.692164181220989,0.18597386411048997,0.692164181220989,0.12186195466852101,中性,中性,,False
生活区,BV1X75X6rEui,说到做到！不计成本逛离谱超市，会花多少钱？,1574484,95308,19126,6222,953,2192,翻译：被德国收购的日本企业在中国的分公司饲养的鸡下的蛋,,翻译被德国收购的日本企业在中国的分公司饲养的鸡下的蛋,0,0,13,0,0,0.0,0.0,0.0,0.0,0.0,0.0,0.0,0.0,0,0,0,0,0,0,0,0,无明显情感,未明确对象,未明确方面,中性,0,0.5908028282685779,0.3452208137334388,0.5908028282685779,0.06397635799798332,中性,中性,,False
生活区,BV1X75X6rEui,说到做到！不计成本逛离谱超市，会花多少钱？,1574484,95308,19126,6222,953,2192,20我能买一斤了,,20我能买一斤了,0,0,4,0,0,0.0,0.0,0.0,0.0,0.0,0.0,0.0,0.0,0,0,0,0,0,0,0,0,无明显情感,未明确对象,未明确方面,中性,-1,0.7592893643705539,0.7592893643705539,0.13297006789974705,0.10774056772969892,负面,负面,-1.0,True
生活区,BV1X75X6rEui,说到做到！不计成本逛离谱超市，会花多少钱？,1574484,95308,19126,6222,953,2192,这么薄 300多 真的是把你当大佐,,这么薄300多真的是把你当大佐,0,0,7,0,0,0.0,0.0,0.0,0.0,0.0,0.0,0.0,0.0,0,0,0,0,0,0,0,0,无明显情感,未明确对象,未明确方面,中性,0,0.7629214464673527,0.06081614410006053,0.7629214464673527,0.17626240943258664,中性,中性,,False
生活区,BV1X75X6rEui,说到做到！不计成本逛离谱超市，会花多少钱？,1574484,95308,19126,6222,953,2192,我这次六级和期末考妙不妙？,,我这次六级和期末考妙不妙？,0,0,6,0,1,0.0,0.0,0.0,0.0,0.0,0.0,0.0,0.0,0,0,0,0,0,0,0,0,无明显情感,未明确对象,未明确方面,中性,0,0.8957655871095401,0.04058044697328889,0.8957655871095401,0.06365396591717104,中性,中性,,False
生活区,BV1X75X6rEui,说到做到！不计成本逛离谱超市，会花多少钱？,1574484,95308,19126,6222,953,2192,看着大但感觉里面啥也没有 就粉丝和土豆片,,看着大但感觉里面啥也没有就粉丝和土豆片,0,0,11,0,0,0.0,0.0,0.0,0.0,0.0,0.0,0.0,0.0,0,0,0,0,0,0,0,0,无明显情感,未明确对象,未明确方面,中性,-1,0.9431824753212436,0.9431824753212436,0.03523001445896131,0.021587510219795065,负面,负面,,False
生活区,BV1X75X6rEui,说到做到！不计成本逛离谱超市，会花多少钱？,1574484,95308,19126,6222,953,2192,我工作妙不妙,,我工作妙不妙,0,0,3,0,0,0.0,0.0,0.0,0.0,0.0,0.0,0.0,0.0,0,0,0,0,0,0,0,0,无明显情感,未明确对象,未明确方面,中性,0,0.8643721862478461,0.03918422858652687,0.8643721862478461,0.09644358516562712,中性,中性,,False
生活区,BV1X75X6rEui,说到做到！不计成本逛离谱超市，会花多少钱？,1574484,95308,19126,6222,953,2192,我一战考研成绩妙不妙,,我一战考研成绩妙不妙,0,0,5,0,0,0.0,0.0,0.0,0.0,0.0,0.0,0.0,0.0,0,0,0,0,0,0,0,0,无明显情感,未明确对象,未明确方面,中性,0,0.771288427189007,0.028089889603391958,0.771288427189007,0.20062168320760096,中性,中性,,False
生活区,BV1X75X6rEui,说到做到！不计成本逛离谱超市，会花多少钱？,1574484,95308,19126,6222,953,2192,300的牛肉能吃吗..也不怕吃出事,,300的牛肉能吃吗..也不怕吃出事,0,0,9,0,0,0.0,0.0,0.0,0.0,0.0,0.0,0.0,0.0,0,0,0,0,0,0,0,0,无明显情感,未明确对象,未明确方面,中性,0,0.8490601886171009,0.11512667135801499,0.8490601886171009,0.035813140024884116,中性,中性,,False
生活区,BV1X75X6rEui,说到做到！不计成本逛离谱超市，会花多少钱？,1574484,95308,19126,6222,953,2192,这不是广告吗,,这不是广告吗,0,0,2,0,0,0.0,0.0,0.0,0.0,0.0,0.0,0.0,0.0,0,0,0,0,0,0,0,0,无明显情感,未明确对象,未明确方面,中性,0,0.7880017637889909,0.17958665989507924,0.7880017637889909,0.03241157631592991,中性,中性,,False
生活区,BV1X75X6rEui,说到做到！不计成本逛离谱超市，会花多少钱？,1574484,95308,19126,6222,953,2192,吃过 不好吃,,吃过不好吃,0,0,4,0,0,0.0,0.0,0.0,0.0,0.0,0.0,0.0,0.0,0,0,0,0,0,0,0,0,无明显情感,未明确对象,未明确方面,中性,-1,0.7674616076537649,0.7674616076537649,0.15469356628263226,0.07784482606360288,负面,负面,,False
生活区,BV1X75X6rEui,说到做到！不计成本逛离谱超市，会花多少钱？,1574484,95308,19126,6222,953,2192,我高考成绩妙不妙,,我高考成绩妙不妙,0,0,4,0,0,0.0,0.0,0.0,0.0,0.0,0.0,0.0,0.0,0,0,0,0,0,0,0,0,无明显情感,未明确对象,未明确方面,中性,0,0.6071915235112573,0.02096190222902654,0.6071915235112573,0.37184657425971623,中性,中性,,False
生活区,BV1X75X6rEui,说到做到！不计成本逛离谱超市，会花多少钱？,1574484,95308,19126,6222,953,2192,6,,6,0,0,1,0,0,0.0,0.0,0.0,0.0,0.0,0.0,0.0,0.0,0,0,0,0,0,0,0,0,无明显情感,未明确对象,未明确方面,中性,0,0.5625041143460264,0.14767972033800986,0.5625041143460264,0.2898161653159638,中性,正面,1.0,True
生活区,BV1X75X6rEui,说到做到！不计成本逛离谱超市，会花多少钱？,1574484,95308,19126,6222,953,2192,我下一份工作妙不妙？,,我下一份工作妙不妙？,0,0,6,0,1,0.0,0.0,0.0,0.0,0.0,0.0,0.0,0.0,0,0,0,0,0,0,0,0,无明显情感,未明确对象,未明确方面,中性,0,0.8862599540793336,0.07162321891575242,0.8862599540793336,0.04211682700491416,中性,中性,0.0,True
生活区,BV1X75X6rEui,说到做到！不计成本逛离谱超市，会花多少钱？,1574484,95308,19126,6222,953,2192,这类的鸳鸯锅，都不好吃,,这类的鸳鸯锅，都不好吃,0,0,6,0,0,0.0,0.0,0.0,0.0,0.0,0.0,0.0,0.0,0,0,0,0,0,0,0,0,无明显情感,未明确对象,未明确方面,中性,-1,0.6882893578793494,0.6882893578793494,0.1768628071907576,0.13484783492989316,负面,负面,,False
生活区,BV1X75X6rEui,说到做到！不计成本逛离谱超市，会花多少钱？,1574484,95308,19126,6222,953,2192,商单,,商单,0,0,1,0,0,0.0,0.0,0.0,0.0,0.0,0.0,0.0,0.0,0,0,0,0,0,0,0,0,无明显情感,未明确对象,未明确方面,中性,0,0.6613337795964743,0.14035796080361848,0.6613337795964743,0.19830825959990717,中性,中性,,False
生活区,BV1X75X6rEui,说到做到！不计成本逛离谱超市，会花多少钱？,1574484,95308,19126,6222,953,2192,翻译：杂粮饭,,翻译杂粮饭,0,0,3,0,0,0.0,0.0,0.0,0.0,0.0,0.0,0.0,0.0,0,0,0,0,0,0,0,0,无明显情感,未明确对象,未明确方面,中性,0,0.6491052548105614,0.15351490488364694,0.6491052548105614,0.1973798403057917,中性,中性,,False
生活区,BV1X75X6rEui,说到做到！不计成本逛离谱超市，会花多少钱？,1574484,95308,19126,6222,953,2192,翻译：国产鸡蛋,,翻译国产鸡蛋,0,0,3,0,0,0.0,0.0,0.0,0.0,0.0,0.0,0.0,0.0,0,0,0,0,0,0,0,0,无明显情感,未明确对象,未明确方面,中性,0,0.5768836116882216,0.20119575386762473,0.5768836116882216,0.22192063444415383,中性,中性,,False
生活区,BV1X75X6rEui,说到做到！不计成本逛离谱超市，会花多少钱？,1574484,95308,19126,6222,953,2192,鲈鱼是真不错,,鲈鱼是真不错,1,0,2,0,0,1.0,1.0,0.0,1.0,0.5,1.0,1.0,0.0,0,0,0,0,0,0,0,1,对象评价,未明确对象,未明确方面,正面,1,0.7528237617094545,0.1470139223164701,0.10016231597407552,0.7528237617094545,正面,正面,1.0,True
生活区,BV1X75X6rEui,说到做到！不计成本逛离谱超市，会花多少钱？,1574484,95308,19126,6222,953,2192,我们这酒席上别比这大多了也不要500吧,,我们这酒席上别比这大多了也不要500吧,0,0,8,0,0,0.0,0.0,0.0,0.0,0.0,0.0,0.0,0.0,0,0,0,0,0,0,0,0,无明显情感,未明确对象,未明确方面,中性,-1,0.7655807317072525,0.7655807317072525,0.11901573583456164,0.11540353245818592,负面,负面,-1.0,True
生活区,BV1X75X6rEui,说到做到！不计成本逛离谱超市，会花多少钱？,1574484,95308,19126,6222,953,2192,这鱼398一斤……,,这鱼398一斤,0,0,3,0,0,0.0,0.0,0.0,0.0,0.0,0.0,0.0,0.0,0,0,0,0,0,0,0,0,无明显情感,未明确对象,未明确方面,中性,0,0.7451141125030434,0.10181958349468656,0.7451141125030434,0.15306630400227014,中性,中性,,False
生活区,BV1X75X6rEui,说到做到！不计成本逛离谱超市，会花多少钱？,1574484,95308,19126,6222,953,2192,我运气妙不妙,,我运气妙不妙,0,0,3,0,0,0.0,0.0,0.0,0.0,0.0,0.0,0.0,0.0,0,0,0,0,0,0,0,0,无明显情感,未明确对象,未明确方面,中性,0,0.7794837813025697,0.01778892231030892,0.7794837813025697,0.20272729638712142,中性,中性,,False
生活区,BV1X75X6rEui,说到做到！不计成本逛离谱超市，会花多少钱？,1574484,95308,19126,6222,953,2192,、就好哈哈哈哈哈与健康，,,就好哈哈哈哈哈与健康，,3,0,7,0,0,3.0,3.0,0.0,3.0,0.42857142857142855,3.0,3.0,0.0,0,0,1,0,0,0,0,1,对象评价+自身情绪,未明确对象,娱乐与趣味,正面,1,0.9983434061585749,0.000572095196991546,0.001084498644433659,0.9983434061585749,正面,正面,,False
生活区,BV1X75X6rEui,说到做到！不计成本逛离谱超市，会花多少钱？,1574484,95308,19126,6222,953,2192,也就两人份,,也就两人份,0,0,3,0,0,0.0,0.0,0.0,0.0,0.0,0.0,0.0,0.0,0,0,0,0,0,0,0,0,无明显情感,未明确对象,未明确方面,中性,-1,0.47767289747371766,0.47767289747371766,0.3784367832640623,0.14389031926221993,负面,中性,0.0,True
生活区,BV1X75X6rEui,说到做到！不计成本逛离谱超市，会花多少钱？,1574484,95308,19126,6222,953,2192,\?,,?,0,0,1,0,1,0.0,0.0,0.0,0.0,0.0,0.0,0.0,0.0,0,0,0,0,0,0,0,0,无明显情感,未明确对象,未明确方面,中性,0,0.4235697430765226,0.405750925593877,0.4235697430765226,0.1706793313296004,中性,中性,,False
生活区,BV1X75X6rEui,说到做到！不计成本逛离谱超市，会花多少钱？,1574484,95308,19126,6222,953,2192,有点薄,,有点薄,0,0,1,0,0,0.0,0.0,0.0,0.0,0.0,0.0,0.0,0.0,0,0,0,0,0,0,0,0,无明显情感,未明确对象,未明确方面,中性,0,0.9385343890172542,0.034974168268083444,0.9385343890172542,0.026491442714662243,中性,中性,,False
生活区,BV1X75X6rEui,说到做到！不计成本逛离谱超市，会花多少钱？,1574484,95308,19126,6222,953,2192,我的雅思妙不妙,,我的雅思妙不妙,0,0,3,0,0,0.0,0.0,0.0,0.0,0.0,0.0,0.0,0.0,0,0,0,0,0,0,0,0,无明显情感,未明确对象,未明确方面,中性,0,0.8271621291370423,0.02020122688367913,0.8271621291370423,0.15263664397927862,中性,中性,,False
生活区,BV1X75X6rEui,说到做到！不计成本逛离谱超市，会花多少钱？,1574484,95308,19126,6222,953,2192,全素还想4个人吃？默认小朋友是吧,,全素还想4个人吃？默认小朋友是吧,0,0,9,0,1,0.0,0.0,0.0,0.0,0.0,0.0,0.0,0.0,0,0,0,0,0,0,0,0,无明显情感,未明确对象,未明确方面,中性,-1,0.7722748362947384,0.7722748362947384,0.20574738409822332,0.021977779607038114,负面,负面,-1.0,True
生活区,BV1X75X6rEui,说到做到！不计成本逛离谱超市，会花多少钱？,1574484,95308,19126,6222,953,2192,女的哪来兄弟,,女的哪来兄弟,0,0,3,0,0,0.0,0.0,0.0,0.0,0.0,0.0,0.0,0.0,0,0,0,0,0,0,0,0,无明显情感,未明确对象,未明确方面,中性,0,0.6147183022415912,0.16587526968051602,0.6147183022415912,0.21940642807789282,中性,中性,,False
生活区,BV1X75X6rEui,说到做到！不计成本逛离谱超市，会花多少钱？,1574484,95308,19126,6222,953,2192,就慢慢,,就慢慢,0,0,2,0,0,0.0,0.0,0.0,0.0,0.0,0.0,0.0,0.0,0,0,0,0,0,0,0,0,无明显情感,未明确对象,未明确方面,中性,0,0.40835162256434526,0.37051561334402294,0.40835162256434526,0.22113276409163168,中性,中性,,False
生活区,BV1X75X6rEui,说到做到！不计成本逛离谱超市，会花多少钱？,1574484,95308,19126,6222,953,2192,这些东西值五十块钱吗,,这些东西值五十块钱吗,0,0,5,0,0,0.0,0.0,0.0,0.0,0.0,0.0,0.0,0.0,0,0,0,0,0,0,0,0,无明显情感,未明确对象,未明确方面,中性,0,0.6897930149265641,0.22843076424741576,0.6897930149265641,0.08177622082602015,中性,中性,,False
生活区,BV1X75X6rEui,说到做到！不计成本逛离谱超市，会花多少钱？,1574484,95308,19126,6222,953,2192,藜麦,,藜麦,0,0,2,0,0,0.0,0.0,0.0,0.0,0.0,0.0,0.0,0.0,0,0,0,0,0,0,0,0,无明显情感,未明确对象,未明确方面,中性,0,0.6553065905941072,0.1468149965085425,0.6553065905941072,0.19787841289735017,中性,中性,,False
生活区,BV1X75X6rEui,说到做到！不计成本逛离谱超市，会花多少钱？,1574484,95308,19126,6222,953,2192,我的考试成绩妙不妙,,我的考试成绩妙不妙,0,0,3,0,0,0.0,0.0,0.0,0.0,0.0,0.0,0.0,0.0,0,0,0,0,0,0,0,0,无明显情感,未明确对象,未明确方面,中性,0,0.8456209369528443,0.025751000705677,0.8456209369528443,0.1286280623414786,中性,中性,,False
生活区,BV1X75X6rEui,说到做到！不计成本逛离谱超市，会花多少钱？,1574484,95308,19126,6222,953,2192,这就预制菜原理就是加热一下就能吃,,这就预制菜原理就是加热一下就能吃,0,0,9,0,0,0.0,0.0,0.0,0.0,0.0,0.0,0.0,0.0,0,0,0,0,0,0,0,0,无明显情感,未明确对象,未明确方面,中性,0,0.6034957151033542,0.3534867525245314,0.6034957151033542,0.04301753237211433,中性,中性,,False
生活区,BV1X75X6rEui,说到做到！不计成本逛离谱超市，会花多少钱？,1574484,95308,19126,6222,953,2192,研究生顺利毕业,,研究生顺利毕业,1,0,3,0,0,1.0,1.0,0.0,1.0,0.3333333333333333,1.0,1.0,0.0,0,0,0,0,0,0,0,1,对象评价,未明确对象,未明确方面,正面,1,0.8195075541943205,0.11975112184827819,0.060741323957401394,0.8195075541943205,正面,正面,1.0,True
生活区,BV1X75X6rEui,说到做到！不计成本逛离谱超市，会花多少钱？,1574484,95308,19126,6222,953,2192,鸡蛋哪里有配方,,鸡蛋哪里有配方,0,0,4,0,0,0.0,0.0,0.0,0.0,0.0,0.0,0.0,0.0,0,0,0,0,0,0,0,0,无明显情感,未明确对象,未明确方面,中性,-1,0.46788197217602967,0.46788197217602967,0.40574854763042995,0.12636948019354033,负面,负面,,False
生活区,BV1X75X6rEui,说到做到！不计成本逛离谱超市，会花多少钱？,1574484,95308,19126,6222,953,2192,痛苦~,,痛苦,0,1,1,0,0,-1.0,0.0,1.0,1.0,1.0,-1.0,0.0,1.0,0,0,0,0,0,0,0,1,对象评价,未明确对象,未明确方面,负面,-1,0.8363226595775687,0.8363226595775687,0.10388394516614795,0.05979339525628337,负面,负面,-1.0,True
生活区,BV1X75X6rEui,说到做到！不计成本逛离谱超市，会花多少钱？,1574484,95308,19126,6222,953,2192,常规自热。。。那不是很难吃吗,,常规自热。。。那不是很难吃吗,0,1,8,0,0,-1.0,0.0,1.0,1.0,0.125,-1.0,0.0,1.0,0,0,0,0,0,0,0,1,对象评价,未明确对象,理解与难度,负面,-1,0.9013244281125465,0.9013244281125465,0.08916268744233807,0.009512884445115402,负面,负面,-1.0,True
生活区,BV1X75X6rEui,说到做到！不计成本逛离谱超市，会花多少钱？,1574484,95308,19126,6222,953,2192,多少？我这同款才30,,多少？我这同款才30,0,0,5,0,1,0.0,0.0,0.0,0.0,0.0,0.0,0.0,0.0,0,0,0,0,0,0,0,0,无明显情感,未明确对象,未明确方面,中性,0,0.5687495394057621,0.374463941125723,0.5687495394057621,0.05678651946851486,中性,中性,,False
生活区,BV1X75X6rEui,说到做到！不计成本逛离谱超市，会花多少钱？,1574484,95308,19126,6222,953,2192,我六级妙不妙,,我六级妙不妙,0,0,3,0,0,0.0,0.0,0.0,0.0,0.0,0.0,0.0,0.0,0,0,0,0,0,0,0,0,无明显情感,未明确对象,未明确方面,中性,0,0.7794837813025697,0.01778892231030892,0.7794837813025697,0.20272729638712142,中性,中性,,False
生活区,BV1X75X6rEui,说到做到！不计成本逛离谱超市，会花多少钱？,1574484,95308,19126,6222,953,2192,我今年的股市妙不妙,,我今年的股市妙不妙,0,0,4,0,0,0.0,0.0,0.0,0.0,0.0,0.0,0.0,0.0,0,0,0,0,0,0,0,0,无明显情感,未明确对象,未明确方面,中性,0,0.6752892668803151,0.030042342095348513,0.6752892668803151,0.2946683910243363,中性,中性,,False
生活区,BV1X75X6rEui,说到做到！不计成本逛离谱超市，会花多少钱？,1574484,95308,19126,6222,953,2192,所以别人讨论你又要怎样？,,所以别人讨论你又要怎样？,0,0,7,0,1,0.0,0.0,0.0,0.0,0.0,0.0,0.0,0.0,0,0,0,0,0,0,0,0,无明显情感,未明确对象,未明确方面,中性,0,0.7957473759332573,0.14348621892245225,0.7957473759332573,0.060766405144290464,中性,中性,,False
生活区,BV1X75X6rEui,说到做到！不计成本逛离谱超市，会花多少钱？,1574484,95308,19126,6222,953,2192,直接买菜做火锅，最划算,,直接买菜做火锅，最划算,1,0,7,0,0,1.0,1.0,0.0,1.0,0.14285714285714285,1.0,1.0,0.0,0,0,0,0,0,0,0,1,对象评价,未明确对象,未明确方面,正面,1,0.7075970129990191,0.06969727774697487,0.22270570925400598,0.7075970129990191,正面,正面,1.0,True
生活区,BV1X75X6rEui,说到做到！不计成本逛离谱超市，会花多少钱？,1574484,95308,19126,6222,953,2192,没活硬整,,没活硬整,0,0,2,0,0,0.0,0.0,0.0,0.0,0.0,0.0,0.0,0.0,0,0,0,0,0,0,0,0,无明显情感,未明确对象,未明确方面,中性,0,0.6553065905941072,0.1468149965085425,0.6553065905941072,0.19787841289735017,中性,中性,,False
生活区,BV1X75X6rEui,说到做到！不计成本逛离谱超市，会花多少钱？,1574484,95308,19126,6222,953,2192,王思聪都没有这么奢侈,,王思聪都没有这么奢侈,0,0,5,0,0,0.0,0.0,0.0,0.0,0.0,0.0,0.0,0.0,0,0,0,0,0,0,0,0,无明显情感,未明确对象,未明确方面,中性,-1,0.8452923763402029,0.8452923763402029,0.12769926759810185,0.027008356061695136,负面,负面,,False
生活区,BV1X75X6rEui,说到做到！不计成本逛离谱超市，会花多少钱？,1574484,95308,19126,6222,953,2192,这是野生的星斑鱼吗？这么贵,,这是野生的星斑鱼吗？这么贵,0,0,7,0,1,0.0,0.0,0.0,0.0,0.0,0.0,0.0,0.0,0,0,0,0,0,0,0,0,无明显情感,未明确对象,未明确方面,中性,0,0.6250172004392325,0.3377751117025518,0.6250172004392325,0.03720768785821566,中性,中性,,False
生活区,BV1X75X6rEui,说到做到！不计成本逛离谱超市，会花多少钱？,1574484,95308,19126,6222,953,2192,尿酸警告,,尿酸警告,0,0,2,0,0,0.0,0.0,0.0,0.0,0.0,0.0,0.0,0.0,0,0,0,0,0,0,0,0,无明显情感,未明确对象,未明确方面,中性,0,0.6553065905941072,0.1468149965085425,0.6553065905941072,0.19787841289735017,中性,中性,,False
生活区,BV1X75X6rEui,说到做到！不计成本逛离谱超市，会花多少钱？,1574484,95308,19126,6222,953,2192,我创业妙不妙,,我创业妙不妙,0,0,3,0,0,0.0,0.0,0.0,0.0,0.0,0.0,0.0,0.0,0,0,0,0,0,0,0,0,无明显情感,未明确对象,未明确方面,中性,0,0.7794837813025697,0.01778892231030892,0.7794837813025697,0.20272729638712142,中性,中性,,False
生活区,BV1X75X6rEui,说到做到！不计成本逛离谱超市，会花多少钱？,1574484,95308,19126,6222,953,2192,我的一辩妙不妙,,我的一辩妙不妙,0,0,2,0,0,0.0,0.0,0.0,0.0,0.0,0.0,0.0,0.0,0,0,0,0,0,0,0,0,无明显情感,未明确对象,未明确方面,中性,0,0.8617260432431829,0.033363385506757715,0.8617260432431829,0.10491057125005925,中性,中性,,False
生活区,BV1X75X6rEui,说到做到！不计成本逛离谱超市，会花多少钱？,1574484,95308,19126,6222,953,2192,所以为什么不先加水再放包,,所以为什么不先加水再放包,0,0,6,0,0,0.0,0.0,0.0,0.0,0.0,0.0,0.0,0.0,0,0,0,0,0,0,0,0,无明显情感,未明确对象,未明确方面,中性,0,0.8706067791867984,0.11220100899766741,0.8706067791867984,0.01719221181553416,中性,中性,,False
生活区,BV1X75X6rEui,说到做到！不计成本逛离谱超市，会花多少钱？,1574484,95308,19126,6222,953,2192,煎牛排不用芦笋吗,,煎牛排不用芦笋吗,0,0,4,0,0,0.0,0.0,0.0,0.0,0.0,0.0,0.0,0.0,0,0,0,0,0,0,0,0,无明显情感,未明确对象,未明确方面,中性,0,0.8408340930319231,0.07563191537251818,0.8408340930319231,0.08353399159555865,中性,中性,,False
生活区,BV1X75X6rEui,说到做到！不计成本逛离谱超市，会花多少钱？,1574484,95308,19126,6222,953,2192,不计成本吃预制菜吗那很有生活了,,不计成本吃预制菜吗那很有生活了,0,0,7,0,0,0.0,0.0,0.0,0.0,0.0,0.0,0.0,0.0,0,0,0,0,0,0,0,0,无明显情感,未明确对象,未明确方面,中性,-1,0.6058678764282114,0.6058678764282114,0.3337674292615868,0.060364694310201895,负面,负面,,False
生活区,BV1X75X6rEui,说到做到！不计成本逛离谱超市，会花多少钱？,1574484,95308,19126,6222,953,2192,椰子水我只喝椰树牌  那个才是真的 其他说是100%我都觉得是100%品牌名,,椰子水我只喝椰树牌那个才是真的其他说是100我都觉得是100品牌名,0,0,16,0,0,0.0,0.0,0.0,0.0,0.0,0.0,0.0,0.0,0,0,0,0,0,0,0,0,无明显情感,未明确对象,未明确方面,中性,-1,0.6139586820871163,0.6139586820871163,0.3046347105740218,0.08140660733886183,负面,负面,,False
生活区,BV1X75X6rEui,说到做到！不计成本逛离谱超市，会花多少钱？,1574484,95308,19126,6222,953,2192,不就是混蛋了吗,,不就是混蛋了吗,0,0,3,0,0,0.0,0.0,0.0,0.0,0.0,0.0,0.0,0.0,0,0,0,0,0,0,0,0,无明显情感,未明确对象,未明确方面,中性,0,0.8494721223005247,0.12210249442782344,0.8494721223005247,0.028425383271651856,中性,中性,,False
生活区,BV1X75X6rEui,说到做到！不计成本逛离谱超市，会花多少钱？,1574484,95308,19126,6222,953,2192,给我点！！！！！！,,给我点！！！！！！,0,0,8,6,0,0.0,0.0,0.0,0.0,0.0,0.0,0.0,0.0,0,0,0,0,0,0,0,0,无明显情感,未明确对象,未明确方面,中性,0,0.39708786809160107,0.30272539753081174,0.39708786809160107,0.3001867343775872,中性,中性,0.0,True
生活区,BV1X75X6rEui,说到做到！不计成本逛离谱超市，会花多少钱？,1574484,95308,19126,6222,953,2192,跟海鲈鱼没啥差别，就是有点好看,,跟海鲈鱼没啥差别，就是有点好看,1,0,8,0,0,0.8,0.8,0.0,0.8,0.125,0.8,0.8,0.0,0,0,0,0,0,0,0,1,对象评价,未明确对象,视听体验,正面,0,0.4394304017689564,0.29708252664169693,0.4394304017689564,0.2634870715893466,中性,中性,0.0,True
生活区,BV1X75X6rEui,说到做到！不计成本逛离谱超市，会花多少钱？,1574484,95308,19126,6222,953,2192,不好吃，,,不好吃，,0,0,3,0,0,0.0,0.0,0.0,0.0,0.0,0.0,0.0,0.0,0,0,0,0,0,0,0,0,无明显情感,未明确对象,未明确方面,中性,-1,0.7116824654289067,0.7116824654289067,0.16296841764652617,0.1253491169245673,负面,负面,,False
生活区,BV1X75X6rEui,说到做到！不计成本逛离谱超市，会花多少钱？,1574484,95308,19126,6222,953,2192,鸡蛋能有什么配方？？混血母鸡吗？,,鸡蛋能有什么配方？？混血母鸡吗？,0,0,10,0,3,0.0,0.0,0.0,0.0,0.0,0.0,0.0,0.0,0,0,0,0,0,0,0,0,无明显情感,未明确对象,未明确方面,中性,-1,0.7773096021300954,0.7773096021300954,0.21259255747922864,0.010097840390676072,负面,负面,,False
生活区,BV1X75X6rEui,说到做到！不计成本逛离谱超市，会花多少钱？,1574484,95308,19126,6222,953,2192,不爱吃海鲜,,不爱吃海鲜,0,0,2,0,0,0.0,0.0,0.0,0.0,0.0,0.0,0.0,0.0,0,0,0,0,0,0,0,0,无明显情感,未明确对象,未明确方面,中性,0,0.6553065905941072,0.1468149965085425,0.6553065905941072,0.19787841289735017,中性,中性,,False
生活区,BV1X75X6rEui,说到做到！不计成本逛离谱超市，会花多少钱？,1574484,95308,19126,6222,953,2192,2026 我的高考成妙不妙？！,,2026我的高考成妙不妙？！,0,0,6,1,1,0.0,0.0,0.0,0.0,0.0,0.0,0.0,0.0,0,0,0,0,0,0,0,0,无明显情感,未明确对象,未明确方面,中性,0,0.7511365993959163,0.033879467467053254,0.7511365993959163,0.21498393313703046,中性,中性,,False
生活区,BV1X75X6rEui,说到做到！不计成本逛离谱超市，会花多少钱？,1574484,95308,19126,6222,953,2192,2026 我的高考成绩秒不秒？！,,2026我的高考成绩秒不秒？！,0,0,8,1,1,0.0,0.0,0.0,0.0,0.0,0.0,0.0,0.0,0,0,0,0,0,0,0,0,无明显情感,未明确对象,未明确方面,中性,0,0.6807671034379095,0.10204069776214951,0.6807671034379095,0.21719219879994095,中性,中性,0.0,True
生活区,BV1X75X6rEui,说到做到！不计成本逛离谱超市，会花多少钱？,1574484,95308,19126,6222,953,2192,我 2026 高考,,我2026高考,0,0,2,0,0,0.0,0.0,0.0,0.0,0.0,0.0,0.0,0.0,0,0,0,0,0,0,0,0,无明显情感,未明确对象,未明确方面,中性,1,0.6606043499043852,0.041792754059609416,0.29760289603600537,0.6606043499043852,正面,正面,,False
生活区,BV1X75X6rEui,说到做到！不计成本逛离谱超市，会花多少钱？,1574484,95308,19126,6222,953,2192,3个应该刚好，四个可能差些量,,3个应该刚好，四个可能差些量,0,0,9,0,0,0.0,0.0,0.0,0.0,0.0,0.0,0.0,0.0,0,0,0,0,0,0,0,0,无明显情感,未明确对象,未明确方面,中性,0,0.5269032332717172,0.3650618337479059,0.5269032332717172,0.10803493298037693,中性,负面,,False
生活区,BV1X75X6rEui,说到做到！不计成本逛离谱超市，会花多少钱？,1574484,95308,19126,6222,953,2192,我中考妙不妙？,,我中考妙不妙？,0,0,4,0,1,0.0,0.0,0.0,0.0,0.0,0.0,0.0,0.0,0,0,0,0,0,0,0,0,无明显情感,未明确对象,未明确方面,中性,0,0.8925530416595207,0.039911688738798,0.8925530416595207,0.06753526960168146,中性,中性,,False
生活区,BV1X75X6rEui,说到做到！不计成本逛离谱超市，会花多少钱？,1574484,95308,19126,6222,953,2192,高级,,高级,1,0,1,0,0,1.0,1.0,0.0,1.0,1.0,1.0,1.0,0.0,0,0,0,0,0,0,0,1,对象评价,未明确对象,未明确方面,正面,1,0.47479496075517247,0.3768891269782907,0.14831591226653676,0.47479496075517247,正面,正面,1.0,True
生活区,BV1X75X6rEui,说到做到！不计成本逛离谱超市，会花多少钱？,1574484,95308,19126,6222,953,2192,一个椰子水也要过多评价一下吗哈哈,,一个椰子水也要过多评价一下吗哈哈,1,0,8,0,0,1.0,1.0,0.0,1.0,0.125,1.0,1.0,0.0,0,0,1,0,0,0,0,1,对象评价+自身情绪,未明确对象,娱乐与趣味,正面,0,0.5010771960138085,0.21647873765207684,0.5010771960138085,0.28244406633411456,中性,正面,,False
生活区,BV1X75X6rEui,说到做到！不计成本逛离谱超市，会花多少钱？,1574484,95308,19126,6222,953,2192,c,,c,0,0,1,0,0,0.0,0.0,0.0,0.0,0.0,0.0,0.0,0.0,0,0,0,0,0,0,0,0,无明显情感,未明确对象,未明确方面,中性,0,0.7806628889011337,0.08614208874386928,0.7806628889011337,0.133195022354997,中性,中性,,False
生活区,BV1X75X6rEui,说到做到！不计成本逛离谱超市，会花多少钱？,1574484,95308,19126,6222,953,2192,看见腋毛了,,看见腋毛了,0,0,2,0,0,0.0,0.0,0.0,0.0,0.0,0.0,0.0,0.0,0,0,0,0,0,0,0,0,无明显情感,未明确对象,未明确方面,中性,-1,0.6198777139029181,0.6198777139029181,0.25517051876696983,0.12495176733011205,负面,负面,,False
生活区,BV1X75X6rEui,说到做到！不计成本逛离谱超市，会花多少钱？,1574484,95308,19126,6222,953,2192,这是在深圳的深业上城吗？,,这是在深圳的深业上城吗？,0,0,5,0,1,0.0,0.0,0.0,0.0,0.0,0.0,0.0,0.0,0,0,0,0,0,0,0,0,无明显情感,未明确对象,未明确方面,中性,-1,0.6465962484122915,0.6465962484122915,0.33922312086184964,0.014180630725858812,负面,负面,,False
生活区,BV1X75X6rEui,说到做到！不计成本逛离谱超市，会花多少钱？,1574484,95308,19126,6222,953,2192,肠胃不好吃软饭呀,,肠胃不好吃软饭呀,0,0,3,0,0,0.0,0.0,0.0,0.0,0.0,0.0,0.0,0.0,0,0,0,0,0,0,0,0,无明显情感,未明确对象,未明确方面,中性,-1,0.7391448842266398,0.7391448842266398,0.11246392393996904,0.14839119183339114,负面,负面,-1.0,True
生活区,BV1X75X6rEui,说到做到！不计成本逛离谱超市，会花多少钱？,1574484,95308,19126,6222,953,2192,我四级妙不妙,,我四级妙不妙,0,0,3,0,0,0.0,0.0,0.0,0.0,0.0,0.0,0.0,0.0,0,0,0,0,0,0,0,0,无明显情感,未明确对象,未明确方面,中性,0,0.7794837813025697,0.01778892231030892,0.7794837813025697,0.20272729638712142,中性,中性,,False
生活区,BV1X75X6rEui,说到做到！不计成本逛离谱超市，会花多少钱？,1574484,95308,19126,6222,953,2192,难吃~,,难吃,0,0,1,0,0,0.0,0.0,0.0,0.0,0.0,0.0,0.0,0.0,0,0,0,0,0,0,0,0,无明显情感,未明确对象,理解与难度,中性,-1,0.4436230781743867,0.4436230781743867,0.3770471637881881,0.17932975803742532,负面,负面,,False
生活区,BV1X75X6rEui,说到做到！不计成本逛离谱超市，会花多少钱？,1574484,95308,19126,6222,953,2192,我的工作生活妙不妙,,我的工作生活妙不妙,0,0,4,0,0,0.0,0.0,0.0,0.0,0.0,0.0,0.0,0.0,0,0,0,0,0,0,0,0,无明显情感,未明确对象,未明确方面,中性,0,0.8093908681370733,0.05240934618265928,0.8093908681370733,0.13819978568026742,中性,中性,,False
生活区,BV1X75X6rEui,说到做到！不计成本逛离谱超市，会花多少钱？,1574484,95308,19126,6222,953,2192,吕布蛋,,吕布蛋,0,0,2,0,0,0.0,0.0,0.0,0.0,0.0,0.0,0.0,0.0,0,0,0,0,0,0,0,0,无明显情感,未明确对象,未明确方面,中性,0,0.5141184930765029,0.3347969069934985,0.5141184930765029,0.15108459992999862,中性,中性,,False
生活区,BV1X75X6rEui,说到做到！不计成本逛离谱超市，会花多少钱？,1574484,95308,19126,6222,953,2192,太透明了 椰子水不对,,太透明了椰子水不对,0,0,4,0,0,0.0,0.0,0.0,0.0,0.0,0.0,0.0,0.0,0,0,0,0,0,0,0,0,无明显情感,未明确对象,未明确方面,中性,-1,0.8473983394627167,0.8473983394627167,0.11548783596772368,0.03711382456955955,负面,负面,-1.0,True
生活区,BV1X75X6rEui,说到做到！不计成本逛离谱超市，会花多少钱？,1574484,95308,19126,6222,953,2192,东星斑？,,东星斑？,0,0,3,0,1,0.0,0.0,0.0,0.0,0.0,0.0,0.0,0.0,0,0,0,0,0,0,0,0,无明显情感,未明确对象,未明确方面,中性,-1,0.479026078250102,0.479026078250102,0.47524449668251684,0.04572942506738112,负面,负面,,False
生活区,BV1X75X6rEui,说到做到！不计成本逛离谱超市，会花多少钱？,1574484,95308,19126,6222,953,2192,太硬了,,太硬了,0,0,1,0,0,0.0,0.0,0.0,0.0,0.0,0.0,0.0,0.0,0,0,0,0,0,0,0,0,无明显情感,未明确对象,未明确方面,中性,-1,0.6075886346113134,0.6075886346113134,0.26402415106991883,0.12838721431876776,负面,负面,,False
生活区,BV1X75X6rEui,说到做到！不计成本逛离谱超市，会花多少钱？,1574484,95308,19126,6222,953,2192,？？？,,？？？,0,0,3,0,3,0.0,0.0,0.0,0.0,0.0,0.0,0.0,0.0,0,0,0,0,0,0,0,0,无明显情感,未明确对象,未明确方面,中性,-1,0.7551936851238651,0.7551936851238651,0.20155826131661306,0.04324805355952186,负面,负面,,False
生活区,BV1X75X6rEui,说到做到！不计成本逛离谱超市，会花多少钱？,1574484,95308,19126,6222,953,2192,一个面坨坨也能是酥肉吗,,一个面坨坨也能是酥肉吗,0,0,6,0,0,0.0,0.0,0.0,0.0,0.0,0.0,0.0,0.0,0,0,0,0,0,0,0,0,无明显情感,未明确对象,未明确方面,中性,0,0.8755377506920323,0.08156025843777655,0.8755377506920323,0.042901990870191295,中性,中性,,False
生活区,BV1X75X6rEui,说到做到！不计成本逛离谱超市，会花多少钱？,1574484,95308,19126,6222,953,2192,这东西真不好吃吧,,这东西真不好吃吧,0,0,4,0,0,0.0,0.0,0.0,0.0,0.0,0.0,0.0,0.0,0,0,0,0,0,0,0,0,无明显情感,未明确对象,未明确方面,中性,-1,0.8047781658931016,0.8047781658931016,0.1070686828339516,0.08815315127294682,负面,负面,,False
生活区,BV1X75X6rEui,说到做到！不计成本逛离谱超市，会花多少钱？,1574484,95308,19126,6222,953,2192,中考分数妙不妙？,,中考分数妙不妙？,0,0,5,0,1,0.0,0.0,0.0,0.0,0.0,0.0,0.0,0.0,0,0,0,0,0,0,0,0,无明显情感,未明确对象,未明确方面,中性,0,0.8916302849860105,0.04026978223229957,0.8916302849860105,0.0680999327816899,中性,中性,,False
生活区,BV1X75X6rEui,说到做到！不计成本逛离谱超市，会花多少钱？,1574484,95308,19126,6222,953,2192,去店里下现场吃都别买自热的,,去店里下现场吃都别买自热的,0,0,9,0,0,0.0,0.0,0.0,0.0,0.0,0.0,0.0,0.0,0,0,0,0,0,0,0,0,无明显情感,未明确对象,未明确方面,中性,0,0.8032787742110846,0.1342557929907196,0.8032787742110846,0.062465432798195865,中性,中性,,False
生活区,BV1X75X6rEui,说到做到！不计成本逛离谱超市，会花多少钱？,1574484,95308,19126,6222,953,2192,我只知道芦笋,,我只知道芦笋,0,0,3,0,0,0.0,0.0,0.0,0.0,0.0,0.0,0.0,0.0,0,0,0,0,0,0,0,0,无明显情感,未明确对象,未明确方面,中性,0,0.6359470142995466,0.22347400295231218,0.6359470142995466,0.1405789827481413,中性,中性,0.0,True
生活区,BV1X75X6rEui,说到做到！不计成本逛离谱超市，会花多少钱？,1574484,95308,19126,6222,953,2192,我姐高考妙不妙,,我姐高考妙不妙,0,0,4,0,0,0.0,0.0,0.0,0.0,0.0,0.0,0.0,0.0,0,0,0,0,0,0,0,0,无明显情感,未明确对象,未明确方面,中性,0,0.6159773727802607,0.009242239265184428,0.6159773727802607,0.3747803879545549,中性,中性,,False
生活区,BV1X75X6rEui,说到做到！不计成本逛离谱超市，会花多少钱？,1574484,95308,19126,6222,953,2192,我姐高考,,我姐高考,0,0,2,0,0,0.0,0.0,0.0,0.0,0.0,0.0,0.0,0.0,0,0,0,0,0,0,0,0,无明显情感,未明确对象,未明确方面,中性,1,0.6127836737655377,0.018954929972215123,0.36826139626224724,0.6127836737655377,正面,正面,,False
生活区,BV1X75X6rEui,说到做到！不计成本逛离谱超市，会花多少钱？,1574484,95308,19126,6222,953,2192,我中考妙不妙？？？,,我中考妙不妙？？？,0,0,6,0,3,0.0,0.0,0.0,0.0,0.0,0.0,0.0,0.0,0,0,0,0,0,0,0,0,无明显情感,未明确对象,未明确方面,中性,0,0.5413295633741165,0.40623657365030236,0.5413295633741165,0.05243386297558098,中性,中性,,False
生活区,BV1X75X6rEui,说到做到！不计成本逛离谱超市，会花多少钱？,1574484,95308,19126,6222,953,2192,所以这是海底捞商单吗？图穷匕见,,所以这是海底捞商单吗？图穷匕见,0,0,7,0,1,0.0,0.0,0.0,0.0,0.0,0.0,0.0,0.0,0,0,0,0,0,0,0,0,无明显情感,未明确对象,未明确方面,中性,0,0.9225133952779903,0.05199587858816556,0.9225133952779903,0.025490726133844167,中性,中性,,False
生活区,BV1X75X6rEui,说到做到！不计成本逛离谱超市，会花多少钱？,1574484,95308,19126,6222,953,2192,不搞个帝王蟹说不过去啊,,不搞个帝王蟹说不过去啊,0,0,6,0,0,0.0,0.0,0.0,0.0,0.0,0.0,0.0,0.0,1,0,0,0,0,0,0,0,无明显情感,未明确对象,未明确方面,中性,-1,0.7805395442525643,0.7805395442525643,0.1851212498015125,0.034339205945923115,负面,负面,-1.0,True
生活区,BV1X75X6rEui,说到做到！不计成本逛离谱超市，会花多少钱？,1574484,95308,19126,6222,953,2192,666,,666,1,0,1,0,0,1.0,1.0,0.0,1.0,1.0,1.0,1.0,0.0,0,0,0,0,0,0,0,1,对象评价,未明确对象,未明确方面,正面,1,0.8849069947231274,0.054594119984432574,0.060498885292440074,0.8849069947231274,正面,正面,,False
生活区,BV1X75X6rEui,说到做到！不计成本逛离谱超市，会花多少钱？,1574484,95308,19126,6222,953,2192,谢谢,,谢谢,1,0,1,0,0,1.0,1.0,0.0,1.0,1.0,1.0,1.0,0.0,0,0,0,0,0,0,0,1,对象评价,未明确对象,未明确方面,正面,1,0.9053927901177906,0.04373765593671285,0.05086955394549654,0.9053927901177906,正面,正面,,False
生活区,BV1X75X6rEui,说到做到！不计成本逛离谱超市，会花多少钱？,1574484,95308,19126,6222,953,2192,man！,,man！,0,0,2,1,0,0.0,0.0,0.0,0.0,0.0,0.0,0.0,0.0,0,0,0,0,0,0,0,0,无明显情感,未明确对象,未明确方面,中性,1,0.641780810492513,0.03412673144672254,0.3240924580607644,0.641780810492513,正面,正面,,False
生活区,BV1X75X6rEui,说到做到！不计成本逛离谱超市，会花多少钱？,1574484,95308,19126,6222,953,2192,我今年有对象妙不妙？,,我今年有对象妙不妙？,0,0,6,0,1,0.0,0.0,0.0,0.0,0.0,0.0,0.0,0.0,0,0,0,0,0,0,0,0,无明显情感,未明确对象,未明确方面,中性,0,0.7788029426240443,0.11429648261233262,0.7788029426240443,0.10690057476362311,中性,中性,0.0,True
生活区,BV1X75X6rEui,说到做到！不计成本逛离谱超市，会花多少钱？,1574484,95308,19126,6222,953,2192,我2026每天能挣到一千多块钱,,我2026每天能挣到一千多块钱,0,0,6,0,0,0.0,0.0,0.0,0.0,0.0,0.0,0.0,0.0,0,0,0,0,0,0,0,0,无明显情感,未明确对象,未明确方面,中性,1,0.4640328421671999,0.11879560791347644,0.4171715499193237,0.4640328421671999,正面,正面,1.0,True
生活区,BV1X75X6rEui,说到做到！不计成本逛离谱超市，会花多少钱？,1574484,95308,19126,6222,953,2192,他自己就是个美食博主，而且对他来说五百块的鱼很贵，但是也没到那种找个大厨的地步，请大厨比这东星斑贵多了,,他自己就是个美食博主，而且对他来说五百块的鱼很贵，但是也没到那种找个大厨的地步，请大厨比这东星斑贵多了,0,0,28,0,0,0.0,0.0,0.0,0.0,0.0,0.0,0.0,0.0,1,0,0,0,0,0,0,0,无明显情感,讲解者,未明确方面,中性,-1,0.6079475116663654,0.6079475116663654,0.3362137761022256,0.055838712231409016,负面,中性,0.0,True
生活区,BV1X75X6rEui,说到做到！不计成本逛离谱超市，会花多少钱？,1574484,95308,19126,6222,953,2192,我上岸妙不妙,,我上岸妙不妙,0,0,3,0,0,0.0,0.0,0.0,0.0,0.0,0.0,0.0,0.0,0,0,0,0,0,0,0,0,无明显情感,未明确对象,未明确方面,中性,0,0.5464923390408362,0.01924948601739291,0.5464923390408362,0.43425817494177094,中性,中性,,False
生活区,BV1X75X6rEui,说到做到！不计成本逛离谱超市，会花多少钱？,1574484,95308,19126,6222,953,2192,sis,,sis,0,0,1,0,0,0.0,0.0,0.0,0.0,0.0,0.0,0.0,0.0,0,0,0,0,0,0,0,0,无明显情感,未明确对象,未明确方面,中性,0,0.6359168549358966,0.1765816992058711,0.6359168549358966,0.18750144585823225,中性,中性,,False
生活区,BV1X75X6rEui,说到做到！不计成本逛离谱超市，会花多少钱？,1574484,95308,19126,6222,953,2192,我月考进步一百名妙不妙啊？,,我月考进步一百名妙不妙啊？,1,0,7,0,1,1.0,1.0,0.0,1.0,0.14285714285714285,1.0,1.0,0.0,0,0,0,0,0,0,0,1,对象评价,未明确对象,未明确方面,正面,1,0.720540453100487,0.09402436507367916,0.1854351818258339,0.720540453100487,正面,正面,1.0,True
生活区,BV1X75X6rEui,说到做到！不计成本逛离谱超市，会花多少钱？,1574484,95308,19126,6222,953,2192,谁早餐吃牛排？？,,谁早餐吃牛排？？,0,0,6,0,2,0.0,0.0,0.0,0.0,0.0,0.0,0.0,0.0,0,0,0,0,0,0,0,0,无明显情感,未明确对象,未明确方面,中性,-1,0.5921048822021334,0.5921048822021334,0.36760506389789155,0.04029005389997494,负面,负面,,False
生活区,BV1X75X6rEui,说到做到！不计成本逛离谱超市，会花多少钱？,1574484,95308,19126,6222,953,2192,我月考成绩妙不妙？,,我月考成绩妙不妙？,0,0,6,0,1,0.0,0.0,0.0,0.0,0.0,0.0,0.0,0.0,0,0,0,0,0,0,0,0,无明显情感,未明确对象,未明确方面,中性,0,0.8709389325195503,0.05605730773135563,0.8709389325195503,0.07300375974909408,中性,中性,,False
生活区,BV1X75X6rEui,说到做到！不计成本逛离谱超市，会花多少钱？,1574484,95308,19126,6222,953,2192,$1988,,1988,0,0,1,0,0,0.0,0.0,0.0,0.0,0.0,0.0,0.0,0.0,0,0,0,0,0,0,0,0,无明显情感,未明确对象,未明确方面,中性,0,0.7502311468441684,0.08011886323803259,0.7502311468441684,0.16964998991779906,中性,中性,,False
生活区,BV1X75X6rEui,说到做到！不计成本逛离谱超市，会花多少钱？,1574484,95308,19126,6222,953,2192,69炫自助炫饱了,,69炫自助炫饱了,0,0,4,0,0,0.0,0.0,0.0,0.0,0.0,0.0,0.0,0.0,0,0,0,0,0,0,0,0,无明显情感,未明确对象,未明确方面,中性,-1,0.5861642397411783,0.5861642397411783,0.2847950573515918,0.12904070290723002,负面,负面,,False
生活区,BV1X75X6rEui,说到做到！不计成本逛离谱超市，会花多少钱？,1574484,95308,19126,6222,953,2192,我后面过的妙不妙,,我后面过的妙不妙,0,0,4,0,0,0.0,0.0,0.0,0.0,0.0,0.0,0.0,0.0,0,0,0,0,0,0,0,0,无明显情感,未明确对象,未明确方面,中性,0,0.6681617935318632,0.10245115735952261,0.6681617935318632,0.22938704910861424,中性,中性,,False
生活区,BV1X75X6rEui,说到做到！不计成本逛离谱超市，会花多少钱？,1574484,95308,19126,6222,953,2192,可以下次不点了,,可以下次不点了,1,0,3,0,0,1.0,1.0,0.0,1.0,0.3333333333333333,1.0,1.0,0.0,0,0,0,0,0,0,0,1,对象评价,未明确对象,未明确方面,正面,-1,0.4858358867110115,0.4858358867110115,0.3430659983613453,0.1710981149276432,负面,负面,-1.0,True
生活区,BV1X75X6rEui,说到做到！不计成本逛离谱超市，会花多少钱？,1574484,95308,19126,6222,953,2192,我二模考试妙不妙？,,我二模考试妙不妙？,0,0,5,0,1,0.0,0.0,0.0,0.0,0.0,0.0,0.0,0.0,0,0,0,0,0,0,0,0,无明显情感,未明确对象,未明确方面,中性,0,0.8694432882614497,0.0637670319840729,0.8694432882614497,0.06678967975447749,中性,中性,0.0,True
生活区,BV1X75X6rEui,说到做到！不计成本逛离谱超市，会花多少钱？,1574484,95308,19126,6222,953,2192,芦蒿炒臭干，超级好吃,,芦蒿炒臭干，超级好吃,0,0,5,0,0,0.0,0.0,0.0,0.0,0.0,0.0,0.0,0.0,0,0,0,0,0,0,0,0,无明显情感,未明确对象,未明确方面,中性,1,0.36763157551408676,0.3047332146219624,0.32763520986395084,0.36763157551408676,正面,正面,1.0,True
生活区,BV1X75X6rEui,说到做到！不计成本逛离谱超市，会花多少钱？,1574484,95308,19126,6222,953,2192,我一发天赏祥瑞妙不妙,,我一发天赏祥瑞妙不妙,0,0,5,0,0,0.0,0.0,0.0,0.0,0.0,0.0,0.0,0.0,0,0,0,0,0,0,0,0,无明显情感,未明确对象,未明确方面,中性,0,0.7698778788152589,0.022617079007204628,0.7698778788152589,0.20750504217753643,中性,中性,,False
生活区,BV1X75X6rEui,说到做到！不计成本逛离谱超市，会花多少钱？,1574484,95308,19126,6222,953,2192,全是广告,,全是广告,0,0,2,0,0,0.0,0.0,0.0,0.0,0.0,0.0,0.0,0.0,0,0,0,0,0,0,0,0,无明显情感,未明确对象,未明确方面,中性,0,0.7832355554535951,0.09380640148176256,0.7832355554535951,0.1229580430646424,中性,中性,,False
生活区,BV1X75X6rEui,说到做到！不计成本逛离谱超市，会花多少钱？,1574484,95308,19126,6222,953,2192,6666,,6666,1,0,1,0,0,1.0,1.0,0.0,1.0,1.0,1.0,1.0,0.0,0,0,0,0,0,0,0,1,对象评价,未明确对象,未明确方面,正面,1,0.8618770684252105,0.07429866027282307,0.06382427130196636,0.8618770684252105,正面,正面,,False
生活区,BV1X75X6rEui,说到做到！不计成本逛离谱超市，会花多少钱？,1574484,95308,19126,6222,953,2192,1111111111111111111111111111111111111111111111,,1111111111111111111111111111111111111111111111,0,0,1,0,0,0.0,0.0,0.0,0.0,0.0,0.0,0.0,0.0,0,0,0,0,0,0,0,0,无明显情感,未明确对象,未明确方面,中性,0,0.7607876315040294,0.07356052252496054,0.7607876315040294,0.16565184597100996,中性,中性,,False
生活区,BV1X75X6rEui,说到做到！不计成本逛离谱超市，会花多少钱？,1574484,95308,19126,6222,953,2192,不值70,,不值70,0,1,2,0,0,-1.0,0.0,1.0,1.0,0.5,-1.0,0.0,1.0,0,0,0,0,0,0,0,1,对象评价,未明确对象,未明确方面,负面,-1,0.8108259751673201,0.8108259751673201,0.11238730632589307,0.07678671850678682,负面,负面,-1.0,True
生活区,BV1X75X6rEui,说到做到！不计成本逛离谱超市，会花多少钱？,1574484,95308,19126,6222,953,2192,我初会四级妙不妙,,我初会四级妙不妙,0,0,4,0,0,0.0,0.0,0.0,0.0,0.0,0.0,0.0,0.0,0,0,0,0,0,0,0,0,无明显情感,未明确对象,未明确方面,中性,0,0.7776092587149116,0.018733266767774363,0.7776092587149116,0.20365747451731414,中性,中性,,False
生活区,BV1X75X6rEui,说到做到！不计成本逛离谱超市，会花多少钱？,1574484,95308,19126,6222,953,2192,广告,,广告,0,0,1,0,0,0.0,0.0,0.0,0.0,0.0,0.0,0.0,0.0,0,0,0,0,0,0,0,0,无明显情感,未明确对象,未明确方面,中性,0,0.6613337795964743,0.14035796080361848,0.6613337795964743,0.19830825959990717,中性,中性,,False
生活区,BV1X75X6rEui,说到做到！不计成本逛离谱超市，会花多少钱？,1574484,95308,19126,6222,953,2192,一顿两天白干,,一顿两天白干,0,0,3,0,0,0.0,0.0,0.0,0.0,0.0,0.0,0.0,0.0,0,0,0,0,0,0,0,0,无明显情感,未明确对象,未明确方面,中性,-1,0.4789982850228354,0.4789982850228354,0.3840424741309678,0.13695924084619676,负面,负面,,False
生活区,BV1X75X6rEui,说到做到！不计成本逛离谱超市，会花多少钱？,1574484,95308,19126,6222,953,2192,去水果店买两个椰子更好,,去水果店买两个椰子更好,0,0,6,0,0,0.0,0.0,0.0,0.0,0.0,0.0,0.0,0.0,0,0,0,0,0,0,0,0,无明显情感,未明确对象,未明确方面,中性,0,0.5563498385142484,0.30898183286301384,0.5563498385142484,0.13466832862273778,中性,中性,,False
生活区,BV1X75X6rEui,说到做到！不计成本逛离谱超市，会花多少钱？,1574484,95308,19126,6222,953,2192,6月财运妙不妙？,,6月财运妙不妙？,0,0,6,0,1,0.0,0.0,0.0,0.0,0.0,0.0,0.0,0.0,0,0,0,0,0,0,0,0,无明显情感,未明确对象,未明确方面,中性,0,0.8397298961797491,0.07893724876879822,0.8397298961797491,0.08133285505145257,中性,中性,0.0,True
生活区,BV1X75X6rEui,说到做到！不计成本逛离谱超市，会花多少钱？,1574484,95308,19126,6222,953,2192,哈哈哈哈 这就是广告吧,,哈哈哈哈这就是广告吧,1,0,3,0,0,1.0,1.0,0.0,1.0,0.3333333333333333,1.0,1.0,0.0,0,0,1,0,0,0,0,1,对象评价+自身情绪,未明确对象,娱乐与趣味,正面,1,0.7345677246209055,0.07717809605804975,0.18825417932104468,0.7345677246209055,正面,正面,,False
生活区,BV1X75X6rEui,说到做到！不计成本逛离谱超市，会花多少钱？,1574484,95308,19126,6222,953,2192,最后一餐真是不想养了,,最后一餐真是不想养了,0,0,5,0,0,0.0,0.0,0.0,0.0,0.0,0.0,0.0,0.0,0,0,0,0,0,0,0,0,无明显情感,未明确对象,未明确方面,中性,0,0.5220774061820647,0.3734936191603489,0.5220774061820647,0.1044289746575864,中性,中性,,False
生活区,BV1X75X6rEui,说到做到！不计成本逛离谱超市，会花多少钱？,1574484,95308,19126,6222,953,2192,这设计的也太差了,,这设计的也太差了,0,1,3,0,0,-1.0,0.0,1.0,1.0,0.3333333333333333,-1.0,0.0,1.0,0,0,0,0,0,0,0,1,对象评价,未明确对象,未明确方面,负面,-1,0.8635767486202334,0.8635767486202334,0.11625762800657005,0.020165623373196648,负面,负面,,False
生活区,BV1X75X6rEui,说到做到！不计成本逛离谱超市，会花多少钱？,1574484,95308,19126,6222,953,2192,要素察觉,,要素察觉,0,0,2,0,0,0.0,0.0,0.0,0.0,0.0,0.0,0.0,0.0,0,0,0,0,0,0,0,0,无明显情感,未明确对象,未明确方面,中性,0,0.6553065905941072,0.1468149965085425,0.6553065905941072,0.19787841289735017,中性,中性,,False
生活区,BV1X75X6rEui,说到做到！不计成本逛离谱超市，会花多少钱？,1574484,95308,19126,6222,953,2192,啥意思，你视频不需要女观众？行,,啥意思，你视频不需要女观众？行,0,0,9,0,1,0.0,0.0,0.0,0.0,0.0,0.0,0.0,0.0,0,0,0,0,0,0,0,0,无明显情感,视频内容,未明确方面,中性,-1,0.6114150478727132,0.6114150478727132,0.2357594647942935,0.15282548733299325,负面,负面,,False
生活区,BV1X75X6rEui,说到做到！不计成本逛离谱超市，会花多少钱？,1574484,95308,19126,6222,953,2192,但牛排这样吃不才合适中国人胃吗,,但牛排这样吃不才合适中国人胃吗,0,0,9,0,0,0.0,0.0,0.0,0.0,0.0,0.0,0.0,0.0,0,0,0,0,0,0,0,0,无明显情感,未明确对象,未明确方面,中性,-1,0.490595157785589,0.490595157785589,0.4363300607005214,0.07307478151388966,负面,负面,,False
生活区,BV1X75X6rEui,说到做到！不计成本逛离谱超市，会花多少钱？,1574484,95308,19126,6222,953,2192,他给你们歪了,,他给你们歪了,0,0,3,0,0,0.0,0.0,0.0,0.0,0.0,0.0,0.0,0.0,0,0,0,0,0,0,0,0,无明显情感,未明确对象,未明确方面,中性,0,0.5564111745690126,0.10533061598854242,0.5564111745690126,0.33825820944244517,中性,中性,,False
生活区,BV1X75X6rEui,说到做到！不计成本逛离谱超市，会花多少钱？,1574484,95308,19126,6222,953,2192,妹妹高考妙不妙,,妹妹高考妙不妙,0,0,4,0,0,0.0,0.0,0.0,0.0,0.0,0.0,0.0,0.0,0,0,0,0,0,0,0,0,无明显情感,未明确对象,未明确方面,中性,0,0.6159773727802607,0.009242239265184428,0.6159773727802607,0.3747803879545549,中性,中性,,False
生活区,BV1X75X6rEui,说到做到！不计成本逛离谱超市，会花多少钱？,1574484,95308,19126,6222,953,2192,你是一点苦也不吃呀,,你是一点苦也不吃呀,0,0,4,0,0,0.0,0.0,0.0,0.0,0.0,0.0,0.0,0.0,0,0,0,0,0,0,0,0,无明显情感,未明确对象,未明确方面,中性,0,0.5953125831321826,0.35603492118443597,0.5953125831321826,0.04865249568338152,中性,中性,,False
生活区,BV1X75X6rEui,说到做到！不计成本逛离谱超市，会花多少钱？,1574484,95308,19126,6222,953,2192,很节俭了,,很节俭了,0,0,2,0,0,0.0,0.0,0.0,0.0,0.0,0.0,0.0,0.0,0,0,0,0,0,0,0,0,无明显情感,未明确对象,未明确方面,中性,-1,0.4584697994597033,0.4584697994597033,0.31304262448800974,0.22848757605228687,负面,中性,0.0,True
生活区,BV1X75X6rEui,说到做到！不计成本逛离谱超市，会花多少钱？,1574484,95308,19126,6222,953,2192,7分熟都不止了，都快8分熟了,,7分熟都不止了，都快8分熟了,0,0,9,0,0,0.0,0.0,0.0,0.0,0.0,0.0,0.0,0.0,0,0,0,0,0,0,0,0,无明显情感,未明确对象,未明确方面,中性,-1,0.6958011278591533,0.6958011278591533,0.20828819018571598,0.09591068195513064,负面,负面,,False
生活区,BV1X75X6rEui,说到做到！不计成本逛离谱超市，会花多少钱？,1574484,95308,19126,6222,953,2192,哎，兒子,,哎，兒子,0,0,3,0,0,0.0,0.0,0.0,0.0,0.0,0.0,0.0,0.0,0,0,0,0,0,0,0,0,无明显情感,未明确对象,未明确方面,中性,0,0.511505952784711,0.21483177574033427,0.511505952784711,0.2736622714749548,中性,中性,0.0,True
生活区,BV1X75X6rEui,说到做到！不计成本逛离谱超市，会花多少钱？,1574484,95308,19126,6222,953,2192,這個很坑爹，全是廉价货,,這個很坑爹，全是廉价货,0,1,8,0,0,-1.0,0.0,1.0,1.0,0.125,-1.0,0.0,1.0,0,0,0,0,0,0,0,1,对象评价,未明确对象,未明确方面,负面,-1,0.726247240956237,0.726247240956237,0.15470484730339534,0.11904791174036759,负面,负面,-1.0,True
生活区,BV1X75X6rEui,说到做到！不计成本逛离谱超市，会花多少钱？,1574484,95308,19126,6222,953,2192,这玩意没蒜薹炒的好吃，买一送十哦，亲＾3＾,,这玩意没蒜薹炒的好吃，买一送十哦，亲3,0,0,13,0,0,0.0,0.0,0.0,0.0,0.0,0.0,0.0,0.0,0,0,0,0,0,0,0,0,无明显情感,未明确对象,未明确方面,中性,-1,0.7544631615851835,0.7544631615851835,0.16736096483426607,0.07817587358055039,负面,负面,,False
生活区,BV1X75X6rEui,说到做到！不计成本逛离谱超市，会花多少钱？,1574484,95308,19126,6222,953,2192,我接下来上班妙不妙,,我接下来上班妙不妙,0,0,4,0,0,0.0,0.0,0.0,0.0,0.0,0.0,0.0,0.0,0,0,0,0,0,0,0,0,无明显情感,未明确对象,未明确方面,中性,0,0.7776092587149116,0.018733266767774363,0.7776092587149116,0.20365747451731414,中性,中性,,False
生活区,BV1X75X6rEui,说到做到！不计成本逛离谱超市，会花多少钱？,1574484,95308,19126,6222,953,2192,部队会餐自热食品…也就是这样…甚至更大…直接一箱,,部队会餐自热食品也就是这样甚至更大直接一箱,0,0,11,0,0,0.0,0.0,0.0,0.0,0.0,0.0,0.0,0.0,0,0,0,0,0,0,0,0,无明显情感,未明确对象,未明确方面,中性,0,0.6578826049101211,0.2188032312282691,0.6578826049101211,0.12331416386160969,中性,中性,0.0,True
生活区,BV1X75X6rEui,说到做到！不计成本逛离谱超市，会花多少钱？,1574484,95308,19126,6222,953,2192,太老了,,太老了,0,0,1,0,0,0.0,0.0,0.0,0.0,0.0,0.0,0.0,0.0,0,0,0,0,0,0,0,0,无明显情感,未明确对象,未明确方面,中性,-1,0.6075886346113134,0.6075886346113134,0.26402415106991883,0.12838721431876776,负面,负面,,False
生活区,BV1X75X6rEui,说到做到！不计成本逛离谱超市，会花多少钱？,1574484,95308,19126,6222,953,2192,我们武汉叫黎蒿,,我们武汉叫黎蒿,0,0,3,0,0,0.0,0.0,0.0,0.0,0.0,0.0,0.0,0.0,0,0,0,0,0,0,0,0,无明显情感,未明确对象,未明确方面,中性,0,0.466320908285277,0.13115373712646083,0.466320908285277,0.40252535458826216,中性,中性,,False
生活区,BV1X75X6rEui,说到做到！不计成本逛离谱超市，会花多少钱？,1574484,95308,19126,6222,953,2192,早餐吃出了高雅的气息,,早餐吃出了高雅的气息,0,0,5,0,0,0.0,0.0,0.0,0.0,0.0,0.0,0.0,0.0,0,0,0,0,0,0,0,0,无明显情感,未明确对象,未明确方面,中性,0,0.7662264992972445,0.18514345602643212,0.7662264992972445,0.04863004467632337,中性,中性,,False
生活区,BV1X75X6rEui,说到做到！不计成本逛离谱超市，会花多少钱？,1574484,95308,19126,6222,953,2192,湖北藜蒿也很好吃,,湖北藜蒿也很好吃,1,0,6,0,0,1.0,1.0,0.0,1.0,0.16666666666666666,1.0,1.0,0.0,0,0,0,0,0,0,0,1,对象评价,未明确对象,未明确方面,正面,1,0.7338610342653429,0.15903196866492725,0.1071069970697299,0.7338610342653429,正面,正面,1.0,True
生活区,BV1X75X6rEui,说到做到！不计成本逛离谱超市，会花多少钱？,1574484,95308,19126,6222,953,2192,藜蒿吧,,藜蒿吧,0,0,2,0,0,0.0,0.0,0.0,0.0,0.0,0.0,0.0,0.0,0,0,0,0,0,0,0,0,无明显情感,未明确对象,未明确方面,中性,0,0.52276822163271,0.32438863520549466,0.52276822163271,0.15284314316179531,中性,中性,,False
生活区,BV1X75X6rEui,说到做到！不计成本逛离谱超市，会花多少钱？,1574484,95308,19126,6222,953,2192,甜的辣椒,,甜的辣椒,0,0,2,0,0,0.0,0.0,0.0,0.0,0.0,0.0,0.0,0.0,0,0,0,0,0,0,0,0,无明显情感,未明确对象,未明确方面,中性,0,0.7583902034141079,0.13238497364121407,0.7583902034141079,0.10922482294467815,中性,中性,,False
生活区,BV1X75X6rEui,说到做到！不计成本逛离谱超市，会花多少钱？,1574484,95308,19126,6222,953,2192,这次二建市政考试妙不妙,,这次二建市政考试妙不妙,0,0,6,0,0,0.0,0.0,0.0,0.0,0.0,0.0,0.0,0.0,0,0,0,0,0,0,0,0,无明显情感,未明确对象,未明确方面,中性,0,0.8042421823558591,0.037796434143067416,0.8042421823558591,0.15796138350107355,中性,中性,,False
生活区,BV1X75X6rEui,说到做到！不计成本逛离谱超市，会花多少钱？,1574484,95308,19126,6222,953,2192,我中考妙不妙,,我中考妙不妙,0,0,3,0,0,0.0,0.0,0.0,0.0,0.0,0.0,0.0,0.0,0,0,0,0,0,0,0,0,无明显情感,未明确对象,未明确方面,中性,0,0.7794837813025697,0.01778892231030892,0.7794837813025697,0.20272729638712142,中性,中性,,False
生活区,BV1X75X6rEui,说到做到！不计成本逛离谱超市，会花多少钱？,1574484,95308,19126,6222,953,2192,我农历下半年的几场重要的考试妙不妙,,我农历下半年的几场重要的考试妙不妙,0,0,7,0,0,0.0,0.0,0.0,0.0,0.0,0.0,0.0,0.0,0,0,0,0,0,0,0,0,无明显情感,未明确对象,未明确方面,中性,0,0.8338294531326169,0.05217250395118351,0.8338294531326169,0.11399804291619958,中性,中性,0.0,True
生活区,BV1X75X6rEui,说到做到！不计成本逛离谱超市，会花多少钱？,1574484,95308,19126,6222,953,2192,我找工作妙不妙,,我找工作妙不妙,0,0,4,0,0,0.0,0.0,0.0,0.0,0.0,0.0,0.0,0.0,0,0,0,0,0,0,0,0,无明显情感,未明确对象,未明确方面,中性,0,0.8431336343840475,0.06950548648338568,0.8431336343840475,0.08736087913256664,中性,中性,0.0,True
生活区,BV1X75X6rEui,说到做到！不计成本逛离谱超市，会花多少钱？,1574484,95308,19126,6222,953,2192,我找实习妙不妙,,我找实习妙不妙,0,0,4,0,0,0.0,0.0,0.0,0.0,0.0,0.0,0.0,0.0,0,0,0,0,0,0,0,0,无明显情感,未明确对象,未明确方面,中性,0,0.7985255784962818,0.027663049754351868,0.7985255784962818,0.1738113717493663,中性,中性,,False
生活区,BV1X75X6rEui,说到做到！不计成本逛离谱超市，会花多少钱？,1574484,95308,19126,6222,953,2192,我的考试结果妙不妙,,我的考试结果妙不妙,0,0,4,0,0,0.0,0.0,0.0,0.0,0.0,0.0,0.0,0.0,0,0,0,0,0,0,0,0,无明显情感,未明确对象,未明确方面,中性,0,0.8697741676282559,0.036181908594650564,0.8697741676282559,0.09404392377709359,中性,中性,0.0,True
生活区,BV1X75X6rEui,说到做到！不计成本逛离谱超市，会花多少钱？,1574484,95308,19126,6222,953,2192,你尿酸高不高,,你尿酸高不高,0,0,2,0,0,0.0,0.0,0.0,0.0,0.0,0.0,0.0,0.0,0,0,0,0,0,0,0,0,无明显情感,未明确对象,未明确方面,中性,0,0.6689895123169092,0.18811583025076886,0.6689895123169092,0.14289465743232185,中性,中性,,False
生活区,BV1X75X6rEui,说到做到！不计成本逛离谱超市，会花多少钱？,1574484,95308,19126,6222,953,2192,痛风不,,痛风不,0,0,2,0,0,0.0,0.0,0.0,0.0,0.0,0.0,0.0,0.0,0,0,0,0,0,0,0,0,无明显情感,未明确对象,未明确方面,中性,-1,0.6283187268861619,0.6283187268861619,0.33560977026694405,0.036071502846894095,负面,负面,,False
生活区,BV1X75X6rEui,说到做到！不计成本逛离谱超市，会花多少钱？,1574484,95308,19126,6222,953,2192,我5月月考成绩妙不妙？,,我5月月考成绩妙不妙？,0,0,8,0,1,0.0,0.0,0.0,0.0,0.0,0.0,0.0,0.0,0,0,0,0,0,0,0,0,无明显情感,未明确对象,未明确方面,中性,0,0.8708493622739442,0.06306950901113804,0.8708493622739442,0.0660811287149179,中性,中性,0.0,True
生活区,BV1X75X6rEui,说到做到！不计成本逛离谱超市，会花多少钱？,1574484,95308,19126,6222,953,2192,不如我30块钱的麻辣烫,,不如我30块钱的麻辣烫,0,0,4,0,0,0.0,0.0,0.0,0.0,0.0,0.0,0.0,0.0,0,0,0,0,0,0,0,0,无明显情感,未明确对象,未明确方面,中性,-1,0.5006854195694935,0.5006854195694935,0.3970470969788253,0.1022674834516811,负面,负面,,False
生活区,BV1X75X6rEui,说到做到！不计成本逛离谱超市，会花多少钱？,1574484,95308,19126,6222,953,2192,下面也加了水吗？真bu ji cheng ben,,下面也加了水吗？真bujichengben,0,0,7,0,1,0.0,0.0,0.0,0.0,0.0,0.0,0.0,0.0,0,0,0,0,0,0,0,0,无明显情感,未明确对象,未明确方面,中性,-1,0.6048068420069383,0.6048068420069383,0.35375636234331864,0.041436795649743036,负面,负面,,False
生活区,BV1X75X6rEui,说到做到！不计成本逛离谱超市，会花多少钱？,1574484,95308,19126,6222,953,2192,人家超市里卖这个东西还不允许买了？那其他几样东西就不是广子了？智力有点问题吧,,人家超市里卖这个东西还不允许买了？那其他几样东西就不是广子了？智力有点问题吧,0,1,20,0,2,-0.8,0.0,0.8,0.8,0.05,-0.8,0.0,0.8,0,0,0,0,0,0,0,1,对象评价,未明确对象,未明确方面,负面,-1,0.9839820297805237,0.9839820297805237,0.015494829119970866,0.0005231410995053202,负面,负面,,False
生活区,BV1X75X6rEui,说到做到！不计成本逛离谱超市，会花多少钱？,1574484,95308,19126,6222,953,2192,那不就是个国产蛋嘛，又不是进口的,,那不就是个国产蛋嘛，又不是进口的,0,0,9,0,0,0.0,0.0,0.0,0.0,0.0,0.0,0.0,0.0,0,0,0,0,0,0,0,0,无明显情感,未明确对象,未明确方面,中性,-1,0.6805812458974464,0.6805812458974464,0.29886962446782517,0.020549129634728363,负面,负面,,False
生活区,BV1X75X6rEui,说到做到！不计成本逛离谱超市，会花多少钱？,1574484,95308,19126,6222,953,2192,4~6个人有没可能是女生,,46个人有没可能是女生,0,0,6,0,0,0.0,0.0,0.0,0.0,0.0,0.0,0.0,0.0,0,0,0,0,0,0,0,0,无明显情感,未明确对象,未明确方面,中性,-1,0.6582068279793749,0.6582068279793749,0.2839809867314842,0.05781218528914091,负面,负面,,False
生活区,BV1X75X6rEui,说到做到！不计成本逛离谱超市，会花多少钱？,1574484,95308,19126,6222,953,2192,吃过 不如鳜鱼好吃,,吃过不如鳜鱼好吃,0,0,5,0,0,0.0,0.0,0.0,0.0,0.0,0.0,0.0,0.0,0,0,0,0,0,0,0,0,无明显情感,未明确对象,未明确方面,中性,-1,0.7080015457348552,0.7080015457348552,0.14070563801459346,0.1512928162505512,负面,负面,,False
生活区,BV1X75X6rEui,说到做到！不计成本逛离谱超市，会花多少钱？,1574484,95308,19126,6222,953,2192,这不是黎蒿嘛？？？,,这不是黎蒿嘛？？？,0,0,6,0,3,0.0,0.0,0.0,0.0,0.0,0.0,0.0,0.0,0,0,0,0,0,0,0,0,无明显情感,未明确对象,未明确方面,中性,-1,0.8661048251292063,0.8661048251292063,0.11974322530902111,0.01415194956177249,负面,负面,,False
生活区,BV1X75X6rEui,说到做到！不计成本逛离谱超市，会花多少钱？,1574484,95308,19126,6222,953,2192,弹幕不要看啥都是广告。。。,,弹幕不要看啥都是广告。。。,0,0,9,0,0,0.0,0.0,0.0,0.0,0.0,0.0,0.0,0.0,0,0,0,0,0,0,0,0,无明显情感,未明确对象,未明确方面,中性,-1,0.7517974888828696,0.7517974888828696,0.19090566303913326,0.05729684807799705,负面,负面,,False
生活区,BV1X75X6rEui,说到做到！不计成本逛离谱超市，会花多少钱？,1574484,95308,19126,6222,953,2192,100个人吃都行，又没说让你吃饱,,100个人吃都行，又没说让你吃饱,0,0,10,0,0,0.0,0.0,0.0,0.0,0.0,0.0,0.0,0.0,0,0,0,0,0,0,0,0,无明显情感,未明确对象,未明确方面,中性,-1,0.5671085536786995,0.5671085536786995,0.37657258408260347,0.05631886223869708,负面,负面,,False
生活区,BV1X75X6rEui,说到做到！不计成本逛离谱超市，会花多少钱？,1574484,95308,19126,6222,953,2192,明明是藜蒿,,明明是藜蒿,0,0,3,0,0,0.0,0.0,0.0,0.0,0.0,0.0,0.0,0.0,0,0,0,0,0,0,0,0,无明显情感,未明确对象,未明确方面,中性,0,0.5079270373702052,0.34277009452542,0.5079270373702052,0.14930286810437488,中性,中性,,False
生活区,BV1X75X6rEui,说到做到！不计成本逛离谱超市，会花多少钱？,1574484,95308,19126,6222,953,2192,这两个人都吃不饱吧,,这两个人都吃不饱吧,0,0,4,0,0,0.0,0.0,0.0,0.0,0.0,0.0,0.0,0.0,0,0,0,0,0,0,0,0,无明显情感,未明确对象,未明确方面,中性,0,0.8125725392032201,0.11131830715698958,0.8125725392032201,0.0761091536397902,中性,中性,,False
生活区,BV1X75X6rEui,说到做到！不计成本逛离谱超市，会花多少钱？,1574484,95308,19126,6222,953,2192,批判性的吃,,批判性的吃,0,0,2,0,0,0.0,0.0,0.0,0.0,0.0,0.0,0.0,0.0,0,0,0,0,0,0,0,0,无明显情感,未明确对象,未明确方面,中性,0,0.835868666993451,0.09901536198164393,0.835868666993451,0.06511597102490502,中性,中性,,False
生活区,BV1X75X6rEui,说到做到！不计成本逛离谱超市，会花多少钱？,1574484,95308,19126,6222,953,2192,我腾讯offer妙不妙？,,我腾讯offer妙不妙？,0,0,5,0,1,0.0,0.0,0.0,0.0,0.0,0.0,0.0,0.0,0,0,0,0,0,0,0,0,无明显情感,未明确对象,未明确方面,中性,0,0.890155409890215,0.04201858709215206,0.890155409890215,0.067826003017633,中性,中性,,False
生活区,BV1X75X6rEui,说到做到！不计成本逛离谱超市，会花多少钱？,1574484,95308,19126,6222,953,2192,你赞没了,,你赞没了,0,0,2,0,0,0.0,0.0,0.0,0.0,0.0,0.0,0.0,0.0,0,0,0,0,0,0,0,0,无明显情感,未明确对象,未明确方面,中性,-1,0.6427282249099404,0.6427282249099404,0.30830821806094844,0.04896355702911112,负面,正面,,False
生活区,BV1X75X6rEui,说到做到！不计成本逛离谱超市，会花多少钱？,1574484,95308,19126,6222,953,2192,别说了,,别说了,0,0,1,0,0,0.0,0.0,0.0,0.0,0.0,0.0,0.0,0.0,0,0,0,0,0,0,0,0,无明显情感,未明确对象,未明确方面,中性,-1,0.6075886346113134,0.6075886346113134,0.26402415106991883,0.12838721431876776,负面,负面,,False
生活区,BV1X75X6rEui,说到做到！不计成本逛离谱超市，会花多少钱？,1574484,95308,19126,6222,953,2192,？？,,？？,0,0,2,0,2,0.0,0.0,0.0,0.0,0.0,0.0,0.0,0.0,0,0,0,0,0,0,0,0,无明显情感,未明确对象,未明确方面,中性,-1,0.49737458286261016,0.49737458286261016,0.4091017707476124,0.09352364638977746,负面,负面,,False
生活区,BV1X75X6rEui,说到做到！不计成本逛离谱超市，会花多少钱？,1574484,95308,19126,6222,953,2192,哪有那么好的事,,哪有那么好的事,0,0,4,0,0,0.0,0.0,0.0,0.0,0.0,0.0,0.0,0.0,0,0,0,0,0,0,0,0,无明显情感,未明确对象,未明确方面,中性,-1,0.7105464981901772,0.7105464981901772,0.12881481221508134,0.16063868959474148,负面,负面,-1.0,True
生活区,BV1X75X6rEui,说到做到！不计成本逛离谱超市，会花多少钱？,1574484,95308,19126,6222,953,2192,欢迎来到化学世界,,欢迎来到化学世界,0,0,4,0,0,0.0,0.0,0.0,0.0,0.0,0.0,0.0,0.0,0,0,0,0,0,0,0,0,无明显情感,未明确对象,未明确方面,中性,0,0.64272756377712,0.16046188428263725,0.64272756377712,0.19681055194024275,中性,中性,,False
生活区,BV1X75X6rEui,说到做到！不计成本逛离谱超市，会花多少钱？,1574484,95308,19126,6222,953,2192,你点个拼好饭不行么？,,你点个拼好饭不行么？,0,1,6,0,1,-1.0,0.0,1.0,1.0,0.16666666666666666,-1.0,0.0,1.0,0,0,0,0,0,0,0,1,对象评价,未明确对象,未明确方面,负面,-1,0.6971091044414637,0.6971091044414637,0.2619422766349231,0.040948618923613234,负面,负面,,False
生活区,BV1X75X6rEui,说到做到！不计成本逛离谱超市，会花多少钱？,1574484,95308,19126,6222,953,2192,我下一份工作妙不妙啊？,,我下一份工作妙不妙啊？,0,0,6,0,1,0.0,0.0,0.0,0.0,0.0,0.0,0.0,0.0,0,0,0,0,0,0,0,0,无明显情感,未明确对象,未明确方面,中性,0,0.7839203125701678,0.1281522487643609,0.7839203125701678,0.08792743866547116,中性,中性,0.0,True
生活区,BV1X75X6rEui,说到做到！不计成本逛离谱超市，会花多少钱？,1574484,95308,19126,6222,953,2192,我留在泉州五中桥南校区教书工作妙不妙,,我留在泉州五中桥南校区教书工作妙不妙,0,0,9,0,0,0.0,0.0,0.0,0.0,0.0,0.0,0.0,0.0,0,0,0,0,0,0,0,0,无明显情感,未明确对象,未明确方面,中性,0,0.8481179419414123,0.05320151574242834,0.8481179419414123,0.0986805423161594,中性,中性,,False
生活区,BV1X75X6rEui,说到做到！不计成本逛离谱超市，会花多少钱？,1574484,95308,19126,6222,953,2192,3,,3,0,0,1,0,0,0.0,0.0,0.0,0.0,0.0,0.0,0.0,0.0,0,0,0,0,0,0,0,0,无明显情感,未明确对象,未明确方面,中性,0,0.6656212885570424,0.15994592861148726,0.6656212885570424,0.1744327828314704,中性,中性,,False
生活区,BV1X75X6rEui,说到做到！不计成本逛离谱超市，会花多少钱？,1574484,95308,19126,6222,953,2192,太薄了不过瘾,,太薄了不过瘾,0,0,3,0,0,0.0,0.0,0.0,0.0,0.0,0.0,0.0,0.0,1,0,0,0,0,0,0,0,无明显情感,未明确对象,未明确方面,中性,-1,0.8707671453649882,0.8707671453649882,0.11521519614198106,0.014017658493030818,负面,负面,,False
生活区,BV1X75X6rEui,说到做到！不计成本逛离谱超市，会花多少钱？,1574484,95308,19126,6222,953,2192,三菜一汤都没有，还什么不计成本。,,三菜一汤都没有，还什么不计成本。,0,0,9,0,0,0.0,0.0,0.0,0.0,0.0,0.0,0.0,0.0,0,0,0,0,0,0,0,0,无明显情感,未明确对象,未明确方面,中性,-1,0.8918229548199694,0.8918229548199694,0.09053084500274364,0.017646200177286724,负面,负面,,False
生活区,BV1X75X6rEui,说到做到！不计成本逛离谱超市，会花多少钱？,1574484,95308,19126,6222,953,2192,这就是所谓的清淡一点？打广告就好好打,,这就是所谓的清淡一点？打广告就好好打,0,0,9,0,1,0.0,0.0,0.0,0.0,0.0,0.0,0.0,0.0,0,0,0,0,0,0,0,0,无明显情感,未明确对象,未明确方面,中性,-1,0.8393207627297308,0.8393207627297308,0.14088212398163177,0.019797113288637477,负面,负面,,False
生活区,BV1X75X6rEui,说到做到！不计成本逛离谱超市，会花多少钱？,1574484,95308,19126,6222,953,2192,用筷子吃牛排那很时尚了,,用筷子吃牛排那很时尚了,0,0,6,0,0,0.0,0.0,0.0,0.0,0.0,0.0,0.0,0.0,0,0,0,0,0,0,0,0,无明显情感,未明确对象,未明确方面,中性,0,0.6969303641990744,0.18592280093658256,0.6969303641990744,0.11714683486434309,中性,中性,,False
生活区,BV1X75X6rEui,说到做到！不计成本逛离谱超市，会花多少钱？,1574484,95308,19126,6222,953,2192,.....这芦蒿也太粗了,,.....这芦蒿也太粗了,0,0,5,0,0,0.0,0.0,0.0,0.0,0.0,0.0,0.0,0.0,0,0,0,0,0,0,0,0,无明显情感,未明确对象,未明确方面,中性,-1,0.7357026645719634,0.7357026645719634,0.1770888565746211,0.08720847885341537,负面,负面,-1.0,True
生活区,BV1X75X6rEui,说到做到！不计成本逛离谱超市，会花多少钱？,1574484,95308,19126,6222,953,2192,B,,B,0,0,1,0,0,0.0,0.0,0.0,0.0,0.0,0.0,0.0,0.0,0,0,0,0,0,0,0,0,无明显情感,未明确对象,未明确方面,中性,0,0.5553961307170278,0.1067535238420596,0.5553961307170278,0.3378503454409127,中性,中性,,False
生活区,BV1X75X6rEui,说到做到！不计成本逛离谱超市，会花多少钱？,1574484,95308,19126,6222,953,2192,我今年财运妙不妙,,我今年财运妙不妙,0,0,4,0,0,0.0,0.0,0.0,0.0,0.0,0.0,0.0,0.0,0,0,0,0,0,0,0,0,无明显情感,未明确对象,未明确方面,中性,0,0.6360718637671455,0.02378082711260774,0.6360718637671455,0.34014730912024665,中性,中性,,False
生活区,BV1X75X6rEui,说到做到！不计成本逛离谱超市，会花多少钱？,1574484,95308,19126,6222,953,2192,感觉黑的像脏东西,,感觉黑的像脏东西,0,0,4,0,0,0.0,0.0,0.0,0.0,0.0,0.0,0.0,0.0,0,0,0,0,0,0,0,0,无明显情感,未明确对象,未明确方面,中性,-1,0.7669230905795527,0.7669230905795527,0.14810781199669457,0.0849690974237527,负面,负面,-1.0,True
生活区,BV1X75X6rEui,说到做到！不计成本逛离谱超市，会花多少钱？,1574484,95308,19126,6222,953,2192,这牛排 1.5cm都不到 太捞了,,这牛排1.5cm都不到太捞了,0,0,6,0,0,0.0,0.0,0.0,0.0,0.0,0.0,0.0,0.0,0,0,0,0,0,0,0,0,无明显情感,未明确对象,未明确方面,中性,0,0.6856214506764255,0.1924357018978642,0.6856214506764255,0.1219428474257102,中性,中性,,False
生活区,BV1X75X6rEui,说到做到！不计成本逛离谱超市，会花多少钱？,1574484,95308,19126,6222,953,2192,？？这M6？有点唠说实话,,？？这M6？有点唠说实话,0,0,6,0,3,0.0,0.0,0.0,0.0,0.0,0.0,0.0,0.0,0,0,0,0,0,0,0,0,无明显情感,未明确对象,未明确方面,中性,-1,0.7999083959703588,0.7999083959703588,0.18561318841305208,0.014478415616589123,负面,负面,,False
生活区,BV1X75X6rEui,说到做到！不计成本逛离谱超市，会花多少钱？,1574484,95308,19126,6222,953,2192,就差个意*利了,,就差个意利了,0,0,3,0,0,0.0,0.0,0.0,0.0,0.0,0.0,0.0,0.0,0,0,0,0,0,0,0,0,无明显情感,未明确对象,未明确方面,中性,-1,0.6157737198517131,0.6157737198517131,0.23391964079861335,0.15030663934967353,负面,负面,,False
生活区,BV1X75X6rEui,说到做到！不计成本逛离谱超市，会花多少钱？,1574484,95308,19126,6222,953,2192,我吃的很少我都觉得最多3人吃了,,我吃的很少我都觉得最多3人吃了,0,0,8,0,0,0.0,0.0,0.0,0.0,0.0,0.0,0.0,0.0,0,0,0,0,0,0,0,0,无明显情感,未明确对象,未明确方面,中性,0,0.6424871926870152,0.2571914639574947,0.6424871926870152,0.10032134335549031,中性,中性,0.0,True
生活区,BV1X75X6rEui,说到做到！不计成本逛离谱超市，会花多少钱？,1574484,95308,19126,6222,953,2192,都东西怎么做到SD90玩关注的,,都东西怎么做到SD90玩关注的,1,0,7,0,0,1.0,1.0,0.0,1.0,0.14285714285714285,1.0,1.0,0.0,0,0,0,0,0,0,0,1,对象评价,未明确对象,未明确方面,正面,0,0.5626053469921132,0.11715768391044784,0.5626053469921132,0.32023696909743893,中性,中性,0.0,True
生活区,BV1X75X6rEui,说到做到！不计成本逛离谱超市，会花多少钱？,1574484,95308,19126,6222,953,2192,一人份,,一人份,0,0,1,0,0,0.0,0.0,0.0,0.0,0.0,0.0,0.0,0.0,0,0,0,0,0,0,0,0,无明显情感,未明确对象,未明确方面,中性,0,0.6613337795964743,0.14035796080361848,0.6613337795964743,0.19830825959990717,中性,中性,,False
生活区,BV1X75X6rEui,说到做到！不计成本逛离谱超市，会花多少钱？,1574484,95308,19126,6222,953,2192,我竞赛妙不妙,,我竞赛妙不妙,0,0,3,0,0,0.0,0.0,0.0,0.0,0.0,0.0,0.0,0.0,0,0,0,0,0,0,0,0,无明显情感,未明确对象,未明确方面,中性,0,0.7794837813025697,0.01778892231030892,0.7794837813025697,0.20272729638712142,中性,中性,,False
生活区,BV1X75X6rEui,说到做到！不计成本逛离谱超市，会花多少钱？,1574484,95308,19126,6222,953,2192,无语,,无语,0,1,2,0,0,-1.0,0.0,1.0,1.0,0.5,-1.0,0.0,1.0,0,0,1,0,0,0,0,1,对象评价+自身情绪,未明确对象,未明确方面,负面,0,0.513806041137265,0.3392637710157897,0.513806041137265,0.1469301878469452,中性,负面,,False
生活区,BV1X75X6rEui,说到做到！不计成本逛离谱超市，会花多少钱？,1574484,95308,19126,6222,953,2192,就这,,就这,0,0,1,0,0,0.0,0.0,0.0,0.0,0.0,0.0,0.0,0.0,0,0,0,0,0,0,0,0,无明显情感,未明确对象,未明确方面,中性,-1,0.5677055975740332,0.5677055975740332,0.3039967007605683,0.12829770166539847,负面,负面,-1.0,True
生活区,BV1X75X6rEui,说到做到！不计成本逛离谱超市，会花多少钱？,1574484,95308,19126,6222,953,2192,以你的实力这个日常都看不上吧,,以你的实力这个日常都看不上吧,0,0,6,0,0,0.0,0.0,0.0,0.0,0.0,0.0,0.0,0.0,0,0,0,0,0,0,0,0,无明显情感,未明确对象,未明确方面,中性,0,0.5212736764355694,0.3171227108467845,0.5212736764355694,0.16160361271764603,中性,中性,,False
生活区,BV1X75X6rEui,说到做到！不计成本逛离谱超市，会花多少钱？,1574484,95308,19126,6222,953,2192,这70块我不如吃只烧鸡,,这70块我不如吃只烧鸡,0,0,6,0,0,0.0,0.0,0.0,0.0,0.0,0.0,0.0,0.0,0,0,0,0,0,0,0,0,无明显情感,未明确对象,未明确方面,中性,-1,0.9143310103818411,0.9143310103818411,0.05935779793773741,0.02631119168042159,负面,负面,-1.0,True
生活区,BV1X75X6rEui,说到做到！不计成本逛离谱超市，会花多少钱？,1574484,95308,19126,6222,953,2192,我崩铁抽卡妙不妙,,我崩铁抽卡妙不妙,0,0,3,0,0,0.0,0.0,0.0,0.0,0.0,0.0,0.0,0.0,0,0,0,0,0,0,0,0,无明显情感,未明确对象,未明确方面,中性,0,0.8389448321847409,0.023723136268897185,0.8389448321847409,0.13733203154636192,中性,中性,,False
生活区,BV1X75X6rEui,说到做到！不计成本逛离谱超市，会花多少钱？,1574484,95308,19126,6222,953,2192,小卢！,,小卢！,0,0,2,1,0,0.0,0.0,0.0,0.0,0.0,0.0,0.0,0.0,0,0,0,0,0,0,0,0,无明显情感,未明确对象,未明确方面,中性,1,0.641780810492513,0.03412673144672254,0.3240924580607644,0.641780810492513,正面,正面,,False
生活区,BV1X75X6rEui,说到做到！不计成本逛离谱超市，会花多少钱？,1574484,95308,19126,6222,953,2192,UP他说 他不要点赞10万,,UP他说他不要点赞10万,1,0,6,0,0,1.0,1.0,0.0,1.0,0.16666666666666666,1.0,1.0,0.0,0,0,0,0,0,0,0,1,对象评价,讲解者,未明确方面,正面,1,0.7721840597723574,0.13354735884992316,0.09426858137771946,0.7721840597723574,正面,正面,,False
生活区,BV1X75X6rEui,说到做到！不计成本逛离谱超市，会花多少钱？,1574484,95308,19126,6222,953,2192,我的科目三考试妙不妙,,我的科目三考试妙不妙,0,0,5,0,0,0.0,0.0,0.0,0.0,0.0,0.0,0.0,0.0,0,0,0,0,0,0,0,0,无明显情感,未明确对象,未明确方面,中性,0,0.8590021402557757,0.033696391106203934,0.8590021402557757,0.1073014686380203,中性,中性,0.0,True
生活区,BV1X75X6rEui,说到做到！不计成本逛离谱超市，会花多少钱？,1574484,95308,19126,6222,953,2192,东星斑就是很好吃，就是太贵了,,东星斑就是很好吃，就是太贵了,1,1,8,0,0,0.0,1.0,1.0,0.0,0.25,0.0,1.0,1.0,0,1,0,0,0,0,0,1,对象评价,未明确对象,未明确方面,混合,0,0.48726918410016196,0.229913852380176,0.48726918410016196,0.28281696351966207,中性,中性,0.0,True
生活区,BV1X75X6rEui,说到做到！不计成本逛离谱超市，会花多少钱？,1574484,95308,19126,6222,953,2192,芦蒿这么多人没吃过么，南京这边吃的挺多的,,芦蒿这么多人没吃过么，南京这边吃的挺多的,0,0,11,0,0,0.0,0.0,0.0,0.0,0.0,0.0,0.0,0.0,0,0,0,0,0,0,0,0,无明显情感,未明确对象,未明确方面,中性,0,0.7082856065674441,0.13405344354032342,0.7082856065674441,0.15766094989223245,中性,中性,0.0,True
生活区,BV1X75X6rEui,说到做到！不计成本逛离谱超市，会花多少钱？,1574484,95308,19126,6222,953,2192,《五蚂蚁》,,五蚂蚁,0,0,2,0,0,0.0,0.0,0.0,0.0,0.0,0.0,0.0,0.0,0,0,0,0,0,0,0,0,无明显情感,未明确对象,未明确方面,中性,0,0.6553065905941072,0.1468149965085425,0.6553065905941072,0.19787841289735017,中性,中性,,False
生活区,BV1X75X6rEui,说到做到！不计成本逛离谱超市，会花多少钱？,1574484,95308,19126,6222,953,2192,《不劳而获》,,不劳而获,0,0,1,0,0,0.0,0.0,0.0,0.0,0.0,0.0,0.0,0.0,0,0,0,0,0,0,0,0,无明显情感,未明确对象,未明确方面,中性,0,0.6613337795964743,0.14035796080361848,0.6613337795964743,0.19830825959990717,中性,中性,,False
生活区,BV1X75X6rEui,说到做到！不计成本逛离谱超市，会花多少钱？,1574484,95308,19126,6222,953,2192,藜蒿,,藜蒿,0,0,2,0,0,0.0,0.0,0.0,0.0,0.0,0.0,0.0,0.0,0,0,0,0,0,0,0,0,无明显情感,未明确对象,未明确方面,中性,0,0.4948272653763467,0.3113401068281729,0.4948272653763467,0.1938326277954805,中性,中性,,False
生活区,BV1X75X6rEui,说到做到！不计成本逛离谱超市，会花多少钱？,1574484,95308,19126,6222,953,2192,我的高考妙不妙,,我的高考妙不妙,0,0,3,0,0,0.0,0.0,0.0,0.0,0.0,0.0,0.0,0.0,0,0,0,0,0,0,0,0,无明显情感,未明确对象,未明确方面,中性,0,0.7486024426688719,0.01342121486686176,0.7486024426688719,0.2379763424642665,中性,中性,,False
生活区,BV1X75X6rEui,说到做到！不计成本逛离谱超市，会花多少钱？,1574484,95308,19126,6222,953,2192,70块四个人吃猪脚饭不香吗,,70块四个人吃猪脚饭不香吗,0,0,7,0,0,0.0,0.0,0.0,0.0,0.0,0.0,0.0,0.0,0,0,0,0,0,0,0,0,无明显情感,未明确对象,未明确方面,中性,0,0.7604123456260936,0.1908753332533956,0.7604123456260936,0.0487123211205108,中性,中性,,False
生活区,BV1X75X6rEui,说到做到！不计成本逛离谱超市，会花多少钱？,1574484,95308,19126,6222,953,2192,没有调味料？有味道吗,,没有调味料？有味道吗,0,0,5,0,1,0.0,0.0,0.0,0.0,0.0,0.0,0.0,0.0,0,0,0,0,0,0,0,0,无明显情感,未明确对象,未明确方面,中性,-1,0.9277076555762619,0.9277076555762619,0.0661742892673467,0.006118055156391372,负面,负面,,False
生活区,BV1X75X6rEui,说到做到！不计成本逛离谱超市，会花多少钱？,1574484,95308,19126,6222,953,2192,好一个简单,,好一个简单,1,0,2,0,0,1.0,1.0,0.0,1.0,0.5,1.0,1.0,0.0,0,0,0,0,0,0,0,1,对象评价,未明确对象,理解与难度,正面,1,0.8776233857788103,0.08037655049453768,0.042000063726652014,0.8776233857788103,正面,正面,,False
生活区,BV1X75X6rEui,说到做到！不计成本逛离谱超市，会花多少钱？,1574484,95308,19126,6222,953,2192,借你吉言，谢谢帅小伙,,借你吉言，谢谢帅小伙,1,0,5,0,0,1.0,1.0,0.0,1.0,0.2,1.0,1.0,0.0,0,0,0,0,0,0,0,1,对象评价,未明确对象,未明确方面,正面,1,0.7939209204684029,0.0618223554551844,0.14425672407641268,0.7939209204684029,正面,正面,,False
生活区,BV1X75X6rEui,说到做到！不计成本逛离谱超市，会花多少钱？,1574484,95308,19126,6222,953,2192,我论文妙不妙,,我论文妙不妙,0,0,3,0,0,0.0,0.0,0.0,0.0,0.0,0.0,0.0,0.0,0,0,0,0,0,0,0,0,无明显情感,未明确对象,未明确方面,中性,0,0.7794837813025697,0.01778892231030892,0.7794837813025697,0.20272729638712142,中性,中性,,False
生活区,BV1X75X6rEui,说到做到！不计成本逛离谱超市，会花多少钱？,1574484,95308,19126,6222,953,2192,我的身体会不会妙,,我的身体会不会妙,0,1,4,0,0,-1.0,0.0,1.0,1.0,0.25,-1.0,0.0,1.0,0,0,0,0,0,0,0,1,对象评价,未明确对象,未明确方面,负面,0,0.6846734020975117,0.21681073300141815,0.6846734020975117,0.09851586490107025,中性,负面,,False
生活区,BV1X75X6rEui,说到做到！不计成本逛离谱超市，会花多少钱？,1574484,95308,19126,6222,953,2192,我六级成绩妙不妙,,我六级成绩妙不妙,0,0,4,0,0,0.0,0.0,0.0,0.0,0.0,0.0,0.0,0.0,0,0,0,0,0,0,0,0,无明显情感,未明确对象,未明确方面,中性,0,0.7775657187645802,0.025000107833852217,0.7775657187645802,0.19743417340156766,中性,中性,,False
生活区,BV1X75X6rEui,说到做到！不计成本逛离谱超市，会花多少钱？,1574484,95308,19126,6222,953,2192,应该和厨艺好的美食博主联名搞一期，他煮你吃，测评,,应该和厨艺好的美食博主联名搞一期，他煮你吃，测评,0,0,13,0,0,0.0,0.0,0.0,0.0,0.0,0.0,0.0,0.0,0,0,0,0,0,0,0,0,无明显情感,讲解者,未明确方面,中性,0,0.4533897082461035,0.288620355300952,0.4533897082461035,0.25798993645294443,中性,中性,0.0,True
生活区,BV1X75X6rEui,说到做到！不计成本逛离谱超市，会花多少钱？,1574484,95308,19126,6222,953,2192,我过英语四级妙不妙,,我过英语四级妙不妙,0,0,5,0,0,0.0,0.0,0.0,0.0,0.0,0.0,0.0,0.0,0,0,0,0,0,0,0,0,无明显情感,未明确对象,未明确方面,中性,0,0.7727159356919645,0.01843139801602744,0.7727159356919645,0.20885266629200805,中性,中性,,False
生活区,BV1X75X6rEui,说到做到！不计成本逛离谱超市，会花多少钱？,1574484,95308,19126,6222,953,2192,我们这边东星斑一条一百多,,我们这边东星斑一条一百多,0,0,6,0,0,0.0,0.0,0.0,0.0,0.0,0.0,0.0,0.0,0,0,0,0,0,0,0,0,无明显情感,未明确对象,未明确方面,中性,-1,0.443254332180417,0.443254332180417,0.4164697238234076,0.14027594399617552,负面,负面,,False
生活区,BV1X75X6rEui,说到做到！不计成本逛离谱超市，会花多少钱？,1574484,95308,19126,6222,953,2192,花这么多还得自己做,,花这么多还得自己做,0,0,7,0,0,0.0,0.0,0.0,0.0,0.0,0.0,0.0,0.0,0,0,0,0,0,0,0,0,无明显情感,未明确对象,未明确方面,中性,0,0.783895377704335,0.0454525341192169,0.783895377704335,0.170652088176448,中性,中性,,False
生活区,BV1X75X6rEui,说到做到！不计成本逛离谱超市，会花多少钱？,1574484,95308,19126,6222,953,2192,吃轮胎吗？,,吃轮胎吗？,0,0,3,0,1,0.0,0.0,0.0,0.0,0.0,0.0,0.0,0.0,0,0,0,0,0,0,0,0,无明显情感,未明确对象,未明确方面,中性,0,0.8614989316430828,0.097742591057438,0.8614989316430828,0.04075847729947912,中性,中性,,False
生活区,BV1X75X6rEui,说到做到！不计成本逛离谱超市，会花多少钱？,1574484,95308,19126,6222,953,2192,我的期末考试妙不妙,,我的期末考试妙不妙,0,0,3,0,0,0.0,0.0,0.0,0.0,0.0,0.0,0.0,0.0,0,0,0,0,0,0,0,0,无明显情感,未明确对象,未明确方面,中性,0,0.8275396507954688,0.024930252365743602,0.8275396507954688,0.14753009683878768,中性,中性,,False
生活区,BV1X75X6rEui,说到做到！不计成本逛离谱超市，会花多少钱？,1574484,95308,19126,6222,953,2192,这是个混蛋,,这是个混蛋,0,0,2,0,0,0.0,0.0,0.0,0.0,0.0,0.0,0.0,0.0,0,0,0,0,0,0,0,0,无明显情感,未明确对象,未明确方面,中性,0,0.543513710022722,0.40082262396491786,0.543513710022722,0.05566366601236019,中性,中性,,False
生活区,BV1X75X6rEui,说到做到！不计成本逛离谱超市，会花多少钱？,1574484,95308,19126,6222,953,2192,小碴子？,,小碴子？,0,0,2,0,1,0.0,0.0,0.0,0.0,0.0,0.0,0.0,0.0,0,0,0,0,0,0,0,0,无明显情感,未明确对象,未明确方面,中性,0,0.6156766665440754,0.2919027051271084,0.6156766665440754,0.0924206283288162,中性,中性,,False
生活区,BV1X75X6rEui,说到做到！不计成本逛离谱超市，会花多少钱？,1574484,95308,19126,6222,953,2192,@苏芒：650都没到这也叫不计成本 650都不够我塞牙缝呢,,苏芒650都没到这也叫不计成本650都不够我塞牙缝呢,0,0,11,0,0,0.0,0.0,0.0,0.0,0.0,0.0,0.0,0.0,0,0,0,0,0,0,0,0,无明显情感,未明确对象,未明确方面,中性,-1,0.8361500964777064,0.8361500964777064,0.13677657916757177,0.027073324354721755,负面,负面,,False
生活区,BV1X75X6rEui,说到做到！不计成本逛离谱超市，会花多少钱？,1574484,95308,19126,6222,953,2192,O～～k,,Ok,0,0,1,0,0,0.0,0.0,0.0,0.0,0.0,0.0,0.0,0.0,0,0,0,0,0,0,0,0,无明显情感,未明确对象,未明确方面,中性,0,0.6613337795964743,0.14035796080361848,0.6613337795964743,0.19830825959990717,中性,中性,,False
生活区,BV1X75X6rEui,说到做到！不计成本逛离谱超市，会花多少钱？,1574484,95308,19126,6222,953,2192,混蛋？,,混蛋？,0,0,2,0,1,0.0,0.0,0.0,0.0,0.0,0.0,0.0,0.0,0,0,0,0,0,0,0,0,无明显情感,未明确对象,未明确方面,中性,0,0.6156766665440754,0.2919027051271084,0.6156766665440754,0.0924206283288162,中性,中性,,False
生活区,BV1X75X6rEui,说到做到！不计成本逛离谱超市，会花多少钱？,1574484,95308,19126,6222,953,2192,虚晃一枪,,虚晃一枪,0,0,1,0,0,0.0,0.0,0.0,0.0,0.0,0.0,0.0,0.0,0,0,0,0,0,0,0,0,无明显情感,未明确对象,未明确方面,中性,0,0.6613337795964743,0.14035796080361848,0.6613337795964743,0.19830825959990717,中性,中性,,False
生活区,BV1X75X6rEui,说到做到！不计成本逛离谱超市，会花多少钱？,1574484,95308,19126,6222,953,2192,xxxxxxxx,,xxxxxxxx,0,0,1,0,0,0.0,0.0,0.0,0.0,0.0,0.0,0.0,0.0,0,0,0,0,0,0,0,0,无明显情感,未明确对象,未明确方面,中性,0,0.6613337795964743,0.14035796080361848,0.6613337795964743,0.19830825959990717,中性,中性,,False
生活区,BV1X75X6rEui,说到做到！不计成本逛离谱超市，会花多少钱？,1574484,95308,19126,6222,953,2192,xxxx,,xxxx,0,0,1,0,0,0.0,0.0,0.0,0.0,0.0,0.0,0.0,0.0,0,0,0,0,0,0,0,0,无明显情感,未明确对象,未明确方面,中性,0,0.6613337795964743,0.14035796080361848,0.6613337795964743,0.19830825959990717,中性,中性,,False
生活区,BV1X75X6rEui,说到做到！不计成本逛离谱超市，会花多少钱？,1574484,95308,19126,6222,953,2192,不如去吃鸡蛋饼  这都啥,,不如去吃鸡蛋饼这都啥,0,0,7,0,0,0.0,0.0,0.0,0.0,0.0,0.0,0.0,0.0,0,0,0,0,0,0,0,0,无明显情感,未明确对象,未明确方面,中性,-1,0.8906581485138778,0.8906581485138778,0.07472688020902003,0.03461497127710206,负面,负面,-1.0,True
生活区,BV1X75X6rEui,说到做到！不计成本逛离谱超市，会花多少钱？,1574484,95308,19126,6222,953,2192,什么猴子在叫,,什么猴子在叫,0,0,4,0,0,0.0,0.0,0.0,0.0,0.0,0.0,0.0,0.0,0,0,0,0,0,0,0,0,无明显情感,未明确对象,未明确方面,中性,0,0.8155886019119182,0.16213685191922556,0.8155886019119182,0.022274546168856213,中性,中性,,False
生活区,BV1X75X6rEui,说到做到！不计成本逛离谱超市，会花多少钱？,1574484,95308,19126,6222,953,2192,夺少？,,夺少？,0,0,2,0,1,0.0,0.0,0.0,0.0,0.0,0.0,0.0,0.0,0,0,0,0,0,0,0,0,无明显情感,未明确对象,未明确方面,中性,0,0.6156766665440754,0.2919027051271084,0.6156766665440754,0.0924206283288162,中性,中性,,False
生活区,BV1X75X6rEui,说到做到！不计成本逛离谱超市，会花多少钱？,1574484,95308,19126,6222,953,2192,香港的价格,,香港的价格,0,0,2,0,0,0.0,0.0,0.0,0.0,0.0,0.0,0.0,0.0,0,0,0,0,0,0,0,0,无明显情感,未明确对象,未明确方面,中性,0,0.7583902034141079,0.13238497364121407,0.7583902034141079,0.10922482294467815,中性,中性,,False
生活区,BV1X75X6rEui,说到做到！不计成本逛离谱超市，会花多少钱？,1574484,95308,19126,6222,953,2192,额,,额,0,0,1,0,0,0.0,0.0,0.0,0.0,0.0,0.0,0.0,0.0,0,0,0,0,0,0,0,0,无明显情感,未明确对象,未明确方面,中性,0,0.6420474227144287,0.1362141781071165,0.6420474227144287,0.22173839917845475,中性,中性,,False
生活区,BV1X75X6rEui,说到做到！不计成本逛离谱超市，会花多少钱？,1574484,95308,19126,6222,953,2192,这就是不计成本吗，100多你去餐馆吃一顿都比这多,,这就是不计成本吗，100多你去餐馆吃一顿都比这多,0,0,12,0,0,0.0,0.0,0.0,0.0,0.0,0.0,0.0,0.0,0,0,0,0,0,0,0,0,无明显情感,未明确对象,未明确方面,中性,-1,0.6459233620961706,0.6459233620961706,0.30407076333607047,0.05000587456775882,负面,负面,,False
生活区,BV1X75X6rEui,说到做到！不计成本逛离谱超市，会花多少钱？,1574484,95308,19126,6222,953,2192,我接下来的事业！,,我接下来的事业！,0,0,3,1,0,0.0,0.0,0.0,0.0,0.0,0.0,0.0,0.0,0,0,0,0,0,0,0,0,无明显情感,未明确对象,未明确方面,中性,0,0.686940349170415,0.04405833900450528,0.686940349170415,0.2690013118250797,中性,中性,,False
生活区,BV1X75X6rEui,说到做到！不计成本逛离谱超市，会花多少钱？,1574484,95308,19126,6222,953,2192,我跟我暗恋对象表白妙不妙,,我跟我暗恋对象表白妙不妙,0,0,6,0,0,0.0,0.0,0.0,0.0,0.0,0.0,0.0,0.0,0,0,0,0,0,0,0,0,无明显情感,未明确对象,未明确方面,中性,0,0.7803134018979329,0.0226028925714007,0.7803134018979329,0.1970837055306664,中性,中性,,False
生活区,BV1X75X6rEui,说到做到！不计成本逛离谱超市，会花多少钱？,1574484,95308,19126,6222,953,2192,拉爆了,,拉爆了,0,0,1,0,0,0.0,0.0,0.0,0.0,0.0,0.0,0.0,0.0,0,0,0,0,0,0,0,0,无明显情感,未明确对象,未明确方面,中性,-1,0.6075886346113134,0.6075886346113134,0.26402415106991883,0.12838721431876776,负面,负面,,False
生活区,BV1X75X6rEui,说到做到！不计成本逛离谱超市，会花多少钱？,1574484,95308,19126,6222,953,2192,等我高考妙不妙？,,等我高考妙不妙？,0,0,5,0,1,0.0,0.0,0.0,0.0,0.0,0.0,0.0,0.0,0,0,0,0,0,0,0,0,无明显情感,未明确对象,未明确方面,中性,0,0.7229370601370899,0.04165574533607716,0.7229370601370899,0.2354071945268328,中性,中性,,False
生活区,BV1X75X6rEui,说到做到！不计成本逛离谱超市，会花多少钱？,1574484,95308,19126,6222,953,2192,我二模和中考都顺利妙不妙,,我二模和中考都顺利妙不妙,1,0,6,0,0,1.0,1.0,0.0,1.0,0.16666666666666666,1.0,1.0,0.0,0,0,0,0,0,0,0,1,对象评价,未明确对象,未明确方面,正面,1,0.744123777329694,0.025094394676411277,0.23078182799389466,0.744123777329694,正面,正面,1.0,True
生活区,BV1X75X6rEui,说到做到！不计成本逛离谱超市，会花多少钱？,1574484,95308,19126,6222,953,2192,500价位的自助我都不敢想,,500价位的自助我都不敢想,0,0,6,0,0,0.0,0.0,0.0,0.0,0.0,0.0,0.0,0.0,0,0,0,0,0,0,0,0,无明显情感,未明确对象,未明确方面,中性,0,0.4712923993108625,0.2676700655388401,0.4712923993108625,0.2610375351502975,中性,中性,,False
生活区,BV1X75X6rEui,说到做到！不计成本逛离谱超市，会花多少钱？,1574484,95308,19126,6222,953,2192,我去打零工7天了,,我去打零工7天了,0,0,4,0,0,0.0,0.0,0.0,0.0,0.0,0.0,0.0,0.0,0,0,0,0,0,0,0,0,无明显情感,未明确对象,未明确方面,中性,0,0.5565179987480521,0.1622947672270627,0.5565179987480521,0.2811872340248854,中性,中性,0.0,True
生活区,BV1X75X6rEui,说到做到！不计成本逛离谱超市，会花多少钱？,1574484,95308,19126,6222,953,2192,我的实验妙不妙,,我的实验妙不妙,0,0,3,0,0,0.0,0.0,0.0,0.0,0.0,0.0,0.0,0.0,0,0,0,0,0,0,0,0,无明显情感,未明确对象,未明确方面,中性,0,0.8271621291370423,0.02020122688367913,0.8271621291370423,0.15263664397927862,中性,中性,,False
生活区,BV1X75X6rEui,说到做到！不计成本逛离谱超市，会花多少钱？,1574484,95308,19126,6222,953,2192,四个人？  看起来就一个人,,四个人？看起来就一个人,0,0,6,0,1,0.0,0.0,0.0,0.0,0.0,0.0,0.0,0.0,0,0,0,0,0,0,0,0,无明显情感,未明确对象,未明确方面,中性,0,0.7157519649080036,0.20930141520340567,0.7157519649080036,0.07494661988859065,中性,中性,,False
生活区,BV1X75X6rEui,说到做到！不计成本逛离谱超市，会花多少钱？,1574484,95308,19126,6222,953,2192,彩椒不处理一下啊,,彩椒不处理一下啊,0,0,3,0,0,0.0,0.0,0.0,0.0,0.0,0.0,0.0,0.0,0,0,0,0,0,0,0,0,无明显情感,未明确对象,未明确方面,中性,-1,0.540283524676053,0.540283524676053,0.4156422948296549,0.04407418049429212,负面,负面,,False
生活区,BV1X75X6rEui,说到做到！不计成本逛离谱超市，会花多少钱？,1574484,95308,19126,6222,953,2192,懂了，直接去吃蒜瓣,,懂了，直接去吃蒜瓣,1,0,6,0,0,1.0,1.0,0.0,1.0,0.16666666666666666,1.0,1.0,0.0,0,0,0,0,1,0,0,1,对象评价+认知状态,未明确对象,理解与难度,正面,1,0.6357848569650472,0.1803574765662294,0.1838576664687234,0.6357848569650472,正面,正面,,False
生活区,BV1X75X6rEui,说到做到！不计成本逛离谱超市，会花多少钱？,1574484,95308,19126,6222,953,2192,我高考510妙不妙,,我高考510妙不妙,0,0,4,0,0,0.0,0.0,0.0,0.0,0.0,0.0,0.0,0.0,0,0,0,0,0,0,0,0,无明显情感,未明确对象,未明确方面,中性,0,0.6013317468523448,0.019463126311594418,0.6013317468523448,0.37920512683606084,中性,中性,,False
生活区,BV1X75X6rEui,说到做到！不计成本逛离谱超市，会花多少钱？,1574484,95308,19126,6222,953,2192,我考试妙不妙,,我考试妙不妙,0,0,3,0,0,0.0,0.0,0.0,0.0,0.0,0.0,0.0,0.0,0,0,0,0,0,0,0,0,无明显情感,未明确对象,未明确方面,中性,0,0.8123648179604913,0.03325403647579829,0.8123648179604913,0.1543811455637104,中性,中性,,False
生活区,BV1X75X6rEui,说到做到！不计成本逛离谱超市，会花多少钱？,1574484,95308,19126,6222,953,2192,简称浑蛋,,简称浑蛋,0,0,2,0,0,0.0,0.0,0.0,0.0,0.0,0.0,0.0,0.0,0,0,0,0,0,0,0,0,无明显情感,未明确对象,未明确方面,中性,0,0.6553065905941072,0.1468149965085425,0.6553065905941072,0.19787841289735017,中性,中性,,False
生活区,BV1X75X6rEui,说到做到！不计成本逛离谱超市，会花多少钱？,1574484,95308,19126,6222,953,2192,肠胃不好的话，那就让我帮你解决怎么样,,肠胃不好的话，那就让我帮你解决怎么样,1,0,8,0,0,1.0,1.0,0.0,1.0,0.125,1.0,1.0,0.0,0,0,0,0,0,0,0,1,对象评价,未明确对象,未明确方面,正面,1,0.5734109138475556,0.21178040441651963,0.21480868173592485,0.5734109138475556,正面,正面,1.0,True
生活区,BV1X75X6rEui,说到做到！不计成本逛离谱超市，会花多少钱？,1574484,95308,19126,6222,953,2192,你说你胃口不好我都信,,你说你胃口不好我都信,0,0,5,0,0,0.0,0.0,0.0,0.0,0.0,0.0,0.0,0.0,0,0,0,0,0,0,0,0,无明显情感,未明确对象,未明确方面,中性,-1,0.6512144476421384,0.6512144476421384,0.25166375484763526,0.09712179751022633,负面,负面,,False
生活区,BV1X75X6rEui,说到做到！不计成本逛离谱超市，会花多少钱？,1574484,95308,19126,6222,953,2192,高端食材,,高端食材,0,0,2,0,0,0.0,0.0,0.0,0.0,0.0,0.0,0.0,0.0,0,0,0,0,0,0,0,0,无明显情感,未明确对象,未明确方面,中性,0,0.6553065905941072,0.1468149965085425,0.6553065905941072,0.19787841289735017,中性,中性,,False
生活区,BV1X75X6rEui,说到做到！不计成本逛离谱超市，会花多少钱？,1574484,95308,19126,6222,953,2192,60多不贵，挺实惠,,60多不贵，挺实惠,0,0,5,0,0,0.0,0.0,0.0,0.0,0.0,0.0,0.0,0.0,0,0,0,0,0,0,0,0,无明显情感,未明确对象,未明确方面,中性,1,0.49376788305475255,0.2455397269044405,0.26069239004080696,0.49376788305475255,正面,正面,1.0,True
生活区,BV1X75X6rEui,说到做到！不计成本逛离谱超市，会花多少钱？,1574484,95308,19126,6222,953,2192,69 那么大份，感觉也挺好,,69那么大份，感觉也挺好,1,0,8,0,0,1.0,1.0,0.0,1.0,0.125,1.0,1.0,0.0,0,0,0,0,0,0,0,1,对象评价,未明确对象,未明确方面,正面,1,0.7045981187078717,0.2656481887256856,0.029753692566442724,0.7045981187078717,正面,正面,1.0,True
生活区,BV1X75X6rEui,说到做到！不计成本逛离谱超市，会花多少钱？,1574484,95308,19126,6222,953,2192,我中考考上师大附中妙不妙,,我中考考上师大附中妙不妙,0,0,5,0,0,0.0,0.0,0.0,0.0,0.0,0.0,0.0,0.0,0,0,0,0,0,0,0,0,无明显情感,未明确对象,未明确方面,中性,1,0.49788230595830146,0.025618955476340088,0.4764987385653584,0.49788230595830146,正面,正面,,False
生活区,BV1X75X6rEui,说到做到！不计成本逛离谱超市，会花多少钱？,1574484,95308,19126,6222,953,2192,一百多吃这？,,一百多吃这？,0,0,3,0,1,0.0,0.0,0.0,0.0,0.0,0.0,0.0,0.0,0,0,0,0,0,0,0,0,无明显情感,未明确对象,未明确方面,中性,-1,0.8109828964068241,0.8109828964068241,0.15772109426399344,0.03129600932918258,负面,负面,,False
生活区,BV1X75X6rEui,说到做到！不计成本逛离谱超市，会花多少钱？,1574484,95308,19126,6222,953,2192,这玩意怎么像蒜苔,,这玩意怎么像蒜苔,0,0,4,0,0,0.0,0.0,0.0,0.0,0.0,0.0,0.0,0.0,0,0,0,0,0,0,0,0,无明显情感,未明确对象,未明确方面,中性,-1,0.7282393447180544,0.7282393447180544,0.22304203123454508,0.048718624047400544,负面,中性,0.0,True
生活区,BV1X75X6rEui,说到做到！不计成本逛离谱超市，会花多少钱？,1574484,95308,19126,6222,953,2192,我的面试结果妙不妙？,,我的面试结果妙不妙？,0,0,5,0,1,0.0,0.0,0.0,0.0,0.0,0.0,0.0,0.0,0,0,0,0,0,0,0,0,无明显情感,未明确对象,未明确方面,中性,0,0.8668658343995733,0.08653825760487761,0.8668658343995733,0.046595907995549,中性,中性,0.0,True
生活区,BV1X75X6rEui,说到做到！不计成本逛离谱超市，会花多少钱？,1574484,95308,19126,6222,953,2192,这广子给我看笑了。真不如直接去搓一顿真火锅吧,,这广子给我看笑了。真不如直接去搓一顿真火锅吧,0,0,13,0,0,0.0,0.0,0.0,0.0,0.0,0.0,0.0,0.0,0,0,0,0,0,0,0,0,无明显情感,未明确对象,未明确方面,中性,-1,0.8842553575420942,0.8842553575420942,0.050232187838847156,0.06551245461905865,负面,负面,-1.0,True
生活区,BV1X75X6rEui,说到做到！不计成本逛离谱超市，会花多少钱？,1574484,95308,19126,6222,953,2192,我一开始还以为这个自热锅是广子……,,我一开始还以为这个自热锅是广子,0,0,8,0,0,0.0,0.0,0.0,0.0,0.0,0.0,0.0,0.0,0,0,0,0,0,0,0,0,无明显情感,未明确对象,未明确方面,中性,0,0.8165422166092909,0.12896958883371648,0.8165422166092909,0.05448819455699269,中性,中性,,False
生活区,BV1X75X6rEui,说到做到！不计成本逛离谱超市，会花多少钱？,1574484,95308,19126,6222,953,2192,吃过几次，感觉口感不好,,吃过几次，感觉口感不好,0,0,7,0,0,0.0,0.0,0.0,0.0,0.0,0.0,0.0,0.0,0,0,0,0,0,0,0,0,无明显情感,未明确对象,未明确方面,中性,-1,0.8941287943744815,0.8941287943744815,0.05250213196919607,0.0533690736563224,负面,负面,,False
生活区,BV1X75X6rEui,说到做到！不计成本逛离谱超市，会花多少钱？,1574484,95308,19126,6222,953,2192,尿啊~,,尿啊,0,0,1,0,0,0.0,0.0,0.0,0.0,0.0,0.0,0.0,0.0,0,0,0,0,0,0,0,0,无明显情感,未明确对象,未明确方面,中性,-1,0.625285076137903,0.625285076137903,0.22570802771024487,0.1490068961518522,负面,负面,,False
生活区,BV1X75X6rEui,说到做到！不计成本逛离谱超市，会花多少钱？,1574484,95308,19126,6222,953,2192,那就是中国的,,那就是中国的,0,0,2,0,0,0.0,0.0,0.0,0.0,0.0,0.0,0.0,0.0,0,0,0,0,0,0,0,0,无明显情感,未明确对象,未明确方面,中性,-1,0.5940708221560402,0.5940708221560402,0.27234403249137434,0.13358514535258553,负面,负面,,False
生活区,BV1X75X6rEui,说到做到！不计成本逛离谱超市，会花多少钱？,1574484,95308,19126,6222,953,2192,小联合国鸡蛋,,小联合国鸡蛋,0,0,3,0,0,0.0,0.0,0.0,0.0,0.0,0.0,0.0,0.0,0,0,0,0,0,0,0,0,无明显情感,未明确对象,未明确方面,中性,0,0.6099688929706477,0.14812899949690386,0.6099688929706477,0.24190210753244845,中性,中性,,False
生活区,BV1X75X6rEui,说到做到！不计成本逛离谱超市，会花多少钱？,1574484,95308,19126,6222,953,2192,说实话没啥好吃的 吃的就是名字和价格,,说实话没啥好吃的吃的就是名字和价格,0,0,8,0,0,0.0,0.0,0.0,0.0,0.0,0.0,0.0,0.0,0,0,0,0,0,0,0,0,无明显情感,未明确对象,未明确方面,中性,0,0.5039879870622189,0.4164617900213719,0.5039879870622189,0.07955022291640916,中性,中性,,False
生活区,BV1X75X6rEui,说到做到！不计成本逛离谱超市，会花多少钱？,1574484,95308,19126,6222,953,2192,我的学业妙不妙,,我的学业妙不妙,0,0,3,0,0,0.0,0.0,0.0,0.0,0.0,0.0,0.0,0.0,0,0,0,0,0,0,0,0,无明显情感,未明确对象,未明确方面,中性,0,0.8271621291370423,0.02020122688367913,0.8271621291370423,0.15263664397927862,中性,中性,,False
生活区,BV1X75X6rEui,说到做到！不计成本逛离谱超市，会花多少钱？,1574484,95308,19126,6222,953,2192,不爱吃你发给我啊,,不爱吃你发给我啊,0,0,3,0,0,0.0,0.0,0.0,0.0,0.0,0.0,0.0,0.0,0,0,0,0,0,0,0,0,无明显情感,未明确对象,未明确方面,中性,-1,0.6508679970743945,0.6508679970743945,0.2895494941553501,0.059582508770255276,负面,负面,,False
生活区,BV1X75X6rEui,说到做到！不计成本逛离谱超市，会花多少钱？,1574484,95308,19126,6222,953,2192,辐射饲料,,辐射饲料,0,0,2,0,0,0.0,0.0,0.0,0.0,0.0,0.0,0.0,0.0,0,0,0,0,0,0,0,0,无明显情感,未明确对象,未明确方面,中性,0,0.6553065905941072,0.1468149965085425,0.6553065905941072,0.19787841289735017,中性,中性,,False
生活区,BV1X75X6rEui,说到做到！不计成本逛离谱超市，会花多少钱？,1574484,95308,19126,6222,953,2192,真挑食啊，一点肥肉不吃,,真挑食啊，一点肥肉不吃,0,0,6,0,0,0.0,0.0,0.0,0.0,0.0,0.0,0.0,0.0,0,0,0,0,0,0,0,0,无明显情感,未明确对象,未明确方面,中性,-1,0.7838246845201202,0.7838246845201202,0.16203813516518376,0.05413718031469598,负面,负面,-1.0,True
生活区,BV1X75X6rEui,说到做到！不计成本逛离谱超市，会花多少钱？,1574484,95308,19126,6222,953,2192,深业上城的 哈哈  经常去  可惜没偶遇~,,深业上城的哈哈经常去可惜没偶遇,1,0,8,0,0,1.0,1.0,0.0,1.0,0.125,1.0,1.0,0.0,0,0,1,0,0,0,0,1,对象评价+自身情绪,未明确对象,娱乐与趣味,正面,0,0.47613340789196806,0.09657494339758212,0.47613340789196806,0.4272916487104498,中性,正面,,False
生活区,BV1X75X6rEui,说到做到！不计成本逛离谱超市，会花多少钱？,1574484,95308,19126,6222,953,2192,挑食啊，一点肥的都不吃,,挑食啊，一点肥的都不吃,0,0,6,0,0,0.0,0.0,0.0,0.0,0.0,0.0,0.0,0.0,0,0,0,0,0,0,0,0,无明显情感,未明确对象,未明确方面,中性,-1,0.5303500181442286,0.5303500181442286,0.4255637760591098,0.04408620579666167,负面,负面,,False
生活区,BV1X75X6rEui,说到做到！不计成本逛离谱超市，会花多少钱？,1574484,95308,19126,6222,953,2192,还不如武汉热干面,,还不如武汉热干面,0,0,4,0,0,0.0,0.0,0.0,0.0,0.0,0.0,0.0,0.0,0,0,0,0,0,0,0,0,无明显情感,未明确对象,未明确方面,中性,-1,0.7962217198447177,0.7962217198447177,0.1091459670848048,0.09463231307047766,负面,负面,,False
生活区,BV1X75X6rEui,说到做到！不计成本逛离谱超市，会花多少钱？,1574484,95308,19126,6222,953,2192,我护士资格证妙不妙,,我护士资格证妙不妙,0,0,4,0,0,0.0,0.0,0.0,0.0,0.0,0.0,0.0,0.0,0,0,0,0,0,0,0,0,无明显情感,未明确对象,未明确方面,中性,0,0.7776092587149116,0.018733266767774363,0.7776092587149116,0.20365747451731414,中性,中性,,False
生活区,BV1X75X6rEui,说到做到！不计成本逛离谱超市，会花多少钱？,1574484,95308,19126,6222,953,2192,差根草,,差根草,0,0,1,0,0,0.0,0.0,0.0,0.0,0.0,0.0,0.0,0.0,0,0,0,0,0,0,0,0,无明显情感,未明确对象,未明确方面,中性,0,0.6613337795964743,0.14035796080361848,0.6613337795964743,0.19830825959990717,中性,负面,,False
生活区,BV1X75X6rEui,说到做到！不计成本逛离谱超市，会花多少钱？,1574484,95308,19126,6222,953,2192,好了不是广子,,好了不是广子,0,0,3,0,0,0.0,0.0,0.0,0.0,0.0,0.0,0.0,0.0,0,0,0,0,0,0,0,0,无明显情感,未明确对象,未明确方面,中性,-1,0.5395424408463921,0.5395424408463921,0.23727829708577322,0.2231792620678347,负面,负面,,False
生活区,BV1X75X6rEui,说到做到！不计成本逛离谱超市，会花多少钱？,1574484,95308,19126,6222,953,2192,hhh,,hhh,1,0,1,0,0,1.2,1.2,0.0,1.2,1.0,1.2,1.2,0.0,0,0,0,0,0,0,0,1,对象评价,未明确对象,未明确方面,正面,1,0.7784157041255511,0.13585663597338402,0.08572765990106493,0.7784157041255511,正面,正面,,False
生活区,BV1X75X6rEui,说到做到！不计成本逛离谱超市，会花多少钱？,1574484,95308,19126,6222,953,2192,还有猫男,,还有猫男,0,0,3,0,0,0.0,0.0,0.0,0.0,0.0,0.0,0.0,0.0,0,0,0,0,0,0,0,0,无明显情感,未明确对象,未明确方面,中性,0,0.7718423302411538,0.07744527076883351,0.7718423302411538,0.15071239899001262,中性,中性,,False
生活区,BV1X75X6rEui,说到做到！不计成本逛离谱超市，会花多少钱？,1574484,95308,19126,6222,953,2192,筷子有点,,筷子有点,0,0,1,0,0,0.0,0.0,0.0,0.0,0.0,0.0,0.0,0.0,0,0,0,0,0,0,0,0,无明显情感,未明确对象,未明确方面,中性,0,0.9385343890172542,0.034974168268083444,0.9385343890172542,0.026491442714662243,中性,中性,,False
生活区,BV1X75X6rEui,说到做到！不计成本逛离谱超市，会花多少钱？,1574484,95308,19126,6222,953,2192,炒菜不用猪油不香,,炒菜不用猪油不香,0,0,4,0,0,0.0,0.0,0.0,0.0,0.0,0.0,0.0,0.0,0,0,0,0,0,0,0,0,无明显情感,未明确对象,未明确方面,中性,0,0.6540692616297278,0.14453211019545437,0.6540692616297278,0.20139862817481785,中性,中性,,False
生活区,BV1X75X6rEui,说到做到！不计成本逛离谱超市，会花多少钱？,1574484,95308,19126,6222,953,2192,我的执业医笔试考试米妙不妙,,我的执业医笔试考试米妙不妙,0,0,6,0,0,0.0,0.0,0.0,0.0,0.0,0.0,0.0,0.0,0,0,0,0,0,0,0,0,无明显情感,未明确对象,未明确方面,中性,0,0.8664178728461105,0.05060234794220754,0.8664178728461105,0.08297977921168195,中性,中性,0.0,True
生活区,BV1X75X6rEui,说到做到！不计成本逛离谱超市，会花多少钱？,1574484,95308,19126,6222,953,2192,我的执业医技能考试妙不妙,,我的执业医技能考试妙不妙,0,0,6,0,0,0.0,0.0,0.0,0.0,0.0,0.0,0.0,0.0,0,0,0,0,0,0,0,0,无明显情感,未明确对象,未明确方面,中性,0,0.8364457092401775,0.037192667662765376,0.8364457092401775,0.12636162309705715,中性,中性,,False
生活区,BV1X75X6rEui,说到做到！不计成本逛离谱超市，会花多少钱？,1574484,95308,19126,6222,953,2192,养殖东星斑并不好吃,,养殖东星斑并不好吃,0,0,6,0,0,0.0,0.0,0.0,0.0,0.0,0.0,0.0,0.0,0,0,0,0,0,0,0,0,无明显情感,未明确对象,未明确方面,中性,-1,0.7031555490688131,0.7031555490688131,0.22034662894634693,0.0764978219848401,负面,负面,,False
生活区,BV1X75X6rEui,说到做到！不计成本逛离谱超市，会花多少钱？,1574484,95308,19126,6222,953,2192,我的实验妙不妙？,,我的实验妙不妙？,0,0,4,0,1,0.0,0.0,0.0,0.0,0.0,0.0,0.0,0.0,0,0,0,0,0,0,0,0,无明显情感,未明确对象,未明确方面,中性,0,0.9027842478910517,0.04108841263429779,0.9027842478910517,0.056127339474650435,中性,中性,,False
生活区,BV1X75X6rEui,说到做到！不计成本逛离谱超市，会花多少钱？,1574484,95308,19126,6222,953,2192,我明天的国企内部遴选考试妙不妙,,我明天的国企内部遴选考试妙不妙,0,0,7,0,0,0.0,0.0,0.0,0.0,0.0,0.0,0.0,0.0,0,0,0,0,0,0,0,0,无明显情感,未明确对象,未明确方面,中性,0,0.7652603284726615,0.04625202975665827,0.7652603284726615,0.1884876417706802,中性,中性,,False
生活区,BV1X75X6rEui,说到做到！不计成本逛离谱超市，会花多少钱？,1574484,95308,19126,6222,953,2192,怎么有白头发了,,怎么有白头发了,0,0,3,0,0,0.0,0.0,0.0,0.0,0.0,0.0,0.0,0.0,0,0,0,0,0,0,0,0,无明显情感,未明确对象,未明确方面,中性,-1,0.8710779438641917,0.8710779438641917,0.1109252381273082,0.01799681800850004,负面,负面,,False
生活区,BV1X75X6rEui,说到做到！不计成本逛离谱超市，会花多少钱？,1574484,95308,19126,6222,953,2192,我明天基金妙不妙,,我明天基金妙不妙,0,0,4,0,0,0.0,0.0,0.0,0.0,0.0,0.0,0.0,0.0,0,0,0,0,0,0,0,0,无明显情感,未明确对象,未明确方面,中性,0,0.6753769121480537,0.027395752366509492,0.6753769121480537,0.29722733548543684,中性,中性,,False
生活区,BV1X75X6rEui,说到做到！不计成本逛离谱超市，会花多少钱？,1574484,95308,19126,6222,953,2192,1个半人吧,,1个半人吧,0,0,3,0,0,0.0,0.0,0.0,0.0,0.0,0.0,0.0,0.0,0,0,0,0,0,0,0,0,无明显情感,未明确对象,未明确方面,中性,0,0.7111976737413095,0.19564058332002723,0.7111976737413095,0.0931617429386632,中性,中性,,False
生活区,BV1X75X6rEui,说到做到！不计成本逛离谱超市，会花多少钱？,1574484,95308,19126,6222,953,2192,我主治考试成绩妙不妙,,我主治考试成绩妙不妙,0,0,4,0,0,0.0,0.0,0.0,0.0,0.0,0.0,0.0,0.0,0,0,0,0,0,0,0,0,无明显情感,未明确对象,未明确方面,中性,0,0.8032735104470654,0.02591807222834558,0.8032735104470654,0.17080841732458904,中性,中性,,False
生活区,BV1X75X6rEui,说到做到！不计成本逛离谱超市，会花多少钱？,1574484,95308,19126,6222,953,2192,还椰子水呢,,还椰子水呢,0,0,3,0,0,0.0,0.0,0.0,0.0,0.0,0.0,0.0,0.0,0,0,0,0,0,0,0,0,无明显情感,未明确对象,未明确方面,中性,0,0.5003083795952867,0.44828937456420453,0.5003083795952867,0.05140224584050878,中性,中性,,False
生活区,BV1X75X6rEui,说到做到！不计成本逛离谱超市，会花多少钱？,1574484,95308,19126,6222,953,2192,超标凯,,超标凯,0,0,2,0,0,0.0,0.0,0.0,0.0,0.0,0.0,0.0,0.0,0,0,0,0,0,0,0,0,无明显情感,未明确对象,未明确方面,中性,0,0.6553065905941072,0.1468149965085425,0.6553065905941072,0.19787841289735017,中性,中性,,False
生活区,BV1X75X6rEui,说到做到！不计成本逛离谱超市，会花多少钱？,1574484,95308,19126,6222,953,2192,好笑,,好笑,1,0,1,0,0,1.0,1.0,0.0,1.0,1.0,1.0,1.0,0.0,0,0,0,0,0,0,0,1,对象评价,未明确对象,娱乐与趣味,正面,1,0.7685498868862828,0.14499437244697289,0.08645574066674433,0.7685498868862828,正面,正面,,False
生活区,BV1X75X6rEui,说到做到！不计成本逛离谱超市，会花多少钱？,1574484,95308,19126,6222,953,2192,嚯哈哈哈哈哈,,嚯哈哈哈哈哈,2,0,3,0,0,2.0,2.0,0.0,2.0,0.6666666666666666,2.0,2.0,0.0,0,0,1,0,0,0,0,1,对象评价+自身情绪,未明确对象,娱乐与趣味,正面,1,0.9797419818792185,0.0029126569560396255,0.017345361164741998,0.9797419818792185,正面,正面,,False
生活区,BV1X75X6rEui,说到做到！不计成本逛离谱超市，会花多少钱？,1574484,95308,19126,6222,953,2192,好丑,,好丑,0,0,1,0,0,0.0,0.0,0.0,0.0,0.0,0.0,0.0,0.0,0,0,0,0,0,0,0,0,无明显情感,未明确对象,未明确方面,中性,0,0.6613337795964743,0.14035796080361848,0.6613337795964743,0.19830825959990717,中性,中性,,False
生活区,BV1X75X6rEui,说到做到！不计成本逛离谱超市，会花多少钱？,1574484,95308,19126,6222,953,2192,丑八怪,,丑八怪,0,0,1,0,0,0.0,0.0,0.0,0.0,0.0,0.0,0.0,0.0,0,0,0,0,0,0,0,0,无明显情感,未明确对象,未明确方面,中性,0,0.6613337795964743,0.14035796080361848,0.6613337795964743,0.19830825959990717,中性,中性,,False
生活区,BV1X75X6rEui,说到做到！不计成本逛离谱超市，会花多少钱？,1574484,95308,19126,6222,953,2192,筷子把价格拉低了,,筷子把价格拉低了,0,0,4,0,0,0.0,0.0,0.0,0.0,0.0,0.0,0.0,0.0,0,0,0,0,0,0,0,0,无明显情感,未明确对象,未明确方面,中性,0,0.5285334620002599,0.24311695000800954,0.5285334620002599,0.22834958799173066,中性,中性,,False
生活区,BV1X75X6rEui,说到做到！不计成本逛离谱超市，会花多少钱？,1574484,95308,19126,6222,953,2192,质量真低,,质量真低,0,0,2,0,0,0.0,0.0,0.0,0.0,0.0,0.0,0.0,0.0,0,0,0,0,0,0,0,0,无明显情感,未明确对象,未明确方面,中性,0,0.6553065905941072,0.1468149965085425,0.6553065905941072,0.19787841289735017,中性,中性,,False
生活区,BV1X75X6rEui,说到做到！不计成本逛离谱超市，会花多少钱？,1574484,95308,19126,6222,953,2192,我的基金妙不妙,,我的基金妙不妙,0,0,3,0,0,0.0,0.0,0.0,0.0,0.0,0.0,0.0,0.0,0,0,0,0,0,0,0,0,无明显情感,未明确对象,未明确方面,中性,0,0.8271621291370423,0.02020122688367913,0.8271621291370423,0.15263664397927862,中性,中性,,False
生活区,BV1X75X6rEui,说到做到！不计成本逛离谱超市，会花多少钱？,1574484,95308,19126,6222,953,2192,我对象教招考试妙不妙,,我对象教招考试妙不妙,0,0,5,0,0,0.0,0.0,0.0,0.0,0.0,0.0,0.0,0.0,0,0,0,0,0,0,0,0,无明显情感,未明确对象,未明确方面,中性,0,0.8075402541603176,0.03683634412597098,0.8075402541603176,0.15562340171371128,中性,中性,,False
生活区,BV1X75X6rEui,说到做到！不计成本逛离谱超市，会花多少钱？,1574484,95308,19126,6222,953,2192,含泪赚你400,,含泪赚你400,0,0,3,0,0,0.0,0.0,0.0,0.0,0.0,0.0,0.0,0.0,0,0,0,0,0,0,0,0,无明显情感,未明确对象,未明确方面,中性,0,0.721347011252724,0.11388127819809087,0.721347011252724,0.16477171054918519,中性,中性,,False
生活区,BV1X75X6rEui,说到做到！不计成本逛离谱超市，会花多少钱？,1574484,95308,19126,6222,953,2192,2-3人差不多,,23人差不多,0,0,3,0,0,0.0,0.0,0.0,0.0,0.0,0.0,0.0,0.0,0,0,0,0,0,0,0,0,无明显情感,未明确对象,未明确方面,中性,0,0.7455517241561036,0.0357923452501032,0.7455517241561036,0.21865593059379324,中性,负面,,False
生活区,BV1X75X6rEui,说到做到！不计成本逛离谱超市，会花多少钱？,1574484,95308,19126,6222,953,2192,我抽卡妙不妙,,我抽卡妙不妙,0,0,2,0,0,0.0,0.0,0.0,0.0,0.0,0.0,0.0,0.0,0,0,0,0,0,0,0,0,无明显情感,未明确对象,未明确方面,中性,0,0.837585966512606,0.025419467504294004,0.837585966512606,0.13699456598309986,中性,中性,,False
生活区,BV1X75X6rEui,说到做到！不计成本逛离谱超市，会花多少钱？,1574484,95308,19126,6222,953,2192,0000,,0000,0,0,1,0,0,0.0,0.0,0.0,0.0,0.0,0.0,0.0,0.0,0,0,0,0,0,0,0,0,无明显情感,未明确对象,未明确方面,中性,0,0.6258100180973243,0.10809119145750365,0.6258100180973243,0.26609879044517204,中性,中性,,False
生活区,BV1X75X6rEui,说到做到！不计成本逛离谱超市，会花多少钱？,1574484,95308,19126,6222,953,2192,0,,0,0,0,1,0,0,0.0,0.0,0.0,0.0,0.0,0.0,0.0,0.0,0,0,0,0,0,0,0,0,无明显情感,未明确对象,未明确方面,中性,0,0.7776033645963367,0.06836011369715281,0.7776033645963367,0.15403652170651047,中性,中性,,False
生活区,BV1X75X6rEui,说到做到！不计成本逛离谱超市，会花多少钱？,1574484,95308,19126,6222,953,2192,啊啊啊啊啊啊啊啊啊啊啊啊啊啊啊啊啊啊啊集美们啊啊啊啊啊啊啊啊啊啊啊啊啊啊啊啊啊啊啊,,啊啊啊啊啊啊啊啊啊啊啊啊啊啊啊啊啊啊啊集美们啊啊啊啊啊啊啊啊啊啊啊啊啊啊啊啊啊啊啊,0,0,14,0,0,0.0,0.0,0.0,0.0,0.0,0.0,0.0,0.0,0,0,0,0,0,0,0,0,无明显情感,未明确对象,未明确方面,中性,-1,0.7870272585314606,0.7870272585314606,0.13387275194250486,0.07909998952603448,负面,负面,,False
生活区,BV1X75X6rEui,说到做到！不计成本逛离谱超市，会花多少钱？,1574484,95308,19126,6222,953,2192,我的中考妙不妙,,我的中考妙不妙,0,0,3,0,0,0.0,0.0,0.0,0.0,0.0,0.0,0.0,0.0,0,0,0,0,0,0,0,0,无明显情感,未明确对象,未明确方面,中性,0,0.8271621291370423,0.02020122688367913,0.8271621291370423,0.15263664397927862,中性,中性,,False
生活区,BV1X75X6rEui,说到做到！不计成本逛离谱超市，会花多少钱？,1574484,95308,19126,6222,953,2192,喵~~~~~,,喵,0,0,1,0,0,0.0,0.0,0.0,0.0,0.0,0.0,0.0,0.0,0,0,0,0,0,0,0,0,无明显情感,未明确对象,未明确方面,中性,0,0.5848735501036644,0.13230492968818597,0.5848735501036644,0.2828215202081497,中性,中性,,False
生活区,BV1X75X6rEui,说到做到！不计成本逛离谱超市，会花多少钱？,1574484,95308,19126,6222,953,2192,早上不错,,早上不错,1,0,2,0,0,1.0,1.0,0.0,1.0,0.5,1.0,1.0,0.0,0,0,0,0,0,0,0,1,对象评价,未明确对象,未明确方面,正面,1,0.8717041071246452,0.04558755394395772,0.08270833893139712,0.8717041071246452,正面,正面,1.0,True
生活区,BV1X75X6rEui,说到做到！不计成本逛离谱超市，会花多少钱？,1574484,95308,19126,6222,953,2192,拉,,拉,0,0,1,0,0,0.0,0.0,0.0,0.0,0.0,0.0,0.0,0.0,0,0,0,0,0,0,0,0,无明显情感,未明确对象,未明确方面,中性,0,0.6613337795964743,0.14035796080361848,0.6613337795964743,0.19830825959990717,中性,中性,,False
生活区,BV1X75X6rEui,说到做到！不计成本逛离谱超市，会花多少钱？,1574484,95308,19126,6222,953,2192,牛肉风味丸,,牛肉风味丸,0,0,3,0,0,0.0,0.0,0.0,0.0,0.0,0.0,0.0,0.0,0,0,0,0,0,0,0,0,无明显情感,未明确对象,未明确方面,中性,0,0.6491052548105614,0.15351490488364694,0.6491052548105614,0.1973798403057917,中性,中性,,False
生活区,BV1X75X6rEui,说到做到！不计成本逛离谱超市，会花多少钱？,1574484,95308,19126,6222,953,2192,比清蒸鳜鱼好吃,,比清蒸鳜鱼好吃,0,0,4,0,0,0.0,0.0,0.0,0.0,0.0,0.0,0.0,0.0,0,0,0,0,0,0,0,0,无明显情感,未明确对象,未明确方面,中性,1,0.4988238788691166,0.17322980690685466,0.3279463142240287,0.4988238788691166,正面,正面,,False
生活区,BV1X75X6rEui,说到做到！不计成本逛离谱超市，会花多少钱？,1574484,95308,19126,6222,953,2192,这个鱼可以的,,这个鱼可以的,1,0,3,0,0,1.0,1.0,0.0,1.0,0.3333333333333333,1.0,1.0,0.0,0,0,0,0,0,0,0,1,对象评价,未明确对象,未明确方面,正面,1,0.3951591133724109,0.2938899850810358,0.3109509015465533,0.3951591133724109,正面,正面,1.0,True
生活区,BV1X75X6rEui,说到做到！不计成本逛离谱超市，会花多少钱？,1574484,95308,19126,6222,953,2192,l老板含泪挣了399,,l老板含泪挣了399,0,0,5,0,0,0.0,0.0,0.0,0.0,0.0,0.0,0.0,0.0,0,0,0,0,0,0,0,0,无明显情感,未明确对象,未明确方面,中性,0,0.8497144604545908,0.0808866151779741,0.8497144604545908,0.0693989243674351,中性,中性,,False
生活区,BV1X75X6rEui,说到做到！不计成本逛离谱超市，会花多少钱？,1574484,95308,19126,6222,953,2192,我能开心不,,我能开心不,1,0,3,0,0,1.0,1.0,0.0,1.0,0.3333333333333333,1.0,1.0,0.0,0,0,1,0,0,0,0,1,对象评价+自身情绪,未明确对象,未明确方面,正面,1,0.4974032756810486,0.4125020450949932,0.09009467922395825,0.4974032756810486,正面,正面,1.0,True
生活区,BV1X75X6rEui,说到做到！不计成本逛离谱超市，会花多少钱？,1574484,95308,19126,6222,953,2192,这牛排 30秒 就可以了,,这牛排30秒就可以了,1,0,5,0,0,1.0,1.0,0.0,1.0,0.2,1.0,1.0,0.0,0,0,0,0,0,0,0,1,对象评价,未明确对象,未明确方面,正面,0,0.4798315849982051,0.08638721156061709,0.4798315849982051,0.43378120344117793,中性,中性,0.0,True
生活区,BV1X75X6rEui,说到做到！不计成本逛离谱超市，会花多少钱？,1574484,95308,19126,6222,953,2192,好搞笑,,好搞笑,0,0,2,0,0,0.0,0.0,0.0,0.0,0.0,0.0,0.0,0.0,0,0,0,0,0,0,0,0,无明显情感,未明确对象,娱乐与趣味,中性,1,0.7008609125416173,0.21315324339466463,0.08598584406371802,0.7008609125416173,正面,正面,,False
生活区,BV1X75X6rEui,说到做到！不计成本逛离谱超市，会花多少钱？,1574484,95308,19126,6222,953,2192,我的感情妙不妙,,我的感情妙不妙,0,0,3,0,0,0.0,0.0,0.0,0.0,0.0,0.0,0.0,0.0,0,0,0,0,0,0,0,0,无明显情感,未明确对象,未明确方面,中性,0,0.8271621291370423,0.02020122688367913,0.8271621291370423,0.15263664397927862,中性,中性,,False
生活区,BV1X75X6rEui,说到做到！不计成本逛离谱超市，会花多少钱？,1574484,95308,19126,6222,953,2192,我的家人身体妙不妙,,我的家人身体妙不妙,0,0,4,0,0,0.0,0.0,0.0,0.0,0.0,0.0,0.0,0.0,0,0,0,0,0,0,0,0,无明显情感,未明确对象,未明确方面,中性,0,0.8253515795465177,0.021278236431645135,0.8253515795465177,0.15337018402183725,中性,中性,,False
生活区,BV1X75X6rEui,说到做到！不计成本逛离谱超市，会花多少钱？,1574484,95308,19126,6222,953,2192,我这次回家妙不妙,,我这次回家妙不妙,0,0,4,0,0,0.0,0.0,0.0,0.0,0.0,0.0,0.0,0.0,0,0,0,0,0,0,0,0,无明显情感,未明确对象,未明确方面,中性,0,0.7776092587149116,0.018733266767774363,0.7776092587149116,0.20365747451731414,中性,中性,,False
生活区,BV1X75X6rEui,说到做到！不计成本逛离谱超市，会花多少钱？,1574484,95308,19126,6222,953,2192,我的研究生生活妙不妙,,我的研究生生活妙不妙,0,0,4,0,0,0.0,0.0,0.0,0.0,0.0,0.0,0.0,0.0,0,0,0,0,0,0,0,0,无明显情感,未明确对象,未明确方面,中性,0,0.7997850947185202,0.02458167284775823,0.7997850947185202,0.17563323243372161,中性,中性,,False
生活区,BV1X75X6rEui,说到做到！不计成本逛离谱超市，会花多少钱？,1574484,95308,19126,6222,953,2192,湖北叫藜蒿,,湖北叫藜蒿,0,0,4,0,0,0.0,0.0,0.0,0.0,0.0,0.0,0.0,0.0,0,0,0,0,0,0,0,0,无明显情感,未明确对象,未明确方面,中性,0,0.5227336752261983,0.34282432547882585,0.5227336752261983,0.13444199929497583,中性,中性,,False
生活区,BV1X75X6rEui,说到做到！不计成本逛离谱超市，会花多少钱？,1574484,95308,19126,6222,953,2192,但是这个世界上好像不存在无机蔬菜耶,,但是这个世界上好像不存在无机蔬菜耶,0,0,10,0,0,0.0,0.0,0.0,0.0,0.0,0.0,0.0,0.0,1,0,0,0,0,0,0,0,无明显情感,未明确对象,未明确方面,中性,0,0.6297224932184678,0.1892263859550189,0.6297224932184678,0.18105112082651323,中性,中性,0.0,True
生活区,BV1X75X6rEui,说到做到！不计成本逛离谱超市，会花多少钱？,1574484,95308,19126,6222,953,2192,那么薄这个牛排？,,那么薄这个牛排？,0,0,5,0,1,0.0,0.0,0.0,0.0,0.0,0.0,0.0,0.0,0,0,0,0,0,0,0,0,无明显情感,未明确对象,未明确方面,中性,-1,0.7977857591399442,0.7977857591399442,0.18104515616288294,0.02116908469717286,负面,负面,,False
生活区,BV1X75X6rEui,说到做到！不计成本逛离谱超市，会花多少钱？,1574484,95308,19126,6222,953,2192,早餐吃牛排？,,早餐吃牛排？,0,0,4,0,1,0.0,0.0,0.0,0.0,0.0,0.0,0.0,0.0,0,0,0,0,0,0,0,0,无明显情感,未明确对象,未明确方面,中性,0,0.7223874776718525,0.2206996845146903,0.7223874776718525,0.056912837813457136,中性,中性,,False
生活区,BV1X75X6rEui,说到做到！不计成本逛离谱超市，会花多少钱？,1574484,95308,19126,6222,953,2192,一眼软广,,一眼软广,0,0,2,0,0,0.0,0.0,0.0,0.0,0.0,0.0,0.0,0.0,0,0,0,0,0,0,0,0,无明显情感,未明确对象,未明确方面,中性,0,0.6553065905941072,0.1468149965085425,0.6553065905941072,0.19787841289735017,中性,中性,,False
生活区,BV1X75X6rEui,说到做到！不计成本逛离谱超市，会花多少钱？,1574484,95308,19126,6222,953,2192,没意思的软广,,没意思的软广,0,0,2,0,0,0.0,0.0,0.0,0.0,0.0,0.0,0.0,0.0,0,0,0,0,0,0,0,0,无明显情感,未明确对象,未明确方面,中性,0,0.7583902034141079,0.13238497364121407,0.7583902034141079,0.10922482294467815,中性,中性,,False
生活区,BV1X75X6rEui,说到做到！不计成本逛离谱超市，会花多少钱？,1574484,95308,19126,6222,953,2192,还是便宜了,,还是便宜了,0,0,2,0,0,0.0,0.0,0.0,0.0,0.0,0.0,0.0,0.0,0,0,0,0,0,0,0,0,无明显情感,未明确对象,未明确方面,中性,0,0.6089495111705735,0.29085152972440925,0.6089495111705735,0.10019895910501721,中性,中性,,False
生活区,BV1X75X6rEui,说到做到！不计成本逛离谱超市，会花多少钱？,1574484,95308,19126,6222,953,2192,事业编上岸妙不妙,,事业编上岸妙不妙,0,0,5,0,0,0.0,0.0,0.0,0.0,0.0,0.0,0.0,0.0,0,0,0,0,0,0,0,0,无明显情感,未明确对象,未明确方面,中性,0,0.5011990188097623,0.02136604732862647,0.5011990188097623,0.47743493386161134,中性,中性,,False
生活区,BV1X75X6rEui,说到做到！不计成本逛离谱超市，会花多少钱？,1574484,95308,19126,6222,953,2192,土豪一天,,土豪一天,0,0,2,0,0,0.0,0.0,0.0,0.0,0.0,0.0,0.0,0.0,0,0,0,0,0,0,0,0,无明显情感,未明确对象,未明确方面,中性,0,0.6553065905941072,0.1468149965085425,0.6553065905941072,0.19787841289735017,中性,中性,,False
生活区,BV1X75X6rEui,说到做到！不计成本逛离谱超市，会花多少钱？,1574484,95308,19126,6222,953,2192,六双筷子，其中3双是公筷，不是够6个人吃,,六双筷子，其中3双是公筷，不是够6个人吃,0,0,13,0,0,0.0,0.0,0.0,0.0,0.0,0.0,0.0,0.0,0,0,0,0,0,0,0,0,无明显情感,未明确对象,未明确方面,中性,-1,0.6423067437751708,0.6423067437751708,0.29553836352339463,0.06215489270143456,负面,负面,,False
生活区,BV1X75X6rEui,说到做到！不计成本逛离谱超市，会花多少钱？,1574484,95308,19126,6222,953,2192,我周末考试妙不妙,,我周末考试妙不妙,0,0,4,0,0,0.0,0.0,0.0,0.0,0.0,0.0,0.0,0.0,0,0,0,0,0,0,0,0,无明显情感,未明确对象,未明确方面,中性,0,0.8099899612718993,0.0350011600237146,0.8099899612718993,0.1550088787043862,中性,中性,,False
生活区,BV1X75X6rEui,说到做到！不计成本逛离谱超市，会花多少钱？,1574484,95308,19126,6222,953,2192,好家伙！ 真正的 ”混蛋“！,,好家伙！真正的混蛋！,0,0,5,2,0,0.0,0.0,0.0,0.0,0.0,0.0,0.0,0.0,0,0,0,0,0,0,0,0,无明显情感,未明确对象,未明确方面,中性,1,0.5557790636285361,0.04299863930246047,0.4012222970690034,0.5557790636285361,正面,正面,,False
生活区,BV1X75X6rEui,说到做到！不计成本逛离谱超市，会花多少钱？,1574484,95308,19126,6222,953,2192,hun蛋呐,,hun蛋呐,0,0,2,0,0,0.0,0.0,0.0,0.0,0.0,0.0,0.0,0.0,0,0,0,0,0,0,0,0,无明显情感,未明确对象,未明确方面,中性,0,0.6553065905941072,0.1468149965085425,0.6553065905941072,0.19787841289735017,中性,中性,,False
生活区,BV1X75X6rEui,说到做到！不计成本逛离谱超市，会花多少钱？,1574484,95308,19126,6222,953,2192,石斑鱼寡淡无味，纯纯炒作,,石斑鱼寡淡无味，纯纯炒作,0,0,6,0,0,0.0,0.0,0.0,0.0,0.0,0.0,0.0,0.0,0,0,0,0,0,0,0,0,无明显情感,未明确对象,未明确方面,中性,-1,0.5994795892037433,0.5994795892037433,0.16527796792740646,0.23524244286885024,负面,负面,-1.0,True
生活区,BV1X75X6rEui,说到做到！不计成本逛离谱超市，会花多少钱？,1574484,95308,19126,6222,953,2192,哈哈哈哈哈哈哈哈哈哈哈哈哈哈哈,,哈哈哈哈哈哈哈哈哈哈哈哈哈哈哈,5,0,5,0,0,5.0,5.0,0.0,5.0,1.0,5.0,5.0,0.0,0,0,1,0,0,0,0,1,对象评价+自身情绪,未明确对象,娱乐与趣味,正面,1,0.9999303336618598,1.534054513582999e-05,5.4325793004383594e-05,0.9999303336618598,正面,正面,,False
生活区,BV1X75X6rEui,说到做到！不计成本逛离谱超市，会花多少钱？,1574484,95308,19126,6222,953,2192,尼是眉果银嘛,,尼是眉果银嘛,0,0,3,0,0,0.0,0.0,0.0,0.0,0.0,0.0,0.0,0.0,0,0,0,0,0,0,0,0,无明显情感,未明确对象,未明确方面,中性,0,0.6491052548105614,0.15351490488364694,0.6491052548105614,0.1973798403057917,中性,中性,,False
生活区,BV1X75X6rEui,说到做到！不计成本逛离谱超市，会花多少钱？,1574484,95308,19126,6222,953,2192,广告很正常啊,,广告很正常啊,0,0,3,0,0,0.0,0.0,0.0,0.0,0.0,0.0,0.0,0.0,0,0,0,0,0,0,0,0,无明显情感,未明确对象,未明确方面,中性,-1,0.5810649701451042,0.5810649701451042,0.22151565027477155,0.19741937958012434,负面,负面,,False
生活区,BV1X75X6rEui,说到做到！不计成本逛离谱超市，会花多少钱？,1574484,95308,19126,6222,953,2192,一面煎出血水？？,,一面煎出血水？？,0,0,6,0,2,0.0,0.0,0.0,0.0,0.0,0.0,0.0,0.0,0,0,0,0,0,0,0,0,无明显情感,未明确对象,未明确方面,中性,-1,0.46359029076575614,0.46359029076575614,0.44577488253059094,0.0906348267036528,负面,负面,,False
生活区,BV1X75X6rEui,说到做到！不计成本逛离谱超市，会花多少钱？,1574484,95308,19126,6222,953,2192,有点老,,有点老,0,0,1,0,0,0.0,0.0,0.0,0.0,0.0,0.0,0.0,0.0,0,0,0,0,0,0,0,0,无明显情感,未明确对象,未明确方面,中性,0,0.900306339687961,0.06605673930675712,0.900306339687961,0.033636921005281886,中性,中性,,False
生活区,BV1X75X6rEui,说到做到！不计成本逛离谱超市，会花多少钱？,1574484,95308,19126,6222,953,2192,这一顿就花10w,,这一顿就花10w,0,0,4,0,0,0.0,0.0,0.0,0.0,0.0,0.0,0.0,0.0,0,0,0,0,0,0,0,0,无明显情感,未明确对象,未明确方面,中性,-1,0.8245642312077439,0.8245642312077439,0.10647472708215872,0.06896104171009738,负面,负面,-1.0,True
生活区,BV1X75X6rEui,说到做到！不计成本逛离谱超市，会花多少钱？,1574484,95308,19126,6222,953,2192,bur夺少？鱼啊????,,bur夺少？鱼啊????,0,0,8,0,5,0.0,0.0,0.0,0.0,0.0,0.0,0.0,0.0,0,0,0,0,0,0,0,0,无明显情感,未明确对象,未明确方面,中性,-1,0.9914669265311351,0.9914669265311351,0.0067960976700063664,0.001736975798858483,负面,负面,,False
生活区,BV1X75X6rEui,说到做到！不计成本逛离谱超市，会花多少钱？,1574484,95308,19126,6222,953,2192,不对,,不对,0,0,2,0,0,0.0,0.0,0.0,0.0,0.0,0.0,0.0,0.0,0,0,0,0,0,0,0,0,无明显情感,未明确对象,未明确方面,中性,-1,0.5537468800505058,0.5537468800505058,0.3449454885944367,0.10130763135505763,负面,负面,,False
生活区,BV1X75X6rEui,说到做到！不计成本逛离谱超市，会花多少钱？,1574484,95308,19126,6222,953,2192,不过啦,,不过啦,0,0,2,0,0,0.0,0.0,0.0,0.0,0.0,0.0,0.0,0.0,1,0,0,0,0,0,0,0,无明显情感,未明确对象,未明确方面,中性,0,0.6476404053910727,0.26338727436211035,0.6476404053910727,0.08897232024681698,中性,中性,,False
生活区,BV1X75X6rEui,说到做到！不计成本逛离谱超市，会花多少钱？,1574484,95308,19126,6222,953,2192,晚餐有点朴素了,,晚餐有点朴素了,0,0,2,0,0,0.0,0.0,0.0,0.0,0.0,0.0,0.0,0.0,0,0,0,0,0,0,0,0,无明显情感,未明确对象,未明确方面,中性,0,0.7139487474802831,0.230022116717007,0.7139487474802831,0.05602913580270985,中性,中性,,False
生活区,BV1X75X6rEui,说到做到！不计成本逛离谱超市，会花多少钱？,1574484,95308,19126,6222,953,2192,这是清淡嘛,,这是清淡嘛,0,0,3,0,0,0.0,0.0,0.0,0.0,0.0,0.0,0.0,0.0,0,0,0,0,0,0,0,0,无明显情感,未明确对象,未明确方面,中性,0,0.8641386252933035,0.06310056630696316,0.8641386252933035,0.07276080839973331,中性,中性,,False
生活区,BV1X75X6rEui,说到做到！不计成本逛离谱超市，会花多少钱？,1574484,95308,19126,6222,953,2192,大锤,,大锤,0,0,1,0,0,0.0,0.0,0.0,0.0,0.0,0.0,0.0,0.0,0,0,0,0,0,0,0,0,无明显情感,未明确对象,未明确方面,中性,0,0.6613337795964743,0.14035796080361848,0.6613337795964743,0.19830825959990717,中性,中性,,False
生活区,BV1X75X6rEui,说到做到！不计成本逛离谱超市，会花多少钱？,1574484,95308,19126,6222,953,2192,看饿了,,看饿了,0,0,2,0,0,0.0,0.0,0.0,0.0,0.0,0.0,0.0,0.0,0,0,0,0,0,0,0,0,无明显情感,未明确对象,未明确方面,中性,0,0.5947730822337112,0.19848664932279841,0.5947730822337112,0.2067402684434905,中性,中性,,False
生活区,BV1X75X6rEui,说到做到！不计成本逛离谱超市，会花多少钱？,1574484,95308,19126,6222,953,2192,我股票妙不妙,,我股票妙不妙,0,0,3,0,0,0.0,0.0,0.0,0.0,0.0,0.0,0.0,0.0,0,0,0,0,0,0,0,0,无明显情感,未明确对象,未明确方面,中性,0,0.7794837813025697,0.01778892231030892,0.7794837813025697,0.20272729638712142,中性,中性,,False
生活区,BV1X75X6rEui,说到做到！不计成本逛离谱超市，会花多少钱？,1574484,95308,19126,6222,953,2192,不值七十,,不值七十,0,1,2,0,0,-1.0,0.0,1.0,1.0,0.5,-1.0,0.0,1.0,0,0,0,0,0,0,0,1,对象评价,未明确对象,未明确方面,负面,-1,0.4346481096303633,0.4346481096303633,0.43119672874600845,0.13415516162362826,负面,负面,-1.0,True
生活区,BV1X75X6rEui,说到做到！不计成本逛离谱超市，会花多少钱？,1574484,95308,19126,6222,953,2192,好好好,,好好好,0,0,2,0,0,0.0,0.0,0.0,0.0,0.0,0.0,0.0,0.0,0,0,0,0,0,0,0,0,无明显情感,未明确对象,未明确方面,中性,1,0.6719142615870367,0.244607410015942,0.08347832839702123,0.6719142615870367,正面,正面,,False
生活区,BV1X75X6rEui,说到做到！不计成本逛离谱超市，会花多少钱？,1574484,95308,19126,6222,953,2192,这个牛排是不是太薄了,,这个牛排是不是太薄了,0,0,4,0,0,0.0,0.0,0.0,0.0,0.0,0.0,0.0,0.0,0,0,0,0,0,0,0,0,无明显情感,未明确对象,未明确方面,中性,-1,0.5512085942665198,0.5512085942665198,0.40694817841244435,0.041843227321035785,负面,负面,,False
生活区,BV1X75X6rEui,说到做到！不计成本逛离谱超市，会花多少钱？,1574484,95308,19126,6222,953,2192,氢弹,,氢弹,0,0,1,0,0,0.0,0.0,0.0,0.0,0.0,0.0,0.0,0.0,0,0,0,0,0,0,0,0,无明显情感,未明确对象,未明确方面,中性,0,0.6613337795964743,0.14035796080361848,0.6613337795964743,0.19830825959990717,中性,中性,,False
生活区,BV1X75X6rEui,说到做到！不计成本逛离谱超市，会花多少钱？,1574484,95308,19126,6222,953,2192,简称：混•蛋,,简称混蛋,0,0,2,0,0,0.0,0.0,0.0,0.0,0.0,0.0,0.0,0.0,0,0,0,0,0,0,0,0,无明显情感,未明确对象,未明确方面,中性,0,0.6553065905941072,0.1468149965085425,0.6553065905941072,0.19787841289735017,中性,中性,,False
生活区,BV1X75X6rEui,说到做到！不计成本逛离谱超市，会花多少钱？,1574484,95308,19126,6222,953,2192,一块298？这被宰了吧,,一块298？这被宰了吧,0,0,5,0,1,0.0,0.0,0.0,0.0,0.0,0.0,0.0,0.0,0,0,0,0,0,0,0,0,无明显情感,未明确对象,未明确方面,中性,-1,0.6777079512105771,0.6777079512105771,0.25577541900714235,0.0665166297822805,负面,负面,,False
生活区,BV1X75X6rEui,说到做到！不计成本逛离谱超市，会花多少钱？,1574484,95308,19126,6222,953,2192,我的硬度妙不妙,,我的硬度妙不妙,0,0,3,0,0,0.0,0.0,0.0,0.0,0.0,0.0,0.0,0.0,0,0,0,0,0,0,0,0,无明显情感,未明确对象,未明确方面,中性,0,0.8271621291370423,0.02020122688367913,0.8271621291370423,0.15263664397927862,中性,中性,,False
生活区,BV1X75X6rEui,说到做到！不计成本逛离谱超市，会花多少钱？,1574484,95308,19126,6222,953,2192,那我帮你吃不就好了,,那我帮你吃不就好了,0,0,5,0,0,0.0,0.0,0.0,0.0,0.0,0.0,0.0,0.0,0,0,0,0,0,0,0,0,无明显情感,未明确对象,未明确方面,中性,0,0.6114620974546128,0.23463902222931346,0.6114620974546128,0.15389888031607377,中性,中性,,False
生活区,BV1X75X6rEui,说到做到！不计成本逛离谱超市，会花多少钱？,1574484,95308,19126,6222,953,2192,我们这超市49.9,,我们这超市49.9,0,0,3,0,0,0.0,0.0,0.0,0.0,0.0,0.0,0.0,0.0,0,0,0,0,0,0,0,0,无明显情感,未明确对象,未明确方面,中性,0,0.3736437612485087,0.3320695941351693,0.3736437612485087,0.2942866446163219,中性,中性,,False
生活区,BV1X75X6rEui,说到做到！不计成本逛离谱超市，会花多少钱？,1574484,95308,19126,6222,953,2192,这就是大碴子,,这就是大碴子,0,0,2,0,0,0.0,0.0,0.0,0.0,0.0,0.0,0.0,0.0,0,0,0,0,0,0,0,0,无明显情感,未明确对象,未明确方面,中性,0,0.5622500239416247,0.37882976323667383,0.5622500239416247,0.05892021282170159,中性,中性,,False
生活区,BV1X75X6rEui,说到做到！不计成本逛离谱超市，会花多少钱？,1574484,95308,19126,6222,953,2192,我的龙华区小学科学成绩妙不妙,,我的龙华区小学科学成绩妙不妙,0,0,6,0,0,0.0,0.0,0.0,0.0,0.0,0.0,0.0,0.0,0,0,0,0,0,0,0,0,无明显情感,未明确对象,未明确方面,中性,0,0.8152340691375578,0.02840272188032614,0.8152340691375578,0.15636320898211606,中性,中性,,False
生活区,BV1X75X6rEui,说到做到！不计成本逛离谱超市，会花多少钱？,1574484,95308,19126,6222,953,2192,她答应我妙不妙,,她答应我妙不妙,1,0,3,0,0,1.0,1.0,0.0,1.0,0.3333333333333333,1.0,1.0,0.0,0,0,0,0,0,0,0,1,对象评价,未明确对象,未明确方面,正面,1,0.7402735774937479,0.01794630202493351,0.24178012048131858,0.7402735774937479,正面,正面,1.0,True
生活区,BV1X75X6rEui,说到做到！不计成本逛离谱超市，会花多少钱？,1574484,95308,19126,6222,953,2192,看着就不好吃,,看着就不好吃,0,0,4,0,0,0.0,0.0,0.0,0.0,0.0,0.0,0.0,0.0,0,0,0,0,0,0,0,0,无明显情感,未明确对象,未明确方面,中性,-1,0.745228741683838,0.745228741683838,0.09554154419504908,0.15922971412111284,负面,负面,,False
生活区,BV1X75X6rEui,说到做到！不计成本逛离谱超市，会花多少钱？,1574484,95308,19126,6222,953,2192,好硬的广,,好硬的广,0,0,3,0,0,0.0,0.0,0.0,0.0,0.0,0.0,0.0,0.0,0,0,0,0,0,0,0,0,无明显情感,未明确对象,未明确方面,中性,1,0.5385111004409249,0.2715044644788298,0.18998443508024532,0.5385111004409249,正面,正面,,False
生活区,BV1X75X6rEui,说到做到！不计成本逛离谱超市，会花多少钱？,1574484,95308,19126,6222,953,2192,投币给你回点本,,投币给你回点本,1,0,4,0,0,1.0,1.0,0.0,1.0,0.25,1.0,1.0,0.0,0,0,0,0,0,0,0,1,对象评价,未明确对象,未明确方面,正面,1,0.7359128703818554,0.06078114337606673,0.2033059862420779,0.7359128703818554,正面,正面,1.0,True
生活区,BV1X75X6rEui,说到做到！不计成本逛离谱超市，会花多少钱？,1574484,95308,19126,6222,953,2192,退出了，谁和你兄弟,,退出了，谁和你兄弟,0,0,4,0,0,0.0,0.0,0.0,0.0,0.0,0.0,0.0,0.0,0,0,0,0,0,0,0,0,无明显情感,未明确对象,未明确方面,中性,-1,0.7498652918729629,0.7498652918729629,0.18463742855539528,0.06549727957164185,负面,负面,-1.0,True
生活区,BV1X75X6rEui,说到做到！不计成本逛离谱超市，会花多少钱？,1574484,95308,19126,6222,953,2192,全素  23333,,全素23333,1,0,2,0,0,1.2,1.2,0.0,1.2,0.5,1.2,1.2,0.0,0,0,0,0,0,0,0,1,对象评价,未明确对象,未明确方面,正面,1,0.7909218318838502,0.05546527925258208,0.15361288886356766,0.7909218318838502,正面,正面,,False
生活区,BV1X75X6rEui,说到做到！不计成本逛离谱超市，会花多少钱？,1574484,95308,19126,6222,953,2192,所以怎么都得和外国沾点边！然后才卖得起高价,,所以怎么都得和外国沾点边！然后才卖得起高价,0,0,14,1,0,0.0,0.0,0.0,0.0,0.0,0.0,0.0,0.0,0,0,0,0,0,0,0,0,无明显情感,未明确对象,未明确方面,中性,0,0.8610681569301033,0.06457661713684038,0.8610681569301033,0.07435522593305627,中性,中性,,False
生活区,BV1X75X6rEui,说到做到！不计成本逛离谱超市，会花多少钱？,1574484,95308,19126,6222,953,2192,那就是混蛋了,,那就是混蛋了,0,0,2,0,0,0.0,0.0,0.0,0.0,0.0,0.0,0.0,0.0,0,0,0,0,0,0,0,0,无明显情感,未明确对象,未明确方面,中性,-1,0.7101438560721474,0.7101438560721474,0.17256097639052784,0.11729516753732479,负面,负面,-1.0,True
生活区,BV1X75X6rEui,说到做到！不计成本逛离谱超市，会花多少钱？,1574484,95308,19126,6222,953,2192,asdfghjkl,,asdfghjkl,0,0,1,0,0,0.0,0.0,0.0,0.0,0.0,0.0,0.0,0.0,0,0,0,0,0,0,0,0,无明显情感,未明确对象,未明确方面,中性,0,0.6563446916307228,0.12092473438469845,0.6563446916307228,0.22273057398457866,中性,中性,,False
生活区,BV1X75X6rEui,说到做到！不计成本逛离谱超市，会花多少钱？,1574484,95308,19126,6222,953,2192,不是看你吃什么，而是看你和谁吃,,不是看你吃什么，而是看你和谁吃,0,0,9,0,0,0.0,0.0,0.0,0.0,0.0,0.0,0.0,0.0,0,0,0,0,0,0,0,0,无明显情感,未明确对象,未明确方面,中性,0,0.7467350419077116,0.23146623576401193,0.7467350419077116,0.021798722328276496,中性,中性,,False
生活区,BV1X75X6rEui,说到做到！不计成本逛离谱超市，会花多少钱？,1574484,95308,19126,6222,953,2192,我面试妙不妙,,我面试妙不妙,0,0,3,0,0,0.0,0.0,0.0,0.0,0.0,0.0,0.0,0.0,0,0,0,0,0,0,0,0,无明显情感,未明确对象,未明确方面,中性,0,0.7537809827501087,0.06634201965863262,0.7537809827501087,0.1798769975912587,中性,中性,,False
生活区,BV1X75X6rEui,说到做到！不计成本逛离谱超市，会花多少钱？,1574484,95308,19126,6222,953,2192,就是混蛋,,就是混蛋,0,0,2,0,0,0.0,0.0,0.0,0.0,0.0,0.0,0.0,0.0,0,0,0,0,0,0,0,0,无明显情感,未明确对象,未明确方面,中性,0,0.7767040757692601,0.15131525860791928,0.7767040757692601,0.07198066562282066,中性,中性,,False
生活区,BV1X75X6rEui,说到做到！不计成本逛离谱超市，会花多少钱？,1574484,95308,19126,6222,953,2192,撤回,,撤回,0,0,1,0,0,0.0,0.0,0.0,0.0,0.0,0.0,0.0,0.0,0,0,0,0,0,0,0,0,无明显情感,未明确对象,未明确方面,中性,0,0.6613337795964743,0.14035796080361848,0.6613337795964743,0.19830825959990717,中性,中性,,False
生活区,BV1X75X6rEui,说到做到！不计成本逛离谱超市，会花多少钱？,1574484,95308,19126,6222,953,2192,弹幕,,弹幕,0,0,1,0,0,0.0,0.0,0.0,0.0,0.0,0.0,0.0,0.0,0,0,0,0,0,0,0,0,无明显情感,未明确对象,未明确方面,中性,0,0.7013475400570653,0.03491773211406019,0.7013475400570653,0.2637347278288744,中性,中性,,False
生活区,BV1X75X6rEui,说到做到！不计成本逛离谱超市，会花多少钱？,1574484,95308,19126,6222,953,2192,广告还得自己买啊,,广告还得自己买啊,0,0,5,0,0,0.0,0.0,0.0,0.0,0.0,0.0,0.0,0.0,0,0,0,0,0,0,0,0,无明显情感,未明确对象,未明确方面,中性,0,0.6559794409746627,0.13847294653031775,0.6559794409746627,0.20554761249501957,中性,中性,0.0,True
生活区,BV1X75X6rEui,说到做到！不计成本逛离谱超市，会花多少钱？,1574484,95308,19126,6222,953,2192,我今年成绩妙不妙,,我今年成绩妙不妙,0,0,4,0,0,0.0,0.0,0.0,0.0,0.0,0.0,0.0,0.0,0,0,0,0,0,0,0,0,无明显情感,未明确对象,未明确方面,中性,0,0.6618790510276037,0.027902485784089184,0.6618790510276037,0.3102184631883071,中性,中性,,False
生活区,BV1X75X6rEui,说到做到！不计成本逛离谱超市，会花多少钱？,1574484,95308,19126,6222,953,2192,亏麻了,,亏麻了,0,1,1,0,0,-1.0,0.0,1.0,1.0,1.0,-1.0,0.0,1.0,0,0,0,0,0,0,0,1,对象评价,未明确对象,未明确方面,负面,-1,0.9388448164327653,0.9388448164327653,0.027085177720992445,0.034070005846242264,负面,负面,,False
生活区,BV1X75X6rEui,说到做到！不计成本逛离谱超市，会花多少钱？,1574484,95308,19126,6222,953,2192,俗称杂粮饭,,俗称杂粮饭,0,0,3,0,0,0.0,0.0,0.0,0.0,0.0,0.0,0.0,0.0,0,0,0,0,0,0,0,0,无明显情感,未明确对象,未明确方面,中性,0,0.6491052548105614,0.15351490488364694,0.6491052548105614,0.1973798403057917,中性,中性,,False
生活区,BV1X75X6rEui,说到做到！不计成本逛离谱超市，会花多少钱？,1574484,95308,19126,6222,953,2192,Ni zai zhi,,Nizaizhi,0,0,1,0,0,0.0,0.0,0.0,0.0,0.0,0.0,0.0,0.0,0,0,0,0,0,0,0,0,无明显情感,未明确对象,未明确方面,中性,0,0.6613337795964743,0.14035796080361848,0.6613337795964743,0.19830825959990717,中性,中性,,False
生活区,BV1X75X6rEui,说到做到！不计成本逛离谱超市，会花多少钱？,1574484,95308,19126,6222,953,2192,感觉吃不完,,感觉吃不完,0,0,2,0,0,0.0,0.0,0.0,0.0,0.0,0.0,0.0,0.0,0,0,0,0,0,0,0,0,无明显情感,未明确对象,未明确方面,中性,-1,0.7816350994980951,0.7816350994980951,0.12799522836970928,0.09036967213219572,负面,负面,,False
生活区,BV1X75X6rEui,说到做到！不计成本逛离谱超市，会花多少钱？,1574484,95308,19126,6222,953,2192,芦笋,,芦笋,0,0,1,0,0,0.0,0.0,0.0,0.0,0.0,0.0,0.0,0.0,0,0,0,0,0,0,0,0,无明显情感,未明确对象,未明确方面,中性,0,0.6613337795964743,0.14035796080361848,0.6613337795964743,0.19830825959990717,中性,中性,,False
生活区,BV1X75X6rEui,说到做到！不计成本逛离谱超市，会花多少钱？,1574484,95308,19126,6222,953,2192,华为蛋,,华为蛋,0,0,2,0,0,0.0,0.0,0.0,0.0,0.0,0.0,0.0,0.0,0,0,0,0,0,0,0,0,无明显情感,未明确对象,未明确方面,中性,0,0.5141184930765029,0.3347969069934985,0.5141184930765029,0.15108459992999862,中性,中性,,False
生活区,BV1X75X6rEui,说到做到！不计成本逛离谱超市，会花多少钱？,1574484,95308,19126,6222,953,2192,藜蒿长很多叶子的，盒子里是理好的。和蒜薹可不一样,,藜蒿长很多叶子的，盒子里是理好的。和蒜薹可不一样,0,0,13,0,0,0.0,0.0,0.0,0.0,0.0,0.0,0.0,0.0,0,0,0,0,0,0,0,0,无明显情感,未明确对象,未明确方面,中性,0,0.4848821348866032,0.32790170017180614,0.4848821348866032,0.18721616494159077,中性,中性,,False
生活区,BV1X75X6rEui,说到做到！不计成本逛离谱超市，会花多少钱？,1574484,95308,19126,6222,953,2192,简单在哪,,简单在哪,1,0,3,0,0,1.0,1.0,0.0,1.0,0.3333333333333333,1.0,1.0,0.0,0,0,0,0,0,0,0,1,对象评价,未明确对象,理解与难度,正面,0,0.40325103328881434,0.36805414801591446,0.40325103328881434,0.22869481869527128,中性,中性,0.0,True
生活区,BV1X75X6rEui,说到做到！不计成本逛离谱超市，会花多少钱？,1574484,95308,19126,6222,953,2192,真是听风就是雨，无敌了,,真是听风就是雨，无敌了,1,0,6,0,0,1.0,1.0,0.0,1.0,0.16666666666666666,1.0,1.0,0.0,0,0,0,0,0,0,0,1,对象评价,未明确对象,未明确方面,正面,-1,0.6580500830133799,0.6580500830133799,0.09692942068324353,0.24502049630337652,负面,负面,-1.0,True
生活区,BV1X75X6rEui,说到做到！不计成本逛离谱超市，会花多少钱？,1574484,95308,19126,6222,953,2192,我这次比赛妙不妙,,我这次比赛妙不妙,0,0,4,0,0,0.0,0.0,0.0,0.0,0.0,0.0,0.0,0.0,0,0,0,0,0,0,0,0,无明显情感,比赛内容,比赛表现,中性,0,0.7776092587149116,0.018733266767774363,0.7776092587149116,0.20365747451731414,中性,中性,,False
生活区,BV1X75X6rEui,说到做到！不计成本逛离谱超市，会花多少钱？,1574484,95308,19126,6222,953,2192,多少,,多少,0,0,1,0,0,0.0,0.0,0.0,0.0,0.0,0.0,0.0,0.0,0,0,0,0,0,0,0,0,无明显情感,未明确对象,未明确方面,中性,0,0.6613337795964743,0.14035796080361848,0.6613337795964743,0.19830825959990717,中性,中性,,False
生活区,BV1X75X6rEui,说到做到！不计成本逛离谱超市，会花多少钱？,1574484,95308,19126,6222,953,2192,不计成本你吃预制菜？,,不计成本你吃预制菜？,0,0,5,0,1,0.0,0.0,0.0,0.0,0.0,0.0,0.0,0.0,0,0,0,0,0,0,0,0,无明显情感,未明确对象,未明确方面,中性,-1,0.6226904110677671,0.6226904110677671,0.3421864282585782,0.0351231606736548,负面,负面,,False
生活区,BV1X75X6rEui,说到做到！不计成本逛离谱超市，会花多少钱？,1574484,95308,19126,6222,953,2192,我想看吃米其林！,,我想看吃米其林！,0,0,5,1,0,0.0,0.0,0.0,0.0,0.0,0.0,0.0,0.0,0,0,0,0,0,0,0,0,无明显情感,未明确对象,未明确方面,中性,0,0.6596865726310308,0.10108618820589076,0.6596865726310308,0.23922723916307848,中性,中性,,False
生活区,BV1X75X6rEui,说到做到！不计成本逛离谱超市，会花多少钱？,1574484,95308,19126,6222,953,2192,还行吧 我还以为是5700 哈哈哈,,还行吧我还以为是5700哈哈哈,1,0,5,0,0,1.0,1.0,0.0,1.0,0.2,1.0,1.0,0.0,0,0,1,0,0,0,0,1,对象评价+自身情绪,未明确对象,娱乐与趣味,正面,1,0.6930088321358288,0.13168052756583812,0.17531064029833313,0.6930088321358288,正面,正面,,False
生活区,BV1X75X6rEui,说到做到！不计成本逛离谱超市，会花多少钱？,1574484,95308,19126,6222,953,2192,我明年上岸秒不妙,,我明年上岸秒不妙,0,0,4,0,0,0.0,0.0,0.0,0.0,0.0,0.0,0.0,0.0,0,0,0,0,0,0,0,0,无明显情感,未明确对象,未明确方面,中性,0,0.6489009416545533,0.03343965580462877,0.6489009416545533,0.317659402540818,中性,中性,,False
生活区,BV1X75X6rEui,说到做到！不计成本逛离谱超市，会花多少钱？,1574484,95308,19126,6222,953,2192,我们宿舍六个人买了两盒，去超市买了点火锅料青菜，还加了我们自己的泡面，因为禁大功率，这样吃还可以,,我们宿舍六个人买了两盒，去超市买了点火锅料青菜，还加了我们自己的泡面，因为禁大功率，这样吃还可以,1,0,27,0,0,1.0,1.0,0.0,1.0,0.037037037037037035,1.0,1.0,0.0,0,0,0,0,0,0,0,1,对象评价,未明确对象,未明确方面,正面,1,0.3991447071936922,0.2921309154680281,0.3087243773382796,0.3991447071936922,正面,正面,1.0,True
生活区,BV1X75X6rEui,说到做到！不计成本逛离谱超市，会花多少钱？,1574484,95308,19126,6222,953,2192,我的考研妙不妙,,我的考研妙不妙,0,0,3,0,0,0.0,0.0,0.0,0.0,0.0,0.0,0.0,0.0,0,0,0,0,0,0,0,0,无明显情感,未明确对象,未明确方面,中性,0,0.8271621291370423,0.02020122688367913,0.8271621291370423,0.15263664397927862,中性,中性,,False
生活区,BV1X75X6rEui,说到做到！不计成本逛离谱超市，会花多少钱？,1574484,95308,19126,6222,953,2192,这期肯定有甲方,,这期肯定有甲方,1,0,4,0,0,1.0,1.0,0.0,1.0,0.25,1.0,1.0,0.0,0,0,0,0,0,0,0,1,对象评价,未明确对象,未明确方面,正面,0,0.35276082578111245,0.33824520444133754,0.35276082578111245,0.30899396977755,中性,中性,0.0,True
生活区,BV1X75X6rEui,说到做到！不计成本逛离谱超市，会花多少钱？,1574484,95308,19126,6222,953,2192,一大早的吃牛排,,一大早的吃牛排,0,0,3,0,0,0.0,0.0,0.0,0.0,0.0,0.0,0.0,0.0,0,0,0,0,0,0,0,0,无明显情感,未明确对象,未明确方面,中性,0,0.8403726025913073,0.08648632860985253,0.8403726025913073,0.0731410687988402,中性,中性,,False
生活区,BV1X75X6rEui,说到做到！不计成本逛离谱超市，会花多少钱？,1574484,95308,19126,6222,953,2192,想抽你,,想抽你,0,0,2,0,0,0.0,0.0,0.0,0.0,0.0,0.0,0.0,0.0,0,0,0,0,0,0,0,0,无明显情感,未明确对象,未明确方面,中性,0,0.5830345665874622,0.26176099262513153,0.5830345665874622,0.15520444078740622,中性,中性,,False
生活区,BV1X75X6rEui,说到做到！不计成本逛离谱超市，会花多少钱？,1574484,95308,19126,6222,953,2192,这叫不计成本？,,这叫不计成本？,0,0,3,0,1,0.0,0.0,0.0,0.0,0.0,0.0,0.0,0.0,0,0,0,0,0,0,0,0,无明显情感,未明确对象,未明确方面,中性,-1,0.7965213431875723,0.7965213431875723,0.1780189766893067,0.02545968012312102,负面,负面,-1.0,True
生活区,BV1X75X6rEui,说到做到！不计成本逛离谱超市，会花多少钱？,1574484,95308,19126,6222,953,2192,4785968574\,,4785968574,0,0,1,0,0,0.0,0.0,0.0,0.0,0.0,0.0,0.0,0.0,0,0,0,0,0,0,0,0,无明显情感,未明确对象,未明确方面,中性,0,0.6114957574721787,0.10848039300531614,0.6114957574721787,0.2800238495225052,中性,中性,,False
生活区,BV1X75X6rEui,说到做到！不计成本逛离谱超市，会花多少钱？,1574484,95308,19126,6222,953,2192,哈哈哈哈哈,,哈哈哈哈哈,2,0,2,0,0,2.0,2.0,0.0,2.0,1.0,2.0,2.0,0.0,0,0,1,0,0,0,0,1,对象评价+自身情绪,未明确对象,娱乐与趣味,正面,1,0.9870821014714654,0.003391345452899201,0.009526553075635331,0.9870821014714654,正面,正面,,False
生活区,BV1X75X6rEui,说到做到！不计成本逛离谱超市，会花多少钱？,1574484,95308,19126,6222,953,2192,队长：不辣，水椒,,队长不辣，水椒,0,0,4,0,0,0.0,0.0,0.0,0.0,0.0,0.0,0.0,0.0,0,0,0,0,0,0,0,0,无明显情感,未明确对象,未明确方面,中性,-1,0.5752279946696517,0.5752279946696517,0.1767256779798078,0.2480463273505406,负面,中性,0.0,True
生活区,BV1X75X6rEui,说到做到！不计成本逛离谱超市，会花多少钱？,1574484,95308,19126,6222,953,2192,我下半年妙不妙？,,我下半年妙不妙？,0,0,4,0,1,0.0,0.0,0.0,0.0,0.0,0.0,0.0,0.0,0,0,0,0,0,0,0,0,无明显情感,未明确对象,未明确方面,中性,0,0.8925530416595207,0.039911688738798,0.8925530416595207,0.06753526960168146,中性,中性,,False
生活区,BV1X75X6rEui,说到做到！不计成本逛离谱超市，会花多少钱？,1574484,95308,19126,6222,953,2192,九九成～,,九九成,0,0,2,0,0,0.0,0.0,0.0,0.0,0.0,0.0,0.0,0.0,0,0,0,0,0,0,0,0,无明显情感,未明确对象,未明确方面,中性,0,0.6553065905941072,0.1468149965085425,0.6553065905941072,0.19787841289735017,中性,中性,,False
生活区,BV1X75X6rEui,说到做到！不计成本逛离谱超市，会花多少钱？,1574484,95308,19126,6222,953,2192,我还款妙不妙,,我还款妙不妙,0,0,3,0,0,0.0,0.0,0.0,0.0,0.0,0.0,0.0,0.0,0,0,0,0,0,0,0,0,无明显情感,未明确对象,未明确方面,中性,0,0.7534090800470877,0.03916215237648636,0.7534090800470877,0.20742876757642592,中性,中性,,False
生活区,BV1X75X6rEui,说到做到！不计成本逛离谱超市，会花多少钱？,1574484,95308,19126,6222,953,2192,三姓家蛋/doge,,三姓家蛋doge,0,0,3,0,0,0.0,0.0,0.0,0.0,0.0,0.0,0.0,0.0,0,0,0,0,0,0,0,0,无明显情感,未明确对象,未明确方面,中性,0,0.757877221125312,0.08920439048641997,0.757877221125312,0.1529183883882682,中性,中性,,False
生活区,BV1X75X6rEui,说到做到！不计成本逛离谱超市，会花多少钱？,1574484,95308,19126,6222,953,2192,可以先放热水再丢自热包哦,,可以先放热水再丢自热包哦,1,0,7,0,0,1.0,1.0,0.0,1.0,0.14285714285714285,1.0,1.0,0.0,0,0,0,0,0,0,0,1,对象评价,未明确对象,未明确方面,正面,0,0.6997823142008807,0.059857464895778874,0.6997823142008807,0.2403602209033406,中性,中性,0.0,True
生活区,BV1X75X6rEui,说到做到！不计成本逛离谱超市，会花多少钱？,1574484,95308,19126,6222,953,2192,找工作妙不妙,,找工作妙不妙,0,0,4,0,0,0.0,0.0,0.0,0.0,0.0,0.0,0.0,0.0,0,0,0,0,0,0,0,0,无明显情感,未明确对象,未明确方面,中性,0,0.8431879835835907,0.06895230551441824,0.8431879835835907,0.08785971090199107,中性,中性,0.0,True
生活区,BV1X75X6rEui,说到做到！不计成本逛离谱超市，会花多少钱？,1574484,95308,19126,6222,953,2192,我转专业面试妙不妙,,我转专业面试妙不妙,1,0,5,0,0,1.0,1.0,0.0,1.0,0.2,1.0,1.0,0.0,0,0,0,0,0,0,0,1,对象评价,未明确对象,未明确方面,正面,1,0.615260938846285,0.07029198783490159,0.31444707331881344,0.615260938846285,正面,正面,1.0,True
生活区,BV1X75X6rEui,说到做到！不计成本逛离谱超市，会花多少钱？,1574484,95308,19126,6222,953,2192,我转专业考试妙不妙,,我转专业考试妙不妙,1,0,5,0,0,1.0,1.0,0.0,1.0,0.2,1.0,1.0,0.0,0,0,0,0,0,0,0,1,对象评价,未明确对象,未明确方面,正面,1,0.5878501797650546,0.039517615130102914,0.37263220510484246,0.5878501797650546,正面,正面,1.0,True
生活区,BV1X75X6rEui,说到做到！不计成本逛离谱超市，会花多少钱？,1574484,95308,19126,6222,953,2192,在五星级酒店吃自助也就100多,,在五星级酒店吃自助也就100多,0,0,9,0,0,0.0,0.0,0.0,0.0,0.0,0.0,0.0,0.0,0,0,0,0,0,0,0,0,无明显情感,未明确对象,未明确方面,中性,0,0.6294647466682649,0.2494203892235495,0.6294647466682649,0.12111486410818557,中性,中性,,False
生活区,BV1X75X6rEui,说到做到！不计成本逛离谱超市，会花多少钱？,1574484,95308,19126,6222,953,2192,这个是真奢侈,,这个是真奢侈,0,0,3,0,0,0.0,0.0,0.0,0.0,0.0,0.0,0.0,0.0,0,0,0,0,0,0,0,0,无明显情感,未明确对象,未明确方面,中性,-1,0.7268395932737757,0.7268395932737757,0.16086214096029364,0.11229826576593069,负面,负面,-1.0,True
生活区,BV1X75X6rEui,说到做到！不计成本逛离谱超市，会花多少钱？,1574484,95308,19126,6222,953,2192,太老啦,,太老啦,0,0,2,0,0,0.0,0.0,0.0,0.0,0.0,0.0,0.0,0.0,0,0,0,0,0,0,0,0,无明显情感,未明确对象,未明确方面,中性,0,0.702477557178415,0.17682497444686787,0.702477557178415,0.120697468374717,中性,中性,,False
生活区,BV1X75X6rEui,说到做到！不计成本逛离谱超市，会花多少钱？,1574484,95308,19126,6222,953,2192,我懂了就是白条,,我懂了就是白条,1,0,3,0,0,1.0,1.0,0.0,1.0,0.3333333333333333,1.0,1.0,0.0,0,0,0,0,1,0,0,1,对象评价+认知状态,未明确对象,理解与难度,正面,1,0.7580706570056689,0.08572340848541361,0.15620593450891748,0.7580706570056689,正面,正面,,False
生活区,BV1X75X6rEui,说到做到！不计成本逛离谱超市，会花多少钱？,1574484,95308,19126,6222,953,2192,蒜苔跟芦蒿完全两样东西，别瞎抬杠,,蒜苔跟芦蒿完全两样东西，别瞎抬杠,0,0,10,0,0,0.0,0.0,0.0,0.0,0.0,0.0,0.0,0.0,0,0,0,0,0,0,0,0,无明显情感,未明确对象,未明确方面,中性,0,0.5065245928972775,0.37953577116389114,0.5065245928972775,0.11393963593883133,中性,中性,,False
生活区,BV1X75X6rEui,说到做到！不计成本逛离谱超市，会花多少钱？,1574484,95308,19126,6222,953,2192,可能是算上米饭,,可能是算上米饭,0,0,4,0,0,0.0,0.0,0.0,0.0,0.0,0.0,0.0,0.0,0,0,0,0,0,0,0,0,无明显情感,未明确对象,未明确方面,中性,0,0.5583020390254517,0.258883517692094,0.5583020390254517,0.18281444328245433,中性,中性,,False
生活区,BV1X75X6rEui,说到做到！不计成本逛离谱超市，会花多少钱？,1574484,95308,19126,6222,953,2192,舒服了,,舒服了,1,0,1,0,0,1.0,1.0,0.0,1.0,1.0,1.0,1.0,0.0,0,0,1,0,0,0,0,1,对象评价+自身情绪,未明确对象,未明确方面,正面,1,0.8087355559685455,0.16057044485915395,0.03069399917230057,0.8087355559685455,正面,正面,,False
生活区,BV1X75X6rEui,说到做到！不计成本逛离谱超市，会花多少钱？,1574484,95308,19126,6222,953,2192,拿养殖鲈鱼替代就行了，一样的做法口感差不多的,,拿养殖鲈鱼替代就行了，一样的做法口感差不多的,0,0,10,0,0,0.0,0.0,0.0,0.0,0.0,0.0,0.0,0.0,0,0,0,0,0,0,0,0,无明显情感,未明确对象,未明确方面,中性,-1,0.6447387967873922,0.6447387967873922,0.2632999798879024,0.09196122332470545,负面,负面,,False
生活区,BV1X75X6rEui,说到做到！不计成本逛离谱超市，会花多少钱？,1574484,95308,19126,6222,953,2192,我2026年遇到正缘脱单妙不妙,,我2026年遇到正缘脱单妙不妙,0,0,7,0,0,0.0,0.0,0.0,0.0,0.0,0.0,0.0,0.0,0,0,0,0,0,0,0,0,无明显情感,未明确对象,未明确方面,中性,0,0.6127360933192704,0.04426798449809196,0.6127360933192704,0.3429959221826375,中性,中性,0.0,True
生活区,BV1X75X6rEui,说到做到！不计成本逛离谱超市，会花多少钱？,1574484,95308,19126,6222,953,2192,借您吉言,,借您吉言,0,0,3,0,0,0.0,0.0,0.0,0.0,0.0,0.0,0.0,0.0,0,0,0,0,0,0,0,0,无明显情感,未明确对象,未明确方面,中性,0,0.6491052548105614,0.15351490488364694,0.6491052548105614,0.1973798403057917,中性,中性,,False
生活区,BV1X75X6rEui,说到做到！不计成本逛离谱超市，会花多少钱？,1574484,95308,19126,6222,953,2192,我今年脱单，发财妙不妙,,我今年脱单，发财妙不妙,0,0,6,0,0,0.0,0.0,0.0,0.0,0.0,0.0,0.0,0.0,0,0,0,0,0,0,0,0,无明显情感,未明确对象,未明确方面,中性,0,0.5482090997167255,0.040927347540164354,0.5482090997167255,0.4108635527431102,中性,中性,,False
生活区,BV1X75X6rEui,说到做到！不计成本逛离谱超市，会花多少钱？,1574484,95308,19126,6222,953,2192,牛排真的老了,,牛排真的老了,0,0,2,0,0,0.0,0.0,0.0,0.0,0.0,0.0,0.0,0.0,0,0,0,0,0,0,0,0,无明显情感,未明确对象,未明确方面,中性,0,0.616895850187018,0.20166560147331664,0.616895850187018,0.18143854833966533,中性,中性,,False
生活区,BV1X75X6rEui,说到做到！不计成本逛离谱超市，会花多少钱？,1574484,95308,19126,6222,953,2192,我考试成绩妙不妙,,我考试成绩妙不妙,0,0,3,0,0,0.0,0.0,0.0,0.0,0.0,0.0,0.0,0.0,0,0,0,0,0,0,0,0,无明显情感,未明确对象,未明确方面,中性,0,0.8053309296238321,0.02461524086346458,0.8053309296238321,0.17005382951270342,中性,中性,,False
生活区,BV1X75X6rEui,说到做到！不计成本逛离谱超市，会花多少钱？,1574484,95308,19126,6222,953,2192,6个女生可能还吃不完,,6个女生可能还吃不完,0,0,6,0,0,0.0,0.0,0.0,0.0,0.0,0.0,0.0,0.0,0,0,0,0,0,0,0,0,无明显情感,未明确对象,未明确方面,中性,0,0.45351773241430127,0.3743261027433549,0.45351773241430127,0.17215616484234392,中性,中性,,False
生活区,BV1X75X6rEui,说到做到！不计成本逛离谱超市，会花多少钱？,1574484,95308,19126,6222,953,2192,清淡点清水白菜,,清淡点清水白菜,0,0,4,0,0,0.0,0.0,0.0,0.0,0.0,0.0,0.0,0.0,0,0,0,0,0,0,0,0,无明显情感,未明确对象,未明确方面,中性,0,0.5168333354968817,0.30170117714200423,0.5168333354968817,0.18146548736111412,中性,中性,0.0,True
生活区,BV1X75X6rEui,说到做到！不计成本逛离谱超市，会花多少钱？,1574484,95308,19126,6222,953,2192,碳水,,碳水,0,0,1,0,0,0.0,0.0,0.0,0.0,0.0,0.0,0.0,0.0,0,0,0,0,0,0,0,0,无明显情感,未明确对象,未明确方面,中性,0,0.6613337795964743,0.14035796080361848,0.6613337795964743,0.19830825959990717,中性,中性,,False
生活区,BV1X75X6rEui,说到做到！不计成本逛离谱超市，会花多少钱？,1574484,95308,19126,6222,953,2192,351够我吃半个月了,,351够我吃半个月了,0,0,5,0,0,0.0,0.0,0.0,0.0,0.0,0.0,0.0,0.0,0,0,0,0,0,0,0,0,无明显情感,未明确对象,未明确方面,中性,0,0.7144803084637841,0.21330709913789336,0.7144803084637841,0.0722125923983224,中性,中性,,False
生活区,BV1X75X6rEui,说到做到！不计成本逛离谱超市，会花多少钱？,1574484,95308,19126,6222,953,2192,一天吃掉普通人一个月的伙食,,一天吃掉普通人一个月的伙食,0,0,5,0,0,0.0,0.0,0.0,0.0,0.0,0.0,0.0,0.0,0,0,0,0,0,0,0,0,无明显情感,未明确对象,未明确方面,中性,0,0.6817515395115479,0.1929239342477809,0.6817515395115479,0.12532452624067117,中性,中性,,False
生活区,BV1X75X6rEui,说到做到！不计成本逛离谱超市，会花多少钱？,1574484,95308,19126,6222,953,2192,泥蒿湖北多的就是,,泥蒿湖北多的就是,0,0,4,0,0,0.0,0.0,0.0,0.0,0.0,0.0,0.0,0.0,0,0,0,0,0,0,0,0,无明显情感,未明确对象,未明确方面,中性,0,0.8571545069683872,0.08877059944227567,0.8571545069683872,0.054074893589337064,中性,中性,,False
生活区,BV1X75X6rEui,说到做到！不计成本逛离谱超市，会花多少钱？,1574484,95308,19126,6222,953,2192,"12分钟老了，本人悉尼东星斑厨师，1KG左右9分钟顶天了,而且东星斑肉不嫩",,"12分钟老了，本人悉尼东星斑厨师，1KG左右9分钟顶天了,而且东星斑肉不嫩",0,0,20,0,0,0.0,0.0,0.0,0.0,0.0,0.0,0.0,0.0,0,0,0,0,0,0,0,0,无明显情感,未明确对象,未明确方面,中性,-1,0.6783801178805641,0.6783801178805641,0.2878137449373036,0.03380613718213241,负面,负面,,False
生活区,BV1X75X6rEui,说到做到！不计成本逛离谱超市，会花多少钱？,1574484,95308,19126,6222,953,2192,】‘普哦【,,普哦,0,0,2,0,0,0.0,0.0,0.0,0.0,0.0,0.0,0.0,0.0,0,0,0,0,0,0,0,0,无明显情感,未明确对象,未明确方面,中性,0,0.7606452570104707,0.11570257500391584,0.7606452570104707,0.12365216798561354,中性,中性,,False
生活区,BV1X75X6rEui,说到做到！不计成本逛离谱超市，会花多少钱？,1574484,95308,19126,6222,953,2192,牛排不行,,牛排不行,0,1,2,0,0,-1.0,0.0,1.0,1.0,0.5,-1.0,0.0,1.0,0,0,0,0,0,0,0,1,对象评价,未明确对象,未明确方面,负面,-1,0.45620766371131,0.45620766371131,0.40760201009551056,0.13619032619317947,负面,负面,,False
生活区,BV1X75X6rEui,说到做到！不计成本逛离谱超市，会花多少钱？,1574484,95308,19126,6222,953,2192,我考公妙不妙,,我考公妙不妙,0,0,2,0,0,0.0,0.0,0.0,0.0,0.0,0.0,0.0,0.0,0,0,0,0,0,0,0,0,无明显情感,未明确对象,未明确方面,中性,0,0.837585966512606,0.025419467504294004,0.837585966512606,0.13699456598309986,中性,中性,,False
生活区,BV1X75X6rEui,说到做到！不计成本逛离谱超市，会花多少钱？,1574484,95308,19126,6222,953,2192,《我不吃牛肉》,,我不吃牛肉,0,0,2,0,0,0.0,0.0,0.0,0.0,0.0,0.0,0.0,0.0,0,0,0,0,0,0,0,0,无明显情感,未明确对象,未明确方面,中性,-1,0.4906329325193544,0.4906329325193544,0.36545097057047016,0.14391609691017537,负面,负面,,False
生活区,BV1X75X6rEui,说到做到！不计成本逛离谱超市，会花多少钱？,1574484,95308,19126,6222,953,2192,国产货,,国产货,0,0,1,0,0,0.0,0.0,0.0,0.0,0.0,0.0,0.0,0.0,0,0,0,0,0,0,0,0,无明显情感,未明确对象,未明确方面,中性,0,0.6613337795964743,0.14035796080361848,0.6613337795964743,0.19830825959990717,中性,中性,,False
生活区,BV1X75X6rEui,说到做到！不计成本逛离谱超市，会花多少钱？,1574484,95308,19126,6222,953,2192,我工作顺利妙不妙,,我工作顺利妙不妙,1,0,4,0,0,1.0,1.0,0.0,1.0,0.25,1.0,1.0,0.0,0,0,0,0,0,0,0,1,对象评价,未明确对象,未明确方面,正面,1,0.7592293342802043,0.0484357601328586,0.19233490558693697,0.7592293342802043,正面,正面,1.0,True
生活区,BV1X75X6rEui,说到做到！不计成本逛离谱超市，会花多少钱？,1574484,95308,19126,6222,953,2192,选这个题材就是你想有借口吃这些,,选这个题材就是你想有借口吃这些,0,0,9,0,0,0.0,0.0,0.0,0.0,0.0,0.0,0.0,0.0,0,0,0,0,0,0,0,0,无明显情感,未明确对象,未明确方面,中性,-1,0.6174883607859134,0.6174883607859134,0.3587959891047054,0.023715650109381294,负面,负面,,False
生活区,BV1X75X6rEui,说到做到！不计成本逛离谱超市，会花多少钱？,1574484,95308,19126,6222,953,2192,我考上清华妙不妙,,我考上清华妙不妙,0,0,4,0,0,0.0,0.0,0.0,0.0,0.0,0.0,0.0,0.0,0,0,0,0,0,0,0,0,无明显情感,未明确对象,未明确方面,中性,1,0.49680898540452667,0.02438644052116847,0.4788045740743048,0.49680898540452667,正面,正面,,False
生活区,BV1X75X6rEui,说到做到！不计成本逛离谱超市，会花多少钱？,1574484,95308,19126,6222,953,2192,哈尼宝贝,,哈尼宝贝,0,0,2,0,0,0.0,0.0,0.0,0.0,0.0,0.0,0.0,0.0,0,0,0,0,0,0,0,0,无明显情感,未明确对象,未明确方面,中性,0,0.6186651419177817,0.09112479551330693,0.6186651419177817,0.2902100625689114,中性,中性,0.0,True
生活区,BV1X75X6rEui,说到做到！不计成本逛离谱超市，会花多少钱？,1574484,95308,19126,6222,953,2192,是个混蛋,,是个混蛋,0,0,2,0,0,0.0,0.0,0.0,0.0,0.0,0.0,0.0,0.0,0,0,0,0,0,0,0,0,无明显情感,未明确对象,未明确方面,中性,0,0.5955447864997985,0.2997696902739194,0.5955447864997985,0.10468552322628218,中性,中性,,False
生活区,BV1X75X6rEui,说到做到！不计成本逛离谱超市，会花多少钱？,1574484,95308,19126,6222,953,2192,糊了,,糊了,0,0,1,0,0,0.0,0.0,0.0,0.0,0.0,0.0,0.0,0.0,0,0,0,0,0,0,0,0,无明显情感,未明确对象,未明确方面,中性,-1,0.6075886346113134,0.6075886346113134,0.26402415106991883,0.12838721431876776,负面,负面,,False
生活区,BV1X75X6rEui,说到做到！不计成本逛离谱超市，会花多少钱？,1574484,95308,19126,6222,953,2192,jjjjjjjjjjjjjjjjjjj,,jjjjjjjjjjjjjjjjjjj,0,0,1,0,0,0.0,0.0,0.0,0.0,0.0,0.0,0.0,0.0,0,0,0,0,0,0,0,0,无明显情感,未明确对象,未明确方面,中性,0,0.6613337795964743,0.14035796080361848,0.6613337795964743,0.19830825959990717,中性,中性,,False
生活区,BV1X75X6rEui,说到做到！不计成本逛离谱超市，会花多少钱？,1574484,95308,19126,6222,953,2192,哈,,哈,0,0,1,0,0,0.0,0.0,0.0,0.0,0.0,0.0,0.0,0.0,0,0,0,0,0,0,0,0,无明显情感,未明确对象,未明确方面,中性,0,0.6613337795964743,0.14035796080361848,0.6613337795964743,0.19830825959990717,中性,中性,,False
生活区,BV1X75X6rEui,说到做到！不计成本逛离谱超市，会花多少钱？,1574484,95308,19126,6222,953,2192,六级妙不妙？,,六级妙不妙？,0,0,4,0,1,0.0,0.0,0.0,0.0,0.0,0.0,0.0,0.0,0,0,0,0,0,0,0,0,无明显情感,未明确对象,未明确方面,中性,0,0.8939509983345982,0.038247111681900786,0.8939509983345982,0.06780188998350088,中性,中性,,False
生活区,BV1X75X6rEui,说到做到！不计成本逛离谱超市，会花多少钱？,1574484,95308,19126,6222,953,2192,人工养殖东星斑也就160一斤左右,,人工养殖东星斑也就160一斤左右,0,0,9,0,0,0.0,0.0,0.0,0.0,0.0,0.0,0.0,0.0,0,0,0,0,0,0,0,0,无明显情感,未明确对象,未明确方面,中性,-1,0.5814584677679737,0.5814584677679737,0.3313997299468327,0.08714180228519357,负面,负面,,False
生活区,BV1X75X6rEui,说到做到！不计成本逛离谱超市，会花多少钱？,1574484,95308,19126,6222,953,2192,《简单》,,简单,1,0,1,0,0,1.0,1.0,0.0,1.0,1.0,1.0,1.0,0.0,0,0,0,0,0,0,0,1,对象评价,未明确对象,理解与难度,正面,1,0.8328112885088244,0.09447850272330967,0.07271020876786599,0.8328112885088244,正面,正面,,False
生活区,BV1X75X6rEui,说到做到！不计成本逛离谱超市，会花多少钱？,1574484,95308,19126,6222,953,2192,借你吉言，感谢,,借你吉言，感谢,1,0,4,0,0,1.0,1.0,0.0,1.0,0.25,1.0,1.0,0.0,0,0,0,0,0,0,0,1,对象评价,未明确对象,未明确方面,正面,1,0.8795146251967878,0.029406147166702458,0.0910792276365097,0.8795146251967878,正面,正面,,False
生活区,BV1X75X6rEui,说到做到！不计成本逛离谱超市，会花多少钱？,1574484,95308,19126,6222,953,2192,我今年财运妙不妙？,,我今年财运妙不妙？,0,0,5,0,1,0.0,0.0,0.0,0.0,0.0,0.0,0.0,0.0,0,0,0,0,0,0,0,0,无明显情感,未明确对象,未明确方面,中性,0,0.8236354214359884,0.052764318511362665,0.8236354214359884,0.12360026005264889,中性,中性,,False
生活区,BV1X75X6rEui,说到做到！不计成本逛离谱超市，会花多少钱？,1574484,95308,19126,6222,953,2192,其实料很少,,其实料很少,0,0,3,0,0,0.0,0.0,0.0,0.0,0.0,0.0,0.0,0.0,0,0,0,0,0,0,0,0,无明显情感,未明确对象,未明确方面,中性,-1,0.5171683770621093,0.5171683770621093,0.42596014439955837,0.05687147853833232,负面,负面,,False
生活区,BV1X75X6rEui,说到做到！不计成本逛离谱超市，会花多少钱？,1574484,95308,19126,6222,953,2192,这个鸳鸯锅超难吃,,这个鸳鸯锅超难吃,0,0,4,0,0,0.0,0.0,0.0,0.0,0.0,0.0,0.0,0.0,0,0,0,0,0,0,0,0,无明显情感,未明确对象,理解与难度,中性,-1,0.8117466972938294,0.8117466972938294,0.13261077762149914,0.055642525084671435,负面,负面,-1.0,True
生活区,BV1X75X6rEui,说到做到！不计成本逛离谱超市，会花多少钱？,1574484,95308,19126,6222,953,2192,超市：谢谢你,,超市谢谢你,1,0,2,0,0,1.0,1.0,0.0,1.0,0.5,1.0,1.0,0.0,0,0,0,0,0,0,0,1,对象评价,未明确对象,未明确方面,正面,1,0.8116154273534008,0.04589791542826409,0.14248665721833514,0.8116154273534008,正面,正面,,False
生活区,BV1X75X6rEui,说到做到！不计成本逛离谱超市，会花多少钱？,1574484,95308,19126,6222,953,2192,加了粗粮，所以慢糖，有理有据,,加了粗粮，所以慢糖，有理有据,0,0,7,0,0,0.0,0.0,0.0,0.0,0.0,0.0,0.0,0.0,0,0,0,0,0,0,0,0,无明显情感,未明确对象,未明确方面,中性,0,0.8725711458077463,0.07333739251973524,0.8725711458077463,0.05409146167251853,中性,中性,,False
生活区,BV1X75X6rEui,说到做到！不计成本逛离谱超市，会花多少钱？,1574484,95308,19126,6222,953,2192,有点少了，吃不饱吧，应该再加点菜,,有点少了，吃不饱吧，应该再加点菜,0,0,8,0,0,0.0,0.0,0.0,0.0,0.0,0.0,0.0,0.0,0,0,0,0,0,0,0,0,无明显情感,未明确对象,未明确方面,中性,-1,0.778181848752193,0.778181848752193,0.16499880443494178,0.05681934681286532,负面,负面,-1.0,True
生活区,BV1X75X6rEui,说到做到！不计成本逛离谱超市，会花多少钱？,1574484,95308,19126,6222,953,2192,你开豪车住别墅天天吃这东西没问题,,你开豪车住别墅天天吃这东西没问题,1,0,8,0,0,1.0,1.0,0.0,1.0,0.125,1.0,1.0,0.0,0,0,0,0,0,0,0,1,对象评价,未明确对象,未明确方面,正面,-1,0.5670129545338726,0.5670129545338726,0.22545614230978467,0.20753090315634282,负面,中性,0.0,True
生活区,BV1X75X6rEui,说到做到！不计成本逛离谱超市，会花多少钱？,1574484,95308,19126,6222,953,2192,花钱找罪受,,花钱找罪受,0,0,3,0,0,0.0,0.0,0.0,0.0,0.0,0.0,0.0,0.0,0,0,0,0,0,0,0,0,无明显情感,未明确对象,未明确方面,中性,0,0.6491052548105614,0.15351490488364694,0.6491052548105614,0.1973798403057917,中性,中性,,False
生活区,BV1X75X6rEui,说到做到！不计成本逛离谱超市，会花多少钱？,1574484,95308,19126,6222,953,2192,两个女生的,,两个女生的,0,0,2,0,0,0.0,0.0,0.0,0.0,0.0,0.0,0.0,0.0,0,0,0,0,0,0,0,0,无明显情感,未明确对象,未明确方面,中性,0,0.831126120627094,0.043119402093286414,0.831126120627094,0.12575447727961947,中性,中性,,False
生活区,BV1X75X6rEui,说到做到！不计成本逛离谱超市，会花多少钱？,1574484,95308,19126,6222,953,2192,这能好吃吗,,这能好吃吗,0,0,2,0,0,0.0,0.0,0.0,0.0,0.0,0.0,0.0,0.0,0,0,0,0,0,0,0,0,无明显情感,未明确对象,未明确方面,中性,0,0.6268757565255307,0.10943630878896876,0.6268757565255307,0.2636879346855005,中性,中性,,False
生活区,BV1X75X6rEui,说到做到！不计成本逛离谱超市，会花多少钱？,1574484,95308,19126,6222,953,2192,那要把米煮完啊,,那要把米煮完啊,0,0,5,0,0,0.0,0.0,0.0,0.0,0.0,0.0,0.0,0.0,0,0,0,0,0,0,0,0,无明显情感,未明确对象,未明确方面,中性,0,0.49302646886960394,0.24029151439459712,0.49302646886960394,0.26668201673579905,中性,中性,0.0,True
生活区,BV1X75X6rEui,说到做到！不计成本逛离谱超市，会花多少钱？,1574484,95308,19126,6222,953,2192,切碎了炒蛋,,切碎了炒蛋,0,0,2,0,0,0.0,0.0,0.0,0.0,0.0,0.0,0.0,0.0,0,0,0,0,0,0,0,0,无明显情感,未明确对象,未明确方面,中性,-1,0.6198777139029181,0.6198777139029181,0.25517051876696983,0.12495176733011205,负面,负面,,False
生活区,BV1X75X6rEui,说到做到！不计成本逛离谱超市，会花多少钱？,1574484,95308,19126,6222,953,2192,6个小人,,6个小人,0,0,3,0,0,0.0,0.0,0.0,0.0,0.0,0.0,0.0,0.0,0,0,0,0,0,0,0,0,无明显情感,未明确对象,未明确方面,中性,0,0.5435434252060451,0.2613252210985248,0.5435434252060451,0.19513135369543008,中性,中性,,False
生活区,BV1X75X6rEui,说到做到！不计成本逛离谱超市，会花多少钱？,1574484,95308,19126,6222,953,2192,挺科学的，晚餐得吃差点好消化,,挺科学的，晚餐得吃差点好消化,0,0,9,0,0,0.0,0.0,0.0,0.0,0.0,0.0,0.0,0.0,0,0,0,0,0,0,0,0,无明显情感,未明确对象,未明确方面,中性,0,0.4142244868206252,0.17244882266269407,0.4142244868206252,0.41332669051668064,中性,负面,,False
生活区,BV1X75X6rEui,说到做到！不计成本逛离谱超市，会花多少钱？,1574484,95308,19126,6222,953,2192,毫无食欲，，,,毫无食欲，，,0,0,4,0,0,0.0,0.0,0.0,0.0,0.0,0.0,0.0,0.0,0,0,0,0,0,0,0,0,无明显情感,未明确对象,未明确方面,中性,-1,0.8602003530278531,0.8602003530278531,0.05731368440728517,0.08248596256486186,负面,负面,-1.0,True
生活区,BV1X75X6rEui,说到做到！不计成本逛离谱超市，会花多少钱？,1574484,95308,19126,6222,953,2192,就是日本在中国用德制笼子养的鸡下的蛋,,就是日本在中国用德制笼子养的鸡下的蛋,0,0,10,0,0,0.0,0.0,0.0,0.0,0.0,0.0,0.0,0.0,0,0,0,0,0,0,0,0,无明显情感,未明确对象,未明确方面,中性,0,0.6723815793262639,0.2907421509575301,0.6723815793262639,0.03687626971620605,中性,中性,,False
生活区,BV1X75X6rEui,说到做到！不计成本逛离谱超市，会花多少钱？,1574484,95308,19126,6222,953,2192,太好吃了,,太好吃了,1,0,2,0,0,1.0,1.0,0.0,1.0,0.5,1.0,1.0,0.0,0,0,0,0,0,0,0,1,对象评价,未明确对象,未明确方面,正面,1,0.8301451567494442,0.13858728217135624,0.031267561079199625,0.8301451567494442,正面,正面,1.0,True
生活区,BV1X75X6rEui,说到做到！不计成本逛离谱超市，会花多少钱？,1574484,95308,19126,6222,953,2192,牛扒太薄,,牛扒太薄,0,0,2,0,0,0.0,0.0,0.0,0.0,0.0,0.0,0.0,0.0,0,0,0,0,0,0,0,0,无明显情感,未明确对象,未明确方面,中性,0,0.6553065905941072,0.1468149965085425,0.6553065905941072,0.19787841289735017,中性,中性,,False
生活区,BV1X75X6rEui,说到做到！不计成本逛离谱超市，会花多少钱？,1574484,95308,19126,6222,953,2192,这叫清淡？？？,,这叫清淡？？？,0,0,5,0,3,0.0,0.0,0.0,0.0,0.0,0.0,0.0,0.0,0,0,0,0,0,0,0,0,无明显情感,未明确对象,未明确方面,中性,-1,0.8657886775557802,0.8657886775557802,0.11397757879720798,0.02023374364701186,负面,负面,,False
生活区,BV1X75X6rEui,说到做到！不计成本逛离谱超市，会花多少钱？,1574484,95308,19126,6222,953,2192,两人差不多毕竟有一包粉和面,,两人差不多毕竟有一包粉和面,0,0,6,0,0,0.0,0.0,0.0,0.0,0.0,0.0,0.0,0.0,0,0,0,0,0,0,0,0,无明显情感,未明确对象,未明确方面,中性,-1,0.6528752987710762,0.6528752987710762,0.282587244620956,0.0645374566079678,负面,负面,,False
生活区,BV1X75X6rEui,说到做到！不计成本逛离谱超市，会花多少钱？,1574484,95308,19126,6222,953,2192,谢谢帅小伙借你吉言！,,谢谢帅小伙借你吉言！,1,0,5,1,0,1.0,1.0,0.0,1.0,0.2,1.0,1.0,0.0,0,0,0,0,0,0,0,1,对象评价,未明确对象,未明确方面,正面,1,0.8748929012870508,0.014155823022728876,0.11095127569022031,0.8748929012870508,正面,正面,,False
生活区,BV1X75X6rEui,说到做到！不计成本逛离谱超市，会花多少钱？,1574484,95308,19126,6222,953,2192,麻辣烫,,麻辣烫,0,0,1,0,0,0.0,0.0,0.0,0.0,0.0,0.0,0.0,0.0,0,0,0,0,0,0,0,0,无明显情感,未明确对象,未明确方面,中性,0,0.6613337795964743,0.14035796080361848,0.6613337795964743,0.19830825959990717,中性,中性,,False
生活区,BV1X75X6rEui,说到做到！不计成本逛离谱超市，会花多少钱？,1574484,95308,19126,6222,953,2192,我 27 考研妙不妙,,我27考研妙不妙,0,0,4,0,0,0.0,0.0,0.0,0.0,0.0,0.0,0.0,0.0,0,0,0,0,0,0,0,0,无明显情感,未明确对象,未明确方面,中性,0,0.6863523612311965,0.01931916225153129,0.6863523612311965,0.2943284765172723,中性,中性,,False
生活区,BV1X75X6rEui,说到做到！不计成本逛离谱超市，会花多少钱？,1574484,95308,19126,6222,953,2192,谢谢帅小伙，借你吉言！！！,,谢谢帅小伙，借你吉言！！！,1,0,8,3,0,1.0,1.0,0.0,1.0,0.125,1.0,1.0,0.0,0,0,0,0,0,0,0,1,对象评价,未明确对象,未明确方面,正面,1,0.8923844240907508,0.06141932722783853,0.04619624868141069,0.8923844240907508,正面,正面,,False
生活区,BV1X75X6rEui,说到做到！不计成本逛离谱超市，会花多少钱？,1574484,95308,19126,6222,953,2192,这广告痕迹太明显了。不看了,,这广告痕迹太明显了。不看了,0,0,6,0,0,0.0,0.0,0.0,0.0,0.0,0.0,0.0,0.0,0,0,0,0,0,0,0,0,无明显情感,未明确对象,未明确方面,中性,-1,0.7801244758834406,0.7801244758834406,0.1025588352966624,0.11731668881989707,负面,负面,-1.0,True
生活区,BV1X75X6rEui,说到做到！不计成本逛离谱超市，会花多少钱？,1574484,95308,19126,6222,953,2192,我选研究生导师妙不妙,,我选研究生导师妙不妙,0,0,5,0,0,0.0,0.0,0.0,0.0,0.0,0.0,0.0,0.0,0,0,0,0,0,0,0,0,无明显情感,未明确对象,未明确方面,中性,0,0.7727159356919645,0.01843139801602744,0.7727159356919645,0.20885266629200805,中性,中性,,False
生活区,BV1X75X6rEui,说到做到！不计成本逛离谱超市，会花多少钱？,1574484,95308,19126,6222,953,2192,我五月妙不妙,,我五月妙不妙,0,0,3,0,0,0.0,0.0,0.0,0.0,0.0,0.0,0.0,0.0,0,0,0,0,0,0,0,0,无明显情感,未明确对象,未明确方面,中性,0,0.7794837813025697,0.01778892231030892,0.7794837813025697,0.20272729638712142,中性,中性,,False
生活区,BV1X75X6rEui,说到做到！不计成本逛离谱超市，会花多少钱？,1574484,95308,19126,6222,953,2192,一个人有点撑两个人不够吃,,一个人有点撑两个人不够吃,0,0,6,0,0,0.0,0.0,0.0,0.0,0.0,0.0,0.0,0.0,0,0,0,0,0,0,0,0,无明显情感,未明确对象,未明确方面,中性,0,0.9366686681506629,0.026627299174994463,0.9366686681506629,0.03670403267434279,中性,中性,,False
生活区,BV1X75X6rEui,说到做到！不计成本逛离谱超市，会花多少钱？,1574484,95308,19126,6222,953,2192,借你吉言,,借你吉言,0,0,2,0,0,0.0,0.0,0.0,0.0,0.0,0.0,0.0,0.0,0,0,0,0,0,0,0,0,无明显情感,未明确对象,未明确方面,中性,0,0.6689895123169092,0.18811583025076886,0.6689895123169092,0.14289465743232185,中性,中性,,False
生活区,BV1X75X6rEui,说到做到！不计成本逛离谱超市，会花多少钱？,1574484,95308,19126,6222,953,2192,就是想吃,,就是想吃,0,0,3,0,0,0.0,0.0,0.0,0.0,0.0,0.0,0.0,0.0,0,0,0,0,0,0,0,0,无明显情感,未明确对象,未明确方面,中性,0,0.779601910552889,0.1673945507741947,0.779601910552889,0.05300353867291628,中性,中性,,False
生活区,BV1X75X6rEui,说到做到！不计成本逛离谱超市，会花多少钱？,1574484,95308,19126,6222,953,2192,我科目二考试妙不妙,,我科目二考试妙不妙,0,0,5,0,0,0.0,0.0,0.0,0.0,0.0,0.0,0.0,0.0,0,0,0,0,0,0,0,0,无明显情感,未明确对象,未明确方面,中性,0,0.8075402541603176,0.03683634412597098,0.8075402541603176,0.15562340171371128,中性,中性,,False
生活区,BV1X75X6rEui,说到做到！不计成本逛离谱超市，会花多少钱？,1574484,95308,19126,6222,953,2192,我的教资面试和期中考试妙不妙,,我的教资面试和期中考试妙不妙,0,0,5,0,0,0.0,0.0,0.0,0.0,0.0,0.0,0.0,0.0,0,0,0,0,0,0,0,0,无明显情感,未明确对象,未明确方面,中性,0,0.8394022855829644,0.05988683144887529,0.8394022855829644,0.1007108829681603,中性,中性,0.0,True
生活区,BV1X75X6rEui,说到做到！不计成本逛离谱超市，会花多少钱？,1574484,95308,19126,6222,953,2192,这香气有些奇妙，与我记忆中的王境泽之香颇为相似。,,这香气有些奇妙，与我记忆中的王境泽之香颇为相似。,0,0,11,0,0,0.0,0.0,0.0,0.0,0.0,0.0,0.0,0.0,0,0,0,0,0,0,0,0,无明显情感,未明确对象,未明确方面,中性,-1,0.4557405300091293,0.4557405300091293,0.4121789142858149,0.13208055570505584,负面,负面,,False
生活区,BV1X75X6rEui,说到做到！不计成本逛离谱超市，会花多少钱？,1574484,95308,19126,6222,953,2192,怎么不探班明星啦,,怎么不探班明星啦,0,0,5,0,0,0.0,0.0,0.0,0.0,0.0,0.0,0.0,0.0,0,0,0,0,0,0,0,0,无明显情感,未明确对象,未明确方面,中性,-1,0.7134147786009175,0.7134147786009175,0.26702029843962655,0.01956492295945578,负面,负面,,False
生活区,BV1X75X6rEui,说到做到！不计成本逛离谱超市，会花多少钱？,1574484,95308,19126,6222,953,2192,AG超玩会,,AG超玩会,0,0,2,0,0,0.0,0.0,0.0,0.0,0.0,0.0,0.0,0.0,0,0,0,0,0,0,0,0,无明显情感,未明确对象,未明确方面,中性,0,0.6553065905941072,0.1468149965085425,0.6553065905941072,0.19787841289735017,中性,中性,,False
生活区,BV1X75X6rEui,说到做到！不计成本逛离谱超市，会花多少钱？,1574484,95308,19126,6222,953,2192,落魄了哈哈哈,,落魄了哈哈哈,1,0,2,0,0,1.0,1.0,0.0,1.0,0.5,1.0,1.0,0.0,0,0,1,0,0,0,0,1,对象评价+自身情绪,未明确对象,娱乐与趣味,正面,1,0.8726786274196437,0.04548101690770458,0.0818403556726517,0.8726786274196437,正面,正面,,False
生活区,BV1X75X6rEui,说到做到！不计成本逛离谱超市，会花多少钱？,1574484,95308,19126,6222,953,2192,我去东星斑当午饭哈哈哈啊哈,,我去东星斑当午饭哈哈哈啊哈,1,0,6,0,0,1.0,1.0,0.0,1.0,0.16666666666666666,1.0,1.0,0.0,0,0,1,0,0,0,0,1,对象评价+自身情绪,未明确对象,娱乐与趣味,正面,1,0.7685914410210669,0.034787762787718085,0.19662079619121503,0.7685914410210669,正面,正面,,False
生活区,BV1X75X6rEui,说到做到！不计成本逛离谱超市，会花多少钱？,1574484,95308,19126,6222,953,2192,五蚂蚁！,,五蚂蚁！,0,0,3,1,0,0.0,0.0,0.0,0.0,0.0,0.0,0.0,0.0,0,0,0,0,0,0,0,0,无明显情感,未明确对象,未明确方面,中性,1,0.6421716127645047,0.03579602683834938,0.32203236039714583,0.6421716127645047,正面,正面,,False
生活区,BV1X75X6rEui,说到做到！不计成本逛离谱超市，会花多少钱？,1574484,95308,19126,6222,953,2192,阿弥陀佛 阿弥陀佛 阿弥陀佛 阿弥陀佛 阿弥陀佛 阿弥陀佛 阿弥陀佛 阿弥陀佛 阿弥陀佛 阿弥陀佛 阿弥陀佛 阿弥陀佛 阿弥陀佛 阿弥陀佛 阿弥陀佛 阿弥陀佛 阿弥陀佛 阿弥陀佛 阿弥陀佛 阿弥陀佛,,阿弥陀佛阿弥陀佛阿弥陀佛阿弥陀佛阿弥陀佛阿弥陀佛阿弥陀佛阿弥陀佛阿弥陀佛阿弥陀佛阿弥陀佛阿弥陀佛阿弥陀佛阿弥陀佛阿弥陀佛阿弥陀佛阿弥陀佛阿弥陀佛阿弥陀佛阿弥陀佛,0,0,20,0,0,0.0,0.0,0.0,0.0,0.0,0.0,0.0,0.0,0,0,0,0,0,0,0,0,无明显情感,未明确对象,未明确方面,中性,0,0.6919567937918512,0.18781566811941766,0.6919567937918512,0.1202275380887312,中性,中性,0.0,True
生活区,BV1X75X6rEui,说到做到！不计成本逛离谱超市，会花多少钱？,1574484,95308,19126,6222,953,2192,说是蒜苔的可真降智,,说是蒜苔的可真降智,0,0,4,0,0,0.0,0.0,0.0,0.0,0.0,0.0,0.0,0.0,0,0,0,0,0,0,0,0,无明显情感,未明确对象,未明确方面,中性,0,0.5464305473546851,0.33953720976214863,0.5464305473546851,0.11403224288316634,中性,中性,,False
生活区,BV1X75X6rEui,说到做到！不计成本逛离谱超市，会花多少钱？,1574484,95308,19126,6222,953,2192,大鹤其实就是日企，只是这两年一直在淡化日资背景,,大鹤其实就是日企，只是这两年一直在淡化日资背景,0,0,12,0,0,0.0,0.0,0.0,0.0,0.0,0.0,0.0,0.0,1,0,0,0,0,0,0,0,无明显情感,未明确对象,未明确方面,中性,-1,0.93275608146041,0.93275608146041,0.05802593121053913,0.009217987329050822,负面,负面,,False
生活区,BV1X75X6rEui,说到做到！不计成本逛离谱超市，会花多少钱？,1574484,95308,19126,6222,953,2192,++.............................,,.............................,0,0,1,0,0,0.0,0.0,0.0,0.0,0.0,0.0,0.0,0.0,0,0,0,0,0,0,0,0,无明显情感,未明确对象,未明确方面,中性,0,0.533405470330197,0.26327707031877606,0.533405470330197,0.20331745935102685,中性,中性,,False
生活区,BV1X75X6rEui,说到做到！不计成本逛离谱超市，会花多少钱？,1574484,95308,19126,6222,953,2192,这点玩意儿能够吃吗,,这点玩意儿能够吃吗,0,0,4,0,0,0.0,0.0,0.0,0.0,0.0,0.0,0.0,0.0,0,0,0,0,0,0,0,0,无明显情感,未明确对象,未明确方面,中性,0,0.875101865763644,0.09141152519443509,0.875101865763644,0.0334866090419208,中性,中性,,False
生活区,BV1X75X6rEui,说到做到！不计成本逛离谱超市，会花多少钱？,1574484,95308,19126,6222,953,2192,青菜，还有无机的？,,青菜，还有无机的？,0,0,5,0,1,0.0,0.0,0.0,0.0,0.0,0.0,0.0,0.0,0,0,0,0,0,0,0,0,无明显情感,未明确对象,未明确方面,中性,0,0.5276645148975727,0.375579382956069,0.5276645148975727,0.09675610214635835,中性,中性,,False
生活区,BV1X75X6rEui,说到做到！不计成本逛离谱超市，会花多少钱？,1574484,95308,19126,6222,953,2192,我今年6月中考妙不妙,,我今年6月中考妙不妙,0,0,6,0,0,0.0,0.0,0.0,0.0,0.0,0.0,0.0,0.0,0,0,0,0,0,0,0,0,无明显情感,未明确对象,未明确方面,中性,0,0.6333775944757181,0.06070290719797276,0.6333775944757181,0.30591949832630927,中性,中性,,False
生活区,BV1X75X6rEui,说到做到！不计成本逛离谱超市，会花多少钱？,1574484,95308,19126,6222,953,2192,我高语面试妙不妙！,,我高语面试妙不妙！,0,0,5,1,0,0.0,0.0,0.0,0.0,0.0,0.0,0.0,0.0,0,0,0,0,0,0,0,0,无明显情感,未明确对象,未明确方面,中性,0,0.6291295416021817,0.05504903202140676,0.6291295416021817,0.3158214263764116,中性,中性,,False
生活区,BV1X75X6rEui,说到做到！不计成本逛离谱超市，会花多少钱？,1574484,95308,19126,6222,953,2192,两边都有尿,,两边都有尿,0,0,4,0,0,0.0,0.0,0.0,0.0,0.0,0.0,0.0,0.0,0,0,0,0,0,0,0,0,无明显情感,未明确对象,未明确方面,中性,-1,0.5363696037103066,0.5363696037103066,0.39680611259844406,0.06682428369124932,负面,负面,,False
生活区,BV1X75X6rEui,说到做到！不计成本逛离谱超市，会花多少钱？,1574484,95308,19126,6222,953,2192,椰子当然有椰香味啊,,椰子当然有椰香味啊,0,0,5,0,0,0.0,0.0,0.0,0.0,0.0,0.0,0.0,0.0,0,0,0,0,0,0,0,0,无明显情感,未明确对象,未明确方面,中性,-1,0.8775376748113851,0.8775376748113851,0.09714727381827595,0.025315051370338893,负面,负面,,False
生活区,BV1X75X6rEui,说到做到！不计成本逛离谱超市，会花多少钱？,1574484,95308,19126,6222,953,2192,看你吃的挺开心的,,看你吃的挺开心的,1,0,4,0,0,1.0,1.0,0.0,1.0,0.25,1.0,1.0,0.0,0,0,1,0,0,0,0,1,对象评价+自身情绪,未明确对象,未明确方面,正面,1,0.6265848482057217,0.05398646757056196,0.31942868422371623,0.6265848482057217,正面,正面,1.0,True
生活区,BV1X75X6rEui,说到做到！不计成本逛离谱超市，会花多少钱？,1574484,95308,19126,6222,953,2192,谢谢小伙,,谢谢小伙,1,0,2,0,0,1.0,1.0,0.0,1.0,0.5,1.0,1.0,0.0,0,0,0,0,0,0,0,1,对象评价,未明确对象,未明确方面,正面,1,0.848856557315162,0.03223689482854835,0.11890654785628954,0.848856557315162,正面,正面,,False
生活区,BV1X75X6rEui,说到做到！不计成本逛离谱超市，会花多少钱？,1574484,95308,19126,6222,953,2192,我的中考成绩妙不妙？,,我的中考成绩妙不妙？,0,0,5,0,1,0.0,0.0,0.0,0.0,0.0,0.0,0.0,0.0,0,0,0,0,0,0,0,0,无明显情感,未明确对象,未明确方面,中性,0,0.8891545991245622,0.04946523145769169,0.8891545991245622,0.06138016941774629,中性,中性,,False
生活区,BV1X75X6rEui,说到做到！不计成本逛离谱超市，会花多少钱？,1574484,95308,19126,6222,953,2192,感受到了你的痛苦,,感受到了你的痛苦,0,1,3,0,0,-1.0,0.0,1.0,1.0,0.3333333333333333,-1.0,0.0,1.0,0,0,0,0,0,0,0,1,对象评价,未明确对象,未明确方面,负面,0,0.5407394720081263,0.37947214770902515,0.5407394720081263,0.07978838028284857,中性,中性,0.0,True
生活区,BV1X75X6rEui,说到做到！不计成本逛离谱超市，会花多少钱？,1574484,95308,19126,6222,953,2192,到底对女生的胃口有什么误解,,到底对女生的胃口有什么误解,0,0,7,0,0,0.0,0.0,0.0,0.0,0.0,0.0,0.0,0.0,0,0,0,0,0,0,0,0,无明显情感,未明确对象,未明确方面,中性,0,0.611747741987491,0.3597645761344218,0.611747741987491,0.028487681878087253,中性,中性,,False
生活区,BV1X75X6rEui,说到做到！不计成本逛离谱超市，会花多少钱？,1574484,95308,19126,6222,953,2192,谁跟你小鸟胃 两个女生就能吃完,,谁跟你小鸟胃两个女生就能吃完,0,0,10,0,0,0.0,0.0,0.0,0.0,0.0,0.0,0.0,0.0,0,0,0,0,0,0,0,0,无明显情感,未明确对象,未明确方面,中性,0,0.8574855832185757,0.06845967446149162,0.8574855832185757,0.07405474231993274,中性,中性,,False
生活区,BV1X75X6rEui,说到做到！不计成本逛离谱超市，会花多少钱？,1574484,95308,19126,6222,953,2192,一般,,一般,0,0,1,0,0,0.0,0.0,0.0,0.0,0.0,0.0,0.0,0.0,0,0,0,0,0,0,0,0,无明显情感,未明确对象,未明确方面,中性,0,0.5889693834937466,0.2625458672453578,0.5889693834937466,0.14848474926089558,中性,中性,,False
生活区,BV1X75X6rEui,说到做到！不计成本逛离谱超市，会花多少钱？,1574484,95308,19126,6222,953,2192,海皇鸡蛋,,海皇鸡蛋,0,0,2,0,0,0.0,0.0,0.0,0.0,0.0,0.0,0.0,0.0,0,0,0,0,0,0,0,0,无明显情感,未明确对象,未明确方面,中性,0,0.5839769277161397,0.19293754973118749,0.5839769277161397,0.22308552255267272,中性,中性,,False
生活区,BV1X75X6rEui,说到做到！不计成本逛离谱超市，会花多少钱？,1574484,95308,19126,6222,953,2192,椰子水塌房了,,椰子水塌房了,0,0,2,0,0,0.0,0.0,0.0,0.0,0.0,0.0,0.0,0.0,0,0,0,0,0,0,0,0,无明显情感,未明确对象,未明确方面,中性,-1,0.7322160028897533,0.7322160028897533,0.2222368020271505,0.04554719508309611,负面,负面,-1.0,True
生活区,BV1X75X6rEui,说到做到！不计成本逛离谱超市，会花多少钱？,1574484,95308,19126,6222,953,2192,东北风味牛丸？,,东北风味牛丸？,0,0,4,0,1,0.0,0.0,0.0,0.0,0.0,0.0,0.0,0.0,0,0,0,0,0,0,0,0,无明显情感,未明确对象,未明确方面,中性,0,0.59504212134868,0.31437804832697347,0.59504212134868,0.09057983032434667,中性,中性,,False
生活区,BV1X75X6rEui,说到做到！不计成本逛离谱超市，会花多少钱？,1574484,95308,19126,6222,953,2192,预制菜大拼盘,,预制菜大拼盘,0,0,3,0,0,0.0,0.0,0.0,0.0,0.0,0.0,0.0,0.0,0,0,0,0,0,0,0,0,无明显情感,未明确对象,未明确方面,中性,0,0.6491052548105614,0.15351490488364694,0.6491052548105614,0.1973798403057917,中性,中性,,False
生活区,BV1X75X6rEui,说到做到！不计成本逛离谱超市，会花多少钱？,1574484,95308,19126,6222,953,2192,你不真诚,,你不真诚,0,1,2,0,0,-1.0,0.0,1.0,1.0,0.5,-1.0,0.0,1.0,0,0,0,0,0,0,0,1,对象评价,未明确对象,未明确方面,负面,-1,0.8301767226568523,0.8301767226568523,0.15214505420028634,0.017678223142861275,负面,负面,,False
生活区,BV1X75X6rEui,说到做到！不计成本逛离谱超市，会花多少钱？,1574484,95308,19126,6222,953,2192,今天妈妈妙不妙,,今天妈妈妙不妙,0,0,4,0,0,0.0,0.0,0.0,0.0,0.0,0.0,0.0,0.0,0,0,0,0,0,0,0,0,无明显情感,未明确对象,未明确方面,中性,0,0.8061686728545938,0.0193128655853177,0.8061686728545938,0.1745184615600885,中性,中性,,False
生活区,BV1X75X6rEui,说到做到！不计成本逛离谱超市，会花多少钱？,1574484,95308,19126,6222,953,2192,我帮你吃,,我帮你吃,0,0,2,0,0,0.0,0.0,0.0,0.0,0.0,0.0,0.0,0.0,0,0,0,0,0,0,0,0,无明显情感,未明确对象,未明确方面,中性,0,0.9189445581513959,0.030457969176167075,0.9189445581513959,0.05059747267243719,中性,中性,,False
生活区,BV1X75X6rEui,说到做到！不计成本逛离谱超市，会花多少钱？,1574484,95308,19126,6222,953,2192,没脑子的人就会跟风说广子,,没脑子的人就会跟风说广子,0,0,7,0,0,0.0,0.0,0.0,0.0,0.0,0.0,0.0,0.0,0,0,0,0,0,0,0,0,无明显情感,未明确对象,未明确方面,中性,0,0.581074715927824,0.22713897307431918,0.581074715927824,0.19178631099785684,中性,中性,,False
生活区,BV1X75X6rEui,说到做到！不计成本逛离谱超市，会花多少钱？,1574484,95308,19126,6222,953,2192,梦中情肉,,梦中情肉,0,0,2,0,0,0.0,0.0,0.0,0.0,0.0,0.0,0.0,0.0,0,0,0,0,0,0,0,0,无明显情感,未明确对象,未明确方面,中性,0,0.6553065905941072,0.1468149965085425,0.6553065905941072,0.19787841289735017,中性,中性,,False
生活区,BV1X75X6rEui,说到做到！不计成本逛离谱超市，会花多少钱？,1574484,95308,19126,6222,953,2192,能说出鱼味都差不多只能说你不会吃鱼。。。,,能说出鱼味都差不多只能说你不会吃鱼。。。,0,1,13,0,0,-1.0,0.0,1.0,1.0,0.07692307692307693,-1.0,0.0,1.0,0,0,0,0,0,0,0,1,对象评价,未明确对象,未明确方面,负面,-1,0.8709343896239058,0.8709343896239058,0.1154870078248024,0.013578602551291891,负面,负面,,False
生活区,BV1X75X6rEui,说到做到！不计成本逛离谱超市，会花多少钱？,1574484,95308,19126,6222,953,2192,老了,,老了,0,0,1,0,0,0.0,0.0,0.0,0.0,0.0,0.0,0.0,0.0,0,0,0,0,0,0,0,0,无明显情感,未明确对象,未明确方面,中性,0,0.5810999442768338,0.2987122995121598,0.5810999442768338,0.12018775621100641,中性,中性,,False
生活区,BV1X75X6rEui,说到做到！不计成本逛离谱超市，会花多少钱？,1574484,95308,19126,6222,953,2192,我听成刘涛了,,我听成刘涛了,0,0,2,0,0,0.0,0.0,0.0,0.0,0.0,0.0,0.0,0.0,0,0,0,0,0,0,0,0,无明显情感,未明确对象,未明确方面,中性,0,0.4406362361713384,0.39297890098901406,0.4406362361713384,0.1663848628396474,中性,中性,0.0,True
生活区,BV1X75X6rEui,说到做到！不计成本逛离谱超市，会花多少钱？,1574484,95308,19126,6222,953,2192,还挑肥拣瘦,,还挑肥拣瘦,0,0,2,0,0,0.0,0.0,0.0,0.0,0.0,0.0,0.0,0.0,0,0,0,0,0,0,0,0,无明显情感,未明确对象,未明确方面,中性,0,0.5176103520977896,0.26165808341283214,0.5176103520977896,0.22073156448937825,中性,中性,,False
生活区,BV1X75X6rEui,说到做到！不计成本逛离谱超市，会花多少钱？,1574484,95308,19126,6222,953,2192,我,,我,0,0,0,0,0,0.0,0.0,0.0,0.0,0.0,0.0,0.0,0.0,0,0,0,0,0,0,0,0,无明显情感,未明确对象,未明确方面,中性,0,0.6773179797267055,0.13492936082142515,0.6773179797267055,0.1877526594518693,中性,中性,,False
生活区,BV1X75X6rEui,说到做到！不计成本逛离谱超市，会花多少钱？,1574484,95308,19126,6222,953,2192,什么混蛋？哪里有混蛋？,,什么混蛋？哪里有混蛋？,0,0,7,0,2,0.0,0.0,0.0,0.0,0.0,0.0,0.0,0.0,0,0,0,0,0,0,0,0,无明显情感,未明确对象,未明确方面,中性,-1,0.6706850531450503,0.6706850531450503,0.3215529287483658,0.007762018106583876,负面,负面,,False
生活区,BV1X75X6rEui,说到做到！不计成本逛离谱超市，会花多少钱？,1574484,95308,19126,6222,953,2192,不如点外卖…,,不如点外卖,0,0,3,0,0,0.0,0.0,0.0,0.0,0.0,0.0,0.0,0.0,0,0,0,0,0,0,0,0,无明显情感,未明确对象,未明确方面,中性,-1,0.79918150698527,0.79918150698527,0.11451459075393275,0.08630390226079737,负面,负面,,False
生活区,BV1X75X6rEui,说到做到！不计成本逛离谱超市，会花多少钱？,1574484,95308,19126,6222,953,2192,混蛋来的,,混蛋来的,0,0,2,0,0,0.0,0.0,0.0,0.0,0.0,0.0,0.0,0.0,0,0,0,0,0,0,0,0,无明显情感,未明确对象,未明确方面,中性,0,0.8810015658209507,0.0667657751383688,0.8810015658209507,0.05223265904068051,中性,中性,,False
生活区,BV1X75X6rEui,说到做到！不计成本逛离谱超市，会花多少钱？,1574484,95308,19126,6222,953,2192,等等，你借什么？,,等等，你借什么？,0,0,5,0,1,0.0,0.0,0.0,0.0,0.0,0.0,0.0,0.0,0,0,0,0,0,0,0,0,无明显情感,未明确对象,未明确方面,中性,0,0.6296508007849725,0.2830926862885128,0.6296508007849725,0.08725651292651478,中性,中性,,False
生活区,BV1X75X6rEui,说到做到！不计成本逛离谱超市，会花多少钱？,1574484,95308,19126,6222,953,2192,简称混蛋吗,,简称混蛋吗,0,0,2,0,0,0.0,0.0,0.0,0.0,0.0,0.0,0.0,0.0,0,0,0,0,0,0,0,0,无明显情感,未明确对象,未明确方面,中性,0,0.8898671541810632,0.06237933698304745,0.8898671541810632,0.04775350883588921,中性,中性,,False
生活区,BV1X75X6rEui,说到做到！不计成本逛离谱超市，会花多少钱？,1574484,95308,19126,6222,953,2192,啥好事都让你占了是吧,,啥好事都让你占了是吧,0,0,5,0,0,0.0,0.0,0.0,0.0,0.0,0.0,0.0,0.0,0,0,0,0,0,0,0,0,无明显情感,未明确对象,未明确方面,中性,-1,0.5516621048142741,0.5516621048142741,0.3841313270654867,0.0642065681202391,负面,负面,,False
生活区,BV1X75X6rEui,说到做到！不计成本逛离谱超市，会花多少钱？,1574484,95308,19126,6222,953,2192,这玩意值一百多？,,这玩意值一百多？,0,0,4,0,1,0.0,0.0,0.0,0.0,0.0,0.0,0.0,0.0,0,0,0,0,0,0,0,0,无明显情感,未明确对象,未明确方面,中性,-1,0.8606577801529942,0.8606577801529942,0.11369771451741315,0.025644505329592632,负面,负面,-1.0,True
生活区,BV1X75X6rEui,说到做到！不计成本逛离谱超市，会花多少钱？,1574484,95308,19126,6222,953,2192,我两场考试妙不妙,,我两场考试妙不妙,0,0,4,0,0,0.0,0.0,0.0,0.0,0.0,0.0,0.0,0.0,0,0,0,0,0,0,0,0,无明显情感,未明确对象,未明确方面,中性,0,0.8099899612718993,0.0350011600237146,0.8099899612718993,0.1550088787043862,中性,中性,,False
生活区,BV1X75X6rEui,说到做到！不计成本逛离谱超市，会花多少钱？,1574484,95308,19126,6222,953,2192,煎牛排想用的可能是芦笋，和泥蒿差的还是有点远的,,煎牛排想用的可能是芦笋，和泥蒿差的还是有点远的,0,0,11,0,0,0.0,0.0,0.0,0.0,0.0,0.0,0.0,0.0,0,0,0,0,0,0,0,0,无明显情感,未明确对象,未明确方面,中性,0,0.5930858391880189,0.3425306255135543,0.5930858391880189,0.06438353529842669,中性,负面,,False
生活区,BV1X75X6rEui,说到做到！不计成本逛离谱超市，会花多少钱？,1574484,95308,19126,6222,953,2192,还是太低,,还是太低,0,0,2,0,0,0.0,0.0,0.0,0.0,0.0,0.0,0.0,0.0,0,0,0,0,0,0,0,0,无明显情感,未明确对象,未明确方面,中性,0,0.8401532611253674,0.09150145266722484,0.8401532611253674,0.06834528620740778,中性,中性,,False
生活区,BV1X75X6rEui,说到做到！不计成本逛离谱超市，会花多少钱？,1574484,95308,19126,6222,953,2192,吃着日本饲料住着德国鸡笼的本地鸡,,吃着日本饲料住着德国鸡笼的本地鸡,0,0,10,0,0,0.0,0.0,0.0,0.0,0.0,0.0,0.0,0.0,0,0,0,0,0,0,0,0,无明显情感,未明确对象,未明确方面,中性,0,0.6673651469096066,0.1750287026096753,0.6673651469096066,0.15760615048071816,中性,中性,,False
生活区,BV1X75X6rEui,说到做到！不计成本逛离谱超市，会花多少钱？,1574484,95308,19126,6222,953,2192,我们这一块就是这么叫的啊,,我们这一块就是这么叫的啊,0,0,5,0,0,0.0,0.0,0.0,0.0,0.0,0.0,0.0,0.0,0,0,0,0,0,0,0,0,无明显情感,未明确对象,未明确方面,中性,0,0.5022379224163303,0.276015197883639,0.5022379224163303,0.2217468797000308,中性,中性,0.0,True
生活区,BV1X75X6rEui,说到做到！不计成本逛离谱超市，会花多少钱？,1574484,95308,19126,6222,953,2192,不计成本在哪，清淡在哪,,不计成本在哪，清淡在哪,0,0,7,0,0,0.0,0.0,0.0,0.0,0.0,0.0,0.0,0.0,0,0,0,0,0,0,0,0,无明显情感,未明确对象,未明确方面,中性,-1,0.6891276126032965,0.6891276126032965,0.2901836971862826,0.02068869021042077,负面,负面,,False
生活区,BV1X75X6rEui,说到做到！不计成本逛离谱超市，会花多少钱？,1574484,95308,19126,6222,953,2192,丁克,,丁克,0,0,1,0,0,0.0,0.0,0.0,0.0,0.0,0.0,0.0,0.0,0,0,0,0,0,0,0,0,无明显情感,未明确对象,未明确方面,中性,0,0.6613337795964743,0.14035796080361848,0.6613337795964743,0.19830825959990717,中性,中性,,False
生活区,BV1X75X6rEui,说到做到！不计成本逛离谱超市，会花多少钱？,1574484,95308,19126,6222,953,2192,大肠刺身,,大肠刺身,0,0,2,0,0,0.0,0.0,0.0,0.0,0.0,0.0,0.0,0.0,0,0,0,0,0,0,0,0,无明显情感,未明确对象,未明确方面,中性,0,0.6553065905941072,0.1468149965085425,0.6553065905941072,0.19787841289735017,中性,中性,,False
生活区,BV1X75X6rEui,说到做到！不计成本逛离谱超市，会花多少钱？,1574484,95308,19126,6222,953,2192,虾—,,虾,0,0,1,0,0,0.0,0.0,0.0,0.0,0.0,0.0,0.0,0.0,0,0,0,0,0,0,0,0,无明显情感,未明确对象,未明确方面,中性,0,0.6613337795964743,0.14035796080361848,0.6613337795964743,0.19830825959990717,中性,中性,,False
