partition,bvid,text,pred_label,pred_raw_label,model_confidence,prob_positive,prob_neutral,prob_negative,lexicon_score,discourse_score,pos_cnt,neg_cnt,is_mixed_sentiment,sentiment_type,sentiment_target,sentiment_aspect,aspect_sentiment,manual_override,manual_label
知识区,BV1zrGi6PE9B,此时一个数学140+的赞了我,正面,负面,0.42552707740165413,0.22879109601809283,0.34568182658025315,0.42552707740165413,0.0,0.0,0,0,0,无明显情感,课程内容,未明确方面,中性,False,
知识区,BV1zrGi6PE9B,点赞这条弹幕，祝你们高考数学140+（真）,正面,正面,0.9210226770456312,0.9210226770456312,0.033088009861813455,0.04588931309255533,1.0,1.0,1,0,0,对象评价,课程内容,未明确方面,正面,False,
知识区,BV1zrGi6PE9B,各位26届高考的哥哥姐姐们加油！！！（我27届高考，嘿嘿…）,正面,正面,0.9770381271976484,0.9770381271976484,0.017319037474577727,0.005642835327773921,1.0,1.0,1,0,0,对象评价,未明确对象,未明确方面,正面,False,
知识区,BV1zrGi6PE9B,至此你的青春也画上了一个逗号：但少年你的青春不止岁月不息！继续无限进步！！！,正面,负面,0.45745573201326994,0.4516919373942333,0.09085233059249671,0.45745573201326994,-1.0,-1.0,0,1,0,对象评价,未明确对象,未明确方面,负面,True,1.0
知识区,BV1zrGi6PE9B,那么以上就是高中数学全部内容，很高兴认识大家！,正面,正面,0.799846902815759,0.799846902815759,0.11452093764642013,0.08563215953782083,1.5,1.5,1,0,0,对象评价,课程内容,未明确方面,正面,False,
知识区,BV1zrGi6PE9B,27届高考加油！,正面,正面,0.9680023757871762,0.9680023757871762,0.028590544702293247,0.0034070795105305323,1.0,1.0,1,0,0,对象评价,未明确对象,未明确方面,正面,False,
知识区,BV1zrGi6PE9B,祝诸君：知难上，戒骄狂，常自省，穷途明，不溺于往，早登青云！,正面,正面,0.6975571430977268,0.6975571430977268,0.08491860634015305,0.21752425056212019,0.0,0.0,0,0,0,无明显情感,未明确对象,理解与难度,中性,False,
知识区,BV1zrGi6PE9B,艾伦打卡结束，完结撒花！祝各位旗开得胜，金榜题名！！！,正面,正面,0.9458212020145459,0.9458212020145459,0.030187914828613594,0.023990883156840517,0.0,0.0,0,0,0,无明显情感,未明确对象,未明确方面,中性,False,
知识区,BV1zrGi6PE9B,祝2026高考生蟾宫折桂、金榜题名,正面,正面,0.7261143123588051,0.7261143123588051,0.21943301204851515,0.05445267559267973,0.0,0.0,0,0,0,无明显情感,未明确对象,未明确方面,中性,False,
知识区,BV1zrGi6PE9B,达成成就：高中数学通关,正面,正面,0.7721406270663305,0.7721406270663305,0.1676593081045345,0.06020006482913496,0.0,0.0,0,0,0,无明显情感,课程内容,未明确方面,中性,True,1.0
知识区,BV1zrGi6PE9B,很高兴认识你，敬我们的初相识,正面,正面,0.8739774530469604,0.8739774530469604,0.07406413395542757,0.05195841299761204,1.5,1.5,1,0,0,对象评价,未明确对象,未明确方面,正面,False,
知识区,BV1zrGi6PE9B,2026年5月30日10：55已通关高中数学，愿我2027高考顺利,正面,正面,0.9465134547299695,0.9465134547299695,0.04099521003665919,0.012491335233371348,1.0,1.0,1,0,0,对象评价,课程内容,未明确方面,正面,True,1.0
知识区,BV1zrGi6PE9B,感谢一数感谢我们的相识，高三副本即将开启，祝你我高三顺利2027高考加油,正面,正面,0.9996546514546454,0.9996546514546454,0.0002681393728315641,7.720917252293981e-05,4.0,4.0,4,0,0,对象评价,未明确对象,未明确方面,正面,False,
知识区,BV1zrGi6PE9B,这时一一个数学能考140+的人表示这很简单，并点赞了我,正面,正面,0.8924608755014437,0.8924608755014437,0.06194791788729722,0.04559120661125914,2.5,2.5,2,0,0,对象评价,课程内容,理解与难度,正面,False,
知识区,BV1zrGi6PE9B,高考我要上550＋，祝大家也都能取得理想成绩,正面,正面,0.7116573643860505,0.7116573643860505,0.23153877208489945,0.05680386352905007,0.0,0.0,0,0,0,无明显情感,未明确对象,未明确方面,中性,False,
知识区,BV1zrGi6PE9B,27届高考加油！！！,正面,正面,0.9728324326869725,0.9728324326869725,0.019720362162148865,0.00744720515087872,1.0,1.0,1,0,0,对象评价,未明确对象,未明确方面,正面,False,
知识区,BV1zrGi6PE9B,新合集完结撒花！感谢小猪老师！,正面,正面,0.987192233097538,0.987192233097538,0.009810300892524163,0.0029974660099378364,1.0,1.0,1,0,0,对象评价,讲解者,未明确方面,正面,False,
知识区,BV1zrGi6PE9B,2026年5月24日08:30:18  我通关了高中数学！,正面,正面,0.6321803852061998,0.6321803852061998,0.3146975037779324,0.0531221110158678,0.0,0.0,0,0,0,无明显情感,课程内容,未明确方面,中性,True,1.0
知识区,BV1zrGi6PE9B,妈呀，上面这个太刺眼了啊，换一个，换成白色吧。哈哈哈,正面,正面,0.6138974567773177,0.6138974567773177,0.12452217023303234,0.26158037298965003,1.0,1.0,1,0,0,对象评价+自身情绪,未明确对象,娱乐与趣味,正面,False,
知识区,BV1zrGi6PE9B,下下周各位高考加油,正面,正面,0.9168767674788548,0.9168767674788548,0.07843406001081427,0.004689172510330928,1.0,1.0,1,0,0,对象评价,未明确对象,未明确方面,正面,False,
知识区,BV1zrGi6PE9B,27年高考上岸,正面,正面,0.834175570506375,0.834175570506375,0.14550692807881674,0.020317501414808228,0.0,0.0,0,0,0,无明显情感,未明确对象,未明确方面,中性,False,
知识区,BV1zrGi6PE9B,恭喜你解锁成就：结束了？,正面,正面,0.4840005052716086,0.4840005052716086,0.17194555317710983,0.34405394155128166,1.0,1.0,1,0,0,对象评价,未明确对象,未明确方面,正面,True,1.0
知识区,BV1zrGi6PE9B,希望大家都能考上理想的大学,正面,正面,0.77998939705353,0.77998939705353,0.1606269733107265,0.05938362963574357,0.0,0.0,0,0,0,无明显情感,未明确对象,未明确方面,中性,True,1.0
知识区,BV1zrGi6PE9B,愿这份友谊长存！,正面,正面,0.658692087619323,0.658692087619323,0.27030898601573145,0.07099892636494545,0.0,0.0,0,0,0,无明显情感,未明确对象,未明确方面,中性,False,
知识区,BV1zrGi6PE9B,未曾谋面的老师，遇见你真的是我最幸运的事之一,正面,正面,0.5054101088281843,0.5054101088281843,0.3157280274829238,0.17886186368889206,0.0,0.0,0,0,0,无明显情感,讲解者,未明确方面,中性,True,1.0
知识区,BV1zrGi6PE9B,这下是真的全都完结了，撒花撒花,正面,正面,0.6754898498001126,0.6754898498001126,0.10338648548469619,0.22112366471519126,0.0,0.0,0,0,0,无明显情感,未明确对象,未明确方面,中性,False,
知识区,BV1zrGi6PE9B,感谢一数 将永远追随up！ 高考必胜！,正面,正面,0.971815587319314,0.971815587319314,0.023854760188447,0.004329652492238996,1.0,1.0,1,0,0,对象评价,讲解者,未明确方面,正面,False,
知识区,BV1zrGi6PE9B,2026高考明天开考，祝大家金榜题名,正面,正面,0.8737675729306315,0.8737675729306315,0.09428846216143917,0.03194396490792943,0.0,0.0,0,0,0,无明显情感,未明确对象,未明确方面,中性,True,1.0
知识区,BV1zrGi6PE9B,恭喜大家通关高中数学全部内容！,正面,正面,0.9664560400381605,0.9664560400381605,0.027405704890321816,0.0061382550715177,1.0,1.0,1,0,0,对象评价,课程内容,未明确方面,正面,False,
知识区,BV1zrGi6PE9B,2027北大等我！！,正面,正面,0.8089061193965787,0.8089061193965787,0.15770460071053718,0.03338927989288393,0.0,0.0,0,0,0,无明显情感,未明确对象,未明确方面,中性,False,
知识区,BV1zrGi6PE9B,我不行了这个坏宝宝好可爱,正面,正面,0.6553812130709626,0.6553812130709626,0.0867638409965425,0.25785494593249497,0.0,0.0,1,1,1,对象评价,未明确对象,未明确方面,混合,True,1.0
知识区,BV1zrGi6PE9B,我，成绩，只进不退！,正面,正面,0.5142221606618406,0.5142221606618406,0.3389591470536282,0.1468186922845313,0.0,0.0,0,0,0,无明显情感,未明确对象,未明确方面,中性,False,
知识区,BV1zrGi6PE9B,希望大家永远不患癌,正面,正面,0.4755417876466323,0.4755417876466323,0.33286698932099534,0.19159122303237233,0.0,0.0,0,0,0,无明显情感,未明确对象,未明确方面,中性,True,1.0
知识区,BV1zrGi6PE9B,结束喽高中生活，祝所有2026考生高考上岸！,正面,正面,0.8624744566732673,0.8624744566732673,0.10942882070466135,0.028096722622071378,0.0,0.0,0,0,0,无明显情感,未明确对象,未明确方面,中性,False,
知识区,BV1zrGi6PE9B,最后一课，完结撒花,正面,正面,0.6356392496894597,0.6356392496894597,0.2967777374764688,0.06758301283407145,0.0,0.0,0,0,0,无明显情感,未明确对象,未明确方面,中性,True,1.0
知识区,BV1zrGi6PE9B,One last Kiss.,正面,正面,0.6336268979003604,0.6336268979003604,0.25945891193082526,0.10691419016881437,0.0,0.0,0,0,0,无明显情感,未明确对象,未明确方面,中性,True,1.0
知识区,BV1zrGi6PE9B,也是把高中数学打通关了,正面,正面,0.5128780791169683,0.5128780791169683,0.3243604187305366,0.16276150215249513,0.0,0.0,0,0,0,无明显情感,课程内容,未明确方面,中性,True,1.0
知识区,BV1zrGi6PE9B,祝所有高三学姐学长金榜题名!,正面,正面,0.6999182776263649,0.6999182776263649,0.2118534937870317,0.08822822858660341,0.0,0.0,0,0,0,无明显情感,未明确对象,未明确方面,中性,True,1.0
知识区,BV1zrGi6PE9B,27年高考生在此祝26年高考的学长学姐 也祝一年后的自己金榜题名！,正面,正面,0.7368310804625292,0.7368310804625292,0.2127831640641902,0.05038575547328068,0.0,0.0,0,0,0,无明显情感,未明确对象,未明确方面,中性,True,1.0
知识区,BV1zrGi6PE9B,高考660！！！,正面,正面,0.7965096250389299,0.7965096250389299,0.13262707216787076,0.07086330279319944,0.0,0.0,0,0,0,无明显情感,未明确对象,未明确方面,中性,False,
知识区,BV1zrGi6PE9B,高三学长学姐们高考加油！,正面,正面,0.9447261613036847,0.9447261613036847,0.049751040505807476,0.005522798190507799,1.0,1.0,1,0,0,对象评价,未明确对象,未明确方面,正面,False,
知识区,BV1zrGi6PE9B,我最喜欢的一首歌作为结尾吗…,正面,正面,0.7071246404280741,0.7071246404280741,0.185654550119383,0.10722080945254296,1.0,1.0,1,0,0,对象评价,未明确对象,未明确方面,正面,False,
知识区,BV1zrGi6PE9B,今年高考的兄弟们，加油,正面,正面,0.9131854632799529,0.9131854632799529,0.07188649838342775,0.014928038336619393,1.0,1.0,1,0,0,对象评价,未明确对象,未明确方面,正面,False,
知识区,BV1zrGi6PE9B,我居然跟着小猪学完高中数学大合集了！！！,正面,正面,0.6534980490360072,0.6534980490360072,0.20397473252748693,0.14252721843650587,0.0,0.0,0,0,0,无明显情感,课程内容,未明确方面,中性,False,
知识区,BV1zrGi6PE9B,大家结课快乐！高考都要顺顺利利的！,正面,正面,0.9933267039087621,0.9933267039087621,0.006307846784287158,0.00036544930695073973,2.0,2.0,2,0,0,对象评价+自身情绪,未明确对象,未明确方面,正面,False,
知识区,BV1zrGi6PE9B,加油，全员上岸,正面,正面,0.9666719618868044,0.9666719618868044,0.01858703022166195,0.01474100789153371,1.0,1.0,1,0,0,对象评价,未明确对象,未明确方面,正面,False,
知识区,BV1zrGi6PE9B,清华大学我们2027年见,正面,正面,0.610221740503262,0.610221740503262,0.3451792072623021,0.04459905223443595,0.0,0.0,0,0,0,无明显情感,未明确对象,未明确方面,中性,False,
知识区,BV1zrGi6PE9B,高中数学基础大合集——完结撒花~,正面,正面,0.6959637365373391,0.6959637365373391,0.23290210823882834,0.07113415522383244,0.0,0.0,0,0,0,无明显情感,课程内容,未明确方面,中性,False,
知识区,BV1zrGi6PE9B,2026 5月30日已通关高中数学 祝2027高考顺利,正面,正面,0.9584876514740025,0.9584876514740025,0.03206923365902119,0.009443114866976285,1.0,1.0,1,0,0,对象评价,课程内容,未明确方面,正面,True,1.0
知识区,BV1zrGi6PE9B,愿这份友谊长存！！！,正面,正面,0.6636382163685315,0.6636382163685315,0.13125211544921261,0.2051096681822558,0.0,0.0,0,0,0,无明显情感,未明确对象,未明确方面,中性,True,1.0
知识区,BV1zrGi6PE9B,愿此行，终抵群星,正面,正面,0.5193561225932206,0.5193561225932206,0.25660056756640687,0.2240433098403725,0.0,0.0,0,0,0,无明显情感,未明确对象,未明确方面,中性,True,1.0
知识区,BV1zrGi6PE9B,“那么以上就是高中数学全部内容！很高兴认识大家！我们下一个视频再见！”,正面,正面,0.8571269321213397,0.8571269321213397,0.11666591788068316,0.026207149997977172,1.5,1.5,1,0,0,对象评价,课程内容+视频内容,未明确方面,正面,False,
知识区,BV1zrGi6PE9B,以上就是高中数学全部内容，完结撒花，愿大家金榜题名！,正面,正面,0.9042215370074792,0.9042215370074792,0.053626531624406275,0.04215193136811452,0.0,0.0,0,0,0,无明显情感,课程内容,未明确方面,中性,False,
知识区,BV1zrGi6PE9B,感谢小猪老师,正面,正面,0.8973260006443794,0.8973260006443794,0.0691598514102327,0.033514147945387936,1.0,1.0,1,0,0,对象评价,讲解者,未明确方面,正面,False,
知识区,BV1zrGi6PE9B,祝大家高考成功上岸，金榜题名！,正面,正面,0.9835215169502699,0.9835215169502699,0.014092679337050426,0.0023858037126795483,1.0,1.0,1,0,0,对象评价,未明确对象,未明确方面,正面,False,
知识区,BV1zrGi6PE9B,俱怀逸兴壮思飞，欲上青天揽明月,正面,正面,0.5343247211469062,0.5343247211469062,0.20773995108831886,0.257935327764775,0.0,0.0,0,0,0,无明显情感,未明确对象,未明确方面,中性,True,1.0
知识区,BV1zrGi6PE9B,大合集完结！撒花！,正面,正面,0.8410422365717607,0.8410422365717607,0.13792936721243168,0.021028396215807724,0.0,0.0,0,0,0,无明显情感,未明确对象,未明确方面,中性,False,
知识区,BV1zrGi6PE9B,关注塔菲喵,正面,正面,0.7144794766965968,0.7144794766965968,0.22720154452921937,0.0583189787741838,1.0,1.0,1,0,0,对象评价,未明确对象,未明确方面,正面,True,1.0
知识区,BV1zrGi6PE9B,2027届高考加油,正面,正面,0.9595952958867716,0.9595952958867716,0.03464135060295801,0.005763353510270334,1.0,1.0,1,0,0,对象评价,未明确对象,未明确方面,正面,False,
知识区,BV1zrGi6PE9B,还有13天高考，我一定一定会考上的,正面,正面,0.7159658022831065,0.7159658022831065,0.19667926881229567,0.08735492890459781,0.0,0.0,0,0,0,无明显情感,未明确对象,未明确方面,中性,True,1.0
知识区,BV1zrGi6PE9B,上完这节课就真的要完结撒花了呜呜呜,正面,正面,0.8448762315376845,0.8448762315376845,0.049486495693888174,0.10563727276842731,0.0,0.0,0,0,0,无明显情感,未明确对象,未明确方面,中性,False,
知识区,BV1zrGi6PE9B,2026年5月24日8:58已通关绝密高中数学,正面,正面,0.5115495629688708,0.5115495629688708,0.4091267619703988,0.07932367506073036,0.0,0.0,0,0,0,无明显情感,课程内容,未明确方面,中性,True,1.0
知识区,BV1zrGi6PE9B,恭喜各位高中生完成高中数学大合集，愿一系列永远陪你,正面,正面,0.9727815112667063,0.9727815112667063,0.02059595172205668,0.006622537011236911,2.0,2.0,2,0,0,对象评价,课程内容,未明确方面,正面,False,
知识区,BV1zrGi6PE9B,小猪老师辛苦了 神奇姥姥也辛苦了,正面,正面,0.9193523930687275,0.9193523930687275,0.04070692718896957,0.039940679742302976,2.0,2.0,2,0,0,对象评价,讲解者,未明确方面,正面,False,
知识区,BV1zrGi6PE9B,一轮复习都要加油哦,正面,正面,0.6419088322049146,0.6419088322049146,0.32784641636304757,0.030244751432037895,1.0,1.0,1,0,0,对象评价,未明确对象,未明确方面,正面,False,
知识区,BV1zrGi6PE9B,2027届高考生享福了,正面,正面,0.5209712880279155,0.5209712880279155,0.41724582732513465,0.06178288464694982,0.0,0.0,0,0,0,无明显情感,未明确对象,未明确方面,中性,True,1.0
知识区,BV1zrGi6PE9B,明天高考,正面,正面,0.5922196578820473,0.5922196578820473,0.3687481040335065,0.03903223808444619,0.0,0.0,0,0,0,无明显情感,未明确对象,未明确方面,中性,False,
知识区,BV1zrGi6PE9B,2026高考仅剩两天！！！！,正面,正面,0.724128908374757,0.724128908374757,0.18755459612951803,0.088316495495725,0.0,0.0,0,0,0,无明显情感,未明确对象,未明确方面,中性,False,
知识区,BV1zrGi6PE9B,见证历史！！！2027高考必胜金榜题名！！！,正面,正面,0.9493761271348725,0.9493761271348725,0.03170769422147283,0.01891617864365469,0.0,0.0,0,0,0,无明显情感,未明确对象,未明确方面,中性,False,
知识区,BV1zrGi6PE9B,最后六天了加油朋友们,正面,正面,0.8282399661266414,0.8282399661266414,0.12561425079998675,0.04614578307337192,1.0,1.0,1,0,0,对象评价,未明确对象,未明确方面,正面,False,
知识区,BV1zrGi6PE9B,2027高考加油！一定要自律,正面,正面,0.9811837185207591,0.9811837185207591,0.016466628315198628,0.0023496531640421836,1.0,1.0,1,0,0,对象评价,未明确对象,未明确方面,正面,False,
知识区,BV1zrGi6PE9B,祝各位26届的学姐学长能够考出好成绩，金榜题名,正面,正面,0.7649146477773278,0.7649146477773278,0.12746694326244254,0.10761840896022969,0.0,0.0,0,0,0,无明显情感,未明确对象,未明确方面,中性,False,
知识区,BV1zrGi6PE9B,使用CASIO FX-991 CN CW II计算器参加全国中学生地球科学竞赛的无名高中生表示很赞,正面,中性,0.5333608292635904,0.3558306083377507,0.5333608292635904,0.11080856239865897,1.0,1.0,1,0,0,对象评价,未明确对象,未明确方面,正面,False,
知识区,BV1zrGi6PE9B,学长学姐高考加油,正面,正面,0.9464033678838975,0.9464033678838975,0.04525025269625156,0.008346379419851028,1.0,1.0,1,0,0,对象评价,未明确对象,未明确方面,正面,False,
知识区,BV1zrGi6PE9B,学长学姐们26年加油,正面,正面,0.8968507638341691,0.8968507638341691,0.08680228892048106,0.016346947245349748,1.0,1.0,1,0,0,对象评价,未明确对象,未明确方面,正面,False,
知识区,BV1zrGi6PE9B,还有11天2026届高考，点赞这条评论，高考数学145分,正面,正面,0.9275243671681916,0.9275243671681916,0.05650507845796956,0.01597055437383881,1.0,1.0,1,0,0,对象评价,课程内容,未明确方面,正面,False,
知识区,BV1zrGi6PE9B,27高考680+等我,正面,正面,0.5804585174800814,0.5804585174800814,0.38539816705632224,0.03414331546359638,0.0,0.0,0,0,0,无明显情感,未明确对象,未明确方面,中性,False,
知识区,BV1zrGi6PE9B,2027年找到适合自己的机会,正面,正面,0.5690721743813205,0.5690721743813205,0.3596373588295748,0.07129046678910478,0.0,0.0,0,0,0,无明显情感,未明确对象,未明确方面,中性,True,1.0
知识区,BV1zrGi6PE9B,很高兴认识你,正面,正面,0.8441627138409061,0.8441627138409061,0.09819346756023001,0.057643818598863965,1.5,1.5,1,0,0,对象评价,未明确对象,未明确方面,正面,True,1.0
知识区,BV1zrGi6PE9B,感觉像满级成就的最后一关了,正面,负面,0.3912292195772243,0.2988673847759963,0.30990339564677954,0.3912292195772243,0.0,0.0,0,0,0,无明显情感,未明确对象,未明确方面,中性,True,1.0
知识区,BV1zrGi6PE9B,都加油,正面,正面,0.9079172495927548,0.9079172495927548,0.05339204732351594,0.03869070308372921,1.0,1.0,1,0,0,对象评价,未明确对象,未明确方面,正面,False,
知识区,BV1zrGi6PE9B,谢谢老师,正面,正面,0.9004834011461412,0.9004834011461412,0.07831471286666043,0.021201885987198327,1.0,1.0,1,0,0,对象评价,讲解者,未明确方面,正面,False,
知识区,BV1zrGi6PE9B,高考大捷,正面,正面,0.5810877622909382,0.5810877622909382,0.38496049573150204,0.033951741977559846,0.0,0.0,0,0,0,无明显情感,未明确对象,未明确方面,中性,False,
知识区,BV1zrGi6PE9B,one last kiss!,正面,正面,0.6204450607886847,0.6204450607886847,0.29477238209838685,0.08478255711292845,0.0,0.0,0,0,0,无明显情感,未明确对象,未明确方面,中性,True,1.0
知识区,BV1zrGi6PE9B,我已出舱，感觉良好,正面,正面,0.4700840349331279,0.4700840349331279,0.2193220657309807,0.3105938993358913,0.0,0.0,0,0,0,无明显情感,未明确对象,未明确方面,中性,True,1.0
知识区,BV1zrGi6PE9B,明天就高考了，可以给我加油吗？,正面,正面,0.8672961770790414,0.8672961770790414,0.03590756543297619,0.09679625748798243,2.0,2.0,2,0,0,对象评价,未明确对象,未明确方面,正面,False,
知识区,BV1zrGi6PE9B,最后一节新课 祝年少的自己考上理想的大学 加油 高考还剩370天,正面,正面,0.9024463201410525,0.9024463201410525,0.08208826689278532,0.015465412966162157,1.0,1.0,1,0,0,对象评价,未明确对象,未明确方面,正面,False,
知识区,BV1zrGi6PE9B,高二生祝学长学姐高考顺利，金榜题名、蟾宫折桂！！！,正面,正面,0.9791273624700811,0.9791273624700811,0.010190903569597919,0.010681733960320851,1.0,1.0,1,0,0,对象评价,未明确对象,未明确方面,正面,False,
知识区,BV1zrGi6PE9B,2027高考必胜,正面,正面,0.7906448073704083,0.7906448073704083,0.1768952229732895,0.0324599696563023,0.0,0.0,0,0,0,无明显情感,未明确对象,未明确方面,中性,False,
知识区,BV1zrGi6PE9B,2027高考加油吧,正面,正面,0.9512246034024121,0.9512246034024121,0.03929882778488329,0.009476568812704656,1.0,1.0,1,0,0,对象评价,未明确对象,未明确方面,正面,False,
知识区,BV1zrGi6PE9B,2027去NJU!,正面,正面,0.625427128235313,0.625427128235313,0.3223020012797451,0.05227087048494191,0.0,0.0,0,0,0,无明显情感,未明确对象,未明确方面,中性,True,1.0
知识区,BV1zrGi6PE9B,2027必胜高考,正面,正面,0.8162569919018762,0.8162569919018762,0.16549402771955984,0.018248980378564122,0.0,0.0,0,0,0,无明显情感,未明确对象,未明确方面,中性,False,
知识区,BV1zrGi6PE9B,努力一年 27年的盛夏 你一定会实现梦想！！,正面,正面,0.6501479924137371,0.6501479924137371,0.22030318176343563,0.12954882582282717,0.0,0.0,0,0,0,无明显情感,未明确对象,未明确方面,中性,True,1.0
知识区,BV1zrGi6PE9B,我的人生才刚刚拉开序幕！！,正面,正面,0.6148890653479966,0.6148890653479966,0.2597874177832648,0.12532351686873866,0.0,0.0,0,0,0,无明显情感,未明确对象,未明确方面,中性,True,1.0
知识区,BV1zrGi6PE9B,愿我们友谊长存,正面,正面,0.7147924662910394,0.7147924662910394,0.20535265072127437,0.07985488298768627,0.0,0.0,0,0,0,无明显情感,未明确对象,未明确方面,中性,True,1.0
知识区,BV1zrGi6PE9B,完结撒花！高考大捷！,正面,正面,0.9375810643593266,0.9375810643593266,0.053786776228082776,0.00863215941259058,0.0,0.0,0,0,0,无明显情感,未明确对象,未明确方面,中性,False,
知识区,BV1zrGi6PE9B,2027上岸深圳大学！！！,正面,正面,0.8912399162772854,0.8912399162772854,0.07503475335684542,0.0337253303658693,0.0,0.0,0,0,0,无明显情感,未明确对象,未明确方面,中性,False,
知识区,BV1zrGi6PE9B,2026高考加油，谢谢小猪老师，也希望自己考上理想大学！！！,正面,正面,0.9982137981820662,0.9982137981820662,0.0010909050340884182,0.0006952967838454626,2.0,2.0,2,0,0,对象评价,讲解者,未明确方面,正面,False,
知识区,BV1zrGi6PE9B,高考加油2027 上一本！！！！,正面,正面,0.9794193096255555,0.9794193096255555,0.014892527677322687,0.005688162697121932,1.0,1.0,1,0,0,对象评价,未明确对象,未明确方面,正面,False,
知识区,BV1zrGi6PE9B,各位2027高考加油，祝我们考上理想的大学,正面,正面,0.9810708211504656,0.9810708211504656,0.014172224521356913,0.004756954328177356,1.0,1.0,1,0,0,对象评价,未明确对象,未明确方面,正面,False,
知识区,BV1zrGi6PE9B,一路有你，感谢陪伴❥(^_-),正面,正面,0.8289837392310361,0.8289837392310361,0.061422575066594896,0.1095936857023691,1.0,1.0,1,0,0,对象评价,未明确对象,未明确方面,正面,True,1.0
知识区,BV1zrGi6PE9B,我要上520+,正面,正面,0.5286600332319794,0.5286600332319794,0.40578372460016643,0.06555624216785408,0.0,0.0,0,0,0,无明显情感,未明确对象,未明确方面,中性,False,
知识区,BV1zrGi6PE9B,高考顺利！！,正面,正面,0.9658517119775087,0.9658517119775087,0.020559333376467037,0.013588954646024345,1.0,1.0,1,0,0,对象评价,未明确对象,未明确方面,正面,False,
知识区,BV1zrGi6PE9B,祝我上二本！,正面,正面,0.703416496579231,0.703416496579231,0.2511636368252759,0.04541986659549323,0.0,0.0,0,0,0,无明显情感,未明确对象,未明确方面,中性,True,1.0
知识区,BV1zrGi6PE9B,2027南大上岸！,正面,正面,0.8536048429290712,0.8536048429290712,0.13011672533177235,0.016278431739156305,0.0,0.0,0,0,0,无明显情感,未明确对象,未明确方面,中性,False,
知识区,BV1zrGi6PE9B,2026年5月24日11.37已通过关绝密高中物数学,正面,正面,0.7607012690081972,0.7607012690081972,0.18878378446148877,0.05051494653031394,1.0,1.0,1,0,0,对象评价,课程内容,未明确方面,正面,True,1.0
知识区,BV1zrGi6PE9B,鬼灭之刃！,正面,正面,0.6421716127645047,0.6421716127645047,0.32203236039714583,0.03579602683834938,0.0,0.0,0,0,0,无明显情感,未明确对象,未明确方面,中性,False,
知识区,BV1zrGi6PE9B,一轮复习加油,正面,正面,0.7749187782239908,0.7749187782239908,0.1936636287952538,0.0314175929807554,1.0,1.0,1,0,0,对象评价,未明确对象,未明确方面,正面,False,
知识区,BV1zrGi6PE9B,完结撒花,正面,正面,0.8567223096164467,0.8567223096164467,0.11235261484957272,0.03092507553398055,0.0,0.0,0,0,0,无明显情感,未明确对象,未明确方面,中性,False,
知识区,BV1zrGi6PE9B,2027年高考顺利,正面,正面,0.9528132747133929,0.9528132747133929,0.037425074932681886,0.009761650353925247,1.0,1.0,1,0,0,对象评价,未明确对象,未明确方面,正面,True,1.0
知识区,BV1zrGi6PE9B,2027高考加油,正面,正面,0.9631886572696164,0.9631886572696164,0.03051847042426279,0.006292872306120843,1.0,1.0,1,0,0,对象评价,未明确对象,未明确方面,正面,False,
知识区,BV1zrGi6PE9B,完结撒花，祝各位金榜题名，旗开得胜！！！,正面,正面,0.9474475818651353,0.9474475818651353,0.024270085414961493,0.028282332719903148,0.0,0.0,0,0,0,无明显情感,未明确对象,未明确方面,中性,False,
知识区,BV1zrGi6PE9B,至此，你的高中也完成了重要的一个剧本：通关高中数学,正面,正面,0.8543992703597472,0.8543992703597472,0.0954322457176423,0.050168483922610516,1.0,1.0,1,0,0,对象评价,课程内容,未明确方面,正面,True,1.0
知识区,BV1zrGi6PE9B,我们也很高兴认识你 愿这份友谊长存,正面,正面,0.9171771529118894,0.9171771529118894,0.050232447571104615,0.03259039951700606,1.5,1.5,1,0,0,对象评价,未明确对象,未明确方面,正面,False,
知识区,BV1zrGi6PE9B,希望大爷都能考上理想的大学,正面,正面,0.7188008845221585,0.7188008845221585,0.18094196356573417,0.10025715191210728,0.0,0.0,0,0,0,无明显情感,未明确对象,未明确方面,中性,True,1.0
知识区,BV1zrGi6PE9B,"哈哈,最后十课刚刚看过",正面,正面,0.5799080533042521,0.5799080533042521,0.38862881750598866,0.031463129189759305,1.0,1.0,1,0,0,对象评价+自身情绪,未明确对象,娱乐与趣味,正面,False,
知识区,BV1zrGi6PE9B,上岸,正面,正面,0.6597027563102645,0.6597027563102645,0.2698465993803104,0.07045064430942502,0.0,0.0,0,0,0,无明显情感,未明确对象,未明确方面,中性,False,
知识区,BV1zrGi6PE9B,下周月考，加油,正面,正面,0.842464795276169,0.842464795276169,0.11350142039118429,0.04403378433264681,1.0,1.0,1,0,0,对象评价,未明确对象,未明确方面,正面,False,
知识区,BV1zrGi6PE9B,我的妈呀 能有如此毅力坚持下去 愿大家都成功！,正面,正面,0.7059818192083663,0.7059818192083663,0.25259303259856597,0.04142514819306769,1.0,1.0,1,0,0,对象评价,未明确对象,未明确方面,正面,True,1.0
知识区,BV1zrGi6PE9B,明天就高考了,正面,正面,0.6039346373240005,0.6039346373240005,0.2898855924653024,0.10617977021069716,0.0,0.0,0,0,0,无明显情感,未明确对象,未明确方面,中性,False,
知识区,BV1zrGi6PE9B,27年高考必胜,正面,正面,0.7825876031701063,0.7825876031701063,0.18561013252884553,0.03180226430104798,0.0,0.0,0,0,0,无明显情感,未明确对象,未明确方面,中性,False,
知识区,BV1zrGi6PE9B,加油各位顶峰相见,正面,正面,0.9101283395911951,0.9101283395911951,0.07609936646838755,0.013772293940417332,1.0,1.0,1,0,0,对象评价,未明确对象,未明确方面,正面,False,
知识区,BV1zrGi6PE9B,祝我2027届高考考上610+,正面,正面,0.8199731086201917,0.8199731086201917,0.1468704344484868,0.033156456931321535,0.0,0.0,0,0,0,无明显情感,未明确对象,未明确方面,中性,True,1.0
知识区,BV1zrGi6PE9B,老师可爱捏,正面,正面,0.92949493763225,0.92949493763225,0.052245741609984804,0.018259320757765096,1.0,1.0,1,0,0,对象评价,讲解者,未明确方面,正面,False,
知识区,BV1zrGi6PE9B,打卡结束，见证历史！！！,正面,正面,0.5008220944106905,0.5008220944106905,0.2848477522325986,0.21433015335671085,0.0,0.0,0,0,0,无明显情感,未明确对象,未明确方面,中性,True,1.0
知识区,BV1zrGi6PE9B,25年最十课说不想见到我，今年复读见证历史来听最后一课了,正面,中性,0.3701121244086953,0.3638336869468454,0.3701121244086953,0.2660541886444593,0.0,0.0,0,0,0,无明显情感,未明确对象,未明确方面,中性,True,1.0
知识区,BV1zrGi6PE9B,加油加油，你可以的，我相信你！！！,正面,正面,0.9978255044511718,0.9978255044511718,0.0013596802912859982,0.0008148152575422098,3.0,3.0,3,0,0,对象评价,未明确对象,未明确方面,正面,False,
知识区,BV1zrGi6PE9B,谢谢一哥,正面,正面,0.848856557315162,0.848856557315162,0.11890654785628954,0.03223689482854835,1.0,1.0,1,0,0,对象评价,未明确对象,未明确方面,正面,False,
知识区,BV1zrGi6PE9B,高考加油！,正面,正面,0.9869024119155732,0.9869024119155732,0.011672988391869091,0.0014245996925577361,1.0,1.0,1,0,0,对象评价,未明确对象,未明确方面,正面,False,
知识区,BV1zrGi6PE9B,转换思维，决战高三，高考必胜！！！,正面,正面,0.8219699511726899,0.8219699511726899,0.07958151206176102,0.09844853676554909,0.0,0.0,0,0,0,无明显情感,未明确对象,未明确方面,中性,False,
知识区,BV1zrGi6PE9B,完结撒花！！！愿此行，终抵群星！,正面,正面,0.9406930483381277,0.9406930483381277,0.028857531249183298,0.030449420412688975,0.0,0.0,0,0,0,无明显情感,未明确对象,未明确方面,中性,False,
知识区,BV1zrGi6PE9B,谢谢小猪老师,正面,正面,0.88165677621916,0.88165677621916,0.08788896446078424,0.030454259320055736,1.0,1.0,1,0,0,对象评价,讲解者,未明确方面,正面,False,
知识区,BV1zrGi6PE9B,26届高考加油,正面,正面,0.9695775215318602,0.9695775215318602,0.025198552113704153,0.005223926354435664,1.0,1.0,1,0,0,对象评价,未明确对象,未明确方面,正面,False,
知识区,BV1zrGi6PE9B,27年高考加油,正面,正面,0.9596393724775183,0.9596393724775183,0.03504140367258281,0.005319223849899022,1.0,1.0,1,0,0,对象评价,未明确对象,未明确方面,正面,False,
知识区,BV1zrGi6PE9B,我就是天气之子！！！2027中国海洋大学大气科学专业等我！！！,正面,正面,0.9841069972076023,0.9841069972076023,0.009098684404828361,0.0067943183875692715,2.0,2.0,2,0,0,对象评价,未明确对象,未明确方面,正面,False,
知识区,BV1zrGi6PE9B,高二生在此祝福学长学姐高考顺利啦,正面,正面,0.824930532266935,0.824930532266935,0.12594108786708608,0.049128379865978906,1.0,1.0,1,0,0,对象评价,未明确对象,未明确方面,正面,True,1.0
知识区,BV1zrGi6PE9B,月考和大家一起加油！！！,正面,正面,0.9400357466287098,0.9400357466287098,0.04702935919902411,0.012934894172266133,1.0,1.0,1,0,0,对象评价,未明确对象,未明确方面,正面,False,
知识区,BV1zrGi6PE9B,祝所有2026高考的学长学姐高考加油哦,正面,正面,0.958658930809922,0.958658930809922,0.035643005424441855,0.005698063765636082,1.0,1.0,1,0,0,对象评价,未明确对象,未明确方面,正面,False,
知识区,BV1zrGi6PE9B,2027江苏高考加油kpl等我来挑战,正面,正面,0.9515054589678925,0.9515054589678925,0.04435428971074898,0.004140251321358516,1.0,1.0,1,0,0,对象评价,未明确对象,未明确方面,正面,False,
知识区,BV1zrGi6PE9B,"结束喽,那就祝我们高考上岸,加油!",正面,正面,0.9770285492093574,0.9770285492093574,0.015012913140948115,0.007958537649694335,1.0,1.0,1,0,0,对象评价,未明确对象,未明确方面,正面,False,
知识区,BV1zrGi6PE9B,加油，最后9天了,正面,正面,0.8536361027423468,0.8536361027423468,0.090431502722681,0.05593239453497222,1.0,1.0,1,0,0,对象评价,未明确对象,未明确方面,正面,False,
知识区,BV1zrGi6PE9B,高考一切顺利，许愿超常发挥,正面,正面,0.9527577608608657,0.9527577608608657,0.02964820230542493,0.01759403683370922,1.0,1.0,1,0,0,对象评价,未明确对象,未明确方面,正面,False,
知识区,BV1zrGi6PE9B,恭喜大家通关高中数学全部核心内容！,正面,正面,0.9652615430533287,0.9652615430533287,0.028399287244823736,0.00633916970184753,1.0,1.0,1,0,0,对象评价,课程内容,未明确方面,正面,False,
知识区,BV1zrGi6PE9B,祝2026高考的学弟学妹高考加油，一切顺利,正面,正面,0.9949343380216917,0.9949343380216917,0.0033570031557698782,0.0017086588225384515,2.0,2.0,2,0,0,对象评价,未明确对象,未明确方面,正面,False,
知识区,BV1zrGi6PE9B,2027上岸,正面,正面,0.732150362333321,0.732150362333321,0.231423469718939,0.03642616794774005,0.0,0.0,0,0,0,无明显情感,未明确对象,未明确方面,中性,False,
知识区,BV1zrGi6PE9B,2027高考加油！,正面,正面,0.9773345245470987,0.9773345245470987,0.01997125578528027,0.0026942196676211115,1.0,1.0,1,0,0,对象评价,未明确对象,未明确方面,正面,False,
知识区,BV1zrGi6PE9B,高考大捷 上岸西南大学,正面,正面,0.7870921431041904,0.7870921431041904,0.19153188556265152,0.02137597133315807,0.0,0.0,0,0,0,无明显情感,未明确对象,未明确方面,中性,False,
知识区,BV1zrGi6PE9B,这期的时长让我很安心啊,正面,正面,0.7210835149204184,0.7210835149204184,0.1288734877578472,0.15004299732173432,1.5,1.5,1,0,0,对象评价,未明确对象,未明确方面,正面,True,1.0
知识区,BV1zrGi6PE9B,2026上岸,正面,正面,0.6997841181622727,0.6997841181622727,0.2435164994908176,0.056699382346909605,0.0,0.0,0,0,0,无明显情感,未明确对象,未明确方面,中性,False,
知识区,BV1zrGi6PE9B,大一了，还是喜欢看一数的课睡觉,正面,正面,0.47524508065738513,0.47524508065738513,0.1520232806577394,0.37273163868487535,1.0,1.0,1,0,0,对象评价,未明确对象,未明确方面,正面,False,
知识区,BV1zrGi6PE9B,关注塔菲喵，关注塔菲谢谢喵,正面,正面,0.9928752933620073,0.9928752933620073,0.006068545333427707,0.0010561613045649786,3.0,3.0,3,0,0,对象评价,未明确对象,未明确方面,正面,False,
知识区,BV1zrGi6PE9B,完结撒花！感恩遇见！高考大捷！高考必胜！,正面,正面,0.9951015642013201,0.9951015642013201,0.004198206080974676,0.000700229717705172,1.0,1.0,1,0,0,对象评价,未明确对象,未明确方面,正面,False,
知识区,BV1zrGi6PE9B,完结撒花 祝我考上心仪大学,正面,正面,0.9285837502485766,0.9285837502485766,0.053315979164306866,0.01810027058711646,0.0,0.0,0,0,0,无明显情感,未明确对象,未明确方面,中性,False,
知识区,BV1zrGi6PE9B,2027深大等我,正面,正面,0.5983092221527592,0.5983092221527592,0.36186144512818147,0.03982933271905925,0.0,0.0,0,0,0,无明显情感,未明确对象,未明确方面,中性,False,
知识区,BV1zrGi6PE9B,27高考加油！！,正面,正面,0.9776590649178817,0.9776590649178817,0.017957902372497708,0.004383032709620633,1.0,1.0,1,0,0,对象评价,未明确对象,未明确方面,正面,False,
知识区,BV1zrGi6PE9B,One last kiss,正面,正面,0.5992061985200241,0.5992061985200241,0.2986246189603569,0.102169182519619,0.0,0.0,0,0,0,无明显情感,未明确对象,未明确方面,中性,True,1.0
知识区,BV1zrGi6PE9B,谢谢一数老师,正面,正面,0.8473177698738028,0.8473177698738028,0.12619320852890822,0.026489021597289022,1.0,1.0,1,0,0,对象评价,讲解者,未明确方面,正面,False,
知识区,BV1zrGi6PE9B,最后一课了，兄弟们一起加油！,正面,正面,0.7816740673997689,0.7816740673997689,0.18134767950460842,0.03697825309562272,1.0,1.0,1,0,0,对象评价,未明确对象,未明确方面,正面,False,
知识区,BV1zrGi6PE9B,2027深圳大学,正面,正面,0.5287206859732385,0.5287206859732385,0.4274298624526501,0.043849451574111326,0.0,0.0,0,0,0,无明显情感,未明确对象,未明确方面,中性,False,
知识区,BV1zrGi6PE9B,高考当天凭准考证免费上网,正面,正面,0.6166150825575686,0.6166150825575686,0.36035289063909826,0.023032026803333137,0.0,0.0,0,0,0,无明显情感,未明确对象,未明确方面,中性,False,
知识区,BV1zrGi6PE9B,2026年5月24日19:55 我通关了高中数学！！！,正面,正面,0.7457602759106434,0.7457602759106434,0.200672137967896,0.05356758612146059,0.0,0.0,0,0,0,无明显情感,课程内容,未明确方面,中性,False,
知识区,BV1zrGi6PE9B,高考加油,正面,正面,0.9775475533173565,0.9775475533173565,0.01805082677532679,0.004401619907316668,1.0,1.0,1,0,0,对象评价,未明确对象,未明确方面,正面,False,
知识区,BV1zrGi6PE9B,这真的要完结撒花了呜呜呜，不要哇呜呜呜呜呜,正面,正面,0.6445021636648258,0.6445021636648258,0.05974021190281514,0.2957576244323589,0.0,0.0,0,0,0,无明显情感,未明确对象,未明确方面,中性,False,
知识区,BV1zrGi6PE9B,一轮复习加油！！ 2027 高考必胜！,正面,正面,0.9799181069377586,0.9799181069377586,0.017042563292628946,0.0030393297696125286,1.0,1.0,1,0,0,对象评价,未明确对象,未明确方面,正面,False,
知识区,BV1zrGi6PE9B,高考必胜金榜题名,正面,正面,0.8499403593451734,0.8499403593451734,0.11399130356904721,0.03606833708577941,0.0,0.0,0,0,0,无明显情感,未明确对象,未明确方面,中性,False,
知识区,BV1zrGi6PE9B,高考加油！！2026届上岸！,正面,正面,0.9920661937289599,0.9920661937289599,0.006267494851861588,0.0016663114191784985,1.0,1.0,1,0,0,对象评价,未明确对象,未明确方面,正面,False,
知识区,BV1zrGi6PE9B,完结撒花，高考加油！,正面,正面,0.9939371635347387,0.9939371635347387,0.004738208612196785,0.0013246278530645317,1.0,1.0,1,0,0,对象评价,未明确对象,未明确方面,正面,False,
知识区,BV1zrGi6PE9B,2026各位高考大捷,正面,正面,0.6501060886652448,0.6501060886652448,0.31933751748279765,0.03055639385195763,0.0,0.0,0,0,0,无明显情感,未明确对象,未明确方面,中性,False,
知识区,BV1zrGi6PE9B,高考上600,正面,正面,0.8750173844685829,0.8750173844685829,0.10535853258967241,0.019624082941744763,0.0,0.0,0,0,0,无明显情感,未明确对象,未明确方面,中性,False,
知识区,BV1zrGi6PE9B,2027高考上岸！,正面,正面,0.8922065637756726,0.8922065637756726,0.09641329638840623,0.011380139835921193,0.0,0.0,0,0,0,无明显情感,未明确对象,未明确方面,中性,False,
知识区,BV1zrGi6PE9B,2027高考上岸617,正面,正面,0.8095455836826608,0.8095455836826608,0.16732912428986954,0.023125292027469612,0.0,0.0,0,0,0,无明显情感,未明确对象,未明确方面,中性,False,
知识区,BV1zrGi6PE9B,2027一战成名！,正面,正面,0.7355106618726439,0.7355106618726439,0.24293773665464166,0.021551601472714416,0.0,0.0,0,0,0,无明显情感,未明确对象,未明确方面,中性,False,
知识区,BV1zrGi6PE9B,好激动啊撒花,正面,正面,0.7136680016819938,0.7136680016819938,0.07905472075448086,0.20727727756352532,0.0,0.0,0,0,0,无明显情感,未明确对象,未明确方面,中性,True,1.0
知识区,BV1zrGi6PE9B,敬我们鱼死网破的胜利,正面,正面,0.8283500758830713,0.8283500758830713,0.12493638587373272,0.04671353824319598,1.0,1.0,1,0,0,对象评价,未明确对象,未明确方面,正面,True,1.0
知识区,BV1zrGi6PE9B,完结撒花，感谢陪伴！！,正面,正面,0.9898313545870362,0.9898313545870362,0.006393230238493783,0.0037754151744701253,1.0,1.0,1,0,0,对象评价,未明确对象,未明确方面,正面,False,
知识区,BV1zrGi6PE9B,愿大家学业有成功不唐捐  谢谢一数 小猪老师牛逼,正面,正面,0.9400953279410778,0.9400953279410778,0.03857120491848343,0.021333467140438826,1.0,1.0,2,1,1,对象评价,讲解者,未明确方面,混合,False,
知识区,BV1zrGi6PE9B,加油 一切都会好的,正面,正面,0.9327025751379842,0.9327025751379842,0.026473200722374926,0.04082422413964094,1.0,1.0,1,0,0,对象评价,未明确对象,未明确方面,正面,False,
知识区,BV1zrGi6PE9B,加油  祝我们都能金榜题名,正面,正面,0.955826879887192,0.955826879887192,0.03009154146182375,0.014081578650984354,1.0,1.0,1,0,0,对象评价,未明确对象,未明确方面,正面,False,
知识区,BV1zrGi6PE9B,以上就是高中数学全部内容，很高兴认识大家,正面,正面,0.7848764306288997,0.7848764306288997,0.141405270487353,0.07371829888374731,1.5,1.5,1,0,0,对象评价,课程内容,未明确方面,正面,False,
知识区,BV1zrGi6PE9B,一轮复习加油！！！相信自己可以考上理想大学！,正面,正面,0.9854903396104069,0.9854903396104069,0.012134131593703704,0.0023755287958895305,2.0,2.0,2,0,0,对象评价,未明确对象,未明确方面,正面,False,
知识区,BV1zrGi6PE9B,2026高考加油,正面,正面,0.9699393037072284,0.9699393037072284,0.02438250054389255,0.005678195748879184,1.0,1.0,1,0,0,对象评价,未明确对象,未明确方面,正面,False,
知识区,BV1zrGi6PE9B,高二完结,正面,正面,0.554044174419556,0.554044174419556,0.40175369525007937,0.04420213033036454,0.0,0.0,0,0,0,无明显情感,未明确对象,未明确方面,中性,False,
知识区,BV1zrGi6PE9B,再见啦！高三一定继续加油吧！,正面,正面,0.8820141033521115,0.8820141033521115,0.09850384182044752,0.019482054827441038,1.0,1.0,1,0,0,对象评价,未明确对象,未明确方面,正面,False,
知识区,BV1zrGi6PE9B,加油你会如愿的,正面,正面,0.9038903717810447,0.9038903717810447,0.06595067473424812,0.030158953484707134,1.0,1.0,1,0,0,对象评价,未明确对象,未明确方面,正面,False,
知识区,BV1zrGi6PE9B,终于更新完了，谢谢小猪,正面,正面,0.8599758605961711,0.8599758605961711,0.09698150669850522,0.04304263270532366,0.0,0.0,1,1,1,对象评价,未明确对象,未明确方面,混合,True,1.0
知识区,BV1zrGi6PE9B,都希望我们高考得偿所愿,正面,正面,0.7296809059451079,0.7296809059451079,0.21043255723719154,0.0598865368177006,0.0,0.0,0,0,0,无明显情感,未明确对象,未明确方面,中性,False,
知识区,BV1zrGi6PE9B,这次是真的完结了,正面,正面,0.6471138039976472,0.6471138039976472,0.15818052167543828,0.19470567432691466,0.0,0.0,0,0,0,无明显情感,未明确对象,未明确方面,中性,True,1.0
知识区,BV1zrGi6PE9B,2026，就是今年，厦门大学我来了,正面,正面,0.4948369366548776,0.4948369366548776,0.4048246765603425,0.10033838678477985,0.0,0.0,0,0,0,无明显情感,未明确对象,未明确方面,中性,True,1.0
知识区,BV1zrGi6PE9B,最易懂的一集,正面,正面,0.812202892717524,0.812202892717524,0.1526312346780706,0.03516587260440538,1.0,1.0,1,0,0,对象评价,未明确对象,未明确方面,正面,False,
知识区,BV1zrGi6PE9B,同上，愿27深大,正面,正面,0.759463256297137,0.759463256297137,0.1777297202780644,0.06280702342479859,0.0,0.0,0,0,0,无明显情感,未明确对象,未明确方面,中性,False,
知识区,BV1zrGi6PE9B,祝我高考加油！顺利上岸！,正面,正面,0.9985776925883451,0.9985776925883451,0.0010379015230465925,0.00038440588860839167,2.0,2.0,2,0,0,对象评价,未明确对象,未明确方面,正面,False,
知识区,BV1zrGi6PE9B,这下是真的完结撒花了,正面,正面,0.8483867596167317,0.8483867596167317,0.08360402380756846,0.06800921657569989,0.0,0.0,0,0,0,无明显情感,未明确对象,未明确方面,中性,False,
知识区,BV1zrGi6PE9B,我先来，完结撒花,正面,正面,0.849666562479915,0.849666562479915,0.09302586514567812,0.05730757237440681,0.0,0.0,0,0,0,无明显情感,未明确对象,未明确方面,中性,True,1.0
知识区,BV1zrGi6PE9B,拜拜！！,正面,正面,0.9003892076779726,0.9003892076779726,0.03155978831810894,0.06805100400391843,1.0,1.0,1,0,0,对象评价,未明确对象,未明确方面,正面,False,
知识区,BV1zrGi6PE9B,早啊各位！！！,正面,正面,0.5575972305922942,0.5575972305922942,0.19621445943987467,0.24618830996783111,0.0,0.0,0,0,0,无明显情感,未明确对象,未明确方面,中性,False,
知识区,BV1zrGi6PE9B,山东27届向全国各位26届学长学姐呈上最真挚的祝福！！！！！！！！！！！！！！！！！！！！！！！！！！！！！！！！！！！！！！！！！！！！！！！！！！！！！！！！！！！！！！！！！！！！！！！！！！！,正面,正面,0.999864057128183,0.999864057128183,0.00013104781356611578,4.895058250890235e-06,0.0,0.0,0,0,0,无明显情感,未明确对象,未明确方面,中性,False,
知识区,BV1zrGi6PE9B,2026六月六号，高考加油！,正面,正面,0.9850273667851797,0.9850273667851797,0.012184940738159957,0.0027876924766603983,1.0,1.0,1,0,0,对象评价,未明确对象,未明确方面,正面,False,
知识区,BV1zrGi6PE9B,明天高考了,正面,正面,0.5958727329730868,0.5958727329730868,0.3367480784168705,0.06737918861004262,0.0,0.0,0,0,0,无明显情感,未明确对象,未明确方面,中性,False,
知识区,BV1zrGi6PE9B,我要考到130！！！,正面,正面,0.7019137343577473,0.7019137343577473,0.21380956360934397,0.08427670203290875,0.0,0.0,0,0,0,无明显情感,未明确对象,未明确方面,中性,True,1.0
知识区,BV1zrGi6PE9B,祝大家高考数学120+,正面,正面,0.7504073768745897,0.7504073768745897,0.19134100907453414,0.0582516140508761,0.0,0.0,0,0,0,无明显情感,课程内容,未明确方面,中性,False,
知识区,BV1zrGi6PE9B,2027高考大捷,正面,正面,0.6454182223678133,0.6454182223678133,0.3112002586177126,0.04338151901447411,0.0,0.0,0,0,0,无明显情感,未明确对象,未明确方面,中性,False,
知识区,BV1zrGi6PE9B,2027武汉大学等我,正面,正面,0.6313966763721922,0.6313966763721922,0.33589035954620877,0.032712964081598926,0.0,0.0,0,0,0,无明显情感,未明确对象,未明确方面,中性,False,
知识区,BV1zrGi6PE9B,明天高考加油,正面,正面,0.9657250662067903,0.9657250662067903,0.02786737263698337,0.006407561156226242,1.0,1.0,1,0,0,对象评价,未明确对象,未明确方面,正面,False,
知识区,BV1zrGi6PE9B,高考加油呀,正面,正面,0.9819640928074167,0.9819640928074167,0.013010507704832223,0.005025399487751075,1.0,1.0,1,0,0,对象评价,未明确对象,未明确方面,正面,False,
知识区,BV1zrGi6PE9B,上完这节课就真的完结撒花了,正面,正面,0.8695798969859918,0.8695798969859918,0.059266681645158685,0.07115342136884961,0.0,0.0,0,0,0,无明显情感,未明确对象,未明确方面,中性,False,
知识区,BV1zrGi6PE9B,明天是我生日，祝各位考生旗开得胜，金榜题名    高考加油[打call][打call][打call],正面,正面,0.9643644294026591,0.9643644294026591,0.022169320856129587,0.01346624974121122,1.0,1.0,1,0,0,对象评价,未明确对象,未明确方面,正面,False,
知识区,BV1zrGi6PE9B,高考必胜,正面,正面,0.7642276799528558,0.7642276799528558,0.19659250169523002,0.03917981835191419,0.0,0.0,0,0,0,无明显情感,未明确对象,未明确方面,中性,False,
知识区,BV1zrGi6PE9B,2026高考加油！金榜题名！成功上岸！！！,正面,正面,0.9986822079755944,0.9986822079755944,0.0010338700657624954,0.00028392195864307196,2.0,2.0,2,0,0,对象评价,未明确对象,未明确方面,正面,False,
知识区,BV1zrGi6PE9B,加油,正面,正面,0.9593795849733214,0.9593795849733214,0.012953925482561189,0.027666489544117434,1.0,1.0,1,0,0,对象评价,未明确对象,未明确方面,正面,True,1.0
知识区,BV1zrGi6PE9B,见证历史！,正面,正面,0.6421716127645047,0.6421716127645047,0.32203236039714583,0.03579602683834938,0.0,0.0,0,0,0,无明显情感,未明确对象,未明确方面,中性,False,
知识区,BV1zrGi6PE9B,加油高考数学及格,正面,正面,0.9426598031989998,0.9426598031989998,0.03619027929426379,0.021149917506736372,1.0,1.0,1,0,0,对象评价,课程内容,未明确方面,正面,False,
知识区,BV1zrGi6PE9B,后天高考了(ಥ﹏ಥ),正面,正面,0.6201444861498266,0.6201444861498266,0.3301687024117301,0.04968681143844326,0.0,0.0,0,0,0,无明显情感,未明确对象,未明确方面,中性,False,
知识区,BV1zrGi6PE9B,加油加油,正面,正面,0.992671359806073,0.992671359806073,0.002830044074807025,0.004498596119120101,2.0,2.0,2,0,0,对象评价,未明确对象,未明确方面,正面,True,1.0
知识区,BV1zrGi6PE9B,2027广东财经金融系必上！！！,正面,正面,0.7615130429581751,0.7615130429581751,0.15125113744435725,0.08723581959746765,0.0,0.0,0,0,0,无明显情感,未明确对象,未明确方面,中性,False,
知识区,BV1zrGi6PE9B,完结撒花！！！,正面,正面,0.9065714911368702,0.9065714911368702,0.05909333500579486,0.03433517385733501,0.0,0.0,0,0,0,无明显情感,未明确对象,未明确方面,中性,True,1.0
知识区,BV1zrGi6PE9B,完结撒花，2027高考加油,正面,正面,0.9891461069045978,0.9891461069045978,0.008274603199843704,0.0025792898955585906,1.0,1.0,1,0,0,对象评价,未明确对象,未明确方面,正面,False,
知识区,BV1zrGi6PE9B,2026高考必胜，金榜题名,正面,正面,0.8856932471594479,0.8856932471594479,0.07486143974113038,0.03944531309942178,0.0,0.0,0,0,0,无明显情感,未明确对象,未明确方面,中性,False,
知识区,BV1zrGi6PE9B,2027西政！,正面,正面,0.7349884680280856,0.7349884680280856,0.24446704284985332,0.020544489122061062,0.0,0.0,0,0,0,无明显情感,未明确对象,未明确方面,中性,False,
知识区,BV1zrGi6PE9B,2026高考加油！,正面,正面,0.9815839142324517,0.9815839142324517,0.015997539620920802,0.0024185461466275054,1.0,1.0,1,0,0,对象评价,未明确对象,未明确方面,正面,False,
知识区,BV1zrGi6PE9B,2027高考600+,正面,正面,0.6623307183079152,0.6623307183079152,0.2994885863727764,0.03818069531930827,0.0,0.0,0,0,0,无明显情感,未明确对象,未明确方面,中性,False,
知识区,BV1zrGi6PE9B,2026陕西师范大学上岸,正面,正面,0.7262246192840113,0.7262246192840113,0.22391155291633077,0.049863827799657943,0.0,0.0,0,0,0,无明显情感,未明确对象,未明确方面,中性,False,
知识区,BV1zrGi6PE9B,谢谢您，金榜题名，上岸深大,正面,正面,0.9589701681611642,0.9589701681611642,0.017462343922652092,0.023567487916183846,1.0,1.0,1,0,0,对象评价,未明确对象,未明确方面,正面,False,
知识区,BV1zrGi6PE9B,老谢，加油！,正面,正面,0.9615309104914722,0.9615309104914722,0.02700379951454554,0.011465289993982152,1.0,1.0,1,0,0,对象评价,未明确对象,未明确方面,正面,False,
知识区,BV1zrGi6PE9B,2027高考加油!!,正面,正面,0.946448627531632,0.946448627531632,0.04704498181844329,0.006506390649924705,1.0,1.0,1,0,0,对象评价,未明确对象,未明确方面,正面,False,
知识区,BV1zrGi6PE9B,高考加油顺顺利利，如愿以偿，我要去沿海城市！！！,正面,正面,0.9965734191848553,0.9965734191848553,0.0015532555092511915,0.0018733253058935374,2.0,2.0,2,0,0,对象评价,未明确对象,未明确方面,正面,False,
知识区,BV1zrGi6PE9B,说什么呢，我们的青春才刚刚开始！,正面,正面,0.443289900258611,0.443289900258611,0.24892117821932896,0.30778892152206005,0.0,0.0,0,0,0,无明显情感,未明确对象,未明确方面,中性,True,1.0
知识区,BV1zrGi6PE9B,2027高考大捷！！！,正面,正面,0.8260091687193273,0.8260091687193273,0.1319111344799359,0.04207969680073687,0.0,0.0,0,0,0,无明显情感,未明确对象,未明确方面,中性,False,
知识区,BV1zrGi6PE9B,高考上岸本一 加油！,正面,正面,0.9933868399163718,0.9933868399163718,0.00563803197333964,0.0009751281102885736,1.0,1.0,1,0,0,对象评价,未明确对象,未明确方面,正面,False,
知识区,BV1zrGi6PE9B,获得成就:青春永不落幕,正面,正面,0.5833476368733829,0.5833476368733829,0.2748736652685203,0.1417786978580968,0.0,0.0,0,0,0,无明显情感,未明确对象,未明确方面,中性,True,1.0
知识区,BV1zrGi6PE9B,2026.5月31日通关，愿2027高考上岸,正面,正面,0.8736357189316077,0.8736357189316077,0.09584690326559862,0.030517377802793663,0.0,0.0,0,0,0,无明显情感,未明确对象,未明确方面,中性,False,
知识区,BV1zrGi6PE9B,26清华！！！,正面,正面,0.6280699301105754,0.6280699301105754,0.17758250202294976,0.1943475678664748,0.0,0.0,0,0,0,无明显情感,未明确对象,未明确方面,中性,False,
知识区,BV1zrGi6PE9B,还有7天！加油！,正面,正面,0.9494722347245502,0.9494722347245502,0.04576627028238491,0.004761494993064968,1.0,1.0,1,0,0,对象评价,未明确对象,未明确方面,正面,False,
知识区,BV1zrGi6PE9B,2027厦门大学等我,正面,正面,0.6313966763721922,0.6313966763721922,0.33589035954620877,0.032712964081598926,0.0,0.0,0,0,0,无明显情感,未明确对象,未明确方面,中性,False,
知识区,BV1zrGi6PE9B,真的很感谢一数,正面,正面,0.8948544532138603,0.8948544532138603,0.060850497255635946,0.04429504953050378,1.4,1.4,1,0,0,对象评价,未明确对象,未明确方面,正面,False,
知识区,BV1zrGi6PE9B,2027中国海洋大学大气科学专业等我！！！,正面,正面,0.9906703363559912,0.9906703363559912,0.006485456146273889,0.0028442074977349623,2.0,2.0,2,0,0,对象评价,未明确对象,未明确方面,正面,False,
知识区,BV1zrGi6PE9B,高考566+,正面,正面,0.5739203352577544,0.5739203352577544,0.4047241686246034,0.021355496117642182,0.0,0.0,0,0,0,无明显情感,未明确对象,未明确方面,中性,False,
知识区,BV1zrGi6PE9B,2026高考必胜,正面,正面,0.8082821644193193,0.8082821644193193,0.15778235188218775,0.03393548369849292,0.0,0.0,0,0,0,无明显情感,未明确对象,未明确方面,中性,False,
知识区,BV1zrGi6PE9B,27届高考上岸,正面,正面,0.8062750745364882,0.8062750745364882,0.1679601484116736,0.025764777051838286,0.0,0.0,0,0,0,无明显情感,未明确对象,未明确方面,中性,False,
知识区,BV1zrGi6PE9B,2027高考我们皆上岸,正面,正面,0.8030752731859682,0.8030752731859682,0.16926673706209638,0.027657989751935418,0.0,0.0,0,0,0,无明显情感,未明确对象,未明确方面,中性,False,
知识区,BV1zrGi6PE9B,2027年山大上岸,正面,正面,0.7569731021435124,0.7569731021435124,0.20369747570266275,0.039329422153824775,0.0,0.0,0,0,0,无明显情感,未明确对象,未明确方面,中性,False,
知识区,BV1zrGi6PE9B,祝各位高考加油,正面,正面,0.9613840962818601,0.9613840962818601,0.03463927198799842,0.0039766317301414816,1.0,1.0,1,0,0,对象评价,未明确对象,未明确方面,正面,False,
知识区,BV1zrGi6PE9B,学长学姐高考加油！！！,正面,正面,0.9685834048277872,0.9685834048277872,0.020908086515128977,0.010508508657083934,1.0,1.0,1,0,0,对象评价,未明确对象,未明确方面,正面,False,
知识区,BV1zrGi6PE9B,如果你看见这个弹幕，你明天会非常好运（记住一定要传四个视频）,正面,正面,0.8585403801622022,0.8585403801622022,0.09461026256093402,0.04684935727686376,1.0,1.0,1,0,0,对象评价,视频内容,未明确方面,正面,False,
知识区,BV1zrGi6PE9B,香港大学等我！！！,正面,正面,0.708310644336962,0.708310644336962,0.19600122497069347,0.09568813069234446,0.0,0.0,0,0,0,无明显情感,未明确对象,未明确方面,中性,False,
知识区,BV1zrGi6PE9B,2027，我要上630,正面,正面,0.7409949411568888,0.7409949411568888,0.21198359636400443,0.04702146247910684,0.0,0.0,0,0,0,无明显情感,未明确对象,未明确方面,中性,False,
知识区,BV1zrGi6PE9B,谢谢一数,正面,正面,0.8204038130057112,0.8204038130057112,0.13723920005916063,0.0423569869351281,1.0,1.0,1,0,0,对象评价,未明确对象,未明确方面,正面,False,
知识区,BV1zrGi6PE9B,感谢一路陪伴,正面,正面,0.8661497120802283,0.8661497120802283,0.05358133317260446,0.08026895474716712,1.0,1.0,1,0,0,对象评价,未明确对象,未明确方面,正面,False,
知识区,BV1zrGi6PE9B,2027南京大学等我,正面,正面,0.6313966763721922,0.6313966763721922,0.33589035954620877,0.032712964081598926,0.0,0.0,0,0,0,无明显情感,未明确对象,未明确方面,中性,False,
知识区,BV1zrGi6PE9B,金榜题名,正面,正面,0.5947169303869921,0.5947169303869921,0.2959160564803285,0.1093670131326794,0.0,0.0,0,0,0,无明显情感,未明确对象,未明确方面,中性,False,
知识区,BV1zrGi6PE9B,同志们，2027年，你我顶峰相见,正面,正面,0.6282135579926196,0.6282135579926196,0.2853848009049394,0.08640164110244104,0.0,0.0,0,0,0,无明显情感,未明确对象,未明确方面,中性,False,
知识区,BV1zrGi6PE9B,高考620！,正面,正面,0.7992641535597541,0.7992641535597541,0.18972890264423825,0.011006943796007668,0.0,0.0,0,0,0,无明显情感,未明确对象,未明确方面,中性,False,
知识区,BV1zrGi6PE9B,2027高考必胜！,正面,正面,0.862907859967865,0.862907859967865,0.11828017096641147,0.018811969065723504,0.0,0.0,0,0,0,无明显情感,未明确对象,未明确方面,中性,False,
知识区,BV1zrGi6PE9B,29.5.29看完，愿我高考大捷，无怨无悔,正面,正面,0.6690186729795604,0.6690186729795604,0.23782813246424384,0.09315319455619572,0.0,0.0,0,0,0,无明显情感,未明确对象,未明确方面,中性,True,1.0
知识区,BV1zrGi6PE9B,祝大家高考必胜！,正面,正面,0.8801203579348827,0.8801203579348827,0.1062757533182753,0.013603888746842003,0.0,0.0,0,0,0,无明显情感,未明确对象,未明确方面,中性,False,
知识区,BV1zrGi6PE9B,完结撒花，再见！,正面,正面,0.8340032682963564,0.8340032682963564,0.12237242326758171,0.04362430843606193,0.0,0.0,0,0,0,无明显情感,未明确对象,未明确方面,中性,False,
知识区,BV1zrGi6PE9B,2027哈工程上岸,正面,正面,0.7318640757765232,0.7318640757765232,0.22812347447901293,0.040012449744463705,0.0,0.0,0,0,0,无明显情感,未明确对象,未明确方面,中性,False,
知识区,BV1zrGi6PE9B,高考加油，上岸,正面,正面,0.982864881608088,0.982864881608088,0.012366313367368396,0.004768805024543548,1.0,1.0,1,0,0,对象评价,未明确对象,未明确方面,正面,False,
知识区,BV1zrGi6PE9B,“当你全部看完了它，你会变成数学的热情小哈”,正面,中性,0.5223150874159507,0.26584914597603937,0.5223150874159507,0.21183576660800998,-1.0,-1.0,0,1,0,对象评价,课程内容,未明确方面,负面,True,1.0
知识区,BV1zrGi6PE9B,结束喽，那就祝我们高考上岸，加油！,正面,正面,0.9889733837086312,0.9889733837086312,0.006018370063215447,0.005008246228153224,1.0,1.0,1,0,0,对象评价,未明确对象,未明确方面,正面,False,
知识区,BV1zrGi6PE9B,2027清华等我,正面,正面,0.5983092221527592,0.5983092221527592,0.36186144512818147,0.03982933271905925,0.0,0.0,0,0,0,无明显情感,未明确对象,未明确方面,中性,False,
知识区,BV1zrGi6PE9B,一定要看完，别担心，一定能看完的，坚持,正面,正面,0.82596921012979,0.82596921012979,0.12366296005987455,0.050367829810335524,1.0,1.0,1,0,0,对象评价,未明确对象,未明确方面,正面,True,1.0
知识区,BV1zrGi6PE9B,谢谢老师，没有老师就没有现在努力的我,正面,正面,0.5418233687429953,0.5418233687429953,0.14256259366369514,0.3156140375933096,1.0,1.0,1,0,0,对象评价,讲解者,未明确方面,正面,True,1.0
知识区,BV1zrGi6PE9B,下周日高考加油！,正面,正面,0.9643960991357382,0.9643960991357382,0.03343731070399842,0.002166590160263337,1.0,1.0,1,0,0,对象评价,未明确对象,未明确方面,正面,False,
知识区,BV1zrGi6PE9B,终于把数学笔记都补充完整了，希望2026年的数学能上110+，最后10天，加油考上中山大学!,正面,正面,0.9913956670835234,0.9913956670835234,0.0028914394117789638,0.0057128935046975105,2.0,2.0,2,0,0,对象评价,课程内容,未明确方面,正面,False,
知识区,BV1zrGi6PE9B,26年高考大捷！,正面,正面,0.6631229234587548,0.6631229234587548,0.3082586681061376,0.028618408435107545,0.0,0.0,0,0,0,无明显情感,未明确对象,未明确方面,中性,False,
知识区,BV1zrGi6PE9B,完结散花,正面,正面,0.699330752278273,0.699330752278273,0.23880524831871705,0.0618639994030099,0.0,0.0,0,0,0,无明显情感,未明确对象,未明确方面,中性,False,
知识区,BV1zrGi6PE9B,2027北师大等我,正面,正面,0.5983092221527592,0.5983092221527592,0.36186144512818147,0.03982933271905925,0.0,0.0,0,0,0,无明显情感,未明确对象,未明确方面,中性,False,
知识区,BV1zrGi6PE9B,2027我要考620分,正面,正面,0.756585018439985,0.756585018439985,0.21303547725998226,0.03037950430003267,0.0,0.0,0,0,0,无明显情感,未明确对象,未明确方面,中性,True,1.0
知识区,BV1zrGi6PE9B,2027北师大上岸！,正面,正面,0.8536048429290712,0.8536048429290712,0.13011672533177235,0.016278431739156305,0.0,0.0,0,0,0,无明显情感,未明确对象,未明确方面,中性,False,
知识区,BV1zrGi6PE9B,2027厦门大学！加油！平芜尽处是春山！,正面,正面,0.9821160698836339,0.9821160698836339,0.0160917686068744,0.001792161509491785,1.0,1.0,1,0,0,对象评价,未明确对象,未明确方面,正面,False,
知识区,BV1zrGi6PE9B,这字写的挺好啊,正面,正面,0.8902367438475576,0.8902367438475576,0.04443533489214013,0.06532792126030233,1.0,1.0,1,0,0,对象评价,未明确对象,未明确方面,正面,False,
知识区,BV1zrGi6PE9B,完结撒花！！！！！！！！！,正面,正面,0.8505532627801484,0.8505532627801484,0.09706471217992053,0.05238202503993092,0.0,0.0,0,0,0,无明显情感,未明确对象,未明确方面,中性,True,1.0
知识区,BV1zrGi6PE9B,26届高考460+,正面,正面,0.689584060977354,0.689584060977354,0.2576145661376766,0.052801372884969514,0.0,0.0,0,0,0,无明显情感,未明确对象,未明确方面,中性,True,1.0
知识区,BV1zrGi6PE9B,下次见面就在一高数了，三年陪伴，感谢有您,正面,正面,0.5703118089672868,0.5703118089672868,0.05468874369885574,0.3749994473338574,1.0,1.0,1,0,0,对象评价,未明确对象,未明确方面,正面,True,1.0
知识区,BV1zrGi6PE9B,27年高考上岸！！,正面,正面,0.920365998929298,0.920365998929298,0.06410613354161458,0.015527867529087516,0.0,0.0,0,0,0,无明显情感,未明确对象,未明确方面,中性,False,
知识区,BV1zrGi6PE9B,完结撒花！,正面,正面,0.8971584406037354,0.8971584406037354,0.08396052263988021,0.01888103675638452,0.0,0.0,0,0,0,无明显情感,未明确对象,未明确方面,中性,False,
知识区,BV1zrGi6PE9B,27，我要上630,正面,正面,0.6089837135839123,0.6089837135839123,0.3276167848423396,0.06339950157374813,0.0,0.0,0,0,0,无明显情感,未明确对象,未明确方面,中性,True,1.0
知识区,BV1zrGi6PE9B,2026高考必胜！我要上汕头大学,正面,正面,0.8340153107681672,0.8340153107681672,0.12671141581913556,0.03927327341269718,-1.0,-1.0,0,1,0,对象评价,未明确对象,未明确方面,负面,True,1.0
知识区,BV1zrGi6PE9B,谢谢恩师！！！,正面,正面,0.9175701892300723,0.9175701892300723,0.04659589094470942,0.03583391982521838,1.0,1.0,1,0,0,对象评价,未明确对象,未明确方面,正面,False,
知识区,BV1zrGi6PE9B,完结散花，我的青春即将落幕，而未来的学子们更要绽放光彩,正面,正面,0.46546052543431815,0.46546052543431815,0.23888262341987376,0.29565685114580814,0.0,0.0,0,0,0,无明显情感,未明确对象,未明确方面,中性,True,1.0
知识区,BV1zrGi6PE9B,2027高考大捷  很高兴认识一系列和大家,正面,正面,0.9412780532966396,0.9412780532966396,0.05132380728680844,0.007398139416551967,1.5,1.5,1,0,0,对象评价,未明确对象,未明确方面,正面,True,1.0
知识区,BV1zrGi6PE9B,学长学姐加油,正面,正面,0.9066938208880555,0.9066938208880555,0.06638336058320549,0.02692281852873896,1.0,1.0,1,0,0,对象评价,未明确对象,未明确方面,正面,False,
知识区,BV1zrGi6PE9B,高考加油 至少上一个好一点的一本,正面,正面,0.9221842391826535,0.9221842391826535,0.04893620884541697,0.028879551971929644,1.0,1.0,1,0,0,对象评价,未明确对象,未明确方面,正面,False,
知识区,BV1zrGi6PE9B,完结撒花，祝你我都可以上岸理想大学,正面,正面,0.957846182380957,0.957846182380957,0.028575591735206893,0.01357822588383621,1.0,1.0,1,0,0,对象评价,未明确对象,未明确方面,正面,True,1.0
知识区,BV1zrGi6PE9B,完结撒花！2027高考必胜 530+++,正面,正面,0.9434054209936321,0.9434054209936321,0.04772357701076697,0.008871001995600983,0.0,0.0,0,0,0,无明显情感,未明确对象,未明确方面,中性,False,
知识区,BV1zrGi6PE9B,高考加油，都上岸,正面,正面,0.9663988002583361,0.9663988002583361,0.019857263321606783,0.01374393642005713,1.0,1.0,1,0,0,对象评价,未明确对象,未明确方面,正面,False,
知识区,BV1zrGi6PE9B,这个文字平移好高级,正面,正面,0.4506314993080399,0.4506314993080399,0.1066038336356786,0.4427646670562815,1.0,1.0,1,0,0,对象评价,未明确对象,未明确方面,正面,True,1.0
知识区,BV1zrGi6PE9B,2027高考顺利上岸,正面,正面,0.9668961385762312,0.9668961385762312,0.0243631866846263,0.008740674739142537,1.0,1.0,1,0,0,对象评价,未明确对象,未明确方面,正面,False,
知识区,BV1zrGi6PE9B,在此致敬！高中课本所有内容结束！,正面,正面,0.7340595383746983,0.7340595383746983,0.22458245761918008,0.04135800400612161,1.0,1.0,1,0,0,对象评价,未明确对象,未明确方面,正面,True,1.0
知识区,BV1zrGi6PE9B,距离高考还有12天感谢一数公益 我一定可以和她考到一起,正面,正面,0.9270158032217614,0.9270158032217614,0.06642414835424366,0.006560048423994995,2.0,2.0,2,0,0,对象评价,未明确对象,未明确方面,正面,False,
知识区,BV1zrGi6PE9B,27我要上上交,正面,正面,0.6195377395039303,0.6195377395039303,0.34002214786170254,0.040440112634367205,0.0,0.0,0,0,0,无明显情感,未明确对象,未明确方面,中性,False,
知识区,BV1zrGi6PE9B,虽然我每节课都没有好好学，但还是要关注阿婆主,正面,负面,0.5292305489959199,0.34696648021466925,0.12380297078941079,0.5292305489959199,1.0,1.0,1,0,0,对象评价,未明确对象,未明确方面,正面,True,1.0
知识区,BV1zrGi6PE9B,26  5.25  1.28 通关,正面,正面,0.6671977654934704,0.6671977654934704,0.25337849026327247,0.0794237442432571,0.0,0.0,0,0,0,无明显情感,未明确对象,未明确方面,中性,True,1.0
知识区,BV1zrGi6PE9B,2026年5.25   1点28分我通关了高中数学,正面,正面,0.6570151101829093,0.6570151101829093,0.2502170878706724,0.09276780194641837,0.0,0.0,0,0,0,无明显情感,课程内容,未明确方面,中性,True,1.0
知识区,BV1zrGi6PE9B,2027高考顺利！加油,正面,正面,0.996671660190543,0.996671660190543,0.0025665549855280996,0.0007617848239290003,2.0,2.0,2,0,0,对象评价,未明确对象,未明确方面,正面,False,
知识区,BV1zrGi6PE9B,大家都辛苦了！,正面,正面,0.8883650285168633,0.8883650285168633,0.10026698285480683,0.011367988628330009,1.0,1.0,1,0,0,对象评价,未明确对象,未明确方面,正面,False,
知识区,BV1zrGi6PE9B,接下来高三加油,正面,正面,0.8623628829344057,0.8623628829344057,0.09951483020010041,0.038122286865493835,1.0,1.0,1,0,0,对象评价,未明确对象,未明确方面,正面,False,
知识区,BV1zrGi6PE9B,见证历史了，2027年高考，600分必拿下,正面,正面,0.9303781481019722,0.9303781481019722,0.039005602632796975,0.030616249265230815,1.0,1.0,1,0,0,对象评价,未明确对象,未明确方面,正面,False,
知识区,BV1zrGi6PE9B,完结撒花！27必胜！,正面,正面,0.9435231623142489,0.9435231623142489,0.0465398747773581,0.009936962908393009,0.0,0.0,0,0,0,无明显情感,未明确对象,未明确方面,中性,False,
知识区,BV1zrGi6PE9B,各位高考加油！,正面,正面,0.9755448756748188,0.9755448756748188,0.022831992367557733,0.0016231319576235476,1.0,1.0,1,0,0,对象评价,未明确对象,未明确方面,正面,False,
知识区,BV1zrGi6PE9B,泪目了，谢谢一树老师陪我走完了整个高中数学，X﹏X,正面,正面,0.829824289939702,0.829824289939702,0.0855247318862207,0.08465097817407735,1.0,1.0,2,1,1,对象评价+自身情绪,讲解者+课程内容,未明确方面,混合,True,1.0
知识区,BV1zrGi6PE9B,还有one last kiss 听，望27年能够有个好成绩,正面,正面,0.6865536189809588,0.6865536189809588,0.1976401665311634,0.11580621448787785,0.0,0.0,0,0,0,无明显情感,未明确对象,未明确方面,中性,True,1.0
知识区,BV1zrGi6PE9B,我去666大完结！！！！！！！！！！！！！！！！！！！！！！！！！！！！！！！！！！！！！！！！！！！！！,正面,正面,0.9985414982256764,0.9985414982256764,0.0013713159880644843,8.718578625915308e-05,1.0,1.0,1,0,0,对象评价,未明确对象,未明确方面,正面,False,
知识区,BV1zrGi6PE9B,愿这份友谊长存,正面,正面,0.5242042154661296,0.5242042154661296,0.35861579676544975,0.11717998776842066,0.0,0.0,0,0,0,无明显情感,未明确对象,未明确方面,中性,True,1.0
知识区,BV1zrGi6PE9B,小猪老师真的陪伴了我很久，从数学70多提高到120，比我上什么一对一有用，感谢老师！,正面,正面,0.9838452712870304,0.9838452712870304,0.005713409341589368,0.010441319371380363,2.0,2.0,2,0,0,对象评价,讲解者+课程内容,实用与收获,正面,False,
知识区,BV1zrGi6PE9B,2026高考顺利！,正面,正面,0.9682203756682347,0.9682203756682347,0.024219120884565213,0.007560503447200189,1.0,1.0,1,0,0,对象评价,未明确对象,未明确方面,正面,False,
知识区,BV1zrGi6PE9B,完结撒花 感谢猪哥,正面,正面,0.9809615857429287,0.9809615857429287,0.013918623671009149,0.00511979058606212,1.0,1.0,1,0,0,对象评价,未明确对象,未明确方面,正面,False,
知识区,BV1zrGi6PE9B,统计是最简单的模块,正面,正面,0.6331885716249311,0.6331885716249311,0.17275796919306827,0.19405345918200062,1.0,1.0,1,0,0,对象评价,未明确对象,理解与难度,正面,True,1.0
知识区,BV1zrGi6PE9B,很高兴认识老师  2027高考加油,正面,正面,0.9942569839235124,0.9942569839235124,0.004702527213534422,0.0010404888629532857,2.5,2.5,2,0,0,对象评价,讲解者,未明确方面,正面,False,
知识区,BV1zrGi6PE9B,加油加油!数学要上120+!,正面,正面,0.9930779782744357,0.9930779782744357,0.0035445674543156205,0.0033774542712486856,2.0,2.0,2,0,0,对象评价,课程内容,未明确方面,正面,False,
知识区,BV1zrGi6PE9B,2027高考上岸,正面,正面,0.8194893831456883,0.8194893831456883,0.15741440227935155,0.02309621457496018,0.0,0.0,0,0,0,无明显情感,未明确对象,未明确方面,中性,False,
知识区,BV1zrGi6PE9B,完结撒花（doge）,正面,正面,0.6976614840513097,0.6976614840513097,0.257225575124695,0.04511294082399527,0.0,0.0,0,0,0,无明显情感,未明确对象,未明确方面,中性,False,
知识区,BV1zrGi6PE9B,泪目，我真的一路看过来的，现在有种离别的感觉，感慨万千,正面,正面,0.6186322579552546,0.6186322579552546,0.08047290270409956,0.3008948393406458,1.0,1.0,1,0,0,对象评价+自身情绪,未明确对象,未明确方面,正面,True,1.0
知识区,BV1zrGi6PE9B,马上上战场了！,正面,正面,0.6674319159140883,0.6674319159140883,0.2840277515613975,0.048540332524514174,0.0,0.0,0,0,0,无明显情感,未明确对象,未明确方面,中性,True,1.0
知识区,BV1zrGi6PE9B,愿一切安好,正面,正面,0.8798391222995258,0.8798391222995258,0.08191957930633935,0.038241298394134836,1.0,1.0,1,0,0,对象评价,未明确对象,未明确方面,正面,False,
知识区,BV1zrGi6PE9B,26年河北高考加油还有12天,正面,正面,0.9094996776904337,0.9094996776904337,0.08266382424264405,0.007836498066922264,1.0,1.0,1,0,0,对象评价,未明确对象,未明确方面,正面,False,
知识区,BV1zrGi6PE9B,完结撒花，感谢小猪,正面,正面,0.9835008741229635,0.9835008741229635,0.01237108361443233,0.004128042262604168,1.0,1.0,1,0,0,对象评价,未明确对象,未明确方面,正面,False,
知识区,BV1zrGi6PE9B,完结撒花，谢谢小猪,正面,正面,0.9799085028522148,0.9799085028522148,0.014240953465391129,0.005850543682394163,1.0,1.0,1,0,0,对象评价,未明确对象,未明确方面,正面,False,
知识区,BV1zrGi6PE9B,愿27深大635分一轮复习加油！！ 2027 高考必胜！  感谢小猪老师,正面,正面,0.9978641518960606,0.9978641518960606,0.0017820858596052855,0.0003537622443341085,2.0,2.0,2,0,0,对象评价,讲解者,未明确方面,正面,False,
知识区,BV1zrGi6PE9B,640+国防科技大学等我！！！,正面,正面,0.6507055510169365,0.6507055510169365,0.21985198466765538,0.12944246431540807,0.0,0.0,0,0,0,无明显情感,未明确对象,未明确方面,中性,True,1.0
知识区,BV1zrGi6PE9B,加油高考必胜,正面,正面,0.979587451059465,0.979587451059465,0.014861707741370809,0.005550841199164166,1.0,1.0,1,0,0,对象评价,未明确对象,未明确方面,正面,False,
知识区,BV1zrGi6PE9B,完结,正面,正面,0.7001534302510296,0.7001534302510296,0.24076216919399604,0.059084400554974256,0.0,0.0,0,0,0,无明显情感,未明确对象,未明确方面,中性,False,
知识区,BV1zrGi6PE9B,完结撒花 爱你小猪老师！！！,正面,正面,0.9413754867952271,0.9413754867952271,0.02851197419004446,0.0301125390147284,0.0,0.0,0,0,0,无明显情感,讲解者,未明确方面,中性,False,
知识区,BV1zrGi6PE9B,山高路远 我们来日方长 友谊长存！,正面,正面,0.6878715078300731,0.6878715078300731,0.24297355630722373,0.06915493586270323,0.0,0.0,0,0,0,无明显情感,未明确对象,未明确方面,中性,False,
知识区,BV1zrGi6PE9B,终于等到了,正面,正面,0.6840982597539258,0.6840982597539258,0.17800532036549752,0.13789641988057663,0.0,0.0,0,0,0,无明显情感,未明确对象,未明确方面,中性,False,
知识区,BV1zrGi6PE9B,开课！,正面,正面,0.641780810492513,0.641780810492513,0.3240924580607644,0.03412673144672254,0.0,0.0,0,0,0,无明显情感,未明确对象,未明确方面,中性,False,
知识区,BV1zrGi6PE9B,终于要完结了吗？我终于可以复习了吗？,正面,正面,0.5135023762353955,0.5135023762353955,0.33437668952513383,0.1521209342394706,1.0,1.0,1,0,0,对象评价,未明确对象,未明确方面,正面,True,1.0
知识区,BV1zrGi6PE9B,2027年高考加油,正面,正面,0.9679912924053108,0.9679912924053108,0.02827027876396695,0.0037384288307223115,1.0,1.0,1,0,0,对象评价,未明确对象,未明确方面,正面,False,
知识区,BV1zrGi6PE9B,高考加油继续前行永不退缩,正面,正面,0.9481239020168233,0.9481239020168233,0.046134871638399896,0.005741226344776714,1.0,1.0,1,0,0,对象评价,未明确对象,未明确方面,正面,False,
知识区,BV1zrGi6PE9B,6,正面,中性,0.5625041143460264,0.2898161653159638,0.5625041143460264,0.14767972033800986,0.0,0.0,0,0,0,无明显情感,未明确对象,未明确方面,中性,True,1.0
知识区,BV1zrGi6PE9B,在α上面，写一行1-α，不要谢谢我，谢谢,正面,正面,0.9758436014489289,0.9758436014489289,0.012452357640271902,0.011704040910799246,2.0,2.0,2,0,0,对象评价,未明确对象,未明确方面,正面,False,
知识区,BV1zrGi6PE9B,高考600＋ 西政等我,正面,正面,0.653392742830438,0.653392742830438,0.31096241193450624,0.03564484523505575,0.0,0.0,0,0,0,无明显情感,未明确对象,未明确方面,中性,False,
知识区,BV1zrGi6PE9B,666还有棋盘法,正面,正面,0.7083153928936863,0.7083153928936863,0.2610055507834787,0.030679056322835036,1.0,1.0,1,0,0,对象评价,未明确对象,未明确方面,正面,False,
知识区,BV1zrGi6PE9B,完结撒花，高考加油,正面,正面,0.990223128137086,0.990223128137086,0.007119730290550863,0.0026571415723631417,1.0,1.0,1,0,0,对象评价,未明确对象,未明确方面,正面,False,
知识区,BV1zrGi6PE9B,谢谢小猪老师辛苦了！,正面,正面,0.986789634946051,0.986789634946051,0.01069392814974813,0.0025164369042009267,2.0,2.0,2,0,0,对象评价,讲解者,未明确方面,正面,False,
知识区,BV1zrGi6PE9B,大家加油啊！,正面,正面,0.9780381883341497,0.9780381883341497,0.016589107258218484,0.005372704407631859,1.0,1.0,1,0,0,对象评价,未明确对象,未明确方面,正面,False,
知识区,BV1zrGi6PE9B,见证历史，谢谢亲爱的老师们,正面,正面,0.8583428069558302,0.8583428069558302,0.11628406815621306,0.025373124887956663,1.0,1.0,1,0,0,对象评价,讲解者,未明确方面,正面,False,
知识区,BV1zrGi6PE9B,今年高考加油 完结撒花 中山大学等我,正面,正面,0.9913710765912678,0.9913710765912678,0.007348084657032657,0.0012808387516994517,1.0,1.0,1,0,0,对象评价,未明确对象,未明确方面,正面,False,
知识区,BV1zrGi6PE9B,完结撒花，感谢陪伴！,正面,正面,0.9879427498888073,0.9879427498888073,0.008773476691725453,0.003283773419467301,1.0,1.0,1,0,0,对象评价,未明确对象,未明确方面,正面,False,
知识区,BV1zrGi6PE9B,加油！！！,正面,正面,0.9490170955093219,0.9490170955093219,0.020790772982379926,0.030192131508298088,1.0,1.0,1,0,0,对象评价,未明确对象,未明确方面,正面,False,
知识区,BV1zrGi6PE9B,声音好好听,正面,正面,0.9072759837130523,0.9072759837130523,0.026386394509315566,0.06633762177763207,1.0,1.0,1,0,0,对象评价,视频内容,视听体验,正面,False,
知识区,BV1zrGi6PE9B,上岸！,正面,正面,0.8278773178739286,0.8278773178739286,0.1458433287809451,0.02627935334512616,0.0,0.0,0,0,0,无明显情感,未明确对象,未明确方面,中性,False,
知识区,BV1zrGi6PE9B,谢谢一数，不敢相信已经结束了，好舍不得，谢谢你的陪伴,正面,正面,0.9696135806643177,0.9696135806643177,0.010117628101371913,0.02026879123431028,2.0,2.0,2,0,0,对象评价,未明确对象,未明确方面,正面,False,
知识区,BV1zrGi6PE9B,一数牛逼！！！！！！！完结撒花！,正面,正面,0.9700468146240174,0.9700468146240174,0.014076292477529432,0.01587689289845317,1.0,1.0,1,0,0,对象评价,未明确对象,未明确方面,正面,False,
知识区,BV1zrGi6PE9B,高考加油啊,正面,正面,0.9726087652854369,0.9726087652854369,0.014502988662616893,0.01288824605194621,1.0,1.0,1,0,0,对象评价,未明确对象,未明确方面,正面,False,
知识区,BV1zrGi6PE9B,第一次发弹幕 ！ 希望小猪还可以出视频！,正面,正面,0.8178599133248586,0.8178599133248586,0.17084526698993885,0.011294819685202536,1.0,1.0,1,0,0,对象评价,视频内容,未明确方面,正面,False,
知识区,BV1zrGi6PE9B,加油加油加油,正面,正面,0.9986876059396896,0.9986876059396896,0.0006011656437751611,0.0007112284165352154,3.0,3.0,3,0,0,对象评价,未明确对象,未明确方面,正面,False,
知识区,BV1zrGi6PE9B,虽然现在快23点了，但是我看到左上角还有500多同窗我知道，我还不能提前休息,正面,负面,0.5919240120952625,0.1785421107140453,0.2295338771906923,0.5919240120952625,0.0,0.0,0,0,0,无明显情感,未明确对象,未明确方面,中性,True,1.0
知识区,BV1zrGi6PE9B,泪目了小猪，完结撒花！,正面,正面,0.9800718356501105,0.9800718356501105,0.011117750874643666,0.008810413475245797,1.0,1.0,1,0,0,对象评价+自身情绪,未明确对象,未明确方面,正面,False,
知识区,BV1zrGi6PE9B,上岸深圳大学!祝大家顺利^,正面,正面,0.9733881457254416,0.9733881457254416,0.019962118199325245,0.006649736075233023,1.0,1.0,1,0,0,对象评价,未明确对象,未明确方面,正面,False,
知识区,BV1zrGi6PE9B,很高兴能认识小猪老师,正面,正面,0.8657011125728329,0.8657011125728329,0.09263910019077017,0.041659787236396864,1.5,1.5,1,0,0,对象评价,讲解者,未明确方面,正面,False,
知识区,BV1zrGi6PE9B,恭喜完结！撒花！！！感谢一数老师们的辛勤付出！也愿我们一路向阳，高考必胜！,正面,正面,0.9991166450183475,0.9991166450183475,0.000482923765858607,0.0004004312157937462,2.0,2.0,2,0,0,对象评价,讲解者,未明确方面,正面,False,
知识区,BV1zrGi6PE9B,两小时，出息了,正面,中性,0.3734013149709163,0.36997351450612853,0.3734013149709163,0.25662517052295525,0.0,0.0,0,0,0,无明显情感,未明确对象,未明确方面,中性,True,1.0
知识区,BV1zrGi6PE9B,牛逼，一哥催更完后面的所有,正面,正面,0.756039748594847,0.756039748594847,0.054103890998629264,0.18985636040652382,1.0,1.0,1,0,0,对象评价,未明确对象,未明确方面,正面,False,
知识区,BV1zrGi6PE9B,今年高考考上550＋，也祝大家都能取得理想成绩，高考加油！,正面,正面,0.9830900289242792,0.9830900289242792,0.012890522247237402,0.004019448828483383,1.0,1.0,1,0,0,对象评价,未明确对象,未明确方面,正面,False,
知识区,BV1zrGi6PE9B,刚学完，真挺需要的,正面,中性,0.36425594797271116,0.3442530299854801,0.36425594797271116,0.2914910220418087,0.0,0.0,0,0,0,无明显情感,未明确对象,未明确方面,中性,True,1.0
知识区,BV1zrGi6PE9B,熊光！！,正面,正面,0.581167176111023,0.581167176111023,0.176977154378818,0.24185566951015905,0.0,0.0,0,0,0,无明显情感,未明确对象,未明确方面,中性,False,
知识区,BV1zrGi6PE9B,2026高考上岸沈阳公办一本或者公办二本,正面,正面,0.8552156744171031,0.8552156744171031,0.1166973073518161,0.028087018231080705,0.0,0.0,0,0,0,无明显情感,未明确对象,未明确方面,中性,False,
知识区,BV1zrGi6PE9B,哭了，高考加油,正面,正面,0.7946639852659868,0.7946639852659868,0.05900838335853953,0.14632763137547358,0.0,0.0,1,1,1,对象评价,未明确对象,未明确方面,混合,True,1.0
知识区,BV1zrGi6PE9B,27届高考加油,正面,正面,0.9495671508357467,0.9495671508357467,0.0433071566529734,0.0071256925112797576,1.0,1.0,1,0,0,对象评价,未明确对象,未明确方面,正面,False,
知识区,BV1zrGi6PE9B,终于结束了,正面,正面,0.3738754874360311,0.3738754874360311,0.34833503283589234,0.27778947972807655,0.0,0.0,0,0,0,无明显情感,未明确对象,未明确方面,中性,True,1.0
知识区,BV1zrGi6PE9B,下午要高考了，给个加油，点个赞呗,正面,正面,0.9728866267060639,0.9728866267060639,0.01682042763109484,0.010292945662841222,2.0,2.0,2,0,0,对象评价,未明确对象,未明确方面,正面,False,
知识区,BV1zrGi6PE9B,祝我们都超常发挥。,正面,正面,0.46095057797497513,0.46095057797497513,0.396418884271059,0.14263053775396595,0.0,0.0,0,0,0,无明显情感,未明确对象,未明确方面,中性,False,
知识区,BV1zrGi6PE9B,数学我要考80,正面,正面,0.5473392923588571,0.5473392923588571,0.2814804404766958,0.1711802671644471,0.0,0.0,0,0,0,无明显情感,课程内容,未明确方面,中性,True,1.0
知识区,BV1zrGi6PE9B,今天是2026年6月7日12点47祝自己高考加油！,正面,正面,0.8690181279338447,0.8690181279338447,0.10474203699124733,0.02623983507490798,1.0,1.0,1,0,0,对象评价,未明确对象,未明确方面,正面,False,
知识区,BV1zrGi6PE9B,下午数学许愿上岸,正面,正面,0.5432058192131397,0.5432058192131397,0.26746195180086996,0.18933222898599036,0.0,0.0,0,0,0,无明显情感,课程内容,未明确方面,中性,True,1.0
知识区,BV1zrGi6PE9B,下午数学加油,正面,正面,0.8409927504092861,0.8409927504092861,0.0723196746979191,0.08668757489279476,1.0,1.0,1,0,0,对象评价,课程内容,未明确方面,正面,False,
知识区,BV1zrGi6PE9B,2027等我上岸,正面,正面,0.7353183862273082,0.7353183862273082,0.23793167056738693,0.026749943205304966,0.0,0.0,0,0,0,无明显情感,未明确对象,未明确方面,中性,False,
知识区,BV1zrGi6PE9B,下午考加油,正面,正面,0.8978491898387511,0.8978491898387511,0.08520887632702555,0.01694193383422351,1.0,1.0,1,0,0,对象评价,未明确对象,未明确方面,正面,False,
知识区,BV1zrGi6PE9B,感谢相遇,正面,正面,0.8907306199721081,0.8907306199721081,0.07494524341361745,0.0343241366142745,1.0,1.0,1,0,0,对象评价,未明确对象,未明确方面,正面,False,
知识区,BV1zrGi6PE9B,北京大学2027等我,正面,正面,0.6313966763721922,0.6313966763721922,0.33589035954620877,0.032712964081598926,0.0,0.0,0,0,0,无明显情感,未明确对象,未明确方面,中性,False,
知识区,BV1zrGi6PE9B,mx加油,正面,正面,0.9466699864221867,0.9466699864221867,0.03186838792899501,0.02146162564881829,1.0,1.0,1,0,0,对象评价,未明确对象,未明确方面,正面,False,
知识区,BV1zrGi6PE9B,谢谢,正面,正面,0.9053927901177906,0.9053927901177906,0.05086955394549654,0.04373765593671285,1.0,1.0,1,0,0,对象评价,未明确对象,未明确方面,正面,False,
知识区,BV1zrGi6PE9B,泪目了,正面,正面,0.6994478886020127,0.6994478886020127,0.04990726114483599,0.2506448502531513,1.0,1.0,1,0,0,对象评价+自身情绪,未明确对象,未明确方面,正面,True,1.0
知识区,BV1zrGi6PE9B,2027上岸南大。,正面,正面,0.6751485500390186,0.6751485500390186,0.28580661647679406,0.03904483348418737,0.0,0.0,0,0,0,无明显情感,未明确对象,未明确方面,中性,False,
知识区,BV1zrGi6PE9B,高考加油，希望所有的高三学生能考到自己理想的大学，所有努力的学生们得偿所愿。,正面,正面,0.84087648850114,0.84087648850114,0.09908689262543335,0.06003661887342663,1.0,1.0,1,0,0,对象评价,未明确对象,未明确方面,正面,True,1.0
知识区,BV1zrGi6PE9B,高考加油，上本科,正面,正面,0.9797689929577434,0.9797689929577434,0.015239325920867042,0.004991681121389455,1.0,1.0,1,0,0,对象评价,未明确对象,未明确方面,正面,False,
知识区,BV1zrGi6PE9B,明天高考 加油 2026年6月6日,正面,正面,0.8974138977688317,0.8974138977688317,0.07703017428784449,0.025555927943323755,1.0,1.0,1,0,0,对象评价,未明确对象,未明确方面,正面,False,
知识区,BV1zrGi6PE9B,27年高考上岸！,正面,正面,0.8941154820832368,0.8941154820832368,0.09485041702750877,0.011034100889254411,0.0,0.0,0,0,0,无明显情感,未明确对象,未明确方面,中性,False,
知识区,BV1zrGi6PE9B,one last kiss好评 再见了我的高中数学！！！！完结撒花！！！！！！！！！！,正面,正面,0.983038424481848,0.983038424481848,0.009411913551164082,0.007549661966987975,1.0,1.0,1,0,0,对象评价,课程内容,未明确方面,正面,False,
知识区,BV1zrGi6PE9B,准高三生终于把欠自己的补上了，尽管只是一小部分，以后我们要开始刷题了！加油625,正面,正面,0.874560287198845,0.874560287198845,0.05428469513218956,0.0711550176689655,1.0,1.0,1,0,0,对象评价,未明确对象,未明确方面,正面,True,1.0
知识区,BV1zrGi6PE9B,高考必胜！！！！,正面,正面,0.7876808095105757,0.7876808095105757,0.13657779968835704,0.07574139080106719,0.0,0.0,0,0,0,无明显情感,未明确对象,未明确方面,中性,True,1.0
知识区,BV1zrGi6PE9B,加油兄弟们,正面,正面,0.8613784651844878,0.8613784651844878,0.10001300674946727,0.03860852806604497,1.0,1.0,1,0,0,对象评价,未明确对象,未明确方面,正面,True,1.0
知识区,BV1zrGi6PE9B,2026年6月6日至此 高中数学学习完毕 明天高考顺利！,正面,正面,0.8963072258304096,0.8963072258304096,0.07299824728511446,0.030694526884475937,1.0,1.0,1,0,0,对象评价,课程内容,未明确方面,正面,True,1.0
知识区,BV1zrGi6PE9B,明天高考，第一次学哈哈,正面,正面,0.7709850538242207,0.7709850538242207,0.21259972290607526,0.01641522326970413,1.0,1.0,1,0,0,对象评价+自身情绪,未明确对象,娱乐与趣味,正面,False,
知识区,BV1zrGi6PE9B,诸位，顶峰再见π_π,正面,中性,0.5327972144713203,0.12850873890552605,0.5327972144713203,0.33869404662315367,0.0,0.0,0,0,0,无明显情感,未明确对象,未明确方面,中性,True,1.0
知识区,BV1zrGi6PE9B,谢谢，愿我上岸！,正面,正面,0.9779158300808055,0.9779158300808055,0.01707210528020343,0.0050120646389909315,1.0,1.0,1,0,0,对象评价,未明确对象,未明确方面,正面,False,
知识区,BV1zrGi6PE9B,高考500+！,正面,正面,0.7525566685341324,0.7525566685341324,0.20821946573718583,0.039223865728681716,0.0,0.0,0,0,0,无明显情感,未明确对象,未明确方面,中性,False,
知识区,BV1zrGi6PE9B,完结撒花！谢谢老师！！！,正面,正面,0.9892368965454709,0.9892368965454709,0.0075705852502576335,0.0031925182042714874,1.0,1.0,1,0,0,对象评价,讲解者,未明确方面,正面,False,
知识区,BV1zrGi6PE9B,2026明天高考,正面,正面,0.6774772043761951,0.6774772043761951,0.2863898198478091,0.03613297577599581,0.0,0.0,0,0,0,无明显情感,未明确对象,未明确方面,中性,False,
知识区,BV1zrGi6PE9B,高考顺利，金榜题名，高考加油！,正面,正面,0.9977693042649793,0.9977693042649793,0.001366581112749665,0.0008641146222710147,2.0,2.0,2,0,0,对象评价,未明确对象,未明确方面,正面,False,
知识区,BV1zrGi6PE9B,明天高考，祝我自己超常发挥,正面,正面,0.576197806411149,0.576197806411149,0.36338600381904373,0.06041618976980714,0.0,0.0,0,0,0,无明显情感,未明确对象,未明确方面,中性,False,
知识区,BV1zrGi6PE9B,2026高考上岸,正面,正面,0.8568653964843939,0.8568653964843939,0.12192717237333243,0.02120743114227381,0.0,0.0,0,0,0,无明显情感,未明确对象,未明确方面,中性,False,
知识区,BV1zrGi6PE9B,明天高考，高考加油！！！,正面,正面,0.9809893442688961,0.9809893442688961,0.012052867181880898,0.006957788549223162,1.0,1.0,1,0,0,对象评价,未明确对象,未明确方面,正面,False,
知识区,BV1zrGi6PE9B,27届的高考也要加油！↑,正面,正面,0.9520642698039423,0.9520642698039423,0.0397901776369376,0.008145552559120056,1.0,1.0,1,0,0,对象评价,未明确对象,未明确方面,正面,False,
知识区,BV1zrGi6PE9B,华南农业大学366天冲冲冲,正面,正面,0.7662084728316877,0.7662084728316877,0.21257759781394067,0.02121392935437155,1.0,1.0,1,0,0,对象评价,未明确对象,未明确方面,正面,False,
知识区,BV1zrGi6PE9B,加油！,正面,正面,0.9809520341155836,0.9809520341155836,0.013404147094213151,0.005643818790203285,1.0,1.0,1,0,0,对象评价,未明确对象,未明确方面,正面,False,
知识区,BV1zrGi6PE9B,成功,正面,正面,0.7486981984835525,0.7486981984835525,0.163712530328544,0.08758927118790366,1.0,1.0,1,0,0,对象评价,未明确对象,未明确方面,正面,True,1.0
知识区,BV1zrGi6PE9B,2026厦门大学,正面,正面,0.4839611670670483,0.4839611670670483,0.4415924324250133,0.0744464005079383,0.0,0.0,0,0,0,无明显情感,未明确对象,未明确方面,中性,False,
知识区,BV1zrGi6PE9B,高考大捷，金榜题名,正面,正面,0.7604804191157853,0.7604804191157853,0.1667049213601022,0.07281465952411237,0.0,0.0,0,0,0,无明显情感,未明确对象,未明确方面,中性,True,1.0
知识区,BV1zrGi6PE9B,祝我2027高考顺利，程欣怡也一样,正面,正面,0.9426889732123129,0.9426889732123129,0.034333459618038846,0.022977567169648175,1.0,1.0,1,0,0,对象评价,未明确对象,未明确方面,正面,True,1.0
知识区,BV1zrGi6PE9B,高考必胜！！大学等我！！,正面,正面,0.9202260097269948,0.9202260097269948,0.0615716581586157,0.018202332114389548,0.0,0.0,0,0,0,无明显情感,未明确对象,未明确方面,中性,False,
知识区,BV1zrGi6PE9B,高考必胜！N,正面,正面,0.8411393010028785,0.8411393010028785,0.13493383664679418,0.02392686235032738,0.0,0.0,0,0,0,无明显情感,未明确对象,未明确方面,中性,False,
知识区,BV1zrGi6PE9B,宝宝高考加油，对不起，我爱你,正面,正面,0.9615875799330961,0.9615875799330961,0.022432795039768385,0.01597962502713557,1.0,1.0,1,0,0,对象评价,未明确对象,未明确方面,正面,False,
知识区,BV1zrGi6PE9B,纵使疾风起，人生不言弃,正面,正面,0.3883816036033262,0.3883816036033262,0.363141912673214,0.24847648372345993,0.0,0.0,0,0,0,无明显情感,未明确对象,未明确方面,中性,True,1.0
知识区,BV1zrGi6PE9B,明天高考！加油！超常发挥！,正面,正面,0.9862958492846043,0.9862958492846043,0.012517855376526799,0.001186295338868819,1.0,1.0,1,0,0,对象评价,未明确对象,未明确方面,正面,False,
知识区,BV1zrGi6PE9B,再见了，高考加油，感谢小猪老师，感谢努力的自己，拜拜,正面,正面,0.9992305338718035,0.9992305338718035,0.00045096946313900806,0.00031849666505750113,4.0,4.0,4,0,0,对象评价,讲解者,未明确方面,正面,False,
知识区,BV1zrGi6PE9B,高考上岸理想大学617,正面,正面,0.8119165362308899,0.8119165362308899,0.16994284957156267,0.01814061419754751,0.0,0.0,0,0,0,无明显情感,未明确对象,未明确方面,中性,False,
知识区,BV1zrGi6PE9B,广工！深大等我！,正面,正面,0.6684564898195504,0.6684564898195504,0.30264467305192355,0.02889883712852601,0.0,0.0,0,0,0,无明显情感,未明确对象,未明确方面,中性,False,
知识区,BV1zrGi6PE9B,高考数学115！,正面,正面,0.7339874954785269,0.7339874954785269,0.220909770731434,0.04510273379003907,0.0,0.0,0,0,0,无明显情感,课程内容,未明确方面,中性,False,
知识区,BV1zrGi6PE9B,高考120,正面,正面,0.659022866370594,0.659022866370594,0.3131610653175446,0.027816068311861352,0.0,0.0,0,0,0,无明显情感,未明确对象,未明确方面,中性,True,1.0
知识区,BV1zrGi6PE9B,26年6.6日星期六，下午3：44数学通关,正面,正面,0.4992965978170591,0.4992965978170591,0.30019030060127205,0.20051310158166893,0.0,0.0,0,0,0,无明显情感,课程内容,未明确方面,中性,True,1.0
知识区,BV1zrGi6PE9B,完结撒花，高考大捷，瞻宫折桂，更上一层楼,正面,正面,0.8950599214009598,0.8950599214009598,0.06517679161309972,0.03976328698594042,0.0,0.0,0,0,0,无明显情感,未明确对象,未明确方面,中性,False,
知识区,BV1zrGi6PE9B,正义必胜,正面,正面,0.6038470991488172,0.6038470991488172,0.2890504295077188,0.10710247134346397,0.0,0.0,0,0,0,无明显情感,未明确对象,未明确方面,中性,True,1.0
知识区,BV1zrGi6PE9B,许愿数学125分,正面,正面,0.5402500187084608,0.5402500187084608,0.22240255956862356,0.23734742172291565,0.0,0.0,0,0,0,无明显情感,课程内容,未明确方面,中性,True,1.0
知识区,BV1zrGi6PE9B,完结撒花，感谢相遇,正面,正面,0.9803035725569789,0.9803035725569789,0.014800649859350664,0.004895777583670563,1.0,1.0,1,0,0,对象评价,未明确对象,未明确方面,正面,False,
知识区,BV1zrGi6PE9B,许愿数学125+,正面,正面,0.45165500152320825,0.45165500152320825,0.23223966861716602,0.3161053298596257,0.0,0.0,0,0,0,无明显情感,课程内容,未明确方面,中性,False,
知识区,BV1zrGi6PE9B,明天高考 加油加油,正面,正面,0.9948513964955832,0.9948513964955832,0.003945496470832681,0.0012031070335841436,2.0,2.0,2,0,0,对象评价,未明确对象,未明确方面,正面,False,
知识区,BV1zrGi6PE9B,完结撒花！！,正面,正面,0.9143392706668821,0.9143392706668821,0.06026400039702461,0.025396728936093172,0.0,0.0,0,0,0,无明显情感,未明确对象,未明确方面,中性,True,1.0
知识区,BV1zrGi6PE9B,2027高考我要考深圳大学！！,正面,正面,0.9077511604190659,0.9077511604190659,0.07860497740674857,0.013643862174185475,0.0,0.0,0,0,0,无明显情感,未明确对象,未明确方面,中性,False,
知识区,BV1zrGi6PE9B,高考数学110,正面,正面,0.574600473347495,0.574600473347495,0.31988132058090085,0.1055182060716041,0.0,0.0,0,0,0,无明显情感,课程内容,未明确方面,中性,False,
知识区,BV1zrGi6PE9B,笑死我了,正面,正面,0.5794120144404992,0.5794120144404992,0.039269574142307744,0.381318411417193,1.0,1.0,1,0,0,对象评价+自身情绪,未明确对象,娱乐与趣味,正面,True,1.0
知识区,BV1zrGi6PE9B,高考必上岸！！！,正面,正面,0.8746303613175598,0.8746303613175598,0.08171671876715872,0.04365291991528146,0.0,0.0,0,0,0,无明显情感,未明确对象,未明确方面,中性,False,
知识区,BV1zrGi6PE9B,高考顺利 一路繁花,正面,正面,0.9153366221361189,0.9153366221361189,0.048116088364960063,0.03654728949892114,1.0,1.0,1,0,0,对象评价,未明确对象,未明确方面,正面,False,
知识区,BV1zrGi6PE9B,2026高考数学90+,正面,正面,0.583752631268271,0.583752631268271,0.32903243760544687,0.08721493112628206,0.0,0.0,0,0,0,无明显情感,课程内容,未明确方面,中性,True,1.0
知识区,BV1zrGi6PE9B,谢谢小猪老师 完结撒花,正面,正面,0.9763605212825798,0.9763605212825798,0.017163004846189062,0.006476473871231295,1.0,1.0,1,0,0,对象评价,讲解者,未明确方面,正面,False,
知识区,BV1zrGi6PE9B,很好，我是高二的，回去重新一轮复习去了,正面,正面,0.616903208567978,0.616903208567978,0.22323516550218314,0.15986162592983888,1.0,1.0,1,0,0,对象评价,未明确对象,未明确方面,正面,True,1.0
知识区,BV1zrGi6PE9B,曼城球迷祝贺大巴黎和马刺获得冠军）正义必胜！,正面,正面,0.5777028025330897,0.5777028025330897,0.3396987724844905,0.08259842498241966,0.0,0.0,0,0,0,无明显情感,未明确对象,未明确方面,中性,False,
知识区,BV1zrGi6PE9B,完结撒花！！！！！！！！！！！！！！！,正面,正面,0.9083853272107308,0.9083853272107308,0.06420797282563277,0.027406699963636337,0.0,0.0,0,0,0,无明显情感,未明确对象,未明确方面,中性,False,
知识区,BV1zrGi6PE9B,多推荐，爱看，一数真神,正面,正面,0.6633676012043224,0.6633676012043224,0.19186531071112303,0.1447670880845546,1.0,1.0,1,0,0,对象评价+立场,未明确对象,未明确方面,正面,True,1.0
知识区,BV1zrGi6PE9B,2028年高考加油,正面,正面,0.9519295100084759,0.9519295100084759,0.04245844163365035,0.00561204835787372,1.0,1.0,1,0,0,对象评价,未明确对象,未明确方面,正面,False,
知识区,BV1zrGi6PE9B,妈耶，老师好可爱,正面,正面,0.9652429035271942,0.9652429035271942,0.018335342597490617,0.01642175387531521,1.0,1.0,1,0,0,对象评价,讲解者,未明确方面,正面,False,
知识区,BV1zrGi6PE9B,2026高考500+,正面,正面,0.6830582082160881,0.6830582082160881,0.25217015952026506,0.06477163226364684,0.0,0.0,0,0,0,无明显情感,未明确对象,未明确方面,中性,False,
知识区,BV1zrGi6PE9B,完结撒花 感谢陪伴,正面,正面,0.9797691090167432,0.9797691090167432,0.012612734015823123,0.007618156967433655,1.0,1.0,1,0,0,对象评价,未明确对象,未明确方面,正面,False,
知识区,BV1zrGi6PE9B,后天高考 加油加油加油,正面,正面,0.999025327078163,0.999025327078163,0.000760088552430883,0.00021458436940590737,3.0,3.0,3,0,0,对象评价,未明确对象,未明确方面,正面,False,
知识区,BV1zrGi6PE9B,我爱王欣怡！,正面,正面,0.6421716127645047,0.6421716127645047,0.32203236039714583,0.03579602683834938,0.0,0.0,0,0,0,无明显情感,未明确对象,未明确方面,中性,False,
知识区,BV1zrGi6PE9B,27高考顺利,正面,正面,0.9292223890457515,0.9292223890457515,0.05122408694031758,0.01955352401393091,1.0,1.0,1,0,0,对象评价,未明确对象,未明确方面,正面,False,
知识区,BV1zrGi6PE9B,高考加酒,正面,正面,0.6127836737655377,0.6127836737655377,0.36826139626224724,0.018954929972215123,0.0,0.0,0,0,0,无明显情感,未明确对象,未明确方面,中性,False,
知识区,BV1zrGi6PE9B,大家都高考加油！,正面,正面,0.9735205594943745,0.9735205594943745,0.024638226499607296,0.0018412140060181917,1.0,1.0,1,0,0,对象评价,未明确对象,未明确方面,正面,False,
知识区,BV1zrGi6PE9B,这下是真的感我此言良久了！,正面,正面,0.6044898902507401,0.6044898902507401,0.28761634102671757,0.1078937687225424,0.0,0.0,0,0,0,无明显情感,未明确对象,未明确方面,中性,True,1.0
知识区,BV1zrGi6PE9B,完结撒花！！!,正面,正面,0.9256259339089875,0.9256259339089875,0.05298957211683803,0.021384493974174544,0.0,0.0,0,0,0,无明显情感,未明确对象,未明确方面,中性,True,1.0
知识区,BV1zrGi6PE9B,高考上岸 金榜题名,正面,正面,0.8857199863613865,0.8857199863613865,0.09065647809406087,0.023623535544552567,0.0,0.0,0,0,0,无明显情感,未明确对象,未明确方面,中性,False,
知识区,BV1zrGi6PE9B,祝你高考好运奚子涵,正面,正面,0.5912885511359514,0.5912885511359514,0.37066061444956716,0.03805083441448147,0.0,0.0,0,0,0,无明显情感,未明确对象,未明确方面,中性,False,
知识区,BV1zrGi6PE9B,完结 高考顺利！,正面,正面,0.9787449524464487,0.9787449524464487,0.015891224062743473,0.0053638234908079795,1.0,1.0,1,0,0,对象评价,未明确对象,未明确方面,正面,False,
知识区,BV1zrGi6PE9B,2027北航等我,正面,正面,0.5983092221527592,0.5983092221527592,0.36186144512818147,0.03982933271905925,0.0,0.0,0,0,0,无明显情感,未明确对象,未明确方面,中性,False,
知识区,BV1zrGi6PE9B,高考加油！上岸,正面,正面,0.9911952057186841,0.9911952057186841,0.007641689348181156,0.0011631049331348197,1.0,1.0,1,0,0,对象评价,未明确对象,未明确方面,正面,False,
知识区,BV1zrGi6PE9B,NB，一个选择题搞这,正面,负面,0.6696726522323708,0.1230916494679029,0.20723569829972624,0.6696726522323708,0.0,0.0,0,0,0,无明显情感,未明确对象,未明确方面,中性,False,
知识区,BV1zrGi6PE9B,很高兴认识大家,正面,正面,0.8990123143970391,0.8990123143970391,0.08071147871969236,0.020276206883268484,1.5,1.5,1,0,0,对象评价,未明确对象,未明确方面,正面,False,
知识区,BV1zrGi6PE9B,高考上岸,正面,正面,0.8632784550152303,0.8632784550152303,0.11959990129875599,0.017121643686013755,0.0,0.0,0,0,0,无明显情感,未明确对象,未明确方面,中性,False,
知识区,BV1zrGi6PE9B,完结撒花！即将开启高三副本，加油！,正面,正面,0.9764782497282775,0.9764782497282775,0.01975037995153449,0.00377137032018809,1.0,1.0,1,0,0,对象评价,未明确对象,未明确方面,正面,False,
知识区,BV1zrGi6PE9B,27深大上岸,正面,正面,0.664054312627509,0.664054312627509,0.2873887773496917,0.04855691002279928,0.0,0.0,0,0,0,无明显情感,未明确对象,未明确方面,中性,False,
知识区,BV1zrGi6PE9B,YGB加油,正面,正面,0.9466699864221867,0.9466699864221867,0.03186838792899501,0.02146162564881829,1.0,1.0,1,0,0,对象评价,未明确对象,未明确方面,正面,False,
知识区,BV1zrGi6PE9B,2027届加油,正面,正面,0.9366475949840004,0.9366475949840004,0.04982185931814696,0.013530545697852564,1.0,1.0,1,0,0,对象评价,未明确对象,未明确方面,正面,False,
知识区,BV1zrGi6PE9B,泪目了6年多的时间终于算是完结撒花了,正面,正面,0.9487433284921557,0.9487433284921557,0.028283490315106498,0.02297318119273772,1.0,1.0,1,0,0,对象评价+自身情绪,未明确对象,未明确方面,正面,False,
知识区,BV1zrGi6PE9B,加油加油加油！,正面,正面,0.9992013171768651,0.9992013171768651,0.0005295946437750744,0.0002690881793598085,3.0,3.0,3,0,0,对象评价,未明确对象,未明确方面,正面,False,
知识区,BV1zrGi6PE9B,汕头大学等我！,正面,正面,0.4851519745103484,0.4851519745103484,0.41446877533049714,0.10037925015915435,-1.0,-1.0,0,1,0,对象评价,未明确对象,未明确方面,负面,True,1.0
知识区,BV1zrGi6PE9B,愿2027高考上岸,正面,正面,0.8821725303872344,0.8821725303872344,0.09989313564911873,0.017934333963646812,0.0,0.0,0,0,0,无明显情感,未明确对象,未明确方面,中性,False,
知识区,BV1zrGi6PE9B,牛逼卡拉斯,正面,正面,0.6709024526463746,0.6709024526463746,0.04997405440676902,0.2791234929468564,1.0,1.0,1,0,0,对象评价,未明确对象,未明确方面,正面,False,
知识区,BV1zrGi6PE9B,27我要考一本,正面,正面,0.637364957760186,0.637364957760186,0.3201227159312949,0.0425123263085191,0.0,0.0,0,0,0,无明显情感,未明确对象,未明确方面,中性,True,1.0
知识区,BV1zrGi6PE9B,高考必胜！,正面,正面,0.8412705534004202,0.8412705534004202,0.13590092642982238,0.02282852016975744,0.0,0.0,0,0,0,无明显情感,未明确对象,未明确方面,中性,False,
知识区,BV1zrGi6PE9B,高考大捷！！！,正面,正面,0.723134245530307,0.723134245530307,0.17462602167345279,0.10223973279624025,0.0,0.0,0,0,0,无明显情感,未明确对象,未明确方面,中性,False,
知识区,BV1zrGi6PE9B,2027高考加油！扬大等我,正面,正面,0.9759116960751608,0.9759116960751608,0.021669638822585494,0.002418665102253776,1.0,1.0,1,0,0,对象评价,未明确对象,未明确方面,正面,False,
知识区,BV1zrGi6PE9B,可爱的笑脸，有趣的笑脸。,正面,正面,0.9724153613352565,0.9724153613352565,0.019419722462464553,0.008164916202278934,2.0,2.0,2,0,0,对象评价,未明确对象,娱乐与趣味,正面,False,
知识区,BV1zrGi6PE9B,，2027高考加油,正面,正面,0.9658040373954055,0.9658040373954055,0.02590848920048472,0.008287473404109777,1.0,1.0,1,0,0,对象评价,未明确对象,未明确方面,正面,False,
知识区,BV1zrGi6PE9B,结尾撒花,正面,正面,0.5669688999746967,0.5669688999746967,0.3547678017311965,0.07826329829410693,0.0,0.0,0,0,0,无明显情感,未明确对象,未明确方面,中性,False,
知识区,BV1zrGi6PE9B,高考大捷！,正面,正面,0.7240207399462021,0.7240207399462021,0.2579887384637857,0.017990521590012267,0.0,0.0,0,0,0,无明显情感,未明确对象,未明确方面,中性,False,
知识区,BV1zrGi6PE9B,金榜题名  高考加油,正面,正面,0.9776887173498683,0.9776887173498683,0.016238854861765423,0.006072427788366232,1.0,1.0,1,0,0,对象评价,未明确对象,未明确方面,正面,False,
知识区,BV1zrGi6PE9B,"onelastkiss,有品！！！",正面,正面,0.6929933586303348,0.6929933586303348,0.2114963552530845,0.09551028611658068,0.0,0.0,0,0,0,无明显情感,未明确对象,未明确方面,中性,True,1.0
知识区,BV1zrGi6PE9B,完结撒花，2027高考加油！祝我们在最好的年华考上理想的学校，不负青春，不负韶华，感谢一数的陪伴,正面,正面,0.9985564760962629,0.9985564760962629,0.0007380020062597981,0.0007055218974773691,2.0,2.0,2,0,0,对象评价,未明确对象,未明确方面,正面,False,
知识区,BV1zrGi6PE9B,2027南大等我,正面,正面,0.5983092221527592,0.5983092221527592,0.36186144512818147,0.03982933271905925,0.0,0.0,0,0,0,无明显情感,未明确对象,未明确方面,中性,False,
知识区,BV1zrGi6PE9B,很高兴认识老师，嘻嘻完结撒花,正面,正面,0.9737909283429201,0.9737909283429201,0.017391423162869738,0.00881764849421009,1.5,1.5,1,0,0,对象评价,讲解者,未明确方面,正面,False,
知识区,BV1zrGi6PE9B,高考没考好没关系，进个工地。,正面,正面,0.8734121555837078,0.8734121555837078,0.07664618905852555,0.049941655357766575,0.0,0.0,0,0,0,无明显情感,未明确对象,未明确方面,中性,False,
知识区,BV1zrGi6PE9B,2027上岸630！,正面,正面,0.7821401611152778,0.7821401611152778,0.20049524183695622,0.01736459704776593,0.0,0.0,0,0,0,无明显情感,未明确对象,未明确方面,中性,False,
知识区,BV1zrGi6PE9B,谢谢小猪老师 友谊长存!27高考加油 完结撒花,正面,正面,0.9983781365350904,0.9983781365350904,0.0013188483944574423,0.000303015070452137,2.0,2.0,2,0,0,对象评价,讲解者,未明确方面,正面,False,
知识区,BV1zrGi6PE9B,完美撒花，2027年高考顺利考500加,正面,正面,0.9939083195709999,0.9939083195709999,0.004577112483029726,0.0015145679459704988,2.0,2.0,2,0,0,对象评价,未明确对象,未明确方面,正面,False,
知识区,BV1zrGi6PE9B,2027必胜,正面,正面,0.7117759403069664,0.7117759403069664,0.2422015849822207,0.04602247471081286,0.0,0.0,0,0,0,无明显情感,未明确对象,未明确方面,中性,False,
知识区,BV1zrGi6PE9B,高三加油,正面,正面,0.8834568502224356,0.8834568502224356,0.07553625141308395,0.04100689836448057,1.0,1.0,1,0,0,对象评价,未明确对象,未明确方面,正面,False,
知识区,BV1zrGi6PE9B,祝学长学姐们高考加油！,正面,正面,0.9690735239758034,0.9690735239758034,0.02750519710205675,0.0034212789221399263,1.0,1.0,1,0,0,对象评价,未明确对象,未明确方面,正面,False,
知识区,BV1zrGi6PE9B,2027金榜题名,正面,正面,0.7033785571031891,0.7033785571031891,0.24024776016515037,0.056373682731660574,0.0,0.0,0,0,0,无明显情感,未明确对象,未明确方面,中性,True,1.0
知识区,BV1zrGi6PE9B,高考顺利,正面,正面,0.9345275026086096,0.9345275026086096,0.03807264429151297,0.02739985309987734,1.0,1.0,1,0,0,对象评价,未明确对象,未明确方面,正面,False,
知识区,BV1zrGi6PE9B,2026高考必胜！,正面,正面,0.8725946676243667,0.8725946676243667,0.10767263198669233,0.01973270038894097,0.0,0.0,0,0,0,无明显情感,未明确对象,未明确方面,中性,False,
知识区,BV1zrGi6PE9B,2026我要考上466,正面,正面,0.7971834542021717,0.7971834542021717,0.1674432266395759,0.035373319158252335,0.0,0.0,0,0,0,无明显情感,未明确对象,未明确方面,中性,False,
知识区,BV1zrGi6PE9B,2026.6月3日通关，愿2027高考上岸,正面,正面,0.8873513611178103,0.8873513611178103,0.07881158384307393,0.033837055039115584,0.0,0.0,0,0,0,无明显情感,未明确对象,未明确方面,中性,False,
知识区,BV1zrGi6PE9B,26完结撒花,正面,正面,0.8735617206382451,0.8735617206382451,0.09811729345140313,0.028320985910351818,0.0,0.0,0,0,0,无明显情感,未明确对象,未明确方面,中性,False,
知识区,BV1zrGi6PE9B,比我们数学老师讲的好多了,正面,正面,0.5846589815249934,0.5846589815249934,0.1825212788574025,0.23281973961760413,0.0,0.0,0,0,0,无明显情感,讲解者+课程内容,未明确方面,中性,True,1.0
知识区,BV1zrGi6PE9B,有你真好！！！,正面,正面,0.8278860573085028,0.8278860573085028,0.019077586857721564,0.1530363558337756,1.0,1.0,1,0,0,对象评价,未明确对象,未明确方面,正面,False,
知识区,BV1zrGi6PE9B,丘嘉琳我喜欢你,正面,正面,0.754701472472602,0.754701472472602,0.049458726480429295,0.19583980104696866,1.0,1.0,1,0,0,对象评价,未明确对象,未明确方面,正面,False,
知识区,BV1zrGi6PE9B,2027重庆大学,正面,正面,0.5287206859732385,0.5287206859732385,0.4274298624526501,0.043849451574111326,0.0,0.0,0,0,0,无明显情感,未明确对象,未明确方面,中性,False,
知识区,BV1zrGi6PE9B,27届数学通关，完结散花！大家高考加油！,正面,正面,0.9925087546054414,0.9925087546054414,0.0055636720717246865,0.0019275733228338273,1.0,1.0,1,0,0,对象评价,课程内容,未明确方面,正面,False,
知识区,BV1zrGi6PE9B,我也很高兴认识你，小猪，爱你！！！,正面,正面,0.9334196485101312,0.9334196485101312,0.024311657627323714,0.0422686938625452,1.5,1.5,1,0,0,对象评价,未明确对象,未明确方面,正面,False,
知识区,BV1zrGi6PE9B,高考必胜加油,正面,正面,0.979587451059465,0.979587451059465,0.014861707741370809,0.005550841199164166,1.0,1.0,1,0,0,对象评价,未明确对象,未明确方面,正面,False,
知识区,BV1zrGi6PE9B,hal会好好学数学的！,正面,正面,0.5770081549869552,0.5770081549869552,0.21665108343644449,0.20634076157660028,0.0,0.0,0,0,0,无明显情感,课程内容,未明确方面,中性,True,1.0
知识区,BV1zrGi6PE9B,捉潘博！,正面,正面,0.6421716127645047,0.6421716127645047,0.32203236039714583,0.03579602683834938,0.0,0.0,0,0,0,无明显情感,未明确对象,未明确方面,中性,False,
知识区,BV1zrGi6PE9B,one last kiss！！！,正面,正面,0.7793000280189942,0.7793000280189942,0.14220021134070257,0.07849976064030323,0.0,0.0,0,0,0,无明显情感,未明确对象,未明确方面,中性,True,1.0
知识区,BV1zrGi6PE9B,2027上岸！！！！,正面,正面,0.7782608551467252,0.7782608551467252,0.1464920715331652,0.07524707332010963,0.0,0.0,0,0,0,无明显情感,未明确对象,未明确方面,中性,False,
知识区,BV1zrGi6PE9B,算上今天就剩4天高考咯,正面,正面,0.5518665791434166,0.5518665791434166,0.38750061826029525,0.060632802596288074,0.0,0.0,0,0,0,无明显情感,未明确对象,未明确方面,中性,False,
知识区,BV1zrGi6PE9B,27复旦！,正面,正面,0.5929608502094803,0.5929608502094803,0.3642696329985907,0.04276951679192891,0.0,0.0,0,0,0,无明显情感,未明确对象,未明确方面,中性,False,
知识区,BV1zrGi6PE9B,，谢谢老师,正面,正面,0.9033269205207103,0.9033269205207103,0.06700905814978932,0.029664021329500388,1.0,1.0,1,0,0,对象评价,讲解者,未明确方面,正面,False,
知识区,BV1zrGi6PE9B,2026年6月2日成功通关高中数学！,正面,正面,0.8891001134202924,0.8891001134202924,0.07346093586464764,0.03743895071505992,1.0,1.0,1,0,0,对象评价,课程内容,未明确方面,正面,True,1.0
知识区,BV1zrGi6PE9B,韩师大等我27年高考必胜,正面,正面,0.8139089325758564,0.8139089325758564,0.15828068287009864,0.02781038455404492,0.0,0.0,0,0,0,无明显情感,未明确对象,未明确方面,中性,False,
知识区,BV1zrGi6PE9B,27年高考必胜韩师大我来了！,正面,正面,0.802071896613402,0.802071896613402,0.17745196680231481,0.0204761365842833,0.0,0.0,0,0,0,无明显情感,未明确对象,未明确方面,中性,False,
知识区,BV1zrGi6PE9B,27年高考必胜韩师大我来了,正面,正面,0.7260699364000874,0.7260699364000874,0.23205544558706168,0.04187461801285101,0.0,0.0,0,0,0,无明显情感,未明确对象,未明确方面,中性,False,
知识区,BV1zrGi6PE9B,关注塔菲谢谢喵！,正面,正面,0.9799186133525436,0.9799186133525436,0.01802946294404158,0.0020519237034148656,2.0,2.0,2,0,0,对象评价,未明确对象,未明确方面,正面,False,
知识区,BV1zrGi6PE9B,爱你小猪,正面,正面,0.6944644905580621,0.6944644905580621,0.22599302941893773,0.07954248002300016,0.0,0.0,0,0,0,无明显情感,未明确对象,未明确方面,中性,False,
知识区,BV1zrGi6PE9B,2027加油！呼市见！,正面,正面,0.9786459249278494,0.9786459249278494,0.018962885389218077,0.002391189682932436,1.0,1.0,1,0,0,对象评价,未明确对象,未明确方面,正面,False,
知识区,BV1zrGi6PE9B,2027高考顺利！,正面,正面,0.9679998941984503,0.9679998941984503,0.02550541079360074,0.006494695007948965,1.0,1.0,1,0,0,对象评价,未明确对象,未明确方面,正面,False,
知识区,BV1zrGi6PE9B,武大华科等我,正面,中性,0.5287890199426379,0.39557961544580894,0.5287890199426379,0.07563136461155313,0.0,0.0,0,0,0,无明显情感,未明确对象,未明确方面,中性,True,1.0
知识区,BV1zrGi6PE9B,完结撒花，感谢陪伴,正面,正面,0.9808989428991315,0.9808989428991315,0.012799890648987481,0.006301166451881009,1.0,1.0,1,0,0,对象评价,未明确对象,未明确方面,正面,False,
知识区,BV1zrGi6PE9B,2027得偿所愿,正面,正面,0.4922560899540625,0.4922560899540625,0.4514245276971112,0.05631938234882623,0.0,0.0,0,0,0,无明显情感,未明确对象,未明确方面,中性,True,1.0
知识区,BV1zrGi6PE9B,上岸！一定要记得高一的不甘和奋进啊！,正面,正面,0.6114213595829423,0.6114213595829423,0.2215893129597654,0.16698932745729242,-1.0,-1.0,0,1,0,对象评价,未明确对象,未明确方面,负面,True,1.0
知识区,BV1zrGi6PE9B,完结撒花，2027金榜题名,正面,正面,0.9236835673488467,0.9236835673488467,0.05191815971161837,0.024398272939534837,0.0,0.0,0,0,0,无明显情感,未明确对象,未明确方面,中性,False,
知识区,BV1zrGi6PE9B,BGM好评！！,正面,正面,0.8959794732668317,0.8959794732668317,0.0363579008039099,0.0676626259292585,1.0,1.0,1,0,0,对象评价,未明确对象,未明确方面,正面,False,
知识区,BV1zrGi6PE9B,3年感谢一数,正面,正面,0.7716200363159393,0.7716200363159393,0.18843676930768355,0.03994319437637718,1.0,1.0,1,0,0,对象评价,未明确对象,未明确方面,正面,True,1.0
知识区,BV1zrGi6PE9B,高考上岸！！！2026金榜题名！！！,正面,正面,0.9574474848482644,0.9574474848482644,0.026315304384297963,0.01623721076743757,0.0,0.0,0,0,0,无明显情感,未明确对象,未明确方面,中性,False,
知识区,BV1zrGi6PE9B,高三必胜！,正面,正面,0.6235370062119091,0.6235370062119091,0.3086564276160019,0.06780656617208886,0.0,0.0,0,0,0,无明显情感,未明确对象,未明确方面,中性,False,
知识区,BV1zrGi6PE9B,26年高考上岸！！！,正面,正面,0.891974351756718,0.891974351756718,0.0774553701742446,0.030570278069037293,0.0,0.0,0,0,0,无明显情感,未明确对象,未明确方面,中性,False,
知识区,BV1zrGi6PE9B,完结撒花！！！！,正面,正面,0.867464340542647,0.867464340542647,0.08243074044278259,0.050104919014570426,0.0,0.0,0,0,0,无明显情感,未明确对象,未明确方面,中性,True,1.0
知识区,BV1zrGi6PE9B,2026金榜题名！！！,正面,正面,0.8466696392342916,0.8466696392342916,0.08927327203011817,0.06405708873559031,0.0,0.0,0,0,0,无明显情感,未明确对象,未明确方面,中性,False,
知识区,BV1zrGi6PE9B,2027，合工大等我,正面,正面,0.6571172636906338,0.6571172636906338,0.2828733842120754,0.06000935209729066,0.0,0.0,0,0,0,无明显情感,未明确对象,未明确方面,中性,False,
知识区,BV1zrGi6PE9B,2027高考必胜 中华女子学院,正面,正面,0.7139772466755895,0.7139772466755895,0.24753601575260997,0.03848673757180052,0.0,0.0,0,0,0,无明显情感,未明确对象,未明确方面,中性,True,1.0
知识区,BV1zrGi6PE9B,居然是onelastkiss，，eva厨狂喜。,正面,正面,0.4707438145193047,0.4707438145193047,0.14054923512486214,0.3887069503558332,0.0,0.0,0,0,0,无明显情感,未明确对象,未明确方面,中性,True,1.0
知识区,BV1zrGi6PE9B,上岸上岸,正面,正面,0.6586997962726762,0.6586997962726762,0.26756074359237864,0.07373946013494517,0.0,0.0,0,0,0,无明显情感,未明确对象,未明确方面,中性,False,
知识区,BV1zrGi6PE9B,完结撒花 金榜题名,正面,正面,0.8989806391489321,0.8989806391489321,0.07210907959064189,0.028910281260426083,0.0,0.0,0,0,0,无明显情感,未明确对象,未明确方面,中性,False,
知识区,BV1zrGi6PE9B,谢谢一数，好感动(ಥ_ಥ),正面,正面,0.9806386796499287,0.9806386796499287,0.009500841809098276,0.009860478540972965,2.0,2.0,2,0,0,对象评价+自身情绪,未明确对象,未明确方面,正面,False,
知识区,BV1zrGi6PE9B,2027高考圆梦！！！,正面,正面,0.8315283293934723,0.8315283293934723,0.12938100169142458,0.03909066891510312,0.0,0.0,0,0,0,无明显情感,未明确对象,未明确方面,中性,False,
知识区,BV1zrGi6PE9B,哈哈,正面,正面,0.7566777142295701,0.7566777142295701,0.19695328624441205,0.046368999526017855,1.0,1.0,1,0,0,对象评价+自身情绪,未明确对象,娱乐与趣味,正面,False,
知识区,BV1zrGi6PE9B,谢谢小猪,正面,正面,0.9012080335797396,0.9012080335797396,0.07521590872947306,0.02357605769078741,1.0,1.0,1,0,0,对象评价,未明确对象,未明确方面,正面,False,
知识区,BV1zrGi6PE9B,高考数学必胜！！！,正面,正面,0.8268669884993537,0.8268669884993537,0.09108033841512278,0.08205267308552341,0.0,0.0,0,0,0,无明显情感,课程内容,未明确方面,中性,True,1.0
知识区,BV1zrGi6PE9B,感谢我的恩师,正面,正面,0.7774840666314796,0.7774840666314796,0.1683295077904945,0.054186425578025804,1.0,1.0,1,0,0,对象评价,未明确对象,未明确方面,正面,False,
知识区,BV1zrGi6PE9B,今天周二，本周日高考,正面,正面,0.5717544864869195,0.5717544864869195,0.37327711784596485,0.05496839566711559,0.0,0.0,0,0,0,无明显情感,未明确对象,未明确方面,中性,False,
知识区,BV1zrGi6PE9B,祝我高考总分500+数学100+,正面,正面,0.6009703365796786,0.6009703365796786,0.2169164330212061,0.18211323039911534,0.0,0.0,0,0,0,无明显情感,课程内容,未明确方面,中性,True,1.0
知识区,BV1zrGi6PE9B,祝我高考顺利,正面,正面,0.9429707343862579,0.9429707343862579,0.03465716271624406,0.022372102897497977,1.0,1.0,1,0,0,对象评价,未明确对象,未明确方面,正面,True,1.0
知识区,BV1zrGi6PE9B,2025高考700卡方,正面,正面,0.6240581622340965,0.6240581622340965,0.31290604585561277,0.0630357919102908,0.0,0.0,0,0,0,无明显情感,未明确对象,未明确方面,中性,True,1.0
知识区,BV1zrGi6PE9B,one last kiss,正面,正面,0.5992061985200241,0.5992061985200241,0.2986246189603569,0.102169182519619,0.0,0.0,0,0,0,无明显情感,未明确对象,未明确方面,中性,True,1.0
知识区,BV1zrGi6PE9B,感谢,正面,正面,0.9235609118422967,0.9235609118422967,0.03116826812763021,0.045270820030073024,1.0,1.0,1,0,0,对象评价,未明确对象,未明确方面,正面,False,
知识区,BV1zrGi6PE9B,2026年6月2日1：50我通关了高中数学！,正面,正面,0.6127569202353267,0.6127569202353267,0.2198544328666699,0.16738864689800337,0.0,0.0,0,0,0,无明显情感,课程内容,未明确方面,中性,True,1.0
知识区,BV1zrGi6PE9B,愿2027高考顺利金榜题名！！！,正面,正面,0.9880445342015584,0.9880445342015584,0.007318292155559041,0.004637173642882636,1.0,1.0,1,0,0,对象评价,未明确对象,未明确方面,正面,False,
知识区,BV1zrGi6PE9B,完结撒花 高考上岸！！,正面,正面,0.9782387609330954,0.9782387609330954,0.01607964133199107,0.005681597734913525,0.0,0.0,0,0,0,无明显情感,未明确对象,未明确方面,中性,False,
知识区,BV1zrGi6PE9B,2027西南大学！,正面,正面,0.7529129167962227,0.7529129167962227,0.2306892809141513,0.016397802289625975,0.0,0.0,0,0,0,无明显情感,未明确对象,未明确方面,中性,False,
知识区,BV1zrGi6PE9B,2027高考上岸！！！！！,正面,正面,0.8563284511193442,0.8563284511193442,0.10395265778699425,0.039718891093661474,0.0,0.0,0,0,0,无明显情感,未明确对象,未明确方面,中性,False,
知识区,BV1zrGi6PE9B,2027高考500+,正面,正面,0.6681266179641312,0.6681266179641312,0.27479935253099386,0.05707402950487487,0.0,0.0,0,0,0,无明显情感,未明确对象,未明确方面,中性,False,
知识区,BV1zrGi6PE9B,2026年6月1日23时26通关高中数学,正面,正面,0.6024263978766318,0.6024263978766318,0.2760581190252071,0.12151548309816113,0.0,0.0,0,0,0,无明显情感,课程内容,未明确方面,中性,True,1.0
知识区,BV1zrGi6PE9B,2026年6月1日通关高中数学,正面,正面,0.5520211988650037,0.5520211988650037,0.31711187368275323,0.13086692745224313,0.0,0.0,0,0,0,无明显情感,课程内容,未明确方面,中性,True,1.0
知识区,BV1zrGi6PE9B,没几天了兄弟，看完了早点睡吧，好好休息,正面,负面,0.7010497391729098,0.14428105393146504,0.15466920689562524,0.7010497391729098,-1.0,-1.0,0,1,0,对象评价,未明确对象,未明确方面,负面,True,1.0
知识区,BV1zrGi6PE9B,我们终于来到一个句号,正面,正面,0.6850565209287366,0.6850565209287366,0.217814568307958,0.09712891076330525,0.0,0.0,0,0,0,无明显情感,未明确对象,未明确方面,中性,True,1.0
知识区,BV1zrGi6PE9B,！,正面,正面,0.641331716970688,0.641331716970688,0.3261359707804102,0.032532312248901754,0.0,0.0,0,0,0,无明显情感,未明确对象,未明确方面,中性,False,
知识区,BV1zrGi6PE9B,完结了，那就2026高考666吧,正面,正面,0.96228867660862,0.96228867660862,0.018010139745539656,0.01970118364584032,1.0,1.0,1,0,0,对象评价,未明确对象,未明确方面,正面,False,
知识区,BV1zrGi6PE9B,星星之火，可以燎原,正面,正面,0.4890014619809264,0.4890014619809264,0.13888398350690717,0.3721145545121663,1.0,1.0,1,0,0,对象评价,未明确对象,未明确方面,正面,True,1.0
知识区,BV1zrGi6PE9B,星星之火 可以燎原,正面,中性,0.569334657242516,0.18446820302142264,0.569334657242516,0.24619713973606142,1.0,1.0,1,0,0,对象评价,未明确对象,未明确方面,正面,True,1.0
知识区,BV1zrGi6PE9B,好美的封面 愿我们都走花路 走人生的康庄大道,正面,正面,0.9049671964885422,0.9049671964885422,0.0589632076496988,0.03606959586175893,1.0,1.0,1,0,0,对象评价,未明确对象,未明确方面,正面,False,
知识区,BV1zrGi6PE9B,高三顺利！,正面,正面,0.8899299492317487,0.8899299492317487,0.06415803838185848,0.045912012386392774,1.0,1.0,1,0,0,对象评价,未明确对象,未明确方面,正面,True,1.0
知识区,BV1zrGi6PE9B,光是遇见 就很美好,正面,正面,0.7227468855280207,0.7227468855280207,0.13054014571541267,0.14671296875656664,1.5,1.5,1,0,0,对象评价,未明确对象,未明确方面,正面,True,1.0
知识区,BV1zrGi6PE9B,one last kiss绝杀,正面,正面,0.5975011936663498,0.5975011936663498,0.2957020278783054,0.10679677845534474,0.0,0.0,0,0,0,无明显情感,未明确对象,未明确方面,中性,True,1.0
知识区,BV1zrGi6PE9B,感谢陪伴，祝好,正面,正面,0.8698992311319171,0.8698992311319171,0.05237990035065928,0.07772086851742353,1.0,1.0,1,0,0,对象评价,未明确对象,未明确方面,正面,False,
知识区,BV1zrGi6PE9B,完结撒花了,正面,正面,0.8482794367544031,0.8482794367544031,0.10425579599252761,0.047464767253069265,0.0,0.0,0,0,0,无明显情感,未明确对象,未明确方面,中性,False,
知识区,BV1zrGi6PE9B,完结撒花花！感谢陪伴>ᴗoಣ,正面,正面,0.9865073081450982,0.9865073081450982,0.009551005531813414,0.003941686323088419,1.0,1.0,1,0,0,对象评价,未明确对象,未明确方面,正面,False,
知识区,BV1zrGi6PE9B,27高考加油,正面,正面,0.9519518688363598,0.9519518688363598,0.04081799906432843,0.007230132099311783,1.0,1.0,1,0,0,对象评价,未明确对象,未明确方面,正面,False,
知识区,BV1zrGi6PE9B,完结撒花，wwww还真有点舍不得,正面,正面,0.7822776960413783,0.7822776960413783,0.11199750003661012,0.10572480392201154,0.0,0.0,0,0,0,无明显情感,未明确对象,未明确方面,中性,False,
知识区,BV1zrGi6PE9B,完结撒花 高考加油！,正面,正面,0.9947039567548788,0.9947039567548788,0.004477519601637639,0.0008185236434836678,1.0,1.0,1,0,0,对象评价,未明确对象,未明确方面,正面,False,
知识区,BV1zrGi6PE9B,愿此行，终抵群星！,正面,正面,0.7303792275268335,0.7303792275268335,0.17520506277120135,0.09441570970196526,0.0,0.0,0,0,0,无明显情感,未明确对象,未明确方面,中性,False,
知识区,BV1zrGi6PE9B,肯定乙药好啊，甲药谁敢吃啊,正面,负面,0.42326498145409813,0.39897124982761834,0.17776376871828362,0.42326498145409813,1.0,1.0,1,0,0,对象评价,未明确对象,未明确方面,正面,True,1.0
知识区,BV1zrGi6PE9B,完结撒花。,正面,正面,0.855040778979309,0.855040778979309,0.11420576961535606,0.030753451405334885,0.0,0.0,0,0,0,无明显情感,未明确对象,未明确方面,中性,False,
知识区,BV1zrGi6PE9B,27高考加油 汕大等我！！！,正面,正面,0.9757623531248377,0.9757623531248377,0.018851323001790522,0.005386323873371737,1.0,1.0,1,0,0,对象评价,未明确对象,未明确方面,正面,False,
知识区,BV1zrGi6PE9B,加油，完结撒花，我会努力的，我想拥有比不努力好的生活，我想成为我希望成为的人，谢谢老师,正面,正面,0.9937298836494581,0.9937298836494581,0.0022331911878814,0.004036925162660377,2.0,2.0,2,0,0,对象评价,讲解者,未明确方面,正面,False,
知识区,BV1zrGi6PE9B,26年高考加油吧我想上大学,正面,正面,0.9509375065509924,0.9509375065509924,0.042397185879889235,0.006665307569118443,1.0,1.0,1,0,0,对象评价,未明确对象,未明确方面,正面,False,
知识区,BV1zrGi6PE9B,2026高考大捷！！！,正面,正面,0.8213161122174748,0.8213161122174748,0.12496571617758231,0.053718171604942994,0.0,0.0,0,0,0,无明显情感,未明确对象,未明确方面,中性,False,
知识区,BV1zrGi6PE9B,6月1号当天看的爱你爱你,正面,正面,0.5439616165441077,0.5439616165441077,0.2609385588860274,0.195099824569865,0.0,0.0,0,0,0,无明显情感,未明确对象,未明确方面,中性,True,1.0
知识区,BV1zrGi6PE9B,高考加油自己,正面,正面,0.9114048793740764,0.9114048793740764,0.08239401418907306,0.00620110643685039,1.0,1.0,1,0,0,对象评价,未明确对象,未明确方面,正面,False,
知识区,BV1zrGi6PE9B,完结撒花完结撒花完结撒花完结撒花完结撒花完结撒花完结撒花完结撒花完结撒花,正面,正面,0.8375034107348285,0.8375034107348285,0.09821755561964741,0.06427903364552412,0.0,0.0,0,0,0,无明显情感,未明确对象,未明确方面,中性,False,
知识区,BV1zrGi6PE9B,完结撒花完结撒花完结撒花完结撒花完结撒花完结撒花完结撒花完结撒花完结撒花完结撒花完结撒花完结撒花完结撒花完结撒花,正面,正面,0.8114622617456327,0.8114622617456327,0.08874277546597656,0.09979496278839076,0.0,0.0,0,0,0,无明显情感,未明确对象,未明确方面,中性,False,
知识区,BV1zrGi6PE9B,加油！580^O^,正面,正面,0.9622621969392521,0.9622621969392521,0.03046355556437233,0.007274247496375664,1.0,1.0,1,0,0,对象评价,未明确对象,未明确方面,正面,False,
知识区,BV1zrGi6PE9B,祝我和饱饱高考顺利！,正面,正面,0.9514884602255786,0.9514884602255786,0.03728306561704123,0.011228474157380125,1.0,1.0,1,0,0,对象评价,未明确对象,未明确方面,正面,False,
知识区,BV1zrGi6PE9B,加油各位 高考还有370天,正面,正面,0.8515606441229534,0.8515606441229534,0.13713091792227364,0.011308437954772972,1.0,1.0,1,0,0,对象评价,未明确对象,未明确方面,正面,False,
知识区,BV1zrGi6PE9B,高考加油！！！,正面,正面,0.9762084397061167,0.9762084397061167,0.014537476207420835,0.009254084086462434,1.0,1.0,1,0,0,对象评价,未明确对象,未明确方面,正面,False,
知识区,BV1zrGi6PE9B,高考加油！南京大学！,正面,正面,0.9893146355439085,0.9893146355439085,0.00986098409548439,0.0008243803606070891,1.0,1.0,1,0,0,对象评价,未明确对象,未明确方面,正面,False,
知识区,BV1zrGi6PE9B,我爱老师,正面,正面,0.5750096752479517,0.5750096752479517,0.3491844907163339,0.07580583403571442,0.0,0.0,0,0,0,无明显情感,讲解者,未明确方面,中性,False,
知识区,BV1zrGi6PE9B,完结撒花！！！！！！！,正面,正面,0.8369718586156301,0.8369718586156301,0.10351137429723706,0.059516767087132806,0.0,0.0,0,0,0,无明显情感,未明确对象,未明确方面,中性,True,1.0
知识区,BV1zrGi6PE9B,上600分！！！,正面,正面,0.7648858190339153,0.7648858190339153,0.10846695514965324,0.12664722581643154,0.0,0.0,0,0,0,无明显情感,未明确对象,未明确方面,中性,False,
知识区,BV1zrGi6PE9B,27高考必胜！,正面,正面,0.82816628347518,0.82816628347518,0.1490859251620856,0.022747791362734537,0.0,0.0,0,0,0,无明显情感,未明确对象,未明确方面,中性,False,
知识区,BV1zrGi6PE9B,2027高考必胜，华中师范,正面,正面,0.8147924286160774,0.8147924286160774,0.13709025651376622,0.04811731487015642,0.0,0.0,0,0,0,无明显情感,未明确对象,未明确方面,中性,False,
知识区,BV1zrGi6PE9B,补完了我去,正面,负面,0.40059671084393933,0.3126062750545886,0.28679701410147207,0.40059671084393933,-1.0,-1.0,0,1,0,对象评价,未明确对象,未明确方面,负面,True,1.0
知识区,BV1zrGi6PE9B,好感动,正面,正面,0.9335454693256403,0.9335454693256403,0.009699666783695429,0.05675486389066425,1.0,1.0,1,0,0,对象评价+自身情绪,未明确对象,未明确方面,正面,False,
知识区,BV1zrGi6PE9B,南华大学等我 2026 6.1,正面,正面,0.6225924962243006,0.6225924962243006,0.33186717502700014,0.04554032874869924,0.0,0.0,0,0,0,无明显情感,未明确对象,未明确方面,中性,True,1.0
知识区,BV1zrGi6PE9B,2026高考加油！！！,正面,正面,0.9815502858735139,0.9815502858735139,0.012646726870441155,0.005802987256044905,1.0,1.0,1,0,0,对象评价,未明确对象,未明确方面,正面,False,
知识区,BV1zrGi6PE9B,2027我要上985！,正面,正面,0.8272985886192817,0.8272985886192817,0.1567655563755895,0.01593585500512882,0.0,0.0,0,0,0,无明显情感,未明确对象,未明确方面,中性,False,
知识区,BV1zrGi6PE9B,谢谢一数团队,正面,正面,0.7843458083415938,0.7843458083415938,0.17708662144720855,0.03856757021119763,1.0,1.0,1,0,0,对象评价,未明确对象,未明确方面,正面,False,
知识区,BV1zrGi6PE9B,必胜的信念，2026高考加油！,正面,正面,0.9863087059026082,0.9863087059026082,0.010635636609293151,0.0030556574880986854,1.0,1.0,1,0,0,对象评价,未明确对象,未明确方面,正面,False,
知识区,BV1zrGi6PE9B,我爱你们所有；高三见,正面,正面,0.612812412287072,0.612812412287072,0.28611519795892554,0.10107238975400251,0.0,0.0,0,0,0,无明显情感,未明确对象,未明确方面,中性,True,1.0
知识区,BV1zrGi6PE9B,小猪好,正面,正面,0.725228180262243,0.725228180262243,0.15387302041218995,0.12089879932556703,0.0,0.0,0,0,0,无明显情感,未明确对象,未明确方面,中性,False,
知识区,BV1zrGi6PE9B,2027一定大捷,正面,正面,0.6358046288779106,0.6358046288779106,0.30765524304461866,0.05654012807747078,0.0,0.0,0,0,0,无明显情感,未明确对象,未明确方面,中性,False,
知识区,BV1zrGi6PE9B,好的,正面,正面,0.49492057215396223,0.49492057215396223,0.1927939444306766,0.3122854834153611,0.0,0.0,0,0,0,无明显情感,未明确对象,未明确方面,中性,True,1.0
知识区,BV1zrGi6PE9B,无限进步,正面,正面,0.4843400048086478,0.4843400048086478,0.2024026713267552,0.313257323864597,-1.0,-1.0,0,1,0,对象评价,未明确对象,未明确方面,负面,True,1.0
知识区,BV1zrGi6PE9B,好好听课,正面,正面,0.7995590706229518,0.7995590706229518,0.08253428463355313,0.11790664474349491,1.0,1.0,1,0,0,对象评价,未明确对象,未明确方面,正面,False,
知识区,BV1zrGi6PE9B,最后一课加油·,正面,正面,0.701116095255183,0.701116095255183,0.26822493903758804,0.030658965707228945,1.0,1.0,1,0,0,对象评价,未明确对象,未明确方面,正面,True,1.0
知识区,BV1zrGi6PE9B,2027南京理工大学！！,正面,正面,0.8366946621978056,0.8366946621978056,0.12940957652549798,0.03389576127669642,0.0,0.0,0,0,0,无明显情感,未明确对象,未明确方面,中性,False,
知识区,BV1zrGi6PE9B,27年汕大,正面,正面,0.46696286674509063,0.46696286674509063,0.46647337203677597,0.06656376121813352,0.0,0.0,0,0,0,无明显情感,未明确对象,未明确方面,中性,False,
知识区,BV1zrGi6PE9B,完结撒花！感谢,正面,正面,0.986783108890059,0.986783108890059,0.010224991172708172,0.0029918999372327325,1.0,1.0,1,0,0,对象评价,未明确对象,未明确方面,正面,False,
知识区,BV1zrGi6PE9B,太有品了。。,正面,负面,0.5884851867505168,0.24302886222713127,0.16848595102235195,0.5884851867505168,0.0,0.0,0,0,0,无明显情感,未明确对象,未明确方面,中性,True,1.0
知识区,BV1zrGi6PE9B,原来还有下一个视频，放心了，，，,正面,正面,0.5508155168245705,0.5508155168245705,0.14059801219853812,0.3085864709768914,1.0,1.0,1,0,0,对象评价,视频内容,未明确方面,正面,True,1.0
知识区,BV1zrGi6PE9B,祝26届考生全体上岸！金榜题名！,正面,正面,0.8848637991400522,0.8848637991400522,0.09022745615262476,0.024908744707322936,0.0,0.0,0,0,0,无明显情感,未明确对象,未明确方面,中性,False,
知识区,BV1zrGi6PE9B,欧耶撒花,正面,正面,0.5669688999746967,0.5669688999746967,0.3547678017311965,0.07826329829410693,0.0,0.0,0,0,0,无明显情感,未明确对象,未明确方面,中性,False,
知识区,BV1zrGi6PE9B,高考加油！！,正面,正面,0.9861477600672532,0.9861477600672532,0.009858964338481236,0.003993275594265561,1.0,1.0,1,0,0,对象评价,未明确对象,未明确方面,正面,False,
知识区,BV1zrGi6PE9B,27届高考数学125！,正面,正面,0.7840304956304582,0.7840304956304582,0.16856081862007086,0.047408685749470936,0.0,0.0,0,0,0,无明显情感,课程内容,未明确方面,中性,True,1.0
知识区,BV1zrGi6PE9B,2027安师大等我,正面,正面,0.5986661355598205,0.5986661355598205,0.3595568134952415,0.041777050944937937,0.0,0.0,0,0,0,无明显情感,未明确对象,未明确方面,中性,False,
知识区,BV1zrGi6PE9B,27高考加油！华南师范人工智能！,正面,正面,0.9760963902663391,0.9760963902663391,0.021967995879355894,0.001935613854304945,1.0,1.0,1,0,0,对象评价,未明确对象,未明确方面,正面,False,
知识区,BV1zrGi6PE9B,上岸啊,正面,正面,0.614915703328711,0.614915703328711,0.1924843925295147,0.19259990414177433,0.0,0.0,0,0,0,无明显情感,未明确对象,未明确方面,中性,True,1.0
知识区,BV1zrGi6PE9B,完结撒花！2027年高考大捷！,正面,正面,0.952214263777002,0.952214263777002,0.041992777120405896,0.005792959102592068,0.0,0.0,0,0,0,无明显情感,未明确对象,未明确方面,中性,False,
知识区,BV1zrGi6PE9B,2027杭州电子科技大学见,正面,正面,0.5786844025776303,0.5786844025776303,0.38121493312220434,0.04010066430016542,0.0,0.0,0,0,0,无明显情感,未明确对象,未明确方面,中性,False,
知识区,BV1zrGi6PE9B,感恩一路陪伴,正面,正面,0.7862993021002912,0.7862993021002912,0.07257228953971168,0.14112840835999724,1.0,1.0,1,0,0,对象评价,未明确对象,未明确方面,正面,True,1.0
知识区,BV1zrGi6PE9B,高考上岸！,正面,正面,0.9302092300385717,0.9302092300385717,0.06295963931749209,0.006831130643936184,0.0,0.0,0,0,0,无明显情感,未明确对象,未明确方面,中性,False,
知识区,BV1zrGi6PE9B,再见不了我的青春，灵魂永驻这最美的年华，感谢一数,正面,正面,0.7747829600423806,0.7747829600423806,0.10193374951632347,0.12328329044129595,1.0,1.0,1,0,0,对象评价,未明确对象,未明确方面,正面,True,1.0
知识区,BV1zrGi6PE9B,26年高考拿捏拿捏,正面,正面,0.5290636114086978,0.5290636114086978,0.4278954248055162,0.043040963785785966,0.0,0.0,0,0,0,无明显情感,未明确对象,未明确方面,中性,False,
知识区,BV1zrGi6PE9B,高考必胜，心想事成,正面,正面,0.7946194603756059,0.7946194603756059,0.14532617891584532,0.06005436070854859,0.0,0.0,0,0,0,无明显情感,未明确对象,未明确方面,中性,True,1.0
知识区,BV1zrGi6PE9B,完结撒花，再见了,正面,正面,0.5307896788927481,0.5307896788927481,0.14107291369272076,0.32813740741453107,0.0,0.0,0,0,0,无明显情感,未明确对象,未明确方面,中性,True,1.0
知识区,BV1zrGi6PE9B,完结撒花 谢谢老师,正面,正面,0.9806343944607074,0.9806343944607074,0.015243592478353463,0.004122013060939056,1.0,1.0,1,0,0,对象评价,讲解者,未明确方面,正面,False,
知识区,BV1zrGi6PE9B,2027高考上岸！！！,正面,正面,0.9169031259315118,0.9169031259315118,0.06194867927670246,0.02114819479178576,0.0,0.0,0,0,0,无明显情感,未明确对象,未明确方面,中性,False,
知识区,BV1zrGi6PE9B,27年北师大等我！,正面,正面,0.6868602588269968,0.6868602588269968,0.28334104832650536,0.029798692846497964,0.0,0.0,0,0,0,无明显情感,未明确对象,未明确方面,中性,False,
知识区,BV1zrGi6PE9B,我希望2027数学上115好不好,正面,正面,0.6760931983483953,0.6760931983483953,0.15016404288860058,0.17374275876300405,0.0,0.0,0,0,0,无明显情感,课程内容,未明确方面,中性,True,1.0
知识区,BV1zrGi6PE9B,我明白了,正面,正面,0.7714359544285926,0.7714359544285926,0.07708224336972189,0.1514818022016855,1.0,1.0,1,0,0,对象评价+认知状态,未明确对象,理解与难度,正面,True,1.0
知识区,BV1zrGi6PE9B,完结撒花，很高兴认识所有人,正面,正面,0.9716384824619331,0.9716384824619331,0.018792983107718698,0.00956853443034811,1.5,1.5,1,0,0,对象评价,未明确对象,未明确方面,正面,False,
知识区,BV1zrGi6PE9B,我一定会超常发挥的，高考上岸,正面,正面,0.7647142044622676,0.7647142044622676,0.15625818620981216,0.0790276093279203,0.0,0.0,0,0,0,无明显情感,未明确对象,未明确方面,中性,True,1.0
知识区,BV1zrGi6PE9B,完结撒花5月31号12点23,正面,正面,0.5840880453613034,0.5840880453613034,0.339848451206847,0.07606350343184956,0.0,0.0,0,0,0,无明显情感,未明确对象,未明确方面,中性,False,
知识区,BV1zrGi6PE9B,one last kiss 爱了爱了,正面,正面,0.9889299063178738,0.9889299063178738,0.0039662432992042425,0.007103850382922034,2.0,2.0,2,0,0,对象评价,未明确对象,未明确方面,正面,False,
知识区,BV1zrGi6PE9B,27年高考大捷!,正面,正面,0.7070698943355468,0.7070698943355468,0.2614886294924836,0.031441476171969684,0.0,0.0,0,0,0,无明显情感,未明确对象,未明确方面,中性,False,
知识区,BV1zrGi6PE9B,感谢小猪老师！感谢一数！,正面,正面,0.989979306230807,0.989979306230807,0.008300011540225898,0.0017206822289670223,2.0,2.0,2,0,0,对象评价,讲解者,未明确方面,正面,False,
知识区,BV1zrGi6PE9B,2027年中国人民大学上岸！,正面,正面,0.8647316267102432,0.8647316267102432,0.12275562129843243,0.012512751991324402,0.0,0.0,0,0,0,无明显情感,未明确对象,未明确方面,中性,False,
知识区,BV1zrGi6PE9B,完结撒花，27届高考加油，考上好大学，高考必胜,正面,正面,0.995572491810507,0.995572491810507,0.0027992059219426493,0.0016283022675503054,1.0,1.0,1,0,0,对象评价,未明确对象,未明确方面,正面,False,
知识区,BV1zrGi6PE9B,高考加油呀！,正面,正面,0.9886716867000644,0.9886716867000644,0.00947529910184952,0.0018530141980861517,1.0,1.0,1,0,0,对象评价,未明确对象,未明确方面,正面,False,
知识区,BV1zrGi6PE9B,27年高考600+！感谢小猪老师,正面,正面,0.9696194448756553,0.9696194448756553,0.025950874940237238,0.004429680184107504,1.0,1.0,1,0,0,对象评价,讲解者,未明确方面,正面,False,
知识区,BV1zrGi6PE9B,好燃，上岸,正面,正面,0.699152086568244,0.699152086568244,0.1714796171413053,0.12936829629045069,0.0,0.0,0,0,0,无明显情感,未明确对象,未明确方面,中性,False,
知识区,BV1zrGi6PE9B,有何不敢！,正面,正面,0.6421716127645047,0.6421716127645047,0.32203236039714583,0.03579602683834938,0.0,0.0,0,0,0,无明显情感,未明确对象,未明确方面,中性,False,
知识区,BV1zrGi6PE9B,高中数学完结撒花，恭喜大家通关数学选修副本,正面,正面,0.9760594701275482,0.9760594701275482,0.011064329798261446,0.012876200074190375,1.0,1.0,1,0,0,对象评价,课程内容,未明确方面,正面,True,1.0
知识区,BV1zrGi6PE9B,感谢一数 你我皆是黑马 完结撒花,正面,正面,0.9776460527326928,0.9776460527326928,0.016009612259091085,0.0063443350082161894,1.0,1.0,1,0,0,对象评价,未明确对象,未明确方面,正面,False,
知识区,BV1zrGi6PE9B,2027南京大学,正面,正面,0.5287206859732385,0.5287206859732385,0.4274298624526501,0.043849451574111326,0.0,0.0,0,0,0,无明显情感,未明确对象,未明确方面,中性,False,
知识区,BV1zrGi6PE9B,愿我们都能无限进步！,正面,正面,0.6929277498868972,0.6929277498868972,0.19135911561112762,0.11571313450197526,-1.0,-1.0,0,1,0,对象评价,未明确对象,未明确方面,负面,True,1.0
知识区,BV1zrGi6PE9B,很高兴认识你——一数,正面,正面,0.7921725933488825,0.7921725933488825,0.14796426634538754,0.05986314030573007,1.5,1.5,1,0,0,对象评价,未明确对象,未明确方面,正面,True,1.0
知识区,BV1zrGi6PE9B,许愿高考数学120,正面,正面,0.708007925633541,0.708007925633541,0.19918190599767588,0.09281016836878314,0.0,0.0,0,0,0,无明显情感,课程内容,未明确方面,中性,True,1.0
知识区,BV1zrGi6PE9B,2022年真牛,正面,正面,0.7780750973047061,0.7780750973047061,0.19558599720666295,0.02633890548863099,1.0,1.0,1,0,0,对象评价,未明确对象,未明确方面,正面,False,
生活区,BV1X75X6rEui,我要一些火腿和鸡蛋，一块上好的牛排，配上所有的配菜，再浇上浓浓的汁儿,正面,正面,0.5606834510609235,0.5606834510609235,0.13494217372818704,0.3043743752108895,0.0,0.0,0,0,0,无明显情感,未明确对象,未明确方面,中性,True,1.0
生活区,BV1X75X6rEui,这是蛋黄派，不是贤宝宝哈哈哈↑,正面,正面,0.6592534739152794,0.6592534739152794,0.2596902182193893,0.08105630786533126,1.0,1.0,1,0,0,对象评价+自身情绪,未明确对象,娱乐与趣味,正面,False,
生活区,BV1X75X6rEui,逼格拉满了,正面,正面,0.34541277535119264,0.34541277535119264,0.33871830265017966,0.31586892199862765,0.0,0.0,0,0,0,无明显情感,未明确对象,未明确方面,中性,True,1.0
生活区,BV1X75X6rEui,眼泪不争气的从嘴角流了出来,正面,中性,0.43763132043870057,0.29731658215161844,0.43763132043870057,0.265052097409681,0.0,0.0,0,0,0,无明显情感,未明确对象,未明确方面,中性,True,1.0
生活区,BV1X75X6rEui,建议可以先把水放好再丢自热包 这样会好一点,正面,中性,0.5163216280477855,0.35815046286384233,0.5163216280477855,0.12552790908837225,1.0,1.0,1,0,0,对象评价,未明确对象,未明确方面,正面,True,1.0
生活区,BV1X75X6rEui,下次点赞过 10 万能不计成本请粉丝吃一天吗,正面,中性,0.4616699771232828,0.26507620827257955,0.4616699771232828,0.27325381460413767,1.0,1.0,1,0,0,对象评价,未明确对象,未明确方面,正面,False,
生活区,BV1X75X6rEui,这是广告吧哈哈哈,正面,正面,0.6407553893789478,0.6407553893789478,0.33120723449523576,0.02803737612581641,1.0,1.0,1,0,0,对象评价+自身情绪,未明确对象,娱乐与趣味,正面,False,
生活区,BV1X75X6rEui,自热锅不好吃，瞬间撤下哈哈,正面,正面,0.4757598564176041,0.4757598564176041,0.3151702513045345,0.20906989227786144,1.0,1.0,1,0,0,对象评价+自身情绪,未明确对象,娱乐与趣味,正面,False,
生活区,BV1X75X6rEui,泪目，妙终于又回来了,正面,正面,0.864390826103452,0.864390826103452,0.09831449819276548,0.0372946757037825,1.0,1.0,1,0,0,对象评价+自身情绪,未明确对象,未明确方面,正面,False,
生活区,BV1X75X6rEui,说得好，我选海鲈鱼,正面,正面,0.7715813514275822,0.7715813514275822,0.11511329043344837,0.11330535813896946,1.0,1.0,1,0,0,对象评价,未明确对象,未明确方面,正面,False,
生活区,BV1X75X6rEui,你们真是害惨了我，害惨了我呀。（大笑）,正面,负面,0.6344311846916824,0.17713094172332952,0.1884378735849881,0.6344311846916824,-2.4,-2.4,0,2,0,对象评价,未明确对象,未明确方面,负面,True,1.0
生活区,BV1X75X6rEui,所以前两顿就是海底捞开的价么……哈哈哈哈,正面,正面,0.5979183798186307,0.5979183798186307,0.37241716946842146,0.029664450712947824,1.0,1.0,1,0,0,对象评价+自身情绪,未明确对象,娱乐与趣味,正面,False,
生活区,BV1X75X6rEui,省流：点赞20万挑战一天只吃米其林,正面,正面,0.4077588543895897,0.4077588543895897,0.3799362291002467,0.2123049165101636,1.0,1.0,1,0,0,对象评价,未明确对象,未明确方面,正面,False,
生活区,BV1X75X6rEui,牛排买贵了 这个价格可以买很好的了,正面,正面,0.8174757197673986,0.8174757197673986,0.03171255737893424,0.15081172285366717,2.0,2.0,2,0,0,对象评价,未明确对象,未明确方面,正面,False,
生活区,BV1X75X6rEui,那个“艾玛，真香”是你本人吗？,正面,正面,0.4523177766998568,0.4523177766998568,0.27865584477014294,0.26902637853000033,1.0,1.0,1,0,0,对象评价,未明确对象,未明确方面,正面,True,1.0
生活区,BV1X75X6rEui,黑崎一护难绷,正面,中性,0.36758544928181025,0.3520211043800669,0.36758544928181025,0.2803934463381228,-1.0,-1.0,0,1,0,对象评价,未明确对象,理解与难度,负面,True,1.0
生活区,BV1X75X6rEui,他把小孩算上去了,正面,正面,0.5046906407782122,0.5046906407782122,0.3918939514278372,0.10341540779395064,0.0,0.0,0,0,0,无明显情感,未明确对象,未明确方面,中性,False,
生活区,BV1X75X6rEui,你终于做饭了,正面,正面,0.6989916562520746,0.6989916562520746,0.16253663415619787,0.1384717095917275,0.0,0.0,0,0,0,无明显情感,未明确对象,未明确方面,中性,False,
生活区,BV1X75X6rEui,贵的东西都好吃！！！,正面,正面,0.4288116311916986,0.4288116311916986,0.2160963634820034,0.3550920053262981,0.0,0.0,0,0,0,无明显情感,未明确对象,未明确方面,中性,True,1.0
生活区,BV1X75X6rEui,嘴里还流泪吧hhhh,正面,正面,0.4299566252996936,0.4299566252996936,0.24257902109942123,0.32746435360088527,1.2,1.2,1,0,0,对象评价,未明确对象,未明确方面,正面,False,
生活区,BV1X75X6rEui,chuck burry好评,正面,正面,0.6999007505699512,0.6999007505699512,0.19629480096488988,0.10380444846515907,1.0,1.0,1,0,0,对象评价,未明确对象,未明确方面,正面,True,1.0
生活区,BV1X75X6rEui,天呐！多久不见他说这个字了5555,正面,正面,0.5608573297996826,0.5608573297996826,0.2539031127556243,0.1852395574446931,0.0,0.0,0,0,0,无明显情感,未明确对象,未明确方面,中性,True,1.0
生活区,BV1X75X6rEui,感谢帅小伙，借你吉言！,正面,正面,0.9266694927416784,0.9266694927416784,0.05009259575283619,0.023237911505485386,1.0,1.0,1,0,0,对象评价,未明确对象,未明确方面,正面,False,
生活区,BV1X75X6rEui,舒服了，投币点赞。,正面,正面,0.9921624334963861,0.9921624334963861,0.0018349240982641975,0.006002642405349794,3.0,3.0,3,0,0,对象评价+自身情绪,未明确对象,未明确方面,正面,False,
生活区,BV1X75X6rEui,感谢帅小伙！借您吉言！,正面,正面,0.9568109175025855,0.9568109175025855,0.03825137986184181,0.00493770263557276,1.0,1.0,1,0,0,对象评价,未明确对象,未明确方面,正面,False,
生活区,BV1X75X6rEui,好适合在宿舍吃呀！！！,正面,正面,0.5211080896142235,0.5211080896142235,0.12346636067530364,0.3554255497104729,0.0,0.0,0,0,0,无明显情感,未明确对象,未明确方面,中性,True,1.0
生活区,BV1X75X6rEui,这么一对比，我感觉吃一顿那种高级餐厅还挺良心的,正面,正面,0.7178421024506266,0.7178421024506266,0.04886423207611528,0.233293665473258,2.0,2.0,2,0,0,对象评价,未明确对象,未明确方面,正面,False,
生活区,BV1X75X6rEui,晚上太省钱了,正面,正面,0.43826664682196376,0.43826664682196376,0.33167027172734836,0.2300630814506879,0.0,0.0,0,0,0,无明显情感,未明确对象,未明确方面,中性,True,1.0
生活区,BV1X75X6rEui,69.9可以去外边吃不错的了,正面,正面,0.8979196969359989,0.8979196969359989,0.07611792868325033,0.02596237438075075,2.0,2.0,2,0,0,对象评价,未明确对象,未明确方面,正面,False,
生活区,BV1X75X6rEui,这下看懂了,正面,正面,0.9178211205135155,0.9178211205135155,0.053320057374103697,0.02885882211238087,1.0,1.0,1,0,0,对象评价+认知状态,未明确对象,理解与难度,正面,True,1.0
生活区,BV1X75X6rEui,哈哈哈哈哈哈哈哈哈,正面,正面,0.998210332978915,0.998210332978915,0.001193486347260888,0.0005961806738241715,3.0,3.0,3,0,0,对象评价+自身情绪,未明确对象,娱乐与趣味,正面,False,
生活区,BV1X75X6rEui,不计成本，一个点赞一块钱,正面,正面,0.5235415036076532,0.5235415036076532,0.06333167135595302,0.4131268250363938,1.0,1.0,1,0,0,对象评价,未明确对象,未明确方面,正面,False,
生活区,BV1X75X6rEui,感谢帅小伙,正面,正面,0.8907306199721081,0.8907306199721081,0.07494524341361745,0.0343241366142745,1.0,1.0,1,0,0,对象评价,未明确对象,未明确方面,正面,False,
生活区,BV1X75X6rEui,谢谢帅小伙,正面,正面,0.848856557315162,0.848856557315162,0.11890654785628954,0.03223689482854835,1.0,1.0,1,0,0,对象评价,未明确对象,未明确方面,正面,False,
生活区,BV1X75X6rEui,妙啊,正面,中性,0.4045950134929513,0.3275298558573271,0.4045950134929513,0.26787513064972174,0.0,0.0,0,0,0,无明显情感,未明确对象,未明确方面,中性,True,1.0
生活区,BV1X75X6rEui,老婆考上教师编,正面,正面,0.6896567353679276,0.6896567353679276,0.21544699149292687,0.0948962731391455,0.0,0.0,0,0,0,无明显情感,未明确对象,未明确方面,中性,True,1.0
生活区,BV1X75X6rEui,666666,正面,正面,0.974819954411139,0.974819954411139,0.002432401158594635,0.022747644430266386,2.0,2.0,2,0,0,对象评价,未明确对象,未明确方面,正面,False,
生活区,BV1X75X6rEui,666流口水了,正面,正面,0.8045806955247515,0.8045806955247515,0.1250484587397232,0.07037084573552514,1.0,1.0,1,0,0,对象评价,未明确对象,未明确方面,正面,False,
生活区,BV1X75X6rEui,厉害啊,正面,负面,0.5155445545947906,0.46090526820122907,0.023550177203980224,0.5155445545947906,1.0,1.0,1,0,0,对象评价,未明确对象,未明确方面,正面,False,
生活区,BV1X75X6rEui,这是真不错,正面,正面,0.7792789061568934,0.7792789061568934,0.1591615023169382,0.06155959152616846,1.0,1.0,1,0,0,对象评价,未明确对象,未明确方面,正面,True,1.0
生活区,BV1X75X6rEui,我CPA考试通过妙不妙,正面,正面,0.5952882608688055,0.5952882608688055,0.37570388621681744,0.029007852914376984,1.0,1.0,1,0,0,对象评价,未明确对象,未明确方面,正面,True,1.0
生活区,BV1X75X6rEui,芦蒿炒肉清炒很好吃,正面,正面,0.7691451162921235,0.7691451162921235,0.17361266443821838,0.0572422192696582,1.0,1.0,1,0,0,对象评价,未明确对象,未明确方面,正面,False,
生活区,BV1X75X6rEui,鱼味其实也差不多，没有说特别好吃,正面,负面,0.819498268332993,0.16183195494888383,0.018669776718123185,0.819498268332993,1.0,1.0,1,0,0,对象评价,未明确对象,未明确方面,正面,False,
生活区,BV1X75X6rEui,考上公务员,正面,正面,0.6934764706820246,0.6934764706820246,0.219688211683489,0.08683531763448642,0.0,0.0,0,0,0,无明显情感,未明确对象,未明确方面,中性,True,1.0
生活区,BV1X75X6rEui,妙啊！！！！,正面,正面,0.5112817218591413,0.5112817218591413,0.23200075370047382,0.2567175244403848,0.0,0.0,0,0,0,无明显情感,未明确对象,未明确方面,中性,True,1.0
生活区,BV1X75X6rEui,有钱真好，天天吃好的发个视频还能赚钱,正面,正面,0.7914265458925608,0.7914265458925608,0.05750390781477384,0.15106954629266534,1.0,1.0,1,0,0,对象评价,视频内容,未明确方面,正面,False,
生活区,BV1X75X6rEui,666简单。,正面,正面,0.9730288612671991,0.9730288612671991,0.020819168447762257,0.006151970285038664,2.0,2.0,2,0,0,对象评价,未明确对象,理解与难度,正面,False,
生活区,BV1X75X6rEui,舒服了，好久没听了,正面,正面,0.5220762245660734,0.5220762245660734,0.05286436305958185,0.42505941237434486,1.0,1.0,1,0,0,对象评价+自身情绪,未明确对象,未明确方面,正面,False,
生活区,BV1X75X6rEui,好勉强的找词,正面,正面,0.5385111004409249,0.5385111004409249,0.18998443508024532,0.2715044644788298,0.0,0.0,0,0,0,无明显情感,未明确对象,未明确方面,中性,False,
生活区,BV1X75X6rEui,姐青回！！！,正面,正面,0.5215532729542752,0.5215532729542752,0.20314185372537497,0.2753048733203498,0.0,0.0,0,0,0,无明显情感,未明确对象,未明确方面,中性,False,
生活区,BV1X75X6rEui,谢谢帅哥,正面,正面,0.848856557315162,0.848856557315162,0.11890654785628954,0.03223689482854835,1.0,1.0,1,0,0,对象评价,未明确对象,未明确方面,正面,False,
生活区,BV1X75X6rEui,啊！！！！！！！！！！！！！！！！！！！！！！！！！你的手,正面,正面,0.8957105903794557,0.8957105903794557,0.07850684302354326,0.025782566597000997,0.0,0.0,0,0,0,无明显情感,未明确对象,未明确方面,中性,False,
生活区,BV1X75X6rEui,谢谢帅小伙，借你吉言,正面,正面,0.7939209204684029,0.7939209204684029,0.14425672407641268,0.0618223554551844,1.0,1.0,1,0,0,对象评价,未明确对象,未明确方面,正面,False,
生活区,BV1X75X6rEui,看着不像被迫,正面,正面,0.43256899325025006,0.43256899325025006,0.2988405385566796,0.2685904681930703,0.0,0.0,0,0,0,无明显情感,未明确对象,未明确方面,中性,False,
生活区,BV1X75X6rEui,看着就好吃,正面,正面,0.5653603822740076,0.5653603822740076,0.1855706804227333,0.24906893730325907,0.0,0.0,0,0,0,无明显情感,未明确对象,未明确方面,中性,True,1.0
生活区,BV1X75X6rEui,已投币回血,正面,正面,0.8652378201419579,0.8652378201419579,0.09521933224440146,0.03954284761364066,1.0,1.0,1,0,0,对象评价,未明确对象,未明确方面,正面,True,1.0
生活区,BV1X75X6rEui,2333,正面,正面,0.8573696856273962,0.8573696856273962,0.06805897316810687,0.07457134120449696,1.2,1.2,1,0,0,对象评价,未明确对象,未明确方面,正面,False,
生活区,BV1X75X6rEui,感谢蛋黄派借您吉言,正面,正面,0.8471041697521657,0.8471041697521657,0.12125614735888593,0.03163968288894843,1.0,1.0,1,0,0,对象评价,未明确对象,未明确方面,正面,False,
生活区,BV1X75X6rEui,哈哈哈,正面,正面,0.9515438479332365,0.9515438479332365,0.02956704131704199,0.0188891107497216,1.0,1.0,1,0,0,对象评价+自身情绪,未明确对象,娱乐与趣味,正面,False,
生活区,BV1X75X6rEui,有钱真好，随便花,正面,正面,0.6906308665592144,0.6906308665592144,0.15519046682722254,0.1541786666135632,0.0,0.0,1,1,1,对象评价,未明确对象,未明确方面,混合,True,1.0
生活区,BV1X75X6rEui,哈哈哈哈哈哈哈,正面,正面,0.9936485343792333,0.9936485343792333,0.0038010064761336746,0.0025504591446330054,2.0,2.0,2,0,0,对象评价+自身情绪,未明确对象,娱乐与趣味,正面,False,
生活区,BV1X75X6rEui,谢谢帅小伙！借你吉言！,正面,正面,0.9147776979585159,0.9147776979585159,0.07744187334762569,0.007780428693858441,1.0,1.0,1,0,0,对象评价,未明确对象,未明确方面,正面,False,
生活区,BV1X75X6rEui,我顺利完成小论文妙不妙,正面,正面,0.9525053594425023,0.9525053594425023,0.04464594191747871,0.0028486986400190132,2.0,2.0,2,0,0,对象评价,未明确对象,未明确方面,正面,False,
生活区,BV1X75X6rEui,我明天和后天公司工作顺利妙不妙,正面,正面,0.7496144722586596,0.7496144722586596,0.20650487817909205,0.043880649562248346,1.0,1.0,1,0,0,对象评价,未明确对象,未明确方面,正面,True,1.0
生活区,BV1X75X6rEui,6,正面,中性,0.5625041143460264,0.2898161653159638,0.5625041143460264,0.14767972033800986,0.0,0.0,0,0,0,无明显情感,未明确对象,未明确方面,中性,True,1.0
生活区,BV1X75X6rEui,鲈鱼是真不错,正面,正面,0.7528237617094545,0.7528237617094545,0.10016231597407552,0.1470139223164701,1.0,1.0,1,0,0,对象评价,未明确对象,未明确方面,正面,True,1.0
生活区,BV1X75X6rEui,、就好哈哈哈哈哈与健康，,正面,正面,0.9983434061585749,0.9983434061585749,0.001084498644433659,0.000572095196991546,3.0,3.0,3,0,0,对象评价+自身情绪,未明确对象,娱乐与趣味,正面,False,
生活区,BV1X75X6rEui,研究生顺利毕业,正面,正面,0.8195075541943205,0.8195075541943205,0.060741323957401394,0.11975112184827819,1.0,1.0,1,0,0,对象评价,未明确对象,未明确方面,正面,True,1.0
生活区,BV1X75X6rEui,直接买菜做火锅，最划算,正面,正面,0.7075970129990191,0.7075970129990191,0.22270570925400598,0.06969727774697487,1.0,1.0,1,0,0,对象评价,未明确对象,未明确方面,正面,True,1.0
生活区,BV1X75X6rEui,我 2026 高考,正面,正面,0.6606043499043852,0.6606043499043852,0.29760289603600537,0.041792754059609416,0.0,0.0,0,0,0,无明显情感,未明确对象,未明确方面,中性,False,
生活区,BV1X75X6rEui,高级,正面,正面,0.47479496075517247,0.47479496075517247,0.14831591226653676,0.3768891269782907,1.0,1.0,1,0,0,对象评价,未明确对象,未明确方面,正面,True,1.0
生活区,BV1X75X6rEui,一个椰子水也要过多评价一下吗哈哈,正面,中性,0.5010771960138085,0.28244406633411456,0.5010771960138085,0.21647873765207684,1.0,1.0,1,0,0,对象评价+自身情绪,未明确对象,娱乐与趣味,正面,False,
生活区,BV1X75X6rEui,我姐高考,正面,正面,0.6127836737655377,0.6127836737655377,0.36826139626224724,0.018954929972215123,0.0,0.0,0,0,0,无明显情感,未明确对象,未明确方面,中性,False,
生活区,BV1X75X6rEui,666,正面,正面,0.8849069947231274,0.8849069947231274,0.060498885292440074,0.054594119984432574,1.0,1.0,1,0,0,对象评价,未明确对象,未明确方面,正面,False,
生活区,BV1X75X6rEui,谢谢,正面,正面,0.9053927901177906,0.9053927901177906,0.05086955394549654,0.04373765593671285,1.0,1.0,1,0,0,对象评价,未明确对象,未明确方面,正面,False,
生活区,BV1X75X6rEui,man！,正面,正面,0.641780810492513,0.641780810492513,0.3240924580607644,0.03412673144672254,0.0,0.0,0,0,0,无明显情感,未明确对象,未明确方面,中性,False,
生活区,BV1X75X6rEui,我2026每天能挣到一千多块钱,正面,正面,0.4640328421671999,0.4640328421671999,0.4171715499193237,0.11879560791347644,0.0,0.0,0,0,0,无明显情感,未明确对象,未明确方面,中性,True,1.0
生活区,BV1X75X6rEui,我月考进步一百名妙不妙啊？,正面,正面,0.720540453100487,0.720540453100487,0.1854351818258339,0.09402436507367916,1.0,1.0,1,0,0,对象评价,未明确对象,未明确方面,正面,True,1.0
生活区,BV1X75X6rEui,芦蒿炒臭干，超级好吃,正面,正面,0.36763157551408676,0.36763157551408676,0.32763520986395084,0.3047332146219624,0.0,0.0,0,0,0,无明显情感,未明确对象,未明确方面,中性,True,1.0
生活区,BV1X75X6rEui,6666,正面,正面,0.8618770684252105,0.8618770684252105,0.06382427130196636,0.07429866027282307,1.0,1.0,1,0,0,对象评价,未明确对象,未明确方面,正面,False,
生活区,BV1X75X6rEui,哈哈哈哈 这就是广告吧,正面,正面,0.7345677246209055,0.7345677246209055,0.18825417932104468,0.07717809605804975,1.0,1.0,1,0,0,对象评价+自身情绪,未明确对象,娱乐与趣味,正面,False,
生活区,BV1X75X6rEui,湖北藜蒿也很好吃,正面,正面,0.7338610342653429,0.7338610342653429,0.1071069970697299,0.15903196866492725,1.0,1.0,1,0,0,对象评价,未明确对象,未明确方面,正面,True,1.0
生活区,BV1X75X6rEui,你赞没了,正面,负面,0.6427282249099404,0.04896355702911112,0.30830821806094844,0.6427282249099404,0.0,0.0,0,0,0,无明显情感,未明确对象,未明确方面,中性,False,
生活区,BV1X75X6rEui,小卢！,正面,正面,0.641780810492513,0.641780810492513,0.3240924580607644,0.03412673144672254,0.0,0.0,0,0,0,无明显情感,未明确对象,未明确方面,中性,False,
生活区,BV1X75X6rEui,UP他说 他不要点赞10万,正面,正面,0.7721840597723574,0.7721840597723574,0.09426858137771946,0.13354735884992316,1.0,1.0,1,0,0,对象评价,讲解者,未明确方面,正面,False,
生活区,BV1X75X6rEui,好一个简单,正面,正面,0.8776233857788103,0.8776233857788103,0.042000063726652014,0.08037655049453768,1.0,1.0,1,0,0,对象评价,未明确对象,理解与难度,正面,False,
生活区,BV1X75X6rEui,借你吉言，谢谢帅小伙,正面,正面,0.7939209204684029,0.7939209204684029,0.14425672407641268,0.0618223554551844,1.0,1.0,1,0,0,对象评价,未明确对象,未明确方面,正面,False,
生活区,BV1X75X6rEui,我二模和中考都顺利妙不妙,正面,正面,0.744123777329694,0.744123777329694,0.23078182799389466,0.025094394676411277,1.0,1.0,1,0,0,对象评价,未明确对象,未明确方面,正面,True,1.0
生活区,BV1X75X6rEui,懂了，直接去吃蒜瓣,正面,正面,0.6357848569650472,0.6357848569650472,0.1838576664687234,0.1803574765662294,1.0,1.0,1,0,0,对象评价+认知状态,未明确对象,理解与难度,正面,False,
生活区,BV1X75X6rEui,肠胃不好的话，那就让我帮你解决怎么样,正面,正面,0.5734109138475556,0.5734109138475556,0.21480868173592485,0.21178040441651963,1.0,1.0,1,0,0,对象评价,未明确对象,未明确方面,正面,True,1.0
生活区,BV1X75X6rEui,60多不贵，挺实惠,正面,正面,0.49376788305475255,0.49376788305475255,0.26069239004080696,0.2455397269044405,0.0,0.0,0,0,0,无明显情感,未明确对象,未明确方面,中性,True,1.0
生活区,BV1X75X6rEui,69 那么大份，感觉也挺好,正面,正面,0.7045981187078717,0.7045981187078717,0.029753692566442724,0.2656481887256856,1.0,1.0,1,0,0,对象评价,未明确对象,未明确方面,正面,True,1.0
生活区,BV1X75X6rEui,我中考考上师大附中妙不妙,正面,正面,0.49788230595830146,0.49788230595830146,0.4764987385653584,0.025618955476340088,0.0,0.0,0,0,0,无明显情感,未明确对象,未明确方面,中性,False,
生活区,BV1X75X6rEui,深业上城的 哈哈  经常去  可惜没偶遇~,正面,中性,0.47613340789196806,0.4272916487104498,0.47613340789196806,0.09657494339758212,1.0,1.0,1,0,0,对象评价+自身情绪,未明确对象,娱乐与趣味,正面,False,
生活区,BV1X75X6rEui,hhh,正面,正面,0.7784157041255511,0.7784157041255511,0.08572765990106493,0.13585663597338402,1.2,1.2,1,0,0,对象评价,未明确对象,未明确方面,正面,False,
生活区,BV1X75X6rEui,好笑,正面,正面,0.7685498868862828,0.7685498868862828,0.08645574066674433,0.14499437244697289,1.0,1.0,1,0,0,对象评价,未明确对象,娱乐与趣味,正面,False,
生活区,BV1X75X6rEui,嚯哈哈哈哈哈,正面,正面,0.9797419818792185,0.9797419818792185,0.017345361164741998,0.0029126569560396255,2.0,2.0,2,0,0,对象评价+自身情绪,未明确对象,娱乐与趣味,正面,False,
生活区,BV1X75X6rEui,早上不错,正面,正面,0.8717041071246452,0.8717041071246452,0.08270833893139712,0.04558755394395772,1.0,1.0,1,0,0,对象评价,未明确对象,未明确方面,正面,True,1.0
生活区,BV1X75X6rEui,比清蒸鳜鱼好吃,正面,正面,0.4988238788691166,0.4988238788691166,0.3279463142240287,0.17322980690685466,0.0,0.0,0,0,0,无明显情感,未明确对象,未明确方面,中性,False,
生活区,BV1X75X6rEui,这个鱼可以的,正面,正面,0.3951591133724109,0.3951591133724109,0.3109509015465533,0.2938899850810358,1.0,1.0,1,0,0,对象评价,未明确对象,未明确方面,正面,True,1.0
生活区,BV1X75X6rEui,我能开心不,正面,正面,0.4974032756810486,0.4974032756810486,0.09009467922395825,0.4125020450949932,1.0,1.0,1,0,0,对象评价+自身情绪,未明确对象,未明确方面,正面,True,1.0
生活区,BV1X75X6rEui,好搞笑,正面,正面,0.7008609125416173,0.7008609125416173,0.08598584406371802,0.21315324339466463,0.0,0.0,0,0,0,无明显情感,未明确对象,娱乐与趣味,中性,False,
生活区,BV1X75X6rEui,好家伙！ 真正的 ”混蛋“！,正面,正面,0.5557790636285361,0.5557790636285361,0.4012222970690034,0.04299863930246047,0.0,0.0,0,0,0,无明显情感,未明确对象,未明确方面,中性,False,
生活区,BV1X75X6rEui,哈哈哈哈哈哈哈哈哈哈哈哈哈哈哈,正面,正面,0.9999303336618598,0.9999303336618598,5.4325793004383594e-05,1.534054513582999e-05,5.0,5.0,5,0,0,对象评价+自身情绪,未明确对象,娱乐与趣味,正面,False,
生活区,BV1X75X6rEui,好好好,正面,正面,0.6719142615870367,0.6719142615870367,0.08347832839702123,0.244607410015942,0.0,0.0,0,0,0,无明显情感,未明确对象,未明确方面,中性,False,
生活区,BV1X75X6rEui,她答应我妙不妙,正面,正面,0.7402735774937479,0.7402735774937479,0.24178012048131858,0.01794630202493351,1.0,1.0,1,0,0,对象评价,未明确对象,未明确方面,正面,True,1.0
生活区,BV1X75X6rEui,好硬的广,正面,正面,0.5385111004409249,0.5385111004409249,0.18998443508024532,0.2715044644788298,0.0,0.0,0,0,0,无明显情感,未明确对象,未明确方面,中性,False,
生活区,BV1X75X6rEui,投币给你回点本,正面,正面,0.7359128703818554,0.7359128703818554,0.2033059862420779,0.06078114337606673,1.0,1.0,1,0,0,对象评价,未明确对象,未明确方面,正面,True,1.0
生活区,BV1X75X6rEui,全素  23333,正面,正面,0.7909218318838502,0.7909218318838502,0.15361288886356766,0.05546527925258208,1.2,1.2,1,0,0,对象评价,未明确对象,未明确方面,正面,False,
生活区,BV1X75X6rEui,还行吧 我还以为是5700 哈哈哈,正面,正面,0.6930088321358288,0.6930088321358288,0.17531064029833313,0.13168052756583812,1.0,1.0,1,0,0,对象评价+自身情绪,未明确对象,娱乐与趣味,正面,False,
生活区,BV1X75X6rEui,我们宿舍六个人买了两盒，去超市买了点火锅料青菜，还加了我们自己的泡面，因为禁大功率，这样吃还可以,正面,正面,0.3991447071936922,0.3991447071936922,0.3087243773382796,0.2921309154680281,1.0,1.0,1,0,0,对象评价,未明确对象,未明确方面,正面,True,1.0
生活区,BV1X75X6rEui,哈哈哈哈哈,正面,正面,0.9870821014714654,0.9870821014714654,0.009526553075635331,0.003391345452899201,2.0,2.0,2,0,0,对象评价+自身情绪,未明确对象,娱乐与趣味,正面,False,
生活区,BV1X75X6rEui,我转专业面试妙不妙,正面,正面,0.615260938846285,0.615260938846285,0.31444707331881344,0.07029198783490159,1.0,1.0,1,0,0,对象评价,未明确对象,未明确方面,正面,True,1.0
生活区,BV1X75X6rEui,我转专业考试妙不妙,正面,正面,0.5878501797650546,0.5878501797650546,0.37263220510484246,0.039517615130102914,1.0,1.0,1,0,0,对象评价,未明确对象,未明确方面,正面,True,1.0
生活区,BV1X75X6rEui,我懂了就是白条,正面,正面,0.7580706570056689,0.7580706570056689,0.15620593450891748,0.08572340848541361,1.0,1.0,1,0,0,对象评价+认知状态,未明确对象,理解与难度,正面,False,
生活区,BV1X75X6rEui,舒服了,正面,正面,0.8087355559685455,0.8087355559685455,0.03069399917230057,0.16057044485915395,1.0,1.0,1,0,0,对象评价+自身情绪,未明确对象,未明确方面,正面,False,
生活区,BV1X75X6rEui,我工作顺利妙不妙,正面,正面,0.7592293342802043,0.7592293342802043,0.19233490558693697,0.0484357601328586,1.0,1.0,1,0,0,对象评价,未明确对象,未明确方面,正面,True,1.0
生活区,BV1X75X6rEui,我考上清华妙不妙,正面,正面,0.49680898540452667,0.49680898540452667,0.4788045740743048,0.02438644052116847,0.0,0.0,0,0,0,无明显情感,未明确对象,未明确方面,中性,False,
生活区,BV1X75X6rEui,《简单》,正面,正面,0.8328112885088244,0.8328112885088244,0.07271020876786599,0.09447850272330967,1.0,1.0,1,0,0,对象评价,未明确对象,理解与难度,正面,False,
生活区,BV1X75X6rEui,借你吉言，感谢,正面,正面,0.8795146251967878,0.8795146251967878,0.0910792276365097,0.029406147166702458,1.0,1.0,1,0,0,对象评价,未明确对象,未明确方面,正面,False,
生活区,BV1X75X6rEui,超市：谢谢你,正面,正面,0.8116154273534008,0.8116154273534008,0.14248665721833514,0.04589791542826409,1.0,1.0,1,0,0,对象评价,未明确对象,未明确方面,正面,False,
生活区,BV1X75X6rEui,太好吃了,正面,正面,0.8301451567494442,0.8301451567494442,0.031267561079199625,0.13858728217135624,1.0,1.0,1,0,0,对象评价,未明确对象,未明确方面,正面,True,1.0
生活区,BV1X75X6rEui,谢谢帅小伙借你吉言！,正面,正面,0.8748929012870508,0.8748929012870508,0.11095127569022031,0.014155823022728876,1.0,1.0,1,0,0,对象评价,未明确对象,未明确方面,正面,False,
生活区,BV1X75X6rEui,谢谢帅小伙，借你吉言！！！,正面,正面,0.8923844240907508,0.8923844240907508,0.04619624868141069,0.06141932722783853,1.0,1.0,1,0,0,对象评价,未明确对象,未明确方面,正面,False,
生活区,BV1X75X6rEui,落魄了哈哈哈,正面,正面,0.8726786274196437,0.8726786274196437,0.0818403556726517,0.04548101690770458,1.0,1.0,1,0,0,对象评价+自身情绪,未明确对象,娱乐与趣味,正面,False,
生活区,BV1X75X6rEui,我去东星斑当午饭哈哈哈啊哈,正面,正面,0.7685914410210669,0.7685914410210669,0.19662079619121503,0.034787762787718085,1.0,1.0,1,0,0,对象评价+自身情绪,未明确对象,娱乐与趣味,正面,False,
生活区,BV1X75X6rEui,五蚂蚁！,正面,正面,0.6421716127645047,0.6421716127645047,0.32203236039714583,0.03579602683834938,0.0,0.0,0,0,0,无明显情感,未明确对象,未明确方面,中性,False,
生活区,BV1X75X6rEui,看你吃的挺开心的,正面,正面,0.6265848482057217,0.6265848482057217,0.31942868422371623,0.05398646757056196,1.0,1.0,1,0,0,对象评价+自身情绪,未明确对象,未明确方面,正面,True,1.0
生活区,BV1X75X6rEui,谢谢小伙,正面,正面,0.848856557315162,0.848856557315162,0.11890654785628954,0.03223689482854835,1.0,1.0,1,0,0,对象评价,未明确对象,未明确方面,正面,False,
