partition,pred_label,count,total,ratio,previous_ratio,delta_ratio,previous_experiment
学习区,中性,757,1580,0.4791139240506329,0.3936708860759493,0.08544303797468361,final_round_4
学习区,正面,388,1580,0.24556962025316456,0.2462025316455696,-0.0006329113924050389,final_round_4
学习区,负面,435,1580,0.27531645569620256,0.360126582278481,-0.08481012658227843,final_round_4
生活区,中性,115,257,0.4474708171206226,0.3891050583657587,0.05836575875486388,final_round_4
生活区,正面,83,257,0.3229571984435798,0.2957198443579766,0.027237354085603183,final_round_4
生活区,负面,59,257,0.22957198443579765,0.3151750972762646,-0.08560311284046693,final_round_4
